domain_url,final_url,http_status,shopify_verified,shopify_score,shopify_signals,shopify_secondary_verified,india_verified,india_score,india_signals,strong_india_evidence,state_source,final_decision,rejection_reason,contact_pages_checked,emails_found,phones_found,socials_found,logo_source,category_source,description_source,robots_allowed,errors
https://snitch.co.in,https://www.snitch.co.in/,200,True,28,window.Shopify;Shopify.shop;cdn.shopify.com;/cdn/shop/;shopify_core_js;shopify-section;header:shopify-complexity-score,False,False,12,phone:+91;indian_payment_gateway;currency:INR;domain:.co.in,,,REJECTED_NON_INDIA,Lacks strong Indian business location evidence,2,0,0,0,,,,True,
https://beyoung.in,https://www.beyoung.in/,200,False,0,,False,False,0,,,,REJECTED_NON_SHOPIFY,Shopify score 0 < threshold 5,0,0,0,0,,,,True,
https://thesouledstore.com,https://www.thesouledstore.com/,200,False,0,,False,False,0,,,,REJECTED_NON_SHOPIFY,Shopify score 0 < threshold 5,0,0,0,0,,,,True,
https://bluorng.com,https://bluorng.com,200,True,28,window.Shopify;Shopify.shop;cdn.shopify.com;/cdn/shop/;shopify_core_js;shopify-section;header:shopify-complexity-score,False,True,25,address_state:Uttar Pradesh;address_pin:122009;address_city:mumbai;phone:+91;indian_payment_gateway;currency:INR,address_state;address_pincode;address_city,address_state,ACCEPTED,,4,3,8,3,jsonld_or_dom_img,keyword_heuristics,metadata_or_headings,True,
https://marchtee.com,https://www.marchtee.com/,200,False,0,,False,False,0,,,,REJECTED_NON_SHOPIFY,Shopify score 0 < threshold 5,0,0,0,0,,,,True,
https://bombayshirts.com,https://bombayshirts.com,200,True,5,cdn.shopify.com,False,True,19,address_pin:400013;address_city:mumbai;phone:+91;indian_payment_gateway;currency:INR,address_pincode;address_city,pin_code_400013,ACCEPTED,,4,2,4,3,jsonld_or_dom_img,keyword_heuristics,metadata_or_headings,True,
https://powerlook.in,https://www.powerlook.in/,200,True,30,window.Shopify;Shopify.shop;cdn.shopify.com;/cdn/shop/;shopify_core_js;shopify-section;shopify-payment-button;header:shopify-complexity-score,False,True,34,jsonld_india_address;state:Maharashtra;address_pin:400063;address_city:mumbai;phone:+91;indian_payment_gateway;currency:INR;domain:.in,jsonld_address;address_pincode;address_city,json_ld_address,ACCEPTED,,4,1,1,3,jsonld_or_dom_img,keyword_heuristics,metadata_or_headings,True,
https://veirdo.in,https://veirdo.in,200,True,28,window.Shopify;Shopify.shop;cdn.shopify.com;/cdn/shop/;shopify_core_js;shopify-section;header:shopify-complexity-score,False,True,26,address_state:Gujarat;address_pin:380015;address_city:bangalore;phone:+91;indian_payment_gateway;currency:INR;domain:.in,address_state;address_pincode;address_city,address_state,ACCEPTED,,4,1,1,3,jsonld_or_dom_img,keyword_heuristics,metadata_or_headings,True,
https://damensch.com,https://www.damensch.com/,200,False,0,,False,False,0,,,,REJECTED_NON_SHOPIFY,Shopify score 0 < threshold 5,0,0,0,0,,,,True,
https://bunaai.com,https://www.bunai.com/,200,True,30,window.Shopify;Shopify.shop;cdn.shopify.com;/cdn/shop/;shopify_core_js;shopify-section;shopify-payment-button;header:shopify-complexity-score,False,True,39,jsonld_india_address;state:Rajasthan;address_state:Rajasthan;address_pin:302022;address_city:jaipur;phone:+91;indian_payment_gateway;currency:INR,jsonld_address;address_state;address_pincode;address_city,json_ld_address,ACCEPTED,,4,1,2,5,jsonld_or_dom_img,keyword_heuristics,metadata_or_headings,True,
https://karagiri.com,https://www.karagiri.com/,200,True,28,window.Shopify;Shopify.shop;cdn.shopify.com;/cdn/shop/;shopify_core_js;shopify-section;header:shopify-complexity-score,False,True,36,jsonld_india_address;state:Karnataka;address_state:Haryana;address_pin:560095;address_city:bengaluru;phone:+91;currency:INR,jsonld_address;address_state;address_pincode;address_city,json_ld_address,ACCEPTED,,4,2,2,6,jsonld_or_dom_img,keyword_heuristics,metadata_or_headings,True,
https://libas.in,https://www.libas.in/,200,True,28,window.Shopify;Shopify.shop;cdn.shopify.com;/cdn/shop/;shopify_core_js;shopify-section;header:shopify-complexity-score,False,True,29,jsonld_india_address;state:Uttar Pradesh;address_city:bangalore;phone:+91;indian_payment_gateway;currency:INR;domain:.in,jsonld_address;address_city,json_ld_address,ACCEPTED,,4,0,1,5,jsonld_or_dom_img,keyword_heuristics,metadata_or_headings,True,
https://chidiyaa.com,https://chidiyaa.com,200,True,32,window.Shopify;Shopify.shop;cdn.shopify.com;/cdn/shop/;shopify_core_js;shopify-section;shopify-payment-button;shopify_meta_attribute;header:shopify-complexity-score,False,True,25,address_state:Maharashtra;address_pin:411015;address_city:pune;phone:+91;indian_payment_gateway;currency:INR,address_state;address_pincode;address_city,address_state,ACCEPTED,,4,1,1,5,jsonld_or_dom_img,keyword_heuristics,metadata_or_headings,True,
https://fablestreet.com,https://www.fablestreet.com/,200,True,5,cdn.shopify.com,False,True,39,jsonld_india_address;state:Haryana;address_state:Haryana;address_pin:122002;address_city:gurugram;phone:+91;indian_payment_gateway;currency:INR,jsonld_address;address_state;address_pincode;address_city,json_ld_address,ACCEPTED,,4,2,1,5,jsonld_or_dom_img,keyword_heuristics,metadata_or_headings,True,
https://sugar-cosmetics.myshopify.com,https://www.sugarcosmetics.com/,200,True,38,myshopify_subdomain;window.Shopify;Shopify.shop;cdn.shopify.com;/cdn/shop/;shopify_core_js;shopify-section;header:shopify-complexity-score,False,True,33,jsonld_india_address;state:Maharashtra;address_pin:400072;address_city:mumbai;phone:+91;indian_payment_gateway;currency:INR,jsonld_address;address_pincode;address_city,json_ld_address,ACCEPTED,,4,2,0,5,jsonld_or_dom_img,keyword_heuristics,metadata_or_headings,True,
https://plumgoodness.com,https://plumgoodness.com,200,True,28,window.Shopify;Shopify.shop;cdn.shopify.com;/cdn/shop/;shopify_core_js;shopify-section;header:shopify-complexity-score,False,True,25,address_state:Maharashtra;address_pin:400607;address_city:thane;phone:+91;indian_payment_gateway;currency:INR,address_state;address_pincode;address_city,address_state,ACCEPTED,,4,2,1,2,jsonld_or_dom_img,keyword_heuristics,metadata_or_headings,True,
https://mcaffeine.com,https://www.mcaffeine.com/,200,True,28,window.Shopify;Shopify.shop;cdn.shopify.com;/cdn/shop/;shopify_core_js;shopify-section;header:shopify-complexity-score,False,True,26,jsonld_india_address;state:Goa;phone:+91;indian_payment_gateway;currency:INR;city_mention:kolkata,jsonld_address,json_ld_address,ACCEPTED,,0,0,0,0,jsonld_or_dom_img,keyword_heuristics,metadata_or_headings,True,
https://dotandkey.com,https://www.dotandkey.com/,200,True,28,window.Shopify;Shopify.shop;cdn.shopify.com;/cdn/shop/;shopify_core_js;shopify-section;header:shopify-complexity-score,False,False,10,phone:+91;indian_payment_gateway;currency:INR,,,REJECTED_NON_INDIA,Lacks strong Indian business location evidence,4,0,0,0,,,,True,
https://mominspires.myshopify.com,https://mominspires.myshopify.com,404,False,0,,False,False,0,,,,REJECTED_FETCH_ERROR,HTTP 404,0,0,0,0,,,,True,HTTP 404
https://juicychemistry.com,https://juicychemistry.com,200,True,28,window.Shopify;Shopify.shop;cdn.shopify.com;/cdn/shop/;shopify_core_js;shopify-section;header:shopify-complexity-score,False,True,16,address_pin:641002;address_city:coimbatore;phone:+91;currency:INR,address_pincode;address_city,pin_code_641002,ACCEPTED,,3,3,2,5,jsonld_or_dom_img,keyword_heuristics,metadata_or_headings,True,
https://re-equil.com,https://re-equil.com,0,False,0,,False,False,0,,,,REJECTED_FETCH_ERROR,NetworkError: ConnectError,0,0,0,0,,,,True,NetworkError: ConnectError
https://earthrhythm.com,https://earthrhythm.com,200,True,28,window.Shopify;Shopify.shop;cdn.shopify.com;/cdn/shop/;shopify_core_js;shopify-section;header:shopify-complexity-score,False,True,39,jsonld_india_address;state:Haryana;address_state:Haryana;address_pin:122016;address_city:gurgaon;phone:+91;indian_payment_gateway;currency:INR,jsonld_address;address_state;address_pincode;address_city,json_ld_address,ACCEPTED,,4,2,2,5,jsonld_or_dom_img,keyword_heuristics,metadata_or_headings,True,
https://foxtale.in,https://foxtale.in,200,True,10,cdn.shopify.com;/cdn/shop/,False,True,31,jsonld_india_address;address_state:Maharashtra;address_pin:400069;address_city:mumbai;phone:+91;currency:INR;domain:.in,jsonld_address;address_state;address_pincode;address_city,address_state,ACCEPTED,,4,2,1,4,jsonld_or_dom_img,keyword_heuristics,metadata_or_headings,True,
https://minimalist.co.in,https://minimalist.co.in,200,False,0,,False,False,0,,,,REJECTED_NON_SHOPIFY,Shopify score 0 < threshold 5,0,0,0,0,,,,True,
https://arata.in,https://www.arata.in/,200,True,28,window.Shopify;Shopify.shop;cdn.shopify.com;/cdn/shop/;shopify_core_js;shopify-section;header:shopify-complexity-score,False,True,40,jsonld_india_address;state:Delhi;address_state:Delhi;address_pin:110017;address_city:delhi;phone:+91;indian_payment_gateway;currency:INR;domain:.in,jsonld_address;address_state;address_pincode;address_city,json_ld_address,ACCEPTED,,4,4,1,8,jsonld_or_dom_img,keyword_heuristics,metadata_or_headings,True,
https://slurrp-farm.myshopify.com,https://slurrp-farm.myshopify.com,404,False,0,,False,False,0,,,,REJECTED_FETCH_ERROR,HTTP 404,0,0,0,0,,,,True,HTTP 404
https://blue-tokai-coffee-roasters.myshopify.com,https://bluetokaicoffee.com/,200,True,40,myshopify_subdomain;window.Shopify;Shopify.shop;cdn.shopify.com;/cdn/shop/;shopify_core_js;shopify-section;shopify-payment-button;header:shopify-complexity-score,False,True,25,address_state:Haryana;address_pin:122008;address_city:gurgaon;phone:+91;indian_payment_gateway;currency:INR,address_state;address_pincode;address_city,address_state,ACCEPTED,,4,5,1,3,jsonld_or_dom_img,keyword_heuristics,metadata_or_headings,True,
https://vadamhamteas.com,https://vadamhamteas.com,0,False,0,,False,False,0,,,,REJECTED_FETCH_ERROR,NetworkError: ConnectError,0,0,0,0,,,,True,NetworkError: ConnectError
https://sleepyowl.co,https://sleepyowl.co,200,True,28,window.Shopify;Shopify.shop;cdn.shopify.com;/cdn/shop/;shopify_core_js;shopify-section;header:shopify-complexity-score,False,True,25,address_state:Haryana;address_pin:110024;address_city:delhi;phone:+91;indian_payment_gateway;currency:INR,address_state;address_pincode;address_city,address_state,ACCEPTED,,4,7,1,5,jsonld_or_dom_img,keyword_heuristics,metadata_or_headings,True,
https://chaayos.myshopify.com,https://chaayos.myshopify.com,404,False,0,,False,False,0,,,,REJECTED_FETCH_ERROR,HTTP 404,0,0,0,0,,,,True,HTTP 404
https://countrydelight.in,https://countrydelight.in,200,False,0,,False,False,0,,,,REJECTED_NON_SHOPIFY,Shopify score 0 < threshold 5,0,0,0,0,,,,True,
https://trueelements.com,https://trueelements.com,200,False,0,,False,False,0,,,,REJECTED_NON_SHOPIFY,Shopify score 0 < threshold 5,0,0,0,0,,,,True,
https://open-secret.myshopify.com,https://open-secret.myshopify.com,404,False,0,,False,False,0,,,,REJECTED_FETCH_ERROR,HTTP 404,0,0,0,0,,,,True,HTTP 404
https://kapiva.in,https://kapiva.in,200,False,0,,False,False,0,,,,REJECTED_NON_SHOPIFY,Shopify score 0 < threshold 5,0,0,0,0,,,,True,
https://auric.co.in,https://auric.co.in,200,False,0,,False,False,0,,,,REJECTED_NON_SHOPIFY,Shopify score 0 < threshold 5,0,0,0,0,,,,True,
https://indianartvilla.in,https://www.indianartvilla.in/,200,True,30,window.Shopify;Shopify.shop;cdn.shopify.com;/cdn/shop/;shopify_core_js;shopify-section;shopify-payment-button;header:shopify-complexity-score,False,True,40,jsonld_india_address;state:Rajasthan;address_state:Rajasthan;address_pin:302016;address_city:jaipur;phone:+91;indian_payment_gateway;currency:INR;domain:.in,jsonld_address;address_state;address_pincode;address_city,json_ld_address,ACCEPTED,,4,1,2,5,jsonld_or_dom_img,keyword_heuristics,metadata_or_headings,True,
https://thedecorkart.com,https://thedecorkart.com,200,True,32,window.Shopify;Shopify.shop;cdn.shopify.com;/cdn/shop/;shopify_core_js;shopify-section;shopify-payment-button;shopify_meta_attribute;header:shopify-complexity-score,False,True,20,address_state:Delhi;address_city:delhi;phone:+91;indian_payment_gateway;currency:INR,address_state;address_city,address_state,ACCEPTED,,4,1,3,10,jsonld_or_dom_img,keyword_heuristics,metadata_or_headings,True,
https://nestasia.in,https://nestasia.in,403,False,0,,False,False,0,,,,REJECTED_FETCH_ERROR,HTTP 403,0,0,0,0,,,,True,HTTP 403
https://ellementry.com,https://www.ellementry.com/,200,True,30,window.Shopify;Shopify.shop;cdn.shopify.com;/cdn/shop/;shopify_core_js;shopify-section;shopify-payment-button;header:shopify-complexity-score,False,True,19,address_pin:302018;address_city:jaipur;phone:+91;indian_payment_gateway;currency:INR,address_pincode;address_city,pin_code_302018,ACCEPTED,,4,3,1,4,jsonld_or_dom_img,keyword_heuristics,metadata_or_headings,True,
https://chumbak.com,https://www.chumbak.com/,200,True,32,window.Shopify;Shopify.shop;cdn.shopify.com;/cdn/shop/;shopify_core_js;shopify-section;shopify-payment-button;shopify_meta_attribute;header:shopify-complexity-score,False,True,14,address_city:bangalore;phone:+91;indian_payment_gateway;currency:INR,address_city,address_city_bangalore,ACCEPTED,,4,2,1,3,jsonld_or_dom_img,keyword_heuristics,metadata_or_headings,True,
https://mokobara.com,https://mokobara.com,200,True,32,window.Shopify;Shopify.shop;cdn.shopify.com;/cdn/shop/;shopify_core_js;shopify-section;shopify-payment-button;shopify_meta_attribute;header:shopify-complexity-score,False,True,25,address_state:Madhya Pradesh;address_pin:560038;address_city:bengaluru;phone:+91;indian_payment_gateway;currency:INR,address_state;address_pincode;address_city,address_state,ACCEPTED,,4,56,54,0,jsonld_or_dom_img,keyword_heuristics,metadata_or_headings,True,
https://dailyobjects.com,https://www.dailyobjects.com/,200,False,0,,False,False,0,,,,REJECTED_NON_SHOPIFY,Shopify score 0 < threshold 5,0,0,0,0,,,,True,
https://shumee.in,https://www.shumee.in/,200,True,28,window.Shopify;Shopify.shop;cdn.shopify.com;/cdn/shop/;shopify_core_js;shopify-section;header:shopify-complexity-score,False,True,26,address_state:Karnataka;address_pin:560038;address_city:bengaluru;phone:+91;indian_payment_gateway;currency:INR;domain:.in,address_state;address_pincode;address_city,address_state,ACCEPTED,,4,2,1,4,jsonld_or_dom_img,keyword_heuristics,metadata_or_headings,True,
https://smartivity.in,https://www.smartivity.in/,200,True,30,window.Shopify;Shopify.shop;cdn.shopify.com;/cdn/shop/;shopify_core_js;shopify-section;shopify-payment-button;header:shopify-complexity-score,False,True,26,address_state:Delhi;address_pin:110030;address_city:delhi;phone:+91;indian_payment_gateway;currency:INR;domain:.in,address_state;address_pincode;address_city,address_state,ACCEPTED,,4,1,1,3,jsonld_or_dom_img,keyword_heuristics,metadata_or_headings,True,
https://firstcry.myshopify.com,https://firstcry.myshopify.com,404,False,0,,False,False,0,,,,REJECTED_FETCH_ERROR,HTTP 404,0,0,0,0,,,,True,HTTP 404
https://superbottoms.com,https://superbottoms.com,200,True,28,window.Shopify;Shopify.shop;cdn.shopify.com;/cdn/shop/;shopify_core_js;shopify-section;header:shopify-complexity-score,False,True,25,address_state:Maharashtra;address_pin:400601;address_city:thane;phone:+91;indian_payment_gateway;currency:INR,address_state;address_pincode;address_city,address_state,ACCEPTED,,4,2,2,5,jsonld_or_dom_img,keyword_heuristics,metadata_or_headings,True,
https://skoolkid.myshopify.com,https://skoolkid.myshopify.com/password,200,False,0,,False,False,0,,,,REJECTED_INACTIVE,Redirects to /password,0,0,0,0,,,,True,Redirects to /password
https://boat-lifestyle.myshopify.com,https://boat-lifestyle.myshopify.com,404,False,0,,False,False,0,,,,REJECTED_FETCH_ERROR,HTTP 404,0,0,0,0,,,,True,HTTP 404
https://hammeronline.in,https://hammeronline.in,200,True,30,window.Shopify;Shopify.shop;cdn.shopify.com;/cdn/shop/;shopify_core_js;shopify-section;shopify-payment-button;header:shopify-complexity-score,False,True,16,address_pin:132103;phone:+91;indian_payment_gateway;currency:INR;domain:.in,address_pincode,pin_code_132103,ACCEPTED,,4,1,1,5,jsonld_or_dom_img,keyword_heuristics,metadata_or_headings,True,
https://portronics.com,https://www.portronics.com/,200,True,28,window.Shopify;Shopify.shop;cdn.shopify.com;/cdn/shop/;shopify_core_js;shopify-section;header:shopify-complexity-score,False,True,25,address_state:Delhi;address_pin:110075;address_city:delhi;phone:+91;indian_payment_gateway;currency:INR,address_state;address_pincode;address_city,address_state,ACCEPTED,,4,0,1,5,jsonld_or_dom_img,keyword_heuristics,metadata_or_headings,True,
https://noise-india.myshopify.com,https://noise-india.myshopify.com,404,False,0,,False,False,0,,,,REJECTED_FETCH_ERROR,HTTP 404,0,0,0,0,,,,True,HTTP 404
https://crossbeats.com,https://crossbeats.com,200,True,28,window.Shopify;Shopify.shop;cdn.shopify.com;/cdn/shop/;shopify_core_js;shopify-section;header:shopify-complexity-score,False,False,10,phone:+91;indian_payment_gateway;currency:INR,,,REJECTED_NON_INDIA,Lacks strong Indian business location evidence,4,0,0,0,,,,True,
https://giva.co,https://www.giva.co/,200,True,28,window.Shopify;Shopify.shop;cdn.shopify.com;/cdn/shop/;shopify_core_js;shopify-section;header:shopify-complexity-score,False,True,25,address_state:Chandigarh;address_pin:560062;address_city:bangalore;phone:+91;indian_payment_gateway;currency:INR,address_state;address_pincode;address_city,address_state,ACCEPTED,,4,0,2,4,jsonld_or_dom_img,keyword_heuristics,metadata_or_headings,True,
https://voylla.com,https://www.voylla.com/,200,True,30,window.Shopify;Shopify.shop;cdn.shopify.com;/cdn/shop/;shopify_core_js;shopify-section;shopify-payment-button;header:shopify-complexity-score,False,True,25,address_state:Rajasthan;address_pin:302022;address_city:jaipur;phone:+91;indian_payment_gateway;currency:INR,address_state;address_pincode;address_city,address_state,ACCEPTED,,4,3,5,5,jsonld_or_dom_img,keyword_heuristics,metadata_or_headings,True,
https://shaya.co.in,https://shaya.co.in,0,False,0,,False,False,0,,,,REJECTED_FETCH_ERROR,NetworkError: ConnectError,0,0,0,0,,,,True,NetworkError: ConnectError
https://palmonas.com,https://palmonas.com,200,True,28,window.Shopify;Shopify.shop;cdn.shopify.com;/cdn/shop/;shopify_core_js;shopify-section;header:shopify-complexity-score,False,True,39,jsonld_india_address;state:Maharashtra;address_state:Maharashtra;address_pin:411036;address_city:pune;phone:+91;indian_payment_gateway;currency:INR,jsonld_address;address_state;address_pincode;address_city,json_ld_address,ACCEPTED,,4,5,1,4,jsonld_or_dom_img,keyword_heuristics,metadata_or_headings,True,
https://pipabella.com,,0,False,0,,False,False,0,,,,,,0,0,0,0,,,,False,Robots.txt blocks homepage
https://neemans.com,https://neemans.com,200,True,28,window.Shopify;Shopify.shop;cdn.shopify.com;/cdn/shop/;shopify_core_js;shopify-section;header:shopify-complexity-score,False,True,25,address_state:Telangana;address_pin:500082;address_city:hyderabad;phone:+91;indian_payment_gateway;currency:INR,address_state;address_pincode;address_city,address_state,ACCEPTED,,4,1,1,4,jsonld_or_dom_img,keyword_heuristics,metadata_or_headings,True,
https://flatheads.in,,0,False,0,,False,False,0,,,,,,0,0,0,0,,,,False,Robots.txt blocks homepage
https://pavers-england.myshopify.com,https://pavers-england.myshopify.com,404,False,0,,False,False,0,,,,REJECTED_FETCH_ERROR,HTTP 404,0,0,0,0,,,,True,HTTP 404
https://solethreads.com,https://solethreads.com,423,False,0,,False,False,0,,,,REJECTED_FETCH_ERROR,HTTP 423,0,0,0,0,,,,True,HTTP 423
https://inc5shoes.com,https://inc5shoes.com,0,False,0,,False,False,0,,,,REJECTED_FETCH_ERROR,Timeout: ConnectTimeout,0,0,0,0,,,,True,Timeout: ConnectTimeout
https://millioncases.com,https://millioncases.com,200,True,30,window.Shopify;Shopify.shop;cdn.shopify.com;/cdn/shop/;shopify_core_js;shopify-section;shopify-payment-button;header:shopify-complexity-score,False,False,10,phone:+91;indian_payment_gateway;currency:INR,,,REJECTED_NON_INDIA,Lacks strong Indian business location evidence,4,0,0,0,,,,True,
https://ledflashlights.in,https://ledflashlights.in,200,True,28,window.Shopify;Shopify.shop;cdn.shopify.com;/cdn/shop/;shopify_core_js;shopify-section;header:shopify-complexity-score,False,True,25,jsonld_india_address;state:Telangana;phone:+91;indian_payment_gateway;currency:INR;domain:.in,jsonld_address,json_ld_address,ACCEPTED,,4,4,3,4,jsonld_or_dom_img,keyword_heuristics,metadata_or_headings,True,
https://khushihandicrafts.com,,0,False,0,,False,False,0,,,,,,0,0,0,0,,,,False,Robots.txt blocks homepage
https://ooberpad.com,https://www.ooberpad.com/,200,True,28,window.Shopify;Shopify.shop;cdn.shopify.com;/cdn/shop/;shopify_core_js;shopify-section;header:shopify-complexity-score,False,True,22,address_state:Maharashtra;address_pin:122016;address_city:bengaluru;phone:+91;currency:INR,address_state;address_pincode;address_city,address_state,ACCEPTED,,4,1,3,5,jsonld_or_dom_img,keyword_heuristics,metadata_or_headings,True,
https://purayati.com,https://purayati.com,200,True,28,window.Shopify;Shopify.shop;cdn.shopify.com;/cdn/shop/;shopify_core_js;shopify-section;header:shopify-complexity-score,False,True,16,address_pin:560058;address_city:bangalore;phone:+91;currency:INR,address_pincode;address_city,pin_code_560058,ACCEPTED,,4,1,1,2,jsonld_or_dom_img,keyword_heuristics,metadata_or_headings,True,
https://weaverstory.com,https://weaverstory.com,200,True,30,window.Shopify;Shopify.shop;cdn.shopify.com;/cdn/shop/;shopify_core_js;shopify-section;shopify-payment-button;header:shopify-complexity-score,False,True,16,address_state:Chhattisgarh;phone:+91;indian_payment_gateway;currency:INR,address_state,address_state,ACCEPTED,,4,2,2,6,jsonld_or_dom_img,keyword_heuristics,metadata_or_headings,True,
https://fashor.com,https://fashor.com,200,True,28,window.Shopify;Shopify.shop;cdn.shopify.com;/cdn/shop/;shopify_core_js;shopify-section;header:shopify-complexity-score,False,True,25,address_state:Uttar Pradesh;address_pin:302006;address_city:bengaluru;phone:+91;indian_payment_gateway;currency:INR,address_state;address_pincode;address_city,address_state,ACCEPTED,,4,1,19,3,jsonld_or_dom_img,keyword_heuristics,metadata_or_headings,True,
https://theblacksteel.com,https://www.theblacksteel.com/,200,True,28,window.Shopify;Shopify.shop;cdn.shopify.com;/cdn/shop/;shopify_core_js;shopify-section;header:shopify-complexity-score,False,True,44,gstin:07BEBPS1065K1ZD;jsonld_india_address;state:Delhi;address_state:Haryana;address_pin:110068;address_city:delhi;phone:+91;currency:INR,gstin;jsonld_address;address_state;address_pincode;address_city,gstin_code_07,ACCEPTED,,4,2,3,3,jsonld_or_dom_img,keyword_heuristics,metadata_or_headings,True,
https://beatitude.in,,0,False,0,,False,False,0,,,,,,0,0,0,0,,,,False,Robots.txt blocks homepage
https://bumpadum.com,https://bumpadum.com,403,False,0,,False,False,0,,,,REJECTED_FETCH_ERROR,HTTP 403,0,0,0,0,,,,True,HTTP 403
https://ajieshoberoi.com,https://ajieshoberoi.com,200,True,32,window.Shopify;Shopify.shop;cdn.shopify.com;/cdn/shop/;shopify_core_js;shopify-section;shopify-payment-button;shopify_meta_attribute;header:shopify-complexity-score,False,True,25,address_state:Delhi;address_pin:777248;address_city:delhi;phone:+91;indian_payment_gateway;currency:INR,address_state;address_pincode;address_city,address_state,ACCEPTED,,4,1,1,2,jsonld_or_dom_img,keyword_heuristics,metadata_or_headings,True,
https://thewolfpackstore.com,https://thewolfpackstore.com,0,False,0,,False,False,0,,,,REJECTED_FETCH_ERROR,NetworkError: ConnectError,0,0,0,0,,,,True,NetworkError: ConnectError
https://gramofink.com,https://gramofink.com,0,False,0,,False,False,0,,,,REJECTED_FETCH_ERROR,NetworkError: ConnectError,0,0,0,0,,,,True,NetworkError: ConnectError
https://teenydudes.com,https://teenydudes.com,0,False,0,,False,False,0,,,,REJECTED_FETCH_ERROR,NetworkError: ConnectError,0,0,0,0,,,,True,NetworkError: ConnectError
https://eurekalabs.in,https://www.eurekalabs.in/,200,True,26,window.Shopify;Shopify.shop;cdn.shopify.com;/cdn/shop/;shopify_core_js;header:shopify-complexity-score,False,True,32,jsonld_india_address;state:Delhi;address_state:Delhi;address_pin:110094;address_city:delhi;currency:INR;domain:.in,jsonld_address;address_state;address_pincode;address_city,json_ld_address,ACCEPTED,,4,2,1,3,jsonld_or_dom_img,keyword_heuristics,metadata_or_headings,True,
https://keyaseth.co.in,https://www.keyaseth.com/,200,True,28,window.Shopify;Shopify.shop;cdn.shopify.com;/cdn/shop/;shopify_core_js;shopify-section;header:shopify-complexity-score,False,True,21,address_pin:700002;address_city:kolkata;phone:+91;indian_payment_gateway;currency:INR;domain:.co.in,address_pincode;address_city,pin_code_700002,ACCEPTED,,4,1,1,5,jsonld_or_dom_img,keyword_heuristics,metadata_or_headings,True,
https://goscientist.com,https://goscientist.com,0,False,0,,False,False,0,,,,REJECTED_FETCH_ERROR,NetworkError: ConnectError,0,0,0,0,,,,True,NetworkError: ConnectError
https://leatherworldonline.net,https://www.leatherworldonline.net/,200,True,28,window.Shopify;Shopify.shop;cdn.shopify.com;/cdn/shop/;shopify_core_js;shopify-section;header:shopify-complexity-score,False,False,7,phone:+91;currency:INR,,,REJECTED_NON_INDIA,Lacks strong Indian business location evidence,4,0,0,0,,,,True,
https://tpsclothing.com,https://tpsclothing.com,200,True,28,window.Shopify;Shopify.shop;cdn.shopify.com;/cdn/shop/;shopify_core_js;shopify-section;header:shopify-complexity-score,False,True,12,address_pin:201102;indian_payment_gateway;currency:INR;city_mention:delhi,address_pincode,pin_code_201102,ACCEPTED,,4,1,1,2,jsonld_or_dom_img,keyword_heuristics,metadata_or_headings,True,
https://kraftedwithhappiness.com,https://kraftedwithhappiness.com,200,True,21,window.Shopify;Shopify.shop;cdn.shopify.com;shopify_core_js;shopify-section,False,False,7,phone:+91;currency:INR,,,REJECTED_NON_INDIA,Lacks strong Indian business location evidence,2,0,0,0,,,,True,
https://padukaseboutique.com,https://padukaseboutique.com,0,False,0,,False,False,0,,,,REJECTED_FETCH_ERROR,NetworkError: ConnectError,0,0,0,0,,,,True,NetworkError: ConnectError
https://littlethingstudio.com,https://www.littlethingstudio.com/,200,True,28,window.Shopify;Shopify.shop;cdn.shopify.com;/cdn/shop/;shopify_core_js;shopify-section;header:shopify-complexity-score,False,True,22,address_state:Delhi;address_pin:110014;address_city:delhi;phone:+91;currency:INR,address_state;address_pincode;address_city,address_state,ACCEPTED,,4,2,1,1,jsonld_or_dom_img,keyword_heuristics,metadata_or_headings,True,
https://monkstory.com,https://www.monkstory.com/,200,True,30,window.Shopify;Shopify.shop;cdn.shopify.com;/cdn/shop/;shopify_core_js;shopify-section;shopify-payment-button;header:shopify-complexity-score,False,True,33,jsonld_india_address;state:Tamil Nadu;address_pin:600010;address_city:chennai;phone:+91;indian_payment_gateway;currency:INR,jsonld_address;address_pincode;address_city,json_ld_address,ACCEPTED,,4,2,1,3,jsonld_or_dom_img,keyword_heuristics,metadata_or_headings,True,
https://napkinvc.com,https://napkinvc.com,0,False,0,,False,False,0,,,,REJECTED_FETCH_ERROR,NetworkError: ConnectError,0,0,0,0,,,,True,NetworkError: ConnectError
https://gulal.in,https://www.gulal.in/,200,True,32,window.Shopify;Shopify.shop;cdn.shopify.com;/cdn/shop/;shopify_core_js;shopify-section;shopify-payment-button;shopify_meta_attribute;header:shopify-complexity-score,False,False,11,phone:+91;indian_payment_gateway;currency:INR;domain:.in,,,REJECTED_NON_INDIA,Lacks strong Indian business location evidence,4,0,0,0,,,,True,
https://tru-tees.com,https://tru-tees.com,200,False,0,,False,False,0,,,,REJECTED_NON_SHOPIFY,Shopify score 0 < threshold 5,0,0,0,0,,,,True,
https://thaligai.com,https://thaligai.com,0,False,0,,False,False,0,,,,REJECTED_FETCH_ERROR,Timeout: ConnectTimeout,0,0,0,0,,,,True,Timeout: ConnectTimeout
https://helpusgreen.com,https://www.helpusgreen.com/,200,True,28,window.Shopify;Shopify.shop;cdn.shopify.com;/cdn/shop/;shopify_core_js;shopify-section;header:shopify-complexity-score,False,True,25,address_state:Uttar Pradesh;address_pin:208022;address_city:kanpur;phone:+91;indian_payment_gateway;currency:INR,address_state;address_pincode;address_city,address_state,ACCEPTED,,4,2,1,1,jsonld_or_dom_img,keyword_heuristics,metadata_or_headings,True,
https://ecott.in,https://ecott.in,200,True,28,window.Shopify;Shopify.shop;cdn.shopify.com;/cdn/shop/;shopify_core_js;shopify-section;header:shopify-complexity-score,False,True,19,address_state:Tamil Nadu;address_pin:641603;phone:+91;currency:INR;domain:.in,address_state;address_pincode,address_state,ACCEPTED,,4,1,1,2,jsonld_or_dom_img,keyword_heuristics,metadata_or_headings,True,
https://maliniahuja.com,https://maliniahuja.com,200,True,28,window.Shopify;Shopify.shop;cdn.shopify.com;/cdn/shop/;shopify_core_js;shopify-section;header:shopify-complexity-score,False,False,7,phone:+91;currency:INR,,,REJECTED_NON_INDIA,Lacks strong Indian business location evidence,1,0,0,0,,,,True,
https://devotedstore.com,https://devotedstore.com,200,True,30,window.Shopify;Shopify.shop;cdn.shopify.com;/cdn/shop/;shopify_core_js;shopify-section;shopify-payment-button;header:shopify-complexity-score,False,True,39,jsonld_india_address;state:Delhi;address_state:Delhi;address_pin:110085;address_city:delhi;phone:+91;indian_payment_gateway;currency:INR,jsonld_address;address_state;address_pincode;address_city,json_ld_address,ACCEPTED,,4,1,2,4,jsonld_or_dom_img,keyword_heuristics,metadata_or_headings,True,
https://thinpc.online,https://thinpc.online,200,True,28,window.Shopify;Shopify.shop;cdn.shopify.com;/cdn/shop/;shopify_core_js;shopify-section;header:shopify-complexity-score,False,True,41,gstin:27AACCT9586B1Z2;jsonld_india_address;state:Maharashtra;address_pin:400059;address_city:mumbai;phone:+91;indian_payment_gateway;currency:INR,gstin;jsonld_address;address_pincode;address_city,gstin_code_27,ACCEPTED,,3,2,4,4,jsonld_or_dom_img,keyword_heuristics,metadata_or_headings,True,
https://themessycorner.in,https://www.themessycorner.in/,200,True,28,window.Shopify;Shopify.shop;cdn.shopify.com;/cdn/shop/;shopify_core_js;shopify-section;header:shopify-complexity-score,False,True,26,address_state:Maharashtra;address_pin:400093;address_city:bangalore;phone:+91;indian_payment_gateway;currency:INR;domain:.in,address_state;address_pincode;address_city,address_state,ACCEPTED,,4,1,1,0,jsonld_or_dom_img,keyword_heuristics,metadata_or_headings,True,
https://horecacart.com,https://horecacart.com,0,False,0,,False,False,0,,,,REJECTED_FETCH_ERROR,Timeout: ConnectTimeout,0,0,0,0,,,,True,Timeout: ConnectTimeout
https://shriandsam.com,https://shriandsam.com,200,True,32,window.Shopify;Shopify.shop;cdn.shopify.com;/cdn/shop/;shopify_core_js;shopify-section;shopify-payment-button;shopify_meta_attribute;header:shopify-complexity-score,False,True,21,address_state:Haryana;address_pin:131028;phone:+91;indian_payment_gateway;currency:INR,address_state;address_pincode,address_state,ACCEPTED,,4,1,1,4,jsonld_or_dom_img,keyword_heuristics,metadata_or_headings,True,
https://justotakuthings.com,https://justotakuthings.com,0,False,0,,False,False,0,,,,REJECTED_FETCH_ERROR,NetworkError: ConnectError,0,0,0,0,,,,True,NetworkError: ConnectError
https://onthebeds.com,https://onthebeds.com,0,False,0,,False,False,0,,,,REJECTED_FETCH_ERROR,NetworkError: ConnectError,0,0,0,0,,,,True,NetworkError: ConnectError
https://vaadiherbals.in,https://vaadiherbals.in,200,True,28,window.Shopify;Shopify.shop;cdn.shopify.com;/cdn/shop/;shopify_core_js;shopify-section;header:shopify-complexity-score,False,True,23,address_state:Delhi;address_pin:110083;address_city:delhi;phone:+91;currency:INR;domain:.in,address_state;address_pincode;address_city,address_state,ACCEPTED,,4,3,1,2,jsonld_or_dom_img,keyword_heuristics,metadata_or_headings,True,
https://singhvijewels.in,https://www.singhvijewels.in/,200,True,28,window.Shopify;Shopify.shop;cdn.shopify.com;/cdn/shop/;shopify_core_js;shopify-section;header:shopify-complexity-score,False,False,13,phone:+91;indian_payment_gateway;currency:INR;domain:.in;city_mention:delhi,,,REJECTED_NON_INDIA,Lacks strong Indian business location evidence,3,0,0,0,,,,True,
https://lollypoppiez.com,https://lollypoppiez.com,0,False,0,,False,False,0,,,,REJECTED_FETCH_ERROR,NetworkError: ConnectError,0,0,0,0,,,,True,NetworkError: ConnectError
https://thepoochcompany.com,https://thepoochcompany.com,0,False,0,,False,False,0,,,,REJECTED_FETCH_ERROR,NetworkError: ConnectError,0,0,0,0,,,,True,NetworkError: ConnectError
https://contrastliving.com,https://contrastliving.com,200,True,28,window.Shopify;Shopify.shop;cdn.shopify.com;/cdn/shop/;shopify_core_js;shopify-section;header:shopify-complexity-score,False,False,7,phone:+91;currency:INR,,,REJECTED_NON_INDIA,Lacks strong Indian business location evidence,4,0,0,0,,,,True,
https://avonware.com,https://avonware.com,0,False,0,,False,False,0,,,,REJECTED_FETCH_ERROR,NetworkError: ConnectError,0,0,0,0,,,,True,NetworkError: ConnectError
https://accessher.com,https://accessher.com,200,False,0,,False,False,0,,,,REJECTED_NON_SHOPIFY,Shopify score 0 < threshold 5,0,0,0,0,,,,True,
https://brawnybear.com,https://brawnybear.com,200,True,30,window.Shopify;Shopify.shop;cdn.shopify.com;/cdn/shop/;shopify_core_js;shopify-section;shopify-payment-button;header:shopify-complexity-score,False,True,22,gstin:27AAKCB6345G1ZJ;address_city:mumbai;phone:+91;indian_payment_gateway;currency:INR,gstin;address_city,gstin_code_27,ACCEPTED,,4,1,2,4,jsonld_or_dom_img,keyword_heuristics,metadata_or_headings,True,
https://postermonk.com,https://postermonk.com,0,False,0,,False,False,0,,,,REJECTED_FETCH_ERROR,Timeout: ConnectTimeout,0,0,0,0,,,,True,Timeout: ConnectTimeout
https://mycutemini.com,https://mycutemini.com,200,True,26,window.Shopify;Shopify.shop;cdn.shopify.com;/cdn/shop/;shopify_core_js;header:shopify-complexity-score,False,True,19,address_pin:600116;address_city:chennai;phone:+91;indian_payment_gateway;currency:INR,address_pincode;address_city,pin_code_600116,ACCEPTED,,2,1,3,2,jsonld_or_dom_img,keyword_heuristics,metadata_or_headings,True,
https://belleziya.com,https://belleziya.com,0,False,0,,False,False,0,,,,REJECTED_FETCH_ERROR,Timeout: ConnectTimeout,0,0,0,0,,,,True,Timeout: ConnectTimeout
https://happywagon.com,https://www.happywagon.com/,200,True,28,window.Shopify;Shopify.shop;cdn.shopify.com;/cdn/shop/;shopify_core_js;shopify-section;header:shopify-complexity-score,False,True,12,address_pin:560049;phone:+91;currency:INR,address_pincode,pin_code_560049,ACCEPTED,,4,1,1,0,jsonld_or_dom_img,keyword_heuristics,metadata_or_headings,True,
https://codedreamz.com,https://codedreamz.com,200,True,28,window.Shopify;Shopify.shop;cdn.shopify.com;/cdn/shop/;shopify_core_js;shopify-section;header:shopify-complexity-score,False,False,2,currency:INR,,,REJECTED_NON_INDIA,India score 2 < threshold 7,3,0,0,0,,,,True,
https://riddhika.com,https://riddhika.com,200,True,28,window.Shopify;Shopify.shop;cdn.shopify.com;/cdn/shop/;shopify_core_js;shopify-section;header:shopify-complexity-score,False,True,36,jsonld_india_address;state:Maharashtra;address_state:Maharashtra;address_pin:400001;address_city:mumbai;phone:+91;currency:INR,jsonld_address;address_state;address_pincode;address_city,json_ld_address,ACCEPTED,,4,2,0,3,jsonld_or_dom_img,keyword_heuristics,metadata_or_headings,True,
https://dogfather.in,https://dogfather.in,525,False,0,,False,False,0,,,,REJECTED_FETCH_ERROR,HTTP 525,0,0,0,0,,,,True,HTTP 525
https://yantralay.com,https://yantralay.com,200,True,32,window.Shopify;Shopify.shop;cdn.shopify.com;/cdn/shop/;shopify_core_js;shopify-section;shopify-payment-button;shopify_meta_attribute;header:shopify-complexity-score,False,True,21,jsonld_india_address;state:Maharashtra;phone:+91;currency:INR,jsonld_address,json_ld_address,ACCEPTED,,4,1,1,4,jsonld_or_dom_img,keyword_heuristics,metadata_or_headings,True,
https://vratikanakul.com,https://vratikanakul.com,0,False,0,,False,False,0,,,,REJECTED_FETCH_ERROR,NetworkError: ConnectError,0,0,0,0,,,,True,NetworkError: ConnectError
https://barewether.com,https://barewether.com,200,False,0,,False,False,0,,,,REJECTED_NON_SHOPIFY,Shopify score 0 < threshold 5,0,0,0,0,,,,True,
https://bungatunga.com,https://bungatunga.com,0,False,0,,False,False,0,,,,REJECTED_FETCH_ERROR,NetworkError: ConnectError,0,0,0,0,,,,True,NetworkError: ConnectError
https://babyvillas.com,https://babyvillas.com,0,False,0,,False,False,0,,,,REJECTED_FETCH_ERROR,NetworkError: ConnectError,0,0,0,0,,,,True,NetworkError: ConnectError
https://amazing-stuffs.com,https://amazing-stuffs.com,0,False,0,,False,False,0,,,,REJECTED_FETCH_ERROR,NetworkError: ConnectError,0,0,0,0,,,,True,NetworkError: ConnectError
https://queensvanity.com,https://queensvanity.com,200,True,32,window.Shopify;Shopify.shop;cdn.shopify.com;/cdn/shop/;shopify_core_js;shopify-section;shopify-payment-button;shopify_meta_attribute;header:shopify-complexity-score,False,False,7,phone:+91;currency:INR,,,REJECTED_NON_INDIA,Lacks strong Indian business location evidence,4,0,0,0,,,,True,
https://littlealmirah.com,https://littlealmirah.com,0,False,0,,False,False,0,,,,REJECTED_FETCH_ERROR,NetworkError: ConnectError,0,0,0,0,,,,True,NetworkError: ConnectError
https://zewaronline.com,https://zewaronline.com,0,False,0,,False,False,0,,,,REJECTED_FETCH_ERROR,NetworkError: ConnectError,0,0,0,0,,,,True,NetworkError: ConnectError
https://satayam.in,https://satayam.in,0,False,0,,False,False,0,,,,REJECTED_FETCH_ERROR,NetworkError: ConnectError,0,0,0,0,,,,True,NetworkError: ConnectError
https://stylemylo.com,https://linklist.bio/koitoto88,200,False,0,,False,False,0,,,,REJECTED_NON_SHOPIFY,Shopify score 0 < threshold 5,0,0,0,0,,,,True,
https://delhipoetryslam.com,https://www.delhipoetryslam.com/,200,True,28,window.Shopify;Shopify.shop;cdn.shopify.com;/cdn/shop/;shopify_core_js;shopify-section;header:shopify-complexity-score,False,True,20,address_state:Delhi;address_city:delhi;phone:+91;indian_payment_gateway;currency:INR,address_state;address_city,address_state,ACCEPTED,,4,2,0,3,jsonld_or_dom_img,keyword_heuristics,metadata_or_headings,True,
https://melissaindia.com,https://melissaindia.com,200,True,32,window.Shopify;Shopify.shop;cdn.shopify.com;/cdn/shop/;shopify_core_js;shopify-section;shopify-payment-button;shopify_meta_attribute;header:shopify-complexity-score,False,True,22,address_state:Delhi;address_pin:110058;address_city:delhi;phone:+91;currency:INR,address_state;address_pincode;address_city,address_state,ACCEPTED,,4,3,1,10,jsonld_or_dom_img,keyword_heuristics,metadata_or_headings,True,
https://myfancystore.com,,0,False,0,,False,False,0,,,,,,0,0,0,0,,,,False,Robots.txt blocks homepage
https://thedesigncart.com,https://www.thedesigncart.com/,200,True,28,window.Shopify;Shopify.shop;cdn.shopify.com;/cdn/shop/;shopify_core_js;shopify-section;header:shopify-complexity-score,False,True,39,jsonld_india_address;state:Delhi;address_state:Delhi;address_pin:110034;address_city:delhi;phone:+91;indian_payment_gateway;currency:INR,jsonld_address;address_state;address_pincode;address_city,json_ld_address,ACCEPTED,,4,1,1,7,jsonld_or_dom_img,keyword_heuristics,metadata_or_headings,True,
https://kaisori.com,https://kaisori.com,200,True,30,window.Shopify;Shopify.shop;cdn.shopify.com;/cdn/shop/;shopify_core_js;shopify-section;shopify-payment-button;header:shopify-complexity-score,False,True,19,address_pin:560093;address_city:bangalore;phone:+91;indian_payment_gateway;currency:INR,address_pincode;address_city,pin_code_560093,ACCEPTED,,4,3,2,4,jsonld_or_dom_img,keyword_heuristics,metadata_or_headings,True,
https://igridstore.com,https://www.igridstore.com/,200,True,32,window.Shopify;Shopify.shop;cdn.shopify.com;/cdn/shop/;shopify_core_js;shopify-section;shopify-payment-button;shopify_meta_attribute;header:shopify-complexity-score,False,True,25,address_state:Telangana;address_pin:500008;address_city:hyderabad;phone:+91;indian_payment_gateway;currency:INR,address_state;address_pincode;address_city,address_state,ACCEPTED,,4,1,2,4,jsonld_or_dom_img,keyword_heuristics,metadata_or_headings,True,
https://shopaholicschoice.com,https://shopaholicschoice.com,200,False,0,,False,False,0,,,,REJECTED_NON_SHOPIFY,Shopify score 0 < threshold 5,0,0,0,0,,,,True,
https://sanskriti777.com,https://sanskriti777.com,200,True,32,window.Shopify;Shopify.shop;cdn.shopify.com;/cdn/shop/;shopify_core_js;shopify-section;shopify-payment-button;shopify_meta_attribute;header:shopify-complexity-score,False,True,27,gstin:09AHMPB0449F1ZJ;address_pin:201304;address_city:noida;phone:+91;indian_payment_gateway;currency:INR,gstin;address_pincode;address_city,gstin_code_09,ACCEPTED,,4,1,2,1,jsonld_or_dom_img,keyword_heuristics,metadata_or_headings,True,
https://traditions4u.com,https://traditions4u.com,200,True,28,window.Shopify;Shopify.shop;cdn.shopify.com;/cdn/shop/;shopify_core_js;shopify-section;header:shopify-complexity-score,False,True,20,address_state:West Bengal;address_city:kolkata;phone:+91;indian_payment_gateway;currency:INR,address_state;address_city,address_state,ACCEPTED,,4,2,1,1,jsonld_or_dom_img,keyword_heuristics,metadata_or_headings,True,
https://ossoro.com,https://ossoro.com,200,False,0,,False,False,0,,,,REJECTED_NON_SHOPIFY,Shopify score 0 < threshold 5,0,0,0,0,,,,True,
https://petwale.com,https://www.petwale.com/,200,True,32,window.Shopify;Shopify.shop;cdn.shopify.com;/cdn/shop/;shopify_core_js;shopify-section;shopify-payment-button;shopify_meta_attribute;header:shopify-complexity-score,False,False,10,phone:+91;indian_payment_gateway;currency:INR,,,REJECTED_NON_INDIA,Lacks strong Indian business location evidence,4,0,0,0,,,,True,
https://dressesforwomen.in,https://dressesforwomen.in,200,True,28,window.Shopify;Shopify.shop;cdn.shopify.com;/cdn/shop/;shopify_core_js;shopify-section;header:shopify-complexity-score,False,True,19,address_state:Telangana;address_pin:500035;phone:+91;currency:INR;domain:.in,address_state;address_pincode,address_state,ACCEPTED,,4,0,2,0,jsonld_or_dom_img,keyword_heuristics,metadata_or_headings,True,
https://kashmirloom.com,https://kashmirloom.com,200,False,0,,False,False,0,,,,REJECTED_INACTIVE,Password-protected storefront,0,0,0,0,,,,True,Password-protected storefront
https://thebabytrunk.com,https://www.thebabytrunk.com/,200,True,30,window.Shopify;Shopify.shop;cdn.shopify.com;/cdn/shop/;shopify_core_js;shopify-section;shopify-payment-button;header:shopify-complexity-score,False,True,22,address_state:Haryana;address_pin:122016;address_city:delhi;phone:+91;currency:INR,address_state;address_pincode;address_city,address_state,ACCEPTED,,4,2,1,2,jsonld_or_dom_img,keyword_heuristics,metadata_or_headings,True,
https://zevaramaze.com,https://zevaramaze.com,200,True,28,window.Shopify;Shopify.shop;cdn.shopify.com;/cdn/shop/;shopify_core_js;shopify-section;header:shopify-complexity-score,False,True,9,address_city:surat;indian_payment_gateway;currency:INR,address_city,address_city_surat,ACCEPTED,,4,2,1,1,jsonld_or_dom_img,keyword_heuristics,metadata_or_headings,True,
https://sixbuttonsdown.com,https://www.sixbuttonsdown.com/,200,True,28,window.Shopify;Shopify.shop;cdn.shopify.com;/cdn/shop/;shopify_core_js;shopify-section;header:shopify-complexity-score,False,True,25,address_state:Karnataka;address_pin:560064;address_city:bangalore;phone:+91;indian_payment_gateway;currency:INR,address_state;address_pincode;address_city,address_state,ACCEPTED,,4,1,1,2,jsonld_or_dom_img,keyword_heuristics,metadata_or_headings,True,
https://blushingcouture.com,https://blushingcouture.com,200,True,28,window.Shopify;Shopify.shop;cdn.shopify.com;/cdn/shop/;shopify_core_js;shopify-section;header:shopify-complexity-score,False,True,22,address_state:Haryana;address_pin:122001;address_city:gurugram;phone:+91;currency:INR,address_state;address_pincode;address_city,address_state,ACCEPTED,,4,2,1,5,jsonld_or_dom_img,keyword_heuristics,metadata_or_headings,True,
https://artisannsnest.com,https://artisannsnest.com,200,True,28,window.Shopify;Shopify.shop;cdn.shopify.com;/cdn/shop/;shopify_core_js;shopify-section;header:shopify-complexity-score,False,False,7,phone:+91;currency:INR,,,REJECTED_NON_INDIA,Lacks strong Indian business location evidence,4,0,0,0,,,,True,
https://ethnicrajasthan.com,https://www.ethnicrajasthan.com/,200,True,28,window.Shopify;Shopify.shop;cdn.shopify.com;/cdn/shop/;shopify_core_js;shopify-section;header:shopify-complexity-score,False,True,25,address_state:Rajasthan;address_pin:302021;address_city:jaipur;phone:+91;indian_payment_gateway;currency:INR,address_state;address_pincode;address_city,address_state,ACCEPTED,,4,2,1,3,jsonld_or_dom_img,keyword_heuristics,metadata_or_headings,True,
https://chimpaaanzee.com,https://www.chimpaaanzee.com/,200,True,28,window.Shopify;Shopify.shop;cdn.shopify.com;/cdn/shop/;shopify_core_js;shopify-section;header:shopify-complexity-score,False,True,25,address_state:Gujarat;address_pin:382445;address_city:ahmedabad;phone:+91;indian_payment_gateway;currency:INR,address_state;address_pincode;address_city,address_state,ACCEPTED,,4,1,1,4,jsonld_or_dom_img,keyword_heuristics,metadata_or_headings,True,
https://bluaub.com,https://bluaub.com,0,False,0,,False,False,0,,,,REJECTED_FETCH_ERROR,NetworkError: ConnectError,0,0,0,0,,,,True,NetworkError: ConnectError
https://vasumittal.com,https://vasumittal.com,200,True,28,window.Shopify;Shopify.shop;cdn.shopify.com;/cdn/shop/;shopify_core_js;shopify-section;header:shopify-complexity-score,False,False,4,currency:INR;city_mention:delhi,,,REJECTED_NON_INDIA,India score 4 < threshold 7,4,0,0,0,,,,True,
https://studioradical.in,https://www.studioradical.in/,200,True,28,window.Shopify;Shopify.shop;cdn.shopify.com;/cdn/shop/;shopify_core_js;shopify-section;header:shopify-complexity-score,False,True,23,address_state:West Bengal;address_pin:700053;address_city:kolkata;phone:+91;currency:INR;domain:.in,address_state;address_pincode;address_city,address_state,ACCEPTED,,4,1,1,2,jsonld_or_dom_img,keyword_heuristics,metadata_or_headings,True,
https://thelagaadi.com,https://thelagaadi.com,200,True,28,window.Shopify;Shopify.shop;cdn.shopify.com;/cdn/shop/;shopify_core_js;shopify-section;header:shopify-complexity-score,False,True,19,address_pin:302018;address_city:jaipur;phone:+91;indian_payment_gateway;currency:INR,address_pincode;address_city,pin_code_302018,ACCEPTED,,4,1,1,4,jsonld_or_dom_img,keyword_heuristics,metadata_or_headings,True,
https://kaagazi.com,https://kaagazi.com,200,False,0,,False,False,0,,,,REJECTED_NON_SHOPIFY,Shopify score 0 < threshold 5,0,0,0,0,,,,True,
https://funlittleones.com,https://www.funlittleones.com/,200,True,28,window.Shopify;Shopify.shop;cdn.shopify.com;/cdn/shop/;shopify_core_js;shopify-section;header:shopify-complexity-score,False,True,25,address_state:Maharashtra;address_pin:400104;address_city:mumbai;phone:+91;indian_payment_gateway;currency:INR,address_state;address_pincode;address_city,address_state,ACCEPTED,,4,1,1,4,jsonld_or_dom_img,keyword_heuristics,metadata_or_headings,True,
https://laasasports.com,https://laasasports.com,200,True,28,window.Shopify;Shopify.shop;cdn.shopify.com;/cdn/shop/;shopify_core_js;shopify-section;header:shopify-complexity-score,False,True,25,address_state:Maharashtra;address_pin:401208;address_city:mumbai;phone:+91;indian_payment_gateway;currency:INR,address_state;address_pincode;address_city,address_state,ACCEPTED,,4,1,2,5,jsonld_or_dom_img,keyword_heuristics,metadata_or_headings,True,
https://chicbuddy.com,https://www.chicbuddy.com/,200,True,28,window.Shopify;Shopify.shop;cdn.shopify.com;/cdn/shop/;shopify_core_js;shopify-section;header:shopify-complexity-score,False,True,25,address_state:Telangana;address_pin:500067;address_city:hyderabad;phone:+91;indian_payment_gateway;currency:INR,address_state;address_pincode;address_city,address_state,ACCEPTED,,1,1,2,0,jsonld_or_dom_img,keyword_heuristics,metadata_or_headings,True,
https://thecaistore.com,https://thecaistore.com,200,True,30,window.Shopify;Shopify.shop;cdn.shopify.com;/cdn/shop/;shopify_core_js;shopify-section;shopify-payment-button;header:shopify-complexity-score,False,True,19,address_pin:400013;address_city:mumbai;phone:+91;indian_payment_gateway;currency:INR,address_pincode;address_city,pin_code_400013,ACCEPTED,,4,1,1,3,jsonld_or_dom_img,keyword_heuristics,metadata_or_headings,True,
https://ayushcare.in,https://ayushcare.in,200,True,5,cdn.shopify.com,False,True,20,address_pin:625016;address_city:madurai;phone:+91;indian_payment_gateway;currency:INR;domain:.in,address_pincode;address_city,pin_code_625016,ACCEPTED,,4,1,1,0,jsonld_or_dom_img,keyword_heuristics,metadata_or_headings,True,
https://palazzoartgallery.com,https://palazzoartgallery.com,0,False,0,,False,False,0,,,,REJECTED_FETCH_ERROR,NetworkError: ConnectError,0,0,0,0,,,,True,NetworkError: ConnectError
https://drmonga.in,https://drmonga.in,200,True,28,window.Shopify;Shopify.shop;cdn.shopify.com;/cdn/shop/;shopify_core_js;shopify-section;header:shopify-complexity-score,False,True,18,address_state:Delhi;address_city:delhi;phone:+91;currency:INR;domain:.in,address_state;address_city,address_state,ACCEPTED,,4,0,2,3,jsonld_or_dom_img,keyword_heuristics,metadata_or_headings,True,
https://vivarang.com,https://www.vivarang.com/,200,True,28,window.Shopify;Shopify.shop;cdn.shopify.com;/cdn/shop/;shopify_core_js;shopify-section;header:shopify-complexity-score,False,False,12,phone:+91;indian_payment_gateway;currency:INR;city_mention:hyderabad,,,REJECTED_NON_INDIA,Lacks strong Indian business location evidence,4,0,0,0,,,,True,
https://bornflash.com,https://www.bornflash.com/,200,True,32,window.Shopify;Shopify.shop;cdn.shopify.com;/cdn/shop/;shopify_core_js;shopify-section;shopify-payment-button;shopify_meta_attribute;header:shopify-complexity-score,False,False,4,currency:INR;city_mention:delhi,,,REJECTED_NON_INDIA,India score 4 < threshold 7,4,0,0,0,,,,True,
https://adrisya.in,https://adrisya.in,200,True,32,window.Shopify;Shopify.shop;cdn.shopify.com;/cdn/shop/;shopify_core_js;shopify-section;shopify-payment-button;shopify_meta_attribute;header:shopify-complexity-score,False,True,20,address_pin:411060;address_city:pune;phone:+91;indian_payment_gateway;currency:INR;domain:.in,address_pincode;address_city,pin_code_411060,ACCEPTED,,4,2,2,5,jsonld_or_dom_img,keyword_heuristics,metadata_or_headings,True,
https://backdropsource.in,https://www.backdropsource.in/,200,True,30,window.Shopify;Shopify.shop;cdn.shopify.com;/cdn/shop/;shopify_core_js;shopify-section;shopify-payment-button;header:shopify-complexity-score,False,True,26,address_state:Tamil Nadu;address_pin:641009;address_city:coimbatore;phone:+91;indian_payment_gateway;currency:INR;domain:.in,address_state;address_pincode;address_city,address_state,ACCEPTED,,4,3,3,5,jsonld_or_dom_img,keyword_heuristics,metadata_or_headings,True,
https://fugazee.com,https://www.fugazee.com/,200,True,30,window.Shopify;Shopify.shop;cdn.shopify.com;/cdn/shop/;shopify_core_js;shopify-section;shopify-payment-button;header:shopify-complexity-score,False,True,33,gstin:06AAEFF0501B1ZF;address_state:Haryana;address_pin:122002;address_city:gurugram;phone:+91;indian_payment_gateway;currency:INR,gstin;address_state;address_pincode;address_city,gstin_code_06,ACCEPTED,,4,1,3,0,jsonld_or_dom_img,keyword_heuristics,metadata_or_headings,True,
https://astore.in,https://www.astore.in/,200,True,28,window.Shopify;Shopify.shop;cdn.shopify.com;/cdn/shop/;shopify_core_js;shopify-section;header:shopify-complexity-score,False,True,22,address_state:Jammu and Kashmir;address_pin:192301;phone:+91;indian_payment_gateway;currency:INR;domain:.in,address_state;address_pincode,address_state,ACCEPTED,,4,1,3,0,jsonld_or_dom_img,keyword_heuristics,metadata_or_headings,True,
https://kairagiftworld.com,https://www.kairagiftworld.com/,200,True,28,window.Shopify;Shopify.shop;cdn.shopify.com;/cdn/shop/;shopify_core_js;shopify-section;header:shopify-complexity-score,False,True,31,jsonld_india_address;state:Telangana;address_state:Telangana;address_city:hyderabad;phone:+91;currency:INR,jsonld_address;address_state;address_city,json_ld_address,ACCEPTED,,4,0,1,4,jsonld_or_dom_img,keyword_heuristics,metadata_or_headings,True,
https://thehometrend.com,https://thehometrend.com,200,False,0,,False,False,0,,,,REJECTED_NON_SHOPIFY,Shopify score 0 < threshold 5,0,0,0,0,,,,True,
https://64facets.in,https://kubet77.me/,200,False,0,,False,False,0,,,,REJECTED_NON_SHOPIFY,Shopify score 0 < threshold 5,0,0,0,0,,,,True,
https://zaybonline.com,https://zaybonline.com,0,False,0,,False,False,0,,,,REJECTED_FETCH_ERROR,NetworkError: ConnectError,0,0,0,0,,,,True,NetworkError: ConnectError
https://asmitta.com,https://asmitta.com,200,True,28,window.Shopify;Shopify.shop;cdn.shopify.com;/cdn/shop/;shopify_core_js;shopify-section;header:shopify-complexity-score,False,False,10,phone:+91;indian_payment_gateway;currency:INR,,,REJECTED_NON_INDIA,Lacks strong Indian business location evidence,4,0,0,0,,,,True,
https://moringawhat.com,https://www.moringawhat.com/,200,True,28,window.Shopify;Shopify.shop;cdn.shopify.com;/cdn/shop/;shopify_core_js;shopify-section;header:shopify-complexity-score,False,False,7,phone:+91;currency:INR,,,REJECTED_NON_INDIA,Lacks strong Indian business location evidence,4,0,0,0,,,,True,
https://maviradesigns.com,https://maviradesigns.com,0,False,0,,False,False,0,,,,REJECTED_FETCH_ERROR,NetworkError: ConnectError,0,0,0,0,,,,True,NetworkError: ConnectError
https://towithfrom.com,https://www.towithfrom.com/,200,True,28,window.Shopify;Shopify.shop;cdn.shopify.com;/cdn/shop/;shopify_core_js;shopify-section;header:shopify-complexity-score,False,False,9,phone:+91;currency:INR;city_mention:delhi,,,REJECTED_NON_INDIA,Lacks strong Indian business location evidence,3,0,0,0,,,,True,
https://crinds.com,,0,False,0,,False,False,0,,,,,,0,0,0,0,,,,False,Robots.txt blocks homepage
https://armatuer.com,https://www.armatuer.com/,200,True,28,window.Shopify;Shopify.shop;cdn.shopify.com;/cdn/shop/;shopify_core_js;shopify-section;header:shopify-complexity-score,False,False,2,currency:INR,,,REJECTED_NON_INDIA,India score 2 < threshold 7,2,0,0,0,,,,True,
https://merakiessentials.com,https://merakiessentials.com,200,True,32,window.Shopify;Shopify.shop;cdn.shopify.com;/cdn/shop/;shopify_core_js;shopify-section;shopify-payment-button;shopify_meta_attribute;header:shopify-complexity-score,False,True,22,address_state:Delhi;address_pin:110018;address_city:delhi;phone:+91;currency:INR,address_state;address_pincode;address_city,address_state,ACCEPTED,,3,2,2,4,jsonld_or_dom_img,keyword_heuristics,metadata_or_headings,True,
https://mulberrytrails.com,https://mulberrytrails.com,200,True,28,window.Shopify;Shopify.shop;cdn.shopify.com;/cdn/shop/;shopify_core_js;shopify-section;header:shopify-complexity-score,False,True,17,address_state:Maharashtra;address_pin:411004;address_city:pune;currency:INR,address_state;address_pincode;address_city,address_state,ACCEPTED,,4,1,1,0,jsonld_or_dom_img,keyword_heuristics,metadata_or_headings,True,
https://swaarnim.com,https://swaarnim.com,200,True,30,window.Shopify;Shopify.shop;cdn.shopify.com;/cdn/shop/;shopify_core_js;shopify-section;shopify-payment-button;header:shopify-complexity-score,False,True,16,address_pin:452001;address_city:indore;phone:+91;currency:INR,address_pincode;address_city,pin_code_452001,ACCEPTED,,4,1,2,2,jsonld_or_dom_img,keyword_heuristics,metadata_or_headings,True,
https://ankitastudio.com,https://ankitastudio.com,0,False,0,,False,False,0,,,,REJECTED_FETCH_ERROR,NetworkError: ConnectError,0,0,0,0,,,,True,NetworkError: ConnectError
https://phool.co,https://phool.co,200,True,28,window.Shopify;Shopify.shop;cdn.shopify.com;/cdn/shop/;shopify_core_js;shopify-section;header:shopify-complexity-score,False,True,33,jsonld_india_address;state:Uttar Pradesh;address_pin:209305;address_city:kanpur;phone:+91;indian_payment_gateway;currency:INR,jsonld_address;address_pincode;address_city,json_ld_address,ACCEPTED,,4,3,3,4,jsonld_or_dom_img,keyword_heuristics,metadata_or_headings,True,
https://shoppingchalo.com,https://shoppingchalo.com,200,True,32,window.Shopify;Shopify.shop;cdn.shopify.com;/cdn/shop/;shopify_core_js;shopify-section;shopify-payment-button;shopify_meta_attribute;header:shopify-complexity-score,False,True,17,address_state:Delhi;address_pin:110001;address_city:delhi;currency:INR,address_state;address_pincode;address_city,address_state,ACCEPTED,,4,1,1,4,jsonld_or_dom_img,keyword_heuristics,metadata_or_headings,True,
https://cocooncollections.com,https://cocooncollections.com,0,False,0,,False,False,0,,,,REJECTED_FETCH_ERROR,NetworkError: ConnectError,0,0,0,0,,,,True,NetworkError: ConnectError
https://toiing.com,,0,False,0,,False,False,0,,,,,,0,0,0,0,,,,False,Robots.txt blocks homepage
https://fleekery.com,https://fleekery.com,0,False,0,,False,False,0,,,,REJECTED_FETCH_ERROR,NetworkError: ConnectError,0,0,0,0,,,,True,NetworkError: ConnectError
https://thecelebrationsstore.com,https://thecelebrationsstore.com,0,False,0,,False,False,0,,,,REJECTED_FETCH_ERROR,NetworkError: ConnectError,0,0,0,0,,,,True,NetworkError: ConnectError
https://attiitude.net,https://attiitude.net,0,False,0,,False,False,0,,,,REJECTED_FETCH_ERROR,NetworkError: ConnectError,0,0,0,0,,,,True,NetworkError: ConnectError
https://punastore.com,https://punastore.com,0,False,0,,False,False,0,,,,REJECTED_FETCH_ERROR,NetworkError: ConnectError,0,0,0,0,,,,True,NetworkError: ConnectError
https://ambitionmart.com,https://ambitionmart.com,0,False,0,,False,False,0,,,,REJECTED_FETCH_ERROR,NetworkError: ConnectError,0,0,0,0,,,,True,NetworkError: ConnectError
https://karma-koncept.com,https://expireddomains.com/domain/karma-koncept.com?utm_source=redi,200,False,0,,False,False,0,,,,REJECTED_NON_SHOPIFY,Shopify score 0 < threshold 5,0,0,0,0,,,,True,
https://chictherapy.com,https://chictherapy.com,200,True,30,window.Shopify;Shopify.shop;cdn.shopify.com;/cdn/shop/;shopify_core_js;shopify-section;shopify-payment-button;header:shopify-complexity-score,False,True,28,gstin:27AVIPM9862F1Z2;address_state:Maharashtra;address_city:mumbai;phone:+91;indian_payment_gateway;currency:INR,gstin;address_state;address_city,gstin_code_27,ACCEPTED,,4,1,1,2,jsonld_or_dom_img,keyword_heuristics,metadata_or_headings,True,
https://genuinebattery.com,https://genuinebattery.com,200,True,30,window.Shopify;Shopify.shop;cdn.shopify.com;/cdn/shop/;shopify_core_js;shopify-section;shopify-payment-button;header:shopify-complexity-score,False,True,23,jsonld_india_address;state:Gujarat;phone:+91;currency:INR;city_mention:vadodara,jsonld_address,json_ld_address,ACCEPTED,,4,1,1,4,jsonld_or_dom_img,keyword_heuristics,metadata_or_headings,True,
https://fashionmozo.com,https://fashionmozo.com,0,False,0,,False,False,0,,,,REJECTED_FETCH_ERROR,NetworkError: ConnectError,0,0,0,0,,,,True,NetworkError: ConnectError
https://voodeal.com,https://voodeal.com,0,False,0,,False,False,0,,,,REJECTED_FETCH_ERROR,NetworkError: ConnectError,0,0,0,0,,,,True,NetworkError: ConnectError
https://saaboo.com,https://www.saaboo.com/,200,True,28,window.Shopify;Shopify.shop;cdn.shopify.com;/cdn/shop/;shopify_core_js;shopify-section;header:shopify-complexity-score,False,False,10,phone:+91;indian_payment_gateway;currency:INR,,,REJECTED_NON_INDIA,Lacks strong Indian business location evidence,4,0,0,0,,,,True,
https://uptownie.com,https://uptownie.com,200,True,28,window.Shopify;Shopify.shop;cdn.shopify.com;/cdn/shop/;shopify_core_js;shopify-section;header:shopify-complexity-score,False,True,16,address_state:West Bengal;phone:+91;indian_payment_gateway;currency:INR,address_state,address_state,ACCEPTED,,4,2,3,4,jsonld_or_dom_img,keyword_heuristics,metadata_or_headings,True,
https://prettyrandom.in,https://www.prettyrandom.in/,200,True,26,window.Shopify;Shopify.shop;cdn.shopify.com;/cdn/shop/;shopify_core_js;header:shopify-complexity-score,False,True,23,address_state:Tamil Nadu;address_pin:600034;address_city:chennai;phone:+91;currency:INR;domain:.in,address_state;address_pincode;address_city,address_state,ACCEPTED,,4,1,1,2,jsonld_or_dom_img,keyword_heuristics,metadata_or_headings,True,
https://anaboluda.com,https://anaboluda.com/password,200,False,0,,False,False,0,,,,REJECTED_INACTIVE,Redirects to /password,0,0,0,0,,,,True,Redirects to /password
https://barkntreat.com,https://barkntreat.com,0,False,0,,False,False,0,,,,REJECTED_FETCH_ERROR,NetworkError: ConnectError,0,0,0,0,,,,True,NetworkError: ConnectError
https://brownsaltbakery.com,https://brownsaltbakery.com,200,True,32,window.Shopify;Shopify.shop;cdn.shopify.com;/cdn/shop/;shopify_core_js;shopify-section;shopify-payment-button;shopify_meta_attribute;header:shopify-complexity-score,False,True,25,address_state:Delhi;address_pin:400031;address_city:bangalore;phone:+91;indian_payment_gateway;currency:INR,address_state;address_pincode;address_city,address_state,ACCEPTED,,4,1,1,1,jsonld_or_dom_img,keyword_heuristics,metadata_or_headings,True,
https://bubblysdelights.com,https://bubblysdelights.com,0,False,0,,False,False,0,,,,REJECTED_FETCH_ERROR,NetworkError: ConnectError,0,0,0,0,,,,True,NetworkError: ConnectError
https://carryyourbottle.com,https://carryyourbottle.com,200,True,28,window.Shopify;Shopify.shop;cdn.shopify.com;/cdn/shop/;shopify_core_js;shopify-section;header:shopify-complexity-score,False,False,2,currency:INR,,,REJECTED_NON_INDIA,India score 2 < threshold 7,4,0,0,0,,,,True,
https://glittergleam.com,https://glittergleam.com,200,True,32,window.Shopify;Shopify.shop;cdn.shopify.com;/cdn/shop/;shopify_core_js;shopify-section;shopify-payment-button;shopify_meta_attribute;header:shopify-complexity-score,False,True,39,jsonld_india_address;state:Uttar Pradesh;address_state:Uttar Pradesh;address_pin:226001;address_city:lucknow;phone:+91;indian_payment_gateway;currency:INR,jsonld_address;address_state;address_pincode;address_city,json_ld_address,ACCEPTED,,4,2,1,3,jsonld_or_dom_img,keyword_heuristics,metadata_or_headings,True,
https://houseeofcleeo.com,https://houseeofcleeo.com,0,False,0,,False,False,0,,,,REJECTED_FETCH_ERROR,NetworkError: ConnectError,0,0,0,0,,,,True,NetworkError: ConnectError
https://mybonsoul.com,https://www.mybonsoul.com/,200,True,28,window.Shopify;Shopify.shop;cdn.shopify.com;/cdn/shop/;shopify_core_js;shopify-section;header:shopify-complexity-score,False,True,17,address_state:Karnataka;address_pin:560038;address_city:bengaluru;currency:INR,address_state;address_pincode;address_city,address_state,ACCEPTED,,3,2,1,0,jsonld_or_dom_img,keyword_heuristics,metadata_or_headings,True,
https://neelititlee.com,https://neelititlee.com,200,True,28,window.Shopify;Shopify.shop;cdn.shopify.com;/cdn/shop/;shopify_core_js;shopify-section;header:shopify-complexity-score,False,False,7,phone:+91;currency:INR,,,REJECTED_NON_INDIA,Lacks strong Indian business location evidence,4,0,0,0,,,,True,
https://pnkishaarora.com,https://pnkishaarora.com,200,True,32,window.Shopify;Shopify.shop;cdn.shopify.com;/cdn/shop/;shopify_core_js;shopify-section;shopify-payment-button;shopify_meta_attribute;header:shopify-complexity-score,False,True,25,address_state:Uttar Pradesh;address_pin:201313;address_city:noida;phone:+91;indian_payment_gateway;currency:INR,address_state;address_pincode;address_city,address_state,ACCEPTED,,4,1,1,2,jsonld_or_dom_img,keyword_heuristics,metadata_or_headings,True,
https://sonalkabra.com,https://sonalkabra.com,0,False,0,,False,False,0,,,,REJECTED_FETCH_ERROR,NetworkError: ConnectError,0,0,0,0,,,,True,NetworkError: ConnectError
https://driftfashion.com,https://driftfashion.com,0,False,0,,False,False,0,,,,REJECTED_FETCH_ERROR,NetworkError: ConnectError,0,0,0,0,,,,True,NetworkError: ConnectError
https://stdvence.com,https://stdvence.com,200,True,28,window.Shopify;Shopify.shop;cdn.shopify.com;/cdn/shop/;shopify_core_js;shopify-section;header:shopify-complexity-score,False,True,16,address_pin:400097;address_city:mumbai;phone:+91;currency:INR,address_pincode;address_city,pin_code_400097,ACCEPTED,,4,4,1,6,jsonld_or_dom_img,keyword_heuristics,metadata_or_headings,True,
https://thebagruprints.com,https://thebagruprints.com,0,False,0,,False,False,0,,,,REJECTED_FETCH_ERROR,NetworkError: ConnectError,0,0,0,0,,,,True,NetworkError: ConnectError
https://charmingangels.diamonds,https://charmingangels.diamonds,0,False,0,,False,False,0,,,,REJECTED_FETCH_ERROR,NetworkError: ConnectError,0,0,0,0,,,,True,NetworkError: ConnectError
https://moborr.com,https://moborr.com,200,True,30,window.Shopify;Shopify.shop;cdn.shopify.com;/cdn/shop/;shopify_core_js;shopify-section;shopify-payment-button;header:shopify-complexity-score,False,True,14,address_city:bangalore;phone:+91;indian_payment_gateway;currency:INR,address_city,address_city_bangalore,ACCEPTED,,4,1,2,3,jsonld_or_dom_img,keyword_heuristics,metadata_or_headings,True,
https://atinymistake.com,https://atinymistake.com,200,True,28,window.Shopify;Shopify.shop;cdn.shopify.com;/cdn/shop/;shopify_core_js;shopify-section;header:shopify-complexity-score,False,True,22,gstin:09AFPPT9127H1ZP;address_pin:201303;address_city:noida;indian_payment_gateway;currency:INR,gstin;address_pincode;address_city,gstin_code_09,ACCEPTED,,4,1,1,4,jsonld_or_dom_img,keyword_heuristics,metadata_or_headings,True,
https://getspexy.com,https://getspexy.com,200,True,32,window.Shopify;Shopify.shop;cdn.shopify.com;/cdn/shop/;shopify_core_js;shopify-section;shopify-payment-button;shopify_meta_attribute;header:shopify-complexity-score,False,False,10,phone:+91;indian_payment_gateway;currency:INR,,,REJECTED_NON_INDIA,Lacks strong Indian business location evidence,4,0,0,0,,,,True,
https://skedio.fashion,https://skedio.fashion,200,True,28,window.Shopify;Shopify.shop;cdn.shopify.com;/cdn/shop/;shopify_core_js;shopify-section;header:shopify-complexity-score,False,False,7,phone:+91;currency:INR,,,REJECTED_NON_INDIA,Lacks strong Indian business location evidence,4,0,0,0,,,,True,
https://myactivex.com,,0,False,0,,False,False,0,,,,,,0,0,0,0,,,,False,Robots.txt blocks homepage
https://theveshticompany.com,https://theveshticompany.com,200,True,28,window.Shopify;Shopify.shop;cdn.shopify.com;/cdn/shop/;shopify_core_js;shopify-section;header:shopify-complexity-score,False,True,16,address_pin:600024;address_city:chennai;phone:+91;currency:INR,address_pincode;address_city,pin_code_600024,ACCEPTED,,4,1,0,0,jsonld_or_dom_img,keyword_heuristics,metadata_or_headings,True,
https://papercoal.com,https://papercoal.com,200,True,28,window.Shopify;Shopify.shop;cdn.shopify.com;/cdn/shop/;shopify_core_js;shopify-section;header:shopify-complexity-score,False,True,13,gstin:08AAUFP8279J1Z5;indian_payment_gateway;currency:INR,gstin,gstin_code_08,ACCEPTED,,3,1,0,0,jsonld_or_dom_img,keyword_heuristics,metadata_or_headings,True,
https://teakpark.com,https://www.teakpark.com/,200,True,28,window.Shopify;Shopify.shop;cdn.shopify.com;/cdn/shop/;shopify_core_js;shopify-section;header:shopify-complexity-score,False,True,12,address_pin:680021;phone:+91;currency:INR,address_pincode,pin_code_680021,ACCEPTED,,4,4,1,3,jsonld_or_dom_img,keyword_heuristics,metadata_or_headings,True,
https://suesyogikettle.com,https://suesyogikettle.com,0,False,0,,False,False,0,,,,REJECTED_FETCH_ERROR,NetworkError: ConnectError,0,0,0,0,,,,True,NetworkError: ConnectError
https://tgamestrong.com,https://tgamestrong.com,200,True,28,window.Shopify;Shopify.shop;cdn.shopify.com;/cdn/shop/;shopify_core_js;shopify-section;header:shopify-complexity-score,False,False,7,phone:+91;currency:INR,,,REJECTED_NON_INDIA,Lacks strong Indian business location evidence,4,0,0,0,,,,True,
https://odikala.com,https://www.odikala.com/,200,True,28,window.Shopify;Shopify.shop;cdn.shopify.com;/cdn/shop/;shopify_core_js;shopify-section;header:shopify-complexity-score,False,True,21,address_state:Odisha;address_pin:770002;phone:+91;indian_payment_gateway;currency:INR,address_state;address_pincode,address_state,ACCEPTED,,4,3,2,5,jsonld_or_dom_img,keyword_heuristics,metadata_or_headings,True,
https://secondskinn.com,https://secondskinn.com,0,False,0,,False,False,0,,,,REJECTED_FETCH_ERROR,Timeout: ConnectTimeout,0,0,0,0,,,,True,Timeout: ConnectTimeout
https://homeplus.online,https://homeplus.online,200,True,28,window.Shopify;Shopify.shop;cdn.shopify.com;/cdn/shop/;shopify_core_js;shopify-section;header:shopify-complexity-score,False,True,18,address_state:Tamil Nadu;address_pin:639002;phone:+91;currency:INR,address_state;address_pincode,address_state,ACCEPTED,,4,2,1,1,jsonld_or_dom_img,keyword_heuristics,metadata_or_headings,True,
https://ahistatea.com,https://ahistatea.com,200,True,28,window.Shopify;Shopify.shop;cdn.shopify.com;/cdn/shop/;shopify_core_js;shopify-section;header:shopify-complexity-score,False,False,12,phone:+91;indian_payment_gateway;currency:INR;city_mention:kolkata,,,REJECTED_NON_INDIA,Lacks strong Indian business location evidence,4,0,0,0,,,,True,
https://savetheliver.org,https://savetheliver.org,200,True,28,window.Shopify;Shopify.shop;cdn.shopify.com;/cdn/shop/;shopify_core_js;shopify-section;header:shopify-complexity-score,False,False,9,phone:+91;currency:INR;city_mention:hyderabad,,,REJECTED_NON_INDIA,Lacks strong Indian business location evidence,4,0,0,0,,,,True,
https://swiftindi.com,https://www.swiftindi.com/,200,True,28,window.Shopify;Shopify.shop;cdn.shopify.com;/cdn/shop/;shopify_core_js;shopify-section;header:shopify-complexity-score,False,True,20,gstin:27ABACS2915E1ZM;phone:+91;indian_payment_gateway;currency:INR;city_mention:pune,gstin,gstin_code_27,ACCEPTED,,4,1,1,2,jsonld_or_dom_img,keyword_heuristics,metadata_or_headings,True,
https://shopheiressbeauty.com,https://shopheiressbeauty.com,0,False,0,,False,False,0,,,,REJECTED_FETCH_ERROR,NetworkError: ConnectError,0,0,0,0,,,,True,NetworkError: ConnectError
https://ikichic.com,https://ikichic.com,200,True,28,window.Shopify;Shopify.shop;cdn.shopify.com;/cdn/shop/;shopify_core_js;shopify-section;header:shopify-complexity-score,False,True,25,address_state:Delhi;address_pin:110020;address_city:delhi;phone:+91;indian_payment_gateway;currency:INR,address_state;address_pincode;address_city,address_state,ACCEPTED,,4,2,2,6,jsonld_or_dom_img,keyword_heuristics,metadata_or_headings,True,
https://moinatural.com,https://moinatural.com,200,True,28,window.Shopify;Shopify.shop;cdn.shopify.com;/cdn/shop/;shopify_core_js;shopify-section;header:shopify-complexity-score,False,False,7,phone:+91;currency:INR,,,REJECTED_NON_INDIA,Lacks strong Indian business location evidence,4,0,0,0,,,,True,
https://qbfcoffee.com,https://qbfcoffee.com,200,True,28,window.Shopify;Shopify.shop;cdn.shopify.com;/cdn/shop/;shopify_core_js;shopify-section;header:shopify-complexity-score,False,False,9,phone:+91;currency:INR;city_mention:delhi,,,REJECTED_NON_INDIA,Lacks strong Indian business location evidence,4,0,0,0,,,,True,
https://theyellowpan.com,https://theyellowpan.com,0,False,0,,False,False,0,,,,REJECTED_FETCH_ERROR,NetworkError: ConnectError,0,0,0,0,,,,True,NetworkError: ConnectError
https://zakjac.com,https://zakjac.com,0,False,0,,False,False,0,,,,REJECTED_FETCH_ERROR,NetworkError: ConnectError,0,0,0,0,,,,True,NetworkError: ConnectError
https://all2defy.com,https://all2defy.com,0,False,0,,False,False,0,,,,REJECTED_FETCH_ERROR,NetworkError: ConnectError,0,0,0,0,,,,True,NetworkError: ConnectError
https://marketlanemadras.com,https://marketlanemadras.com,200,True,32,window.Shopify;Shopify.shop;cdn.shopify.com;/cdn/shop/;shopify_core_js;shopify-section;shopify-payment-button;shopify_meta_attribute;header:shopify-complexity-score,False,True,22,address_state:Tamil Nadu;address_pin:600010;address_city:chennai;phone:+91;currency:INR,address_state;address_pincode;address_city,address_state,ACCEPTED,,3,3,1,2,jsonld_or_dom_img,keyword_heuristics,metadata_or_headings,True,
https://leelathestore.com,https://leelathestore.com,200,True,28,window.Shopify;Shopify.shop;cdn.shopify.com;/cdn/shop/;shopify_core_js;shopify-section;header:shopify-complexity-score,False,False,7,phone:+91;currency:INR,,,REJECTED_NON_INDIA,Lacks strong Indian business location evidence,2,0,0,0,,,,True,
https://panashjewels.com,https://panashjewels.com,200,True,28,window.Shopify;Shopify.shop;cdn.shopify.com;/cdn/shop/;shopify_core_js;shopify-section;header:shopify-complexity-score,False,True,12,address_pin:201301;phone:+91;currency:INR,address_pincode,pin_code_201301,ACCEPTED,,4,2,2,2,jsonld_or_dom_img,keyword_heuristics,metadata_or_headings,True,
https://teorishop.com,,0,False,0,,False,False,0,,,,,,0,0,0,0,,,,False,Robots.txt blocks homepage
https://moonrabbitlifestyle.com,https://moonrabbitlifestyle.com,200,True,32,window.Shopify;Shopify.shop;cdn.shopify.com;/cdn/shop/;shopify_core_js;shopify-section;shopify-payment-button;shopify_meta_attribute;header:shopify-complexity-score,False,False,7,phone:+91;currency:INR,,,REJECTED_NON_INDIA,Lacks strong Indian business location evidence,4,0,0,0,,,,True,
https://thedurapack.com,https://thedurapack.com,0,False,0,,False,False,0,,,,REJECTED_FETCH_ERROR,NetworkError: ConnectError,0,0,0,0,,,,True,NetworkError: ConnectError
https://bellegirllifestyle.com,https://justyuhi.com/,200,True,32,window.Shopify;Shopify.shop;cdn.shopify.com;/cdn/shop/;shopify_core_js;shopify-section;shopify-payment-button;shopify_meta_attribute;header:shopify-complexity-score,False,True,21,address_state:Maharashtra;address_pin:401301;phone:+91;indian_payment_gateway;currency:INR,address_state;address_pincode,address_state,ACCEPTED,,4,5,1,5,jsonld_or_dom_img,keyword_heuristics,metadata_or_headings,True,
https://mittilifestyle.com,https://www.mittilifestyle.com/,200,True,32,window.Shopify;Shopify.shop;cdn.shopify.com;/cdn/shop/;shopify_core_js;shopify-section;shopify-payment-button;shopify_meta_attribute;header:shopify-complexity-score,False,True,25,address_state:Gujarat;address_pin:380058;address_city:ahmedabad;phone:+91;indian_payment_gateway;currency:INR,address_state;address_pincode;address_city,address_state,ACCEPTED,,4,3,1,0,jsonld_or_dom_img,keyword_heuristics,metadata_or_headings,True,
https://soovos.com,https://soovos.com,200,True,28,window.Shopify;Shopify.shop;cdn.shopify.com;/cdn/shop/;shopify_core_js;shopify-section;header:shopify-complexity-score,False,False,12,phone:+91;indian_payment_gateway;currency:INR;city_mention:mumbai,,,REJECTED_NON_INDIA,Lacks strong Indian business location evidence,4,0,0,0,,,,True,
https://aquapurashop.com,https://aquapurashop.com,200,True,28,window.Shopify;Shopify.shop;cdn.shopify.com;/cdn/shop/;shopify_core_js;shopify-section;header:shopify-complexity-score,False,True,17,address_state:Delhi;address_pin:110033;address_city:delhi;currency:INR,address_state;address_pincode;address_city,address_state,ACCEPTED,,4,3,1,2,jsonld_or_dom_img,keyword_heuristics,metadata_or_headings,True,
https://sifbox.com,https://www.sifholdings.com/,200,False,0,,False,False,0,,,,REJECTED_NON_SHOPIFY,Shopify score 0 < threshold 5,0,0,0,0,,,,True,
https://bengalloomsindia.com,https://bengalloomsindia.com,200,True,28,window.Shopify;Shopify.shop;cdn.shopify.com;/cdn/shop/;shopify_core_js;shopify-section;header:shopify-complexity-score,False,True,25,address_state:West Bengal;address_pin:700006;address_city:kolkata;phone:+91;indian_payment_gateway;currency:INR,address_state;address_pincode;address_city,address_state,ACCEPTED,,4,2,1,3,jsonld_or_dom_img,keyword_heuristics,metadata_or_headings,True,
https://aadya.life,https://expireddomains.com/domain/aadya.life?utm_source=redi,200,False,0,,False,False,0,,,,REJECTED_NON_SHOPIFY,Shopify score 0 < threshold 5,0,0,0,0,,,,True,
https://shiningstarsstore.com,https://shiningstarsstore.com,200,True,28,window.Shopify;Shopify.shop;cdn.shopify.com;/cdn/shop/;shopify_core_js;shopify-section;header:shopify-complexity-score,False,False,7,phone:+91;currency:INR,,,REJECTED_NON_INDIA,Lacks strong Indian business location evidence,4,0,0,0,,,,True,
https://pepperagro.com,https://www.pepperagro.com/,200,False,0,,False,False,0,,,,REJECTED_NON_SHOPIFY,Shopify score 0 < threshold 5,0,0,0,0,,,,True,
https://pawsncollars.com,https://pawsncollars.com,200,True,32,window.Shopify;Shopify.shop;cdn.shopify.com;/cdn/shop/;shopify_core_js;shopify-section;shopify-payment-button;shopify_meta_attribute;header:shopify-complexity-score,False,True,25,address_state:Karnataka;address_pin:560102;address_city:bengaluru;phone:+91;indian_payment_gateway;currency:INR,address_state;address_pincode;address_city,address_state,ACCEPTED,,4,1,1,3,jsonld_or_dom_img,keyword_heuristics,metadata_or_headings,True,
https://ethicattic.com,https://www.ethicattic.com/,200,True,30,window.Shopify;Shopify.shop;cdn.shopify.com;/cdn/shop/;shopify_core_js;shopify-section;shopify-payment-button;header:shopify-complexity-score,False,True,17,address_state:Karnataka;address_pin:560038;address_city:bengaluru;currency:INR,address_state;address_pincode;address_city,address_state,ACCEPTED,,4,2,0,6,jsonld_or_dom_img,keyword_heuristics,metadata_or_headings,True,
https://nicciskincare.com,https://nicciskincare.com/password,200,False,0,,False,False,0,,,,REJECTED_INACTIVE,Redirects to /password,0,0,0,0,,,,True,Redirects to /password
https://arcadiolifestyle.com,https://www.arcadiolifestyle.com/,200,True,28,window.Shopify;Shopify.shop;cdn.shopify.com;/cdn/shop/;shopify_core_js;shopify-section;header:shopify-complexity-score,False,True,22,address_state:Tamil Nadu;address_pin:600086;address_city:chennai;phone:+91;currency:INR,address_state;address_pincode;address_city,address_state,ACCEPTED,,4,1,1,3,jsonld_or_dom_img,keyword_heuristics,metadata_or_headings,True,
https://ogreeny.com,https://ogreeny.com,0,False,0,,False,False,0,,,,REJECTED_FETCH_ERROR,NetworkError: ConnectError,0,0,0,0,,,,True,NetworkError: ConnectError
https://tudslifestyle.com,https://tuds.in/password,200,False,0,,False,False,0,,,,REJECTED_INACTIVE,Redirects to /password,0,0,0,0,,,,True,Redirects to /password
https://agcmachines.com,https://agcmachines.com,0,False,0,,False,False,0,,,,REJECTED_FETCH_ERROR,NetworkError: ConnectError,0,0,0,0,,,,True,NetworkError: ConnectError
https://cult91.com,https://cult91.com,200,True,28,window.Shopify;Shopify.shop;cdn.shopify.com;/cdn/shop/;shopify_core_js;shopify-section;header:shopify-complexity-score,False,True,19,address_pin:411007;address_city:pune;phone:+91;indian_payment_gateway;currency:INR,address_pincode;address_city,pin_code_411007,ACCEPTED,,4,2,1,4,jsonld_or_dom_img,keyword_heuristics,metadata_or_headings,True,
https://dopecollections.com,https://dopecollections.com,0,False,0,,False,False,0,,,,REJECTED_FETCH_ERROR,Timeout: ConnectTimeout,0,0,0,0,,,,True,Timeout: ConnectTimeout
https://dmodot.com,https://www.dmodot.com/,200,True,30,window.Shopify;Shopify.shop;cdn.shopify.com;/cdn/shop/;shopify_core_js;shopify-section;shopify-payment-button;header:shopify-complexity-score,False,True,25,address_state:Delhi;address_pin:110049;address_city:delhi;phone:+91;indian_payment_gateway;currency:INR,address_state;address_pincode;address_city,address_state,ACCEPTED,,4,4,2,2,jsonld_or_dom_img,keyword_heuristics,metadata_or_headings,True,
https://tamarachennai.com,https://tamarachennai.com,200,True,28,window.Shopify;Shopify.shop;cdn.shopify.com;/cdn/shop/;shopify_core_js;shopify-section;header:shopify-complexity-score,False,False,9,phone:+91;currency:INR;city_mention:chennai,,,REJECTED_NON_INDIA,Lacks strong Indian business location evidence,4,0,0,0,,,,True,
https://amama.in,https://www.amama.in/,200,True,30,window.Shopify;Shopify.shop;cdn.shopify.com;/cdn/shop/;shopify_core_js;shopify-section;shopify-payment-button;header:shopify-complexity-score,False,True,26,address_state:Uttar Pradesh;address_pin:122009;address_city:mumbai;phone:+91;indian_payment_gateway;currency:INR;domain:.in,address_state;address_pincode;address_city,address_state,ACCEPTED,,4,3,8,4,jsonld_or_dom_img,keyword_heuristics,metadata_or_headings,True,
https://svarasya.com,https://www.svarasya.com/,200,True,28,window.Shopify;Shopify.shop;cdn.shopify.com;/cdn/shop/;shopify_core_js;shopify-section;header:shopify-complexity-score,False,True,16,address_pin:201301;address_city:noida;phone:+91;currency:INR,address_pincode;address_city,pin_code_201301,ACCEPTED,,4,1,1,5,jsonld_or_dom_img,keyword_heuristics,metadata_or_headings,True,
https://nuanmilitary.com,https://nuanmilitary.com,0,False,0,,False,False,0,,,,REJECTED_FETCH_ERROR,NetworkError: ConnectError,0,0,0,0,,,,True,NetworkError: ConnectError
https://srutijindal.com,https://srutijindal.com,0,False,0,,False,False,0,,,,REJECTED_FETCH_ERROR,NetworkError: ConnectError,0,0,0,0,,,,True,NetworkError: ConnectError
https://nutrio.store,https://nutrio.store,0,False,0,,False,False,0,,,,REJECTED_FETCH_ERROR,NetworkError: ConnectError,0,0,0,0,,,,True,NetworkError: ConnectError
https://evolvekart.com,,0,False,0,,False,False,0,,,,,,0,0,0,0,,,,False,Robots.txt blocks homepage
https://postmoji.in,https://postmoji.in,0,False,0,,False,False,0,,,,REJECTED_FETCH_ERROR,NetworkError: ConnectError,0,0,0,0,,,,True,NetworkError: ConnectError
https://meirajewellery.com,https://meirajewellery.com,200,True,28,window.Shopify;Shopify.shop;cdn.shopify.com;/cdn/shop/;shopify_core_js;shopify-section;header:shopify-complexity-score,False,True,22,address_state:Gujarat;address_pin:380001;address_city:ahmedabad;phone:+91;currency:INR,address_state;address_pincode;address_city,address_state,ACCEPTED,,4,2,1,4,jsonld_or_dom_img,keyword_heuristics,metadata_or_headings,True,
https://youngtrendz.in,https://youngtrendz.in,200,True,32,window.Shopify;Shopify.shop;cdn.shopify.com;/cdn/shop/;shopify_core_js;shopify-section;shopify-payment-button;shopify_meta_attribute;header:shopify-complexity-score,False,False,8,phone:+91;currency:INR;domain:.in,,,REJECTED_NON_INDIA,Lacks strong Indian business location evidence,0,0,0,0,,,,True,
https://bigbananaonline.com,https://bigbananaonline.com,200,True,28,window.Shopify;Shopify.shop;cdn.shopify.com;/cdn/shop/;shopify_core_js;shopify-section;header:shopify-complexity-score,False,False,10,phone:+91;indian_payment_gateway;currency:INR,,,REJECTED_NON_INDIA,Lacks strong Indian business location evidence,4,0,0,0,,,,True,
https://ecohometown.com,https://ecohometown.com,200,False,0,,False,False,0,,,,REJECTED_NON_SHOPIFY,Shopify score 0 < threshold 5,0,0,0,0,,,,True,
https://trickortreats.in,https://trickortreats.in,200,False,0,,False,False,0,,,,REJECTED_NON_SHOPIFY,Shopify score 0 < threshold 5,0,0,0,0,,,,True,
https://fredefy.com,https://www.fredefy.com/en,200,False,0,,False,False,0,,,,REJECTED_NON_SHOPIFY,Shopify score 0 < threshold 5,0,0,0,0,,,,True,
https://indieculture.in,,0,False,0,,False,False,0,,,,,,0,0,0,0,,,,False,Robots.txt blocks homepage
https://teatrunk.in,https://teatrunk.in,200,True,30,window.Shopify;Shopify.shop;cdn.shopify.com;/cdn/shop/;shopify_core_js;shopify-section;shopify-payment-button;header:shopify-complexity-score,False,False,8,phone:+91;currency:INR;domain:.in,,,REJECTED_NON_INDIA,Lacks strong Indian business location evidence,4,0,0,0,,,,True,
https://simba-02.myshopify.com,https://simba-02.myshopify.com,200,True,42,myshopify_subdomain;window.Shopify;Shopify.shop;cdn.shopify.com;/cdn/shop/;shopify_core_js;shopify-section;shopify-payment-button;shopify_meta_attribute;header:shopify-complexity-score,False,False,7,indian_payment_gateway;currency:INR;city_mention:chennai,,,REJECTED_NON_INDIA,Lacks strong Indian business location evidence,2,0,0,0,,,,True,
https://aadarsh-mehta.myshopify.com,https://aadarsh-mehta.myshopify.com,200,False,0,,False,False,0,,,,REJECTED_INACTIVE,Default Shopify theme boilerplate with no commercial brand content,0,0,0,0,,,,True,Default Shopify theme boilerplate with no commercial brand content
https://edzappdev.myshopify.com,https://edzappdev.myshopify.com,200,False,0,,False,False,0,,,,REJECTED_INACTIVE,Default Shopify theme boilerplate with no commercial brand content,0,0,0,0,,,,True,Default Shopify theme boilerplate with no commercial brand content
https://perfactshop.myshopify.com,https://perfactshop.myshopify.com,200,False,0,,False,False,0,,,,REJECTED_INACTIVE,Default Shopify theme boilerplate with no commercial brand content,0,0,0,0,,,,True,Default Shopify theme boilerplate with no commercial brand content
https://kamboj.myshopify.com,https://kamboj.myshopify.com,200,True,36,myshopify_subdomain;window.Shopify;Shopify.shop;cdn.shopify.com;/cdn/shop/;shopify_core_js;header:shopify-complexity-score,False,False,2,currency:INR,,,REJECTED_NON_INDIA,India score 2 < threshold 7,1,0,0,0,,,,True,
https://markryden.in,https://markryden.in,403,False,0,,False,False,0,,,,REJECTED_FETCH_ERROR,HTTP 403,0,0,0,0,,,,True,HTTP 403
https://gfashion.in,https://gfashion.in,200,True,28,window.Shopify;Shopify.shop;cdn.shopify.com;/cdn/shop/;shopify_core_js;shopify-section;header:shopify-complexity-score,False,True,19,address_state:Tamil Nadu;address_pin:641607;phone:+91;currency:INR;domain:.in,address_state;address_pincode,address_state,ACCEPTED,,4,2,1,2,jsonld_or_dom_img,keyword_heuristics,metadata_or_headings,True,
https://turquoisethestore.com,https://mamentaverse.com/,200,False,0,,False,False,0,,,,REJECTED_NON_SHOPIFY,Shopify score 0 < threshold 5,0,0,0,0,,,,True,
https://orangeliberty.com,https://orangeliberty.com,200,True,28,window.Shopify;Shopify.shop;cdn.shopify.com;/cdn/shop/;shopify_core_js;shopify-section;header:shopify-complexity-score,False,False,5,indian_payment_gateway;currency:INR,,,REJECTED_NON_INDIA,India score 5 < threshold 7,4,0,0,0,,,,True,
https://daughter.earth,https://daughter.earth,200,True,28,window.Shopify;Shopify.shop;cdn.shopify.com;/cdn/shop/;shopify_core_js;shopify-section;header:shopify-complexity-score,False,True,22,address_state:Telangana;address_pin:500037;address_city:hyderabad;phone:+91;currency:INR,address_state;address_pincode;address_city,address_state,ACCEPTED,,3,1,22,3,jsonld_or_dom_img,keyword_heuristics,metadata_or_headings,True,
https://pinkwoolf.com,https://pinkwoolf.com,200,True,28,window.Shopify;Shopify.shop;cdn.shopify.com;/cdn/shop/;shopify_core_js;shopify-section;header:shopify-complexity-score,False,False,12,phone:+91;indian_payment_gateway;currency:INR;city_mention:bangalore,,,REJECTED_NON_INDIA,Lacks strong Indian business location evidence,4,0,0,0,,,,True,
https://myindiamint.com,https://myindiamint.com,200,True,28,window.Shopify;Shopify.shop;cdn.shopify.com;/cdn/shop/;shopify_core_js;shopify-section;header:shopify-complexity-score,False,True,31,jsonld_india_address;state:Rajasthan;address_state:Rajasthan;address_city:jaipur;phone:+91;currency:INR,jsonld_address;address_state;address_city,json_ld_address,ACCEPTED,,4,2,1,1,jsonld_or_dom_img,keyword_heuristics,metadata_or_headings,True,
https://tweeinone.com,https://tweeinone.com,200,True,28,window.Shopify;Shopify.shop;cdn.shopify.com;/cdn/shop/;shopify_core_js;shopify-section;header:shopify-complexity-score,False,False,12,phone:+91;indian_payment_gateway;currency:INR;city_mention:mumbai,,,REJECTED_NON_INDIA,Lacks strong Indian business location evidence,4,0,0,0,,,,True,
https://thecandycallstore.com,,0,False,0,,False,False,0,,,,,,0,0,0,0,,,,False,Robots.txt blocks homepage
https://rajbhogmakhana.com,https://rajbhogmakhana.com,0,False,0,,False,False,0,,,,REJECTED_FETCH_ERROR,NetworkError: ConnectError,0,0,0,0,,,,True,NetworkError: ConnectError
https://lovetuli.com,https://lovetuli.com,0,False,0,,False,False,0,,,,REJECTED_FETCH_ERROR,NetworkError: ConnectError,0,0,0,0,,,,True,NetworkError: ConnectError
https://mofwear.com,https://mofwear.com,0,False,0,,False,False,0,,,,REJECTED_FETCH_ERROR,NetworkError: ConnectError,0,0,0,0,,,,True,NetworkError: ConnectError
https://arogyajeevan.net,https://arogyajeevan.net,200,True,28,window.Shopify;Shopify.shop;cdn.shopify.com;/cdn/shop/;shopify_core_js;shopify-section;header:shopify-complexity-score,False,False,2,currency:INR,,,REJECTED_NON_INDIA,India score 2 < threshold 7,2,0,0,0,,,,True,
https://onelinewellness.com,https://onelinewellness.com,200,True,30,window.Shopify;Shopify.shop;cdn.shopify.com;/cdn/shop/;shopify_core_js;shopify-section;shopify-payment-button;header:shopify-complexity-score,False,False,10,phone:+91;indian_payment_gateway;currency:INR,,,REJECTED_NON_INDIA,Lacks strong Indian business location evidence,4,0,0,0,,,,True,
https://alayabystage3.com,https://alayabystage3.com,200,True,30,window.Shopify;Shopify.shop;cdn.shopify.com;/cdn/shop/;shopify_core_js;shopify-section;shopify-payment-button;header:shopify-complexity-score,False,True,14,address_city:gurgaon;phone:+91;indian_payment_gateway;currency:INR,address_city,address_city_gurgaon,ACCEPTED,,4,3,1,4,jsonld_or_dom_img,keyword_heuristics,metadata_or_headings,True,
https://themortalsoul.com,https://themortalsoul.com,200,True,30,window.Shopify;Shopify.shop;cdn.shopify.com;/cdn/shop/;shopify_core_js;shopify-section;shopify-payment-button;header:shopify-complexity-score,False,False,7,phone:+91;currency:INR,,,REJECTED_NON_INDIA,Lacks strong Indian business location evidence,4,0,0,0,,,,True,
https://bluetea.co.in,https://bluetea.co.in,200,True,28,window.Shopify;Shopify.shop;cdn.shopify.com;/cdn/shop/;shopify_core_js;shopify-section;header:shopify-complexity-score,False,True,27,address_state:Uttar Pradesh;address_pin:700155;address_city:noida;phone:+91;indian_payment_gateway;currency:INR;domain:.co.in,address_state;address_pincode;address_city,address_state,ACCEPTED,,4,1,2,5,jsonld_or_dom_img,keyword_heuristics,metadata_or_headings,True,
https://stonewashedstudio.com,https://expireddomains.com/domain/stonewashedstudio.com?utm_source=redi,200,False,0,,False,False,0,,,,REJECTED_NON_SHOPIFY,Shopify score 0 < threshold 5,0,0,0,0,,,,True,
https://allfortechonline.com,https://allfortechonline.com,200,True,28,window.Shopify;Shopify.shop;cdn.shopify.com;/cdn/shop/;shopify_core_js;shopify-section;header:shopify-complexity-score,False,True,25,address_state:Delhi;address_pin:110019;address_city:delhi;phone:+91;indian_payment_gateway;currency:INR,address_state;address_pincode;address_city,address_state,ACCEPTED,,3,1,2,3,jsonld_or_dom_img,keyword_heuristics,metadata_or_headings,True,
https://lazychunks.com,https://www.lazychunks.com/,200,True,28,window.Shopify;Shopify.shop;cdn.shopify.com;/cdn/shop/;shopify_core_js;shopify-section;header:shopify-complexity-score,False,True,35,jsonld_india_address;state:Rajasthan;address_state:Rajasthan;address_pin:324009;phone:+91;indian_payment_gateway;currency:INR,jsonld_address;address_state;address_pincode,json_ld_address,ACCEPTED,,4,1,1,1,jsonld_or_dom_img,keyword_heuristics,metadata_or_headings,True,
https://madish.in,https://madish.in,200,False,0,,False,False,0,,,,REJECTED_NON_SHOPIFY,Shopify score 0 < threshold 5,0,0,0,0,,,,True,
https://healthcult.in,https://cultdesi.com/,200,True,28,window.Shopify;Shopify.shop;cdn.shopify.com;/cdn/shop/;shopify_core_js;shopify-section;header:shopify-complexity-score,False,False,3,currency:INR;domain:.in,,,REJECTED_NON_INDIA,India score 3 < threshold 7,4,0,0,0,,,,True,
https://calenvie.com,https://calenvie.com,200,True,28,window.Shopify;Shopify.shop;cdn.shopify.com;/cdn/shop/;shopify_core_js;shopify-section;header:shopify-complexity-score,False,True,20,address_state:Karnataka;address_pin:560068;address_city:bengaluru;indian_payment_gateway;currency:INR,address_state;address_pincode;address_city,address_state,ACCEPTED,,4,1,0,2,jsonld_or_dom_img,keyword_heuristics,metadata_or_headings,True,
https://sewandyou.com,https://sewandyou.com,200,True,28,window.Shopify;Shopify.shop;cdn.shopify.com;/cdn/shop/;shopify_core_js;shopify-section;header:shopify-complexity-score,False,False,10,phone:+91;indian_payment_gateway;currency:INR,,,REJECTED_NON_INDIA,Lacks strong Indian business location evidence,0,0,0,0,,,,True,
https://viha.online,https://viha.online,200,True,28,window.Shopify;Shopify.shop;cdn.shopify.com;/cdn/shop/;shopify_core_js;shopify-section;header:shopify-complexity-score,False,True,19,address_pin:600028;address_city:chennai;phone:+91;indian_payment_gateway;currency:INR,address_pincode;address_city,pin_code_600028,ACCEPTED,,3,1,1,3,jsonld_or_dom_img,keyword_heuristics,metadata_or_headings,True,
https://anukee.com,https://anukee.com,200,False,0,,False,False,0,,,,REJECTED_NON_SHOPIFY,Shopify score 0 < threshold 5,0,0,0,0,,,,True,
https://boat-lifestyle.com,https://www.boat-lifestyle.com/,200,True,28,window.Shopify;Shopify.shop;cdn.shopify.com;/cdn/shop/;shopify_core_js;shopify-section;header:shopify-complexity-score,False,True,25,address_state:Maharashtra;address_pin:400093;address_city:mumbai;phone:+91;indian_payment_gateway;currency:INR,address_state;address_pincode;address_city,address_state,ACCEPTED,,4,3,2,6,jsonld_or_dom_img,keyword_heuristics,metadata_or_headings,True,
https://oliveplanet.in,https://oliveplanet.in,200,True,30,window.Shopify;Shopify.shop;cdn.shopify.com;/cdn/shop/;shopify_core_js;shopify-section;shopify-payment-button;header:shopify-complexity-score,False,True,34,jsonld_india_address;address_state:Karnataka;address_pin:560064;address_city:bangalore;phone:+91;indian_payment_gateway;currency:INR;domain:.in,jsonld_address;address_state;address_pincode;address_city,address_state,ACCEPTED,,4,1,1,5,jsonld_or_dom_img,keyword_heuristics,metadata_or_headings,True,
https://gocoop.com,https://gocoop.com,200,False,0,,False,False,0,,,,REJECTED_NON_SHOPIFY,Shopify score 0 < threshold 5,0,0,0,0,,,,True,
https://boltt.com,https://boltt.com,200,False,0,,False,False,0,,,,REJECTED_NON_SHOPIFY,Shopify score 0 < threshold 5,0,0,0,0,,,,True,
https://procusgo.com,,0,False,0,,False,False,0,,,,,,0,0,0,0,,,,False,Robots.txt blocks homepage
https://soxytoes.com,https://soxytoes.com,200,True,30,window.Shopify;Shopify.shop;cdn.shopify.com;/cdn/shop/;shopify_core_js;shopify-section;shopify-payment-button;header:shopify-complexity-score,False,True,25,address_state:Delhi;address_pin:110037;address_city:delhi;phone:+91;indian_payment_gateway;currency:INR,address_state;address_pincode;address_city,address_state,ACCEPTED,,4,1,1,3,jsonld_or_dom_img,keyword_heuristics,metadata_or_headings,True,
https://onlineshopindia.net,https://onlineshopindia.net,0,False,0,,False,False,0,,,,REJECTED_FETCH_ERROR,NetworkError: ConnectError,0,0,0,0,,,,True,NetworkError: ConnectError
https://ubyld.com,https://www.ubyld.com/,200,True,30,window.Shopify;Shopify.shop;cdn.shopify.com;/cdn/shop/;shopify_core_js;shopify-section;shopify-payment-button;header:shopify-complexity-score,False,True,25,address_state:Karnataka;address_pin:560077;address_city:bengaluru;phone:+91;indian_payment_gateway;currency:INR,address_state;address_pincode;address_city,address_state,ACCEPTED,,4,2,2,5,jsonld_or_dom_img,keyword_heuristics,metadata_or_headings,True,
https://dezirenatural.com,https://dezirenatural.com,200,True,28,window.Shopify;Shopify.shop;cdn.shopify.com;/cdn/shop/;shopify_core_js;shopify-section;header:shopify-complexity-score,False,True,18,gstin:33BBNPS5063E1ZJ;phone:+91;indian_payment_gateway;currency:INR,gstin,gstin_code_33,ACCEPTED,,4,1,1,2,jsonld_or_dom_img,keyword_heuristics,metadata_or_headings,True,
https://ihabitat.in,https://ihabitat.in,0,False,0,,False,False,0,,,,REJECTED_FETCH_ERROR,NetworkError: ConnectError,0,0,0,0,,,,True,NetworkError: ConnectError
https://thebutternutcompany.com,https://www.thebutternutcompany.com/,200,True,28,window.Shopify;Shopify.shop;cdn.shopify.com;/cdn/shop/;shopify_core_js;shopify-section;header:shopify-complexity-score,False,True,25,address_state:Karnataka;address_pin:560102;address_city:bengaluru;phone:+91;indian_payment_gateway;currency:INR,address_state;address_pincode;address_city,address_state,ACCEPTED,,4,2,1,0,jsonld_or_dom_img,keyword_heuristics,metadata_or_headings,True,
https://themandirstore.com,https://themandirstore.com,200,True,28,window.Shopify;Shopify.shop;cdn.shopify.com;/cdn/shop/;shopify_core_js;shopify-section;header:shopify-complexity-score,False,True,19,address_pin:440015;address_city:pune;phone:+91;indian_payment_gateway;currency:INR,address_pincode;address_city,pin_code_440015,ACCEPTED,,4,2,4,3,jsonld_or_dom_img,keyword_heuristics,metadata_or_headings,True,
https://aislingenterprises.com,https://aislingenterprises.com,200,True,28,window.Shopify;Shopify.shop;cdn.shopify.com;/cdn/shop/;shopify_core_js;shopify-section;header:shopify-complexity-score,False,True,18,address_state:Rajasthan;address_pin:305022;phone:+91;currency:INR,address_state;address_pincode,address_state,ACCEPTED,,2,1,0,0,jsonld_or_dom_img,keyword_heuristics,metadata_or_headings,True,
https://totsandmoms.com,https://www.totsandmoms.com/,200,True,28,window.Shopify;Shopify.shop;cdn.shopify.com;/cdn/shop/;shopify_core_js;shopify-section;header:shopify-complexity-score,False,False,10,phone:+91;indian_payment_gateway;currency:INR,,,REJECTED_NON_INDIA,Lacks strong Indian business location evidence,4,0,0,0,,,,True,
https://craftemporio.com,https://craftemporio.com,0,False,0,,False,False,0,,,,REJECTED_FETCH_ERROR,NetworkError: ConnectError,0,0,0,0,,,,True,NetworkError: ConnectError
https://joolry.in,https://joolry.in,200,True,28,window.Shopify;Shopify.shop;cdn.shopify.com;/cdn/shop/;shopify_core_js;shopify-section;header:shopify-complexity-score,False,True,23,address_state:Maharashtra;address_pin:400018;address_city:mumbai;phone:+91;currency:INR;domain:.in,address_state;address_pincode;address_city,address_state,ACCEPTED,,4,1,1,6,jsonld_or_dom_img,keyword_heuristics,metadata_or_headings,True,
https://samoolam.com,https://samoolam.com,200,True,28,window.Shopify;Shopify.shop;cdn.shopify.com;/cdn/shop/;shopify_core_js;shopify-section;header:shopify-complexity-score,False,False,10,phone:+91;indian_payment_gateway;currency:INR,,,REJECTED_NON_INDIA,Lacks strong Indian business location evidence,4,0,0,0,,,,True,
https://jhapki.com,https://jhapki.com,200,True,28,window.Shopify;Shopify.shop;cdn.shopify.com;/cdn/shop/;shopify_core_js;shopify-section;header:shopify-complexity-score,False,True,21,address_state:Punjab;address_pin:144001;phone:+91;indian_payment_gateway;currency:INR,address_state;address_pincode,address_state,ACCEPTED,,4,2,1,0,jsonld_or_dom_img,keyword_heuristics,metadata_or_headings,True,
https://ikartindia.com,https://ikartindia.com,0,False,0,,False,False,0,,,,REJECTED_FETCH_ERROR,NetworkError: ConnectError,0,0,0,0,,,,True,NetworkError: ConnectError
https://bigwishbox.com,https://bigwishbox.com/index.php,200,False,0,,False,False,0,,,,REJECTED_NON_SHOPIFY,Shopify score 0 < threshold 5,0,0,0,0,,,,True,
https://wishindia.in,,0,False,0,,False,False,0,,,,,,0,0,0,0,,,,False,Robots.txt blocks homepage
https://urshicollections.com,https://urshicollections.com,200,True,28,window.Shopify;Shopify.shop;cdn.shopify.com;/cdn/shop/;shopify_core_js;shopify-section;header:shopify-complexity-score,False,True,25,address_state:Karnataka;address_pin:562106;address_city:bangalore;phone:+91;indian_payment_gateway;currency:INR,address_state;address_pincode;address_city,address_state,ACCEPTED,,4,2,1,3,jsonld_or_dom_img,keyword_heuristics,metadata_or_headings,True,
https://teezbro.com,https://teezbro.com,0,False,0,,False,False,0,,,,REJECTED_FETCH_ERROR,NetworkError: ConnectError,0,0,0,0,,,,True,NetworkError: ConnectError
https://athletesportswear.in,https://www.athletesportswear.in/,200,False,0,,False,False,0,,,,REJECTED_NON_SHOPIFY,Shopify score 0 < threshold 5,0,0,0,0,,,,True,
https://vedicfashion.com,https://vedicfashion.com,200,False,0,,False,False,0,,,,REJECTED_NON_SHOPIFY,Shopify score 0 < threshold 5,0,0,0,0,,,,True,
https://orecorp.net,https://orecorp.net,0,False,0,,False,False,0,,,,REJECTED_FETCH_ERROR,NetworkError: ConnectError,0,0,0,0,,,,True,NetworkError: ConnectError
https://hippieshippie.com,https://hippieshippie.com,200,True,28,window.Shopify;Shopify.shop;cdn.shopify.com;/cdn/shop/;shopify_core_js;shopify-section;header:shopify-complexity-score,False,True,16,address_pin:400028;address_city:mumbai;phone:+91;currency:INR,address_pincode;address_city,pin_code_400028,ACCEPTED,,4,0,1,2,jsonld_or_dom_img,keyword_heuristics,metadata_or_headings,True,
https://americancrew.in,https://americancrew.in,200,False,0,,False,False,0,,,,REJECTED_NON_SHOPIFY,Shopify score 0 < threshold 5,0,0,0,0,,,,True,
https://thepinkpostinc.com,https://thepinkpostinc.com,200,True,28,window.Shopify;Shopify.shop;cdn.shopify.com;/cdn/shop/;shopify_core_js;shopify-section;header:shopify-complexity-score,False,False,9,phone:+91;currency:INR;city_mention:delhi,,,REJECTED_NON_INDIA,Lacks strong Indian business location evidence,4,0,0,0,,,,True,
https://giftpalace.in,https://giftpalace.in,200,True,28,window.Shopify;Shopify.shop;cdn.shopify.com;/cdn/shop/;shopify_core_js;shopify-section;header:shopify-complexity-score,False,True,45,gstin:07AAFFG0145F1ZV;jsonld_india_address;state:Delhi;address_state:Delhi;address_pin:110003;address_city:delhi;phone:+91;currency:INR;domain:.in,gstin;jsonld_address;address_state;address_pincode;address_city,gstin_code_07,ACCEPTED,,4,1,1,2,jsonld_or_dom_img,keyword_heuristics,metadata_or_headings,True,
https://navjeetarts.com,https://navjeetarts.com,0,False,0,,False,False,0,,,,REJECTED_FETCH_ERROR,NetworkError: ConnectError,0,0,0,0,,,,True,NetworkError: ConnectError
https://thesparescompany.com,https://thesparescompany.com,200,True,30,window.Shopify;Shopify.shop;cdn.shopify.com;/cdn/shop/;shopify_core_js;shopify-section;shopify-payment-button;header:shopify-complexity-score,False,True,25,address_state:Maharashtra;address_pin:411001;address_city:pune;phone:+91;indian_payment_gateway;currency:INR,address_state;address_pincode;address_city,address_state,ACCEPTED,,4,1,2,2,jsonld_or_dom_img,keyword_heuristics,metadata_or_headings,True,
https://geneslecoanethemant.com,https://www.geneslecoanethemant.com/,200,True,28,window.Shopify;Shopify.shop;cdn.shopify.com;/cdn/shop/;shopify_core_js;shopify-section;header:shopify-complexity-score,False,True,33,gstin:06AAACL4927E1ZR;address_state:Haryana;address_pin:122015;address_city:mumbai;phone:+91;indian_payment_gateway;currency:INR,gstin;address_state;address_pincode;address_city,gstin_code_06,ACCEPTED,,4,1,2,3,jsonld_or_dom_img,keyword_heuristics,metadata_or_headings,True,
https://topcart.in,,0,False,0,,False,False,0,,,,,,0,0,0,0,,,,False,Robots.txt blocks homepage
https://whitechampa.com,https://whitechampa.com,200,True,28,window.Shopify;Shopify.shop;cdn.shopify.com;/cdn/shop/;shopify_core_js;shopify-section;header:shopify-complexity-score,False,False,4,currency:INR;city_mention:delhi,,,REJECTED_NON_INDIA,India score 4 < threshold 7,4,0,0,0,,,,True,
https://bulkherbsindia.com,https://bulkherbsindia.com,0,False,0,,False,False,0,,,,REJECTED_FETCH_ERROR,NetworkError: ConnectError,0,0,0,0,,,,True,NetworkError: ConnectError
https://indichues.com,https://indichues.com,409,False,0,,False,False,0,,,,REJECTED_FETCH_ERROR,HTTP 409,0,0,0,0,,,,True,HTTP 409
https://pdstrian.com,https://pdstrian.com,0,False,0,,False,False,0,,,,REJECTED_FETCH_ERROR,NetworkError: ConnectError,0,0,0,0,,,,True,NetworkError: ConnectError
https://ivyn.in,https://ivyn.in,200,True,28,window.Shopify;Shopify.shop;cdn.shopify.com;/cdn/shop/;shopify_core_js;shopify-section;header:shopify-complexity-score,False,True,40,jsonld_india_address;state:Karnataka;address_state:Karnataka;address_pin:560028;address_city:bengaluru;phone:+91;indian_payment_gateway;currency:INR;domain:.in,jsonld_address;address_state;address_pincode;address_city,json_ld_address,ACCEPTED,,4,1,2,2,jsonld_or_dom_img,keyword_heuristics,metadata_or_headings,True,
https://tisoradesigns.com,https://tisoradesigns.com,200,True,28,window.Shopify;Shopify.shop;cdn.shopify.com;/cdn/shop/;shopify_core_js;shopify-section;header:shopify-complexity-score,False,True,11,address_city:mumbai;phone:+91;currency:INR,address_city,address_city_mumbai,ACCEPTED,,4,2,1,2,jsonld_or_dom_img,keyword_heuristics,metadata_or_headings,True,
https://delantalesoriginales.com,https://delantalesoriginales.com,0,False,0,,False,False,0,,,,REJECTED_FETCH_ERROR,NetworkError: ConnectError,0,0,0,0,,,,True,NetworkError: ConnectError
https://nilgiriaroma.com,https://www.nilgiriaroma.com/,200,True,28,window.Shopify;Shopify.shop;cdn.shopify.com;/cdn/shop/;shopify_core_js;shopify-section;header:shopify-complexity-score,False,True,21,address_state:Karnataka;address_pin:570010;phone:+91;indian_payment_gateway;currency:INR,address_state;address_pincode,address_state,ACCEPTED,,4,2,2,2,jsonld_or_dom_img,keyword_heuristics,metadata_or_headings,True,
https://escents.in,https://escents.in,200,True,28,window.Shopify;Shopify.shop;cdn.shopify.com;/cdn/shop/;shopify_core_js;shopify-section;header:shopify-complexity-score,False,True,20,address_pin:411058;address_city:pune;phone:+91;indian_payment_gateway;currency:INR;domain:.in,address_pincode;address_city,pin_code_411058,ACCEPTED,,4,1,1,5,jsonld_or_dom_img,keyword_heuristics,metadata_or_headings,True,
https://sparewick.com,https://sparewick.com,200,True,28,window.Shopify;Shopify.shop;cdn.shopify.com;/cdn/shop/;shopify_core_js;shopify-section;header:shopify-complexity-score,False,True,19,address_pin:401107;address_city:mumbai;phone:+91;indian_payment_gateway;currency:INR,address_pincode;address_city,pin_code_401107,ACCEPTED,,4,2,1,0,jsonld_or_dom_img,keyword_heuristics,metadata_or_headings,True,
https://4pmbar.com,https://www.sughamhealthcentretvl.com/,200,False,0,,False,False,0,,,,REJECTED_NON_SHOPIFY,Shopify score 0 < threshold 5,0,0,0,0,,,,True,
https://exclusiff.com,https://exclusiff.com,200,True,32,window.Shopify;Shopify.shop;cdn.shopify.com;/cdn/shop/;shopify_core_js;shopify-section;shopify-payment-button;shopify_meta_attribute;header:shopify-complexity-score,False,True,25,address_state:Karnataka;address_pin:400093;address_city:bengaluru;phone:+91;indian_payment_gateway;currency:INR,address_state;address_pincode;address_city,address_state,ACCEPTED,,4,2,3,3,jsonld_or_dom_img,keyword_heuristics,metadata_or_headings,True,
https://kingspapermart.com,https://www.valsoslynn.com/dinner-menu/,200,False,0,,False,False,0,,,,REJECTED_NON_SHOPIFY,Shopify score 0 < threshold 5,0,0,0,0,,,,True,
https://vaishali-s.com,https://www.vaishaliscouture.com/password,200,False,0,,False,False,0,,,,REJECTED_INACTIVE,Redirects to /password,0,0,0,0,,,,True,Redirects to /password
https://carrycart.in,https://carrycart.in,0,False,0,,False,False,0,,,,REJECTED_FETCH_ERROR,NetworkError: ConnectError,0,0,0,0,,,,True,NetworkError: ConnectError
https://moedbuille.com,https://moedbuille.com,200,True,28,window.Shopify;Shopify.shop;cdn.shopify.com;/cdn/shop/;shopify_core_js;shopify-section;header:shopify-complexity-score,False,True,25,address_state:Delhi;address_pin:110042;address_city:delhi;phone:+91;indian_payment_gateway;currency:INR,address_state;address_pincode;address_city,address_state,ACCEPTED,,4,2,1,2,jsonld_or_dom_img,keyword_heuristics,metadata_or_headings,True,
https://snapkart.in,https://snapkart.in,402,False,0,,False,False,0,,,,REJECTED_FETCH_ERROR,HTTP 402,0,0,0,0,,,,True,HTTP 402
https://martforyou.com,https://martforyou.com,200,False,0,,False,False,0,,,,REJECTED_NON_SHOPIFY,Shopify score 0 < threshold 5,0,0,0,0,,,,True,
https://shopmiri.com,https://shopmiri.com,200,True,28,window.Shopify;Shopify.shop;cdn.shopify.com;/cdn/shop/;shopify_core_js;shopify-section;header:shopify-complexity-score,False,True,15,address_pin:110006;phone:+91;indian_payment_gateway;currency:INR,address_pincode,pin_code_110006,ACCEPTED,,4,2,1,2,jsonld_or_dom_img,keyword_heuristics,metadata_or_headings,True,
https://kidsmandi.com,https://kidsmandi.com,200,True,28,window.Shopify;Shopify.shop;cdn.shopify.com;/cdn/shop/;shopify_core_js;shopify-section;header:shopify-complexity-score,False,True,25,address_state:West Bengal;address_pin:700005;address_city:kolkata;phone:+91;indian_payment_gateway;currency:INR,address_state;address_pincode;address_city,address_state,ACCEPTED,,4,1,1,2,jsonld_or_dom_img,keyword_heuristics,metadata_or_headings,True,
https://curiocart.com,https://curiocart.com,200,True,30,window.Shopify;Shopify.shop;cdn.shopify.com;/cdn/shop/;shopify_core_js;shopify-section;shopify-payment-button;header:shopify-complexity-score,False,False,10,phone:+91;indian_payment_gateway;currency:INR,,,REJECTED_NON_INDIA,Lacks strong Indian business location evidence,4,0,0,0,,,,True,
https://mspinkpanther.com,https://mspinkpanther.com,200,True,28,window.Shopify;Shopify.shop;cdn.shopify.com;/cdn/shop/;shopify_core_js;shopify-section;header:shopify-complexity-score,False,True,22,address_state:Tamil Nadu;address_pin:600028;address_city:chennai;phone:+91;currency:INR,address_state;address_pincode;address_city,address_state,ACCEPTED,,2,2,3,1,jsonld_or_dom_img,keyword_heuristics,metadata_or_headings,True,
https://gustokart.com,https://gustokart.com,0,False,0,,False,False,0,,,,REJECTED_FETCH_ERROR,Timeout: ConnectTimeout,0,0,0,0,,,,True,Timeout: ConnectTimeout
https://fabricpandit.com,https://fabricpandit.com,200,True,28,window.Shopify;Shopify.shop;cdn.shopify.com;/cdn/shop/;shopify_core_js;shopify-section;header:shopify-complexity-score,False,True,25,address_state:Gujarat;address_pin:395002;address_city:bengaluru;phone:+91;indian_payment_gateway;currency:INR,address_state;address_pincode;address_city,address_state,ACCEPTED,,4,2,4,0,jsonld_or_dom_img,keyword_heuristics,metadata_or_headings,True,
https://nordible.com,https://nordible.com,200,False,0,,False,False,0,,,,REJECTED_FETCH_ERROR,HTTP 200,0,0,0,0,,,,True,HTTP 200
https://maheejaa.com,https://maheejaa.com,0,False,0,,False,False,0,,,,REJECTED_FETCH_ERROR,Timeout: ConnectTimeout,0,0,0,0,,,,True,Timeout: ConnectTimeout
https://stoleandyarn.com,https://stoleandyaarn.in/,200,True,32,window.Shopify;Shopify.shop;cdn.shopify.com;/cdn/shop/;shopify_core_js;shopify-section;shopify-payment-button;shopify_meta_attribute;header:shopify-complexity-score,False,True,21,address_state:Maharashtra;address_pin:412806;phone:+91;indian_payment_gateway;currency:INR,address_state;address_pincode,address_state,ACCEPTED,,4,4,1,2,jsonld_or_dom_img,keyword_heuristics,metadata_or_headings,True,
https://organic-bazaar.in,https://organic-bazaar.in,200,True,28,window.Shopify;Shopify.shop;cdn.shopify.com;/cdn/shop/;shopify_core_js;shopify-section;header:shopify-complexity-score,False,True,12,address_pin:695003;address_city:thiruvananthapuram;currency:INR;domain:.in,address_pincode;address_city,pin_code_695003,ACCEPTED,,4,1,1,1,jsonld_or_dom_img,keyword_heuristics,metadata_or_headings,True,
https://cationclothing.com,https://www.cationclothing.com/,200,True,28,window.Shopify;Shopify.shop;cdn.shopify.com;/cdn/shop/;shopify_core_js;shopify-section;header:shopify-complexity-score,False,True,25,address_state:Delhi;address_pin:110043;address_city:delhi;phone:+91;indian_payment_gateway;currency:INR,address_state;address_pincode;address_city,address_state,ACCEPTED,,4,2,2,2,jsonld_or_dom_img,keyword_heuristics,metadata_or_headings,True,
https://niteimaginabas.com,https://niteimaginabas.com,0,False,0,,False,False,0,,,,REJECTED_FETCH_ERROR,NetworkError: ConnectError,0,0,0,0,,,,True,NetworkError: ConnectError
https://therepairhub.com,https://therepairhub.com,200,True,28,window.Shopify;Shopify.shop;cdn.shopify.com;/cdn/shop/;shopify_core_js;shopify-section;header:shopify-complexity-score,False,True,44,gstin:07AAACT4449B1ZM;jsonld_india_address;state:Delhi;address_state:Delhi;address_pin:110048;address_city:delhi;phone:+91;currency:INR,gstin;jsonld_address;address_state;address_pincode;address_city,gstin_code_07,ACCEPTED,,4,2,2,2,jsonld_or_dom_img,keyword_heuristics,metadata_or_headings,True,
https://dealsplant.com,https://www.dealsplant.com/,200,True,28,window.Shopify;Shopify.shop;cdn.shopify.com;/cdn/shop/;shopify_core_js;shopify-section;header:shopify-complexity-score,False,False,10,phone:+91;indian_payment_gateway;currency:INR,,,REJECTED_NON_INDIA,Lacks strong Indian business location evidence,4,0,0,0,,,,True,
https://suwasthi.com,https://suwasthi.com,200,True,30,window.Shopify;Shopify.shop;cdn.shopify.com;/cdn/shop/;shopify_core_js;shopify-section;shopify-payment-button;header:shopify-complexity-score,False,True,33,gstin:09AAYCS2840M1ZH;address_state:Uttar Pradesh;address_pin:201304;address_city:noida;phone:+91;indian_payment_gateway;currency:INR,gstin;address_state;address_pincode;address_city,gstin_code_09,ACCEPTED,,4,1,2,2,jsonld_or_dom_img,keyword_heuristics,metadata_or_headings,True,
https://shop2india.com,https://shop2india.com,200,True,28,window.Shopify;Shopify.shop;cdn.shopify.com;/cdn/shop/;shopify_core_js;shopify-section;header:shopify-complexity-score,False,True,16,address_pin:400004;address_city:mumbai;phone:+91;currency:INR,address_pincode;address_city,pin_code_400004,ACCEPTED,,4,1,2,1,jsonld_or_dom_img,keyword_heuristics,metadata_or_headings,True,
https://arjunkhanna.com,https://arjunkhanna.com,200,True,28,window.Shopify;Shopify.shop;cdn.shopify.com;/cdn/shop/;shopify_core_js;shopify-section;header:shopify-complexity-score,False,True,14,address_pin:400001;phone:+91;currency:INR;city_mention:mumbai,address_pincode,pin_code_400001,ACCEPTED,,4,1,2,2,jsonld_or_dom_img,keyword_heuristics,metadata_or_headings,True,
https://nsjewellers.com,https://nsjewellers.com,200,False,0,,False,False,0,,,,REJECTED_NON_SHOPIFY,Shopify score 0 < threshold 5,0,0,0,0,,,,True,
https://madhubanipaints.com,https://www.madhubanipaints.com/,200,True,28,window.Shopify;Shopify.shop;cdn.shopify.com;/cdn/shop/;shopify_core_js;shopify-section;header:shopify-complexity-score,False,True,21,address_state:Bihar;address_pin:846004;phone:+91;indian_payment_gateway;currency:INR,address_state;address_pincode,address_state,ACCEPTED,,4,2,1,2,jsonld_or_dom_img,keyword_heuristics,metadata_or_headings,True,
https://aashirs.com,https://aashirs.com,200,True,28,window.Shopify;Shopify.shop;cdn.shopify.com;/cdn/shop/;shopify_core_js;shopify-section;header:shopify-complexity-score,False,True,19,address_pin:560102;address_city:bangalore;phone:+91;indian_payment_gateway;currency:INR,address_pincode;address_city,pin_code_560102,ACCEPTED,,4,1,2,4,jsonld_or_dom_img,keyword_heuristics,metadata_or_headings,True,
https://tashithreads.com,https://tashithreads.com,0,False,0,,False,False,0,,,,REJECTED_FETCH_ERROR,NetworkError: ConnectError,0,0,0,0,,,,True,NetworkError: ConnectError
https://rajaarts.com,https://rajaarts.com,0,False,0,,False,False,0,,,,REJECTED_FETCH_ERROR,NetworkError: ConnectError,0,0,0,0,,,,True,NetworkError: ConnectError
https://bestsupplementsreviewed.com,https://www.bestsupplementsreviewed.com/,200,False,0,,False,False,0,,,,REJECTED_NON_SHOPIFY,Shopify score 0 < threshold 5,0,0,0,0,,,,True,
https://mmjariwala.com,https://mmjariwala.com,404,False,0,,False,False,0,,,,REJECTED_FETCH_ERROR,HTTP 404,0,0,0,0,,,,True,HTTP 404
https://krushidukan.bharatagri.com,https://krushidukan.bharatagri.com,0,False,0,,False,False,0,,,,REJECTED_FETCH_ERROR,NetworkError: ConnectError,0,0,0,0,,,,True,NetworkError: ConnectError
https://bhaikidukaan.com,https://www.bhaikidukaan.com/,200,False,0,,False,False,0,,,,REJECTED_NON_SHOPIFY,Shopify score 0 < threshold 5,0,0,0,0,,,,True,
https://fibologic.com,https://fibologic.com,200,True,28,window.Shopify;Shopify.shop;cdn.shopify.com;/cdn/shop/;shopify_core_js;shopify-section;header:shopify-complexity-score,False,True,22,address_state:Maharashtra;address_pin:411046;address_city:pune;phone:+91;currency:INR,address_state;address_pincode;address_city,address_state,ACCEPTED,,4,1,4,3,jsonld_or_dom_img,keyword_heuristics,metadata_or_headings,True,
https://dakshinamsarees.in,https://www.dakshinamsarees.in/,200,True,28,window.Shopify;Shopify.shop;cdn.shopify.com;/cdn/shop/;shopify_core_js;shopify-section;header:shopify-complexity-score,False,True,15,address_city:chennai;phone:+91;indian_payment_gateway;currency:INR;domain:.in,address_city,address_city_chennai,ACCEPTED,,4,1,1,3,jsonld_or_dom_img,keyword_heuristics,metadata_or_headings,True,
https://comocollective.com,https://comocollective.com,200,False,0,,False,False,0,,,,REJECTED_NON_SHOPIFY,Shopify score 0 < threshold 5,0,0,0,0,,,,True,
https://scrapshala.com,https://scrapshala.com,200,True,28,window.Shopify;Shopify.shop;cdn.shopify.com;/cdn/shop/;shopify_core_js;shopify-section;header:shopify-complexity-score,False,True,25,address_state:Rajasthan;address_pin:222010;address_city:varanasi;phone:+91;indian_payment_gateway;currency:INR,address_state;address_pincode;address_city,address_state,ACCEPTED,,4,1,1,4,jsonld_or_dom_img,keyword_heuristics,metadata_or_headings,True,
https://britone.in,https://www.britone.in/,200,False,0,,False,False,0,,,,REJECTED_NON_SHOPIFY,Shopify score 0 < threshold 5,0,0,0,0,,,,True,
https://casadecorshop.com,https://casadecorshop.com,200,True,28,window.Shopify;Shopify.shop;cdn.shopify.com;/cdn/shop/;shopify_core_js;shopify-section;header:shopify-complexity-score,False,True,16,address_pin:313001;address_city:udaipur;phone:+91;currency:INR,address_pincode;address_city,pin_code_313001,ACCEPTED,,4,1,1,6,jsonld_or_dom_img,keyword_heuristics,metadata_or_headings,True,
https://mumtazsons.com,,0,False,0,,False,False,0,,,,,,0,0,0,0,,,,False,Robots.txt blocks homepage
https://podolite.com,https://podolite.com/password,200,False,0,,False,False,0,,,,REJECTED_INACTIVE,Redirects to /password,0,0,0,0,,,,True,Redirects to /password
https://elorafashion.com,https://www.elorafashion.com/,200,True,28,window.Shopify;Shopify.shop;cdn.shopify.com;/cdn/shop/;shopify_core_js;shopify-section;header:shopify-complexity-score,False,True,19,address_pin:395010;address_city:surat;phone:+91;indian_payment_gateway;currency:INR,address_pincode;address_city,pin_code_395010,ACCEPTED,,4,1,1,5,jsonld_or_dom_img,keyword_heuristics,metadata_or_headings,True,
https://harperwoods.com,,0,False,0,,False,False,0,,,,,,0,0,0,0,,,,False,Robots.txt blocks homepage
https://jaipurprint.com,https://jaipurprint.com/password,200,False,0,,False,False,0,,,,REJECTED_INACTIVE,Redirects to /password,0,0,0,0,,,,True,Redirects to /password
https://glassesindia.com,https://www.glassesindia.com/,200,True,28,window.Shopify;Shopify.shop;cdn.shopify.com;/cdn/shop/;shopify_core_js;shopify-section;header:shopify-complexity-score,False,False,12,phone:+91;indian_payment_gateway;currency:INR;city_mention:kolkata,,,REJECTED_NON_INDIA,Lacks strong Indian business location evidence,4,0,0,0,,,,True,
https://thesharpranch.com,https://thesharpranch.com,0,False,0,,False,False,0,,,,REJECTED_FETCH_ERROR,NetworkError: ConnectError,0,0,0,0,,,,True,NetworkError: ConnectError
https://expresscart.co.in,https://expresscart.co.in,0,False,0,,False,False,0,,,,REJECTED_FETCH_ERROR,NetworkError: ConnectError,0,0,0,0,,,,True,NetworkError: ConnectError
https://potlis.com,https://potlis.com,200,False,0,,False,False,0,,,,REJECTED_NON_SHOPIFY,Shopify score 0 < threshold 5,0,0,0,0,,,,True,
https://blissclub.com,https://blissclub.com,200,True,30,window.Shopify;Shopify.shop;cdn.shopify.com;/cdn/shop/;shopify_core_js;shopify-section;shopify-payment-button;header:shopify-complexity-score,False,True,25,address_state:Madhya Pradesh;address_pin:400066;address_city:bengaluru;phone:+91;indian_payment_gateway;currency:INR,address_state;address_pincode;address_city,address_state,ACCEPTED,,4,2,12,4,jsonld_or_dom_img,keyword_heuristics,metadata_or_headings,True,
https://salebuzz.in,https://salebuzz.in,200,True,28,window.Shopify;Shopify.shop;cdn.shopify.com;/cdn/shop/;shopify_core_js;shopify-section;header:shopify-complexity-score,False,False,3,currency:INR;domain:.in,,,REJECTED_NON_INDIA,India score 3 < threshold 7,1,0,0,0,,,,True,
https://buykaro.com,https://cashkaro.com,200,False,0,,False,False,0,,,,REJECTED_NON_SHOPIFY,Shopify score 0 < threshold 5,0,0,0,0,,,,True,
https://studioshringaar.com,https://studioshringaar.com,200,True,28,window.Shopify;Shopify.shop;cdn.shopify.com;/cdn/shop/;shopify_core_js;shopify-section;header:shopify-complexity-score,False,False,7,phone:+91;currency:INR,,,REJECTED_NON_INDIA,Lacks strong Indian business location evidence,4,0,0,0,,,,True,
https://rasagola.com,https://rasagola.com,200,True,28,window.Shopify;Shopify.shop;cdn.shopify.com;/cdn/shop/;shopify_core_js;shopify-section;header:shopify-complexity-score,False,True,16,address_pin:560076;address_city:bangalore;phone:+91;currency:INR,address_pincode;address_city,pin_code_560076,ACCEPTED,,4,1,3,2,jsonld_or_dom_img,keyword_heuristics,metadata_or_headings,True,
https://bibakart.com,,0,False,0,,False,False,0,,,,,,0,0,0,0,,,,False,Robots.txt blocks homepage
https://vmuthuswamysilks.com,https://vmuthuswamysilks.com,200,True,28,window.Shopify;Shopify.shop;cdn.shopify.com;/cdn/shop/;shopify_core_js;shopify-section;header:shopify-complexity-score,False,True,17,address_state:Tamil Nadu;address_pin:641302;address_city:coimbatore;currency:INR,address_state;address_pincode;address_city,address_state,ACCEPTED,,4,3,1,2,jsonld_or_dom_img,keyword_heuristics,metadata_or_headings,True,
https://yellowoverseas.com,https://yellowoverseas.com,0,False,0,,False,False,0,,,,REJECTED_FETCH_ERROR,NetworkError: ConnectError,0,0,0,0,,,,True,NetworkError: ConnectError
https://scribblemate.com,,0,False,0,,False,False,0,,,,,,0,0,0,0,,,,False,Robots.txt blocks homepage
https://pinkberryfashion.com,https://pinkberryfashion.com,0,False,0,,False,False,0,,,,REJECTED_FETCH_ERROR,NetworkError: ConnectError,0,0,0,0,,,,True,NetworkError: ConnectError
https://wholesale20.com,https://wholesale20.com,0,False,0,,False,False,0,,,,REJECTED_FETCH_ERROR,NetworkError: ConnectError,0,0,0,0,,,,True,NetworkError: ConnectError
https://theveganco.com,https://theveganco.com,0,False,0,,False,False,0,,,,REJECTED_FETCH_ERROR,Timeout: ConnectTimeout,0,0,0,0,,,,True,Timeout: ConnectTimeout
https://allthingsfun.in,https://allthingsfun.in,200,False,0,,False,False,0,,,,REJECTED_NON_SHOPIFY,Shopify score 0 < threshold 5,0,0,0,0,,,,True,
https://purenatureessentials.com,https://purenatureessentials.com,200,True,28,window.Shopify;Shopify.shop;cdn.shopify.com;/cdn/shop/;shopify_core_js;shopify-section;header:shopify-complexity-score,False,False,10,phone:+91;indian_payment_gateway;currency:INR,,,REJECTED_NON_INDIA,Lacks strong Indian business location evidence,4,0,0,0,,,,True,
https://jeanjolie.com,https://expireddomains.com/domain/jeanjolie.com?utm_source=redi,200,False,0,,False,False,0,,,,REJECTED_NON_SHOPIFY,Shopify score 0 < threshold 5,0,0,0,0,,,,True,
https://kiaraonline.com,https://kiaraonline.com,0,False,0,,False,False,0,,,,REJECTED_FETCH_ERROR,NetworkError: ConnectError,0,0,0,0,,,,True,NetworkError: ConnectError
https://ethnicreation.com,https://ethnicreation.com,0,False,0,,False,False,0,,,,REJECTED_FETCH_ERROR,NetworkError: ConnectError,0,0,0,0,,,,True,NetworkError: ConnectError
https://shyamcollections.com,https://shyamcollections.com,0,False,0,,False,False,0,,,,REJECTED_FETCH_ERROR,NetworkError: ConnectError,0,0,0,0,,,,True,NetworkError: ConnectError
https://purelyyours.com,https://purelyyours.com,200,True,28,window.Shopify;Shopify.shop;cdn.shopify.com;/cdn/shop/;shopify_core_js;shopify-section;header:shopify-complexity-score,False,True,25,address_state:Uttar Pradesh;address_pin:201305;address_city:noida;phone:+91;indian_payment_gateway;currency:INR,address_state;address_pincode;address_city,address_state,ACCEPTED,,4,1,1,3,jsonld_or_dom_img,keyword_heuristics,metadata_or_headings,True,
https://d125.co,https://www.d125.co/,200,True,28,window.Shopify;Shopify.shop;cdn.shopify.com;/cdn/shop/;shopify_core_js;shopify-section;header:shopify-complexity-score,False,True,16,address_pin:400059;address_city:mumbai;phone:+91;currency:INR,address_pincode;address_city,pin_code_400059,ACCEPTED,,4,3,2,1,jsonld_or_dom_img,keyword_heuristics,metadata_or_headings,True,
https://mustkart.com,https://mustkart.com,0,False,0,,False,False,0,,,,REJECTED_FETCH_ERROR,Timeout: ConnectTimeout,0,0,0,0,,,,True,Timeout: ConnectTimeout
https://a47.in,https://a47.in,200,True,28,window.Shopify;Shopify.shop;cdn.shopify.com;/cdn/shop/;shopify_core_js;shopify-section;header:shopify-complexity-score,False,True,26,address_state:Maharashtra;address_pin:400057;address_city:mumbai;phone:+91;indian_payment_gateway;currency:INR;domain:.in,address_state;address_pincode;address_city,address_state,ACCEPTED,,4,1,3,3,jsonld_or_dom_img,keyword_heuristics,metadata_or_headings,True,
https://mymy.co.in,https://mymy.co.in,200,True,28,window.Shopify;Shopify.shop;cdn.shopify.com;/cdn/shop/;shopify_core_js;shopify-section;header:shopify-complexity-score,False,False,12,phone:+91;indian_payment_gateway;currency:INR;domain:.co.in,,,REJECTED_NON_INDIA,Lacks strong Indian business location evidence,3,0,0,0,,,,True,
https://flamem.com,https://flamem.com,0,False,0,,False,False,0,,,,REJECTED_FETCH_ERROR,NetworkError: ConnectError,0,0,0,0,,,,True,NetworkError: ConnectError
https://beigeindia.com,https://beigeindia.com,200,True,28,window.Shopify;Shopify.shop;cdn.shopify.com;/cdn/shop/;shopify_core_js;shopify-section;header:shopify-complexity-score,False,False,7,phone:+91;currency:INR,,,REJECTED_NON_INDIA,Lacks strong Indian business location evidence,4,0,0,0,,,,True,
https://theikatstory.com,https://www.theikatstory.com/,200,True,28,window.Shopify;Shopify.shop;cdn.shopify.com;/cdn/shop/;shopify_core_js;shopify-section;header:shopify-complexity-score,False,False,7,phone:+91;currency:INR,,,REJECTED_NON_INDIA,Lacks strong Indian business location evidence,4,0,0,0,,,,True,
https://devcrafts.in,https://devcrafts.in,0,False,0,,False,False,0,,,,REJECTED_FETCH_ERROR,NetworkError: ConnectError,0,0,0,0,,,,True,NetworkError: ConnectError
https://nithyaamirtham.com,https://nithyaamirtham.com,200,True,28,window.Shopify;Shopify.shop;cdn.shopify.com;/cdn/shop/;shopify_core_js;shopify-section;header:shopify-complexity-score,False,True,25,address_state:Tamil Nadu;address_pin:600107;address_city:chennai;phone:+91;indian_payment_gateway;currency:INR,address_state;address_pincode;address_city,address_state,ACCEPTED,,4,1,41,3,jsonld_or_dom_img,keyword_heuristics,metadata_or_headings,True,
https://artofcool.net,,0,False,0,,False,False,0,,,,,,0,0,0,0,,,,False,Robots.txt blocks homepage
https://fusionfurnishing.com,https://fusionfurnishing.com,200,True,28,window.Shopify;Shopify.shop;cdn.shopify.com;/cdn/shop/;shopify_core_js;shopify-section;header:shopify-complexity-score,False,True,25,address_state:Rajasthan;address_pin:302001;address_city:jaipur;phone:+91;indian_payment_gateway;currency:INR,address_state;address_pincode;address_city,address_state,ACCEPTED,,4,2,1,4,jsonld_or_dom_img,keyword_heuristics,metadata_or_headings,True,
https://baghindia.com,https://baghindia.com,200,True,28,window.Shopify;Shopify.shop;cdn.shopify.com;/cdn/shop/;shopify_core_js;shopify-section;header:shopify-complexity-score,False,True,20,address_state:Gujarat;address_city:vadodara;phone:+91;indian_payment_gateway;currency:INR,address_state;address_city,address_state,ACCEPTED,,4,3,1,2,jsonld_or_dom_img,keyword_heuristics,metadata_or_headings,True,
https://thesourceindia.net,https://thesourceindia.net,200,True,28,window.Shopify;Shopify.shop;cdn.shopify.com;/cdn/shop/;shopify_core_js;shopify-section;header:shopify-complexity-score,False,True,17,address_state:Delhi;address_pin:110016;address_city:delhi;currency:INR,address_state;address_pincode;address_city,address_state,ACCEPTED,,4,1,1,4,jsonld_or_dom_img,keyword_heuristics,metadata_or_headings,True,
https://hyadez.com,https://hyadez.com,200,False,0,,False,False,0,,,,REJECTED_NON_SHOPIFY,Shopify score 0 < threshold 5,0,0,0,0,,,,True,
https://groceryfarm.com,https://groceryfarm.com,200,True,28,window.Shopify;Shopify.shop;cdn.shopify.com;/cdn/shop/;shopify_core_js;shopify-section;header:shopify-complexity-score,False,False,2,currency:INR,,,REJECTED_NON_INDIA,India score 2 < threshold 7,3,0,0,0,,,,True,
https://jaipurfab.com,https://jaipurfab.com,0,False,0,,False,False,0,,,,REJECTED_FETCH_ERROR,Timeout: ConnectTimeout,0,0,0,0,,,,True,Timeout: ConnectTimeout
https://soundify.in,https://soundify.in,200,True,28,window.Shopify;Shopify.shop;cdn.shopify.com;/cdn/shop/;shopify_core_js;shopify-section;header:shopify-complexity-score,False,True,21,address_state:Delhi;address_city:delhi;phone:+91;indian_payment_gateway;currency:INR;domain:.in,address_state;address_city,address_state,ACCEPTED,,4,1,1,0,jsonld_or_dom_img,keyword_heuristics,metadata_or_headings,True,
https://awadhbazar.com,,0,False,0,,False,False,0,,,,,,0,0,0,0,,,,False,Robots.txt blocks homepage
https://trendinneed.com,https://www.trendinneed.com/,200,True,28,window.Shopify;Shopify.shop;cdn.shopify.com;/cdn/shop/;shopify_core_js;shopify-section;header:shopify-complexity-score,False,True,25,address_state:Maharashtra;address_pin:401101;address_city:thane;phone:+91;indian_payment_gateway;currency:INR,address_state;address_pincode;address_city,address_state,ACCEPTED,,4,1,3,5,jsonld_or_dom_img,keyword_heuristics,metadata_or_headings,True,
https://theshoppersbay.com,https://theshoppersbay.com,0,False,0,,False,False,0,,,,REJECTED_FETCH_ERROR,NetworkError: ConnectError,0,0,0,0,,,,True,NetworkError: ConnectError
https://menscomfortshoes.com,https://menscomfortshoes.com,200,False,0,,False,False,0,,,,REJECTED_NON_SHOPIFY,Shopify score 0 < threshold 5,0,0,0,0,,,,True,
https://archerslounge.com,https://archerslounge.com,200,True,28,window.Shopify;Shopify.shop;cdn.shopify.com;/cdn/shop/;shopify_core_js;shopify-section;header:shopify-complexity-score,False,True,13,address_state:Kerala;phone:+91;currency:INR,address_state,address_state,ACCEPTED,,4,2,1,1,jsonld_or_dom_img,keyword_heuristics,metadata_or_headings,True,
https://himaira.com,https://www.himaira.com/,200,True,28,window.Shopify;Shopify.shop;cdn.shopify.com;/cdn/shop/;shopify_core_js;shopify-section;header:shopify-complexity-score,False,False,10,phone:+91;indian_payment_gateway;currency:INR,,,REJECTED_NON_INDIA,Lacks strong Indian business location evidence,4,0,0,0,,,,True,
https://purplepitara.com,https://purplepitara.com,200,True,30,window.Shopify;Shopify.shop;cdn.shopify.com;/cdn/shop/;shopify_core_js;shopify-section;shopify-payment-button;header:shopify-complexity-score,False,False,7,phone:+91;currency:INR,,,REJECTED_NON_INDIA,Lacks strong Indian business location evidence,4,0,0,0,,,,True,
https://naturalornothing.com,,0,False,0,,False,False,0,,,,,,0,0,0,0,,,,False,Robots.txt blocks homepage
https://rodamo.com,https://www.rodamo.com/,200,True,28,window.Shopify;Shopify.shop;cdn.shopify.com;/cdn/shop/;shopify_core_js;shopify-section;header:shopify-complexity-score,False,True,25,address_state:Delhi;address_pin:122018;address_city:delhi;phone:+91;indian_payment_gateway;currency:INR,address_state;address_pincode;address_city,address_state,ACCEPTED,,4,1,1,3,jsonld_or_dom_img,keyword_heuristics,metadata_or_headings,True,
https://hollarsminiacres.com,https://hollarsminiacres.com,0,False,0,,False,False,0,,,,REJECTED_FETCH_ERROR,NetworkError: ConnectError,0,0,0,0,,,,True,NetworkError: ConnectError
https://agrobazzar.com,https://agrobazzar.com,0,False,0,,False,False,0,,,,REJECTED_FETCH_ERROR,Timeout: ConnectTimeout,0,0,0,0,,,,True,Timeout: ConnectTimeout
https://gehen.in,https://gehen.in,200,True,30,window.Shopify;Shopify.shop;cdn.shopify.com;/cdn/shop/;shopify_core_js;shopify-section;shopify-payment-button;header:shopify-complexity-score,False,True,20,address_pin:400066;address_city:mumbai;phone:+91;indian_payment_gateway;currency:INR;domain:.in,address_pincode;address_city,pin_code_400066,ACCEPTED,,4,2,1,1,jsonld_or_dom_img,keyword_heuristics,metadata_or_headings,True,
https://sakhiworld.com,https://sakhiworld.com,200,False,0,,False,False,0,,,,REJECTED_NON_SHOPIFY,Shopify score 0 < threshold 5,0,0,0,0,,,,True,
https://darkshop.in,https://darkshop.in,0,False,0,,False,False,0,,,,REJECTED_FETCH_ERROR,NetworkError: ConnectError,0,0,0,0,,,,True,NetworkError: ConnectError
https://riyaash.com,https://riyaash.com,200,True,28,window.Shopify;Shopify.shop;cdn.shopify.com;/cdn/shop/;shopify_core_js;shopify-section;header:shopify-complexity-score,False,False,7,phone:+91;currency:INR,,,REJECTED_NON_INDIA,Lacks strong Indian business location evidence,4,0,0,0,,,,True,
https://kalangan.co.in,https://www.kalangan.co.in/,200,True,28,window.Shopify;Shopify.shop;cdn.shopify.com;/cdn/shop/;shopify_core_js;shopify-section;header:shopify-complexity-score,False,True,24,address_state:Uttarakhand;address_pin:248001;address_city:dehradun;phone:+91;currency:INR;domain:.co.in,address_state;address_pincode;address_city,address_state,ACCEPTED,,4,2,0,3,jsonld_or_dom_img,keyword_heuristics,metadata_or_headings,True,
https://craftshouseindia.com,https://craftshouseindia.com,0,False,0,,False,False,0,,,,REJECTED_FETCH_ERROR,Timeout: ConnectTimeout,0,0,0,0,,,,True,Timeout: ConnectTimeout
https://avroha.com,https://www.avroha.com/,200,True,28,window.Shopify;Shopify.shop;cdn.shopify.com;/cdn/shop/;shopify_core_js;shopify-section;header:shopify-complexity-score,False,True,12,address_pin:673522;phone:+91;currency:INR,address_pincode,pin_code_673522,ACCEPTED,,4,1,1,4,jsonld_or_dom_img,keyword_heuristics,metadata_or_headings,True,
https://soleandbody.com,https://expireddomains.com/domain/soleandbody.com?utm_source=redi,200,False,0,,False,False,0,,,,REJECTED_NON_SHOPIFY,Shopify score 0 < threshold 5,0,0,0,0,,,,True,
https://goldencruiser.in,https://www.goldencruiser.in/,200,False,0,,False,False,0,,,,REJECTED_NON_SHOPIFY,Shopify score 0 < threshold 5,0,0,0,0,,,,True,
https://intriz.com,,0,False,0,,False,False,0,,,,,,0,0,0,0,,,,False,Robots.txt blocks homepage
https://aquamarineinternational.com,https://aquamarineinternational.com,0,False,0,,False,False,0,,,,REJECTED_FETCH_ERROR,NetworkError: ConnectError,0,0,0,0,,,,True,NetworkError: ConnectError
https://gmobilestore.com,https://gmobilestore.com,200,False,0,,False,False,0,,,,REJECTED_NON_SHOPIFY,Shopify score 0 < threshold 5,0,0,0,0,,,,True,
https://brandnation.in,https://brandnation.in,200,False,0,,False,False,0,,,,REJECTED_NON_SHOPIFY,Shopify score 0 < threshold 5,0,0,0,0,,,,True,
https://riantas.com,https://riantas.com,200,True,28,window.Shopify;Shopify.shop;cdn.shopify.com;/cdn/shop/;shopify_core_js;shopify-section;header:shopify-complexity-score,False,True,22,address_state:Haryana;address_pin:122022;address_city:gurugram;phone:+91;currency:INR,address_state;address_pincode;address_city,address_state,ACCEPTED,,4,1,1,2,jsonld_or_dom_img,keyword_heuristics,metadata_or_headings,True,
https://ayoniza.com,https://ayoniza.com,200,True,28,window.Shopify;Shopify.shop;cdn.shopify.com;/cdn/shop/;shopify_core_js;shopify-section;header:shopify-complexity-score,False,True,22,address_state:West Bengal;address_pin:700053;address_city:kolkata;phone:+91;currency:INR,address_state;address_pincode;address_city,address_state,ACCEPTED,,4,1,1,2,jsonld_or_dom_img,keyword_heuristics,metadata_or_headings,True,
https://hangout-hub.com,,0,False,0,,False,False,0,,,,,,0,0,0,0,,,,False,Robots.txt blocks homepage
https://beauandbeau.com,https://beauandbeau.com,0,False,0,,False,False,0,,,,REJECTED_FETCH_ERROR,NetworkError: ConnectError,0,0,0,0,,,,True,NetworkError: ConnectError
https://thomsen-india.com,https://thomsen-india.com,200,True,28,window.Shopify;Shopify.shop;cdn.shopify.com;/cdn/shop/;shopify_core_js;shopify-section;header:shopify-complexity-score,False,True,17,address_state:Uttar Pradesh;address_city:noida;phone:+91;currency:INR,address_state;address_city,address_state,ACCEPTED,,4,2,1,2,jsonld_or_dom_img,keyword_heuristics,metadata_or_headings,True,
https://brmchemicals.com,https://brmchemicals.com,200,True,28,window.Shopify;Shopify.shop;cdn.shopify.com;/cdn/shop/;shopify_core_js;shopify-section;header:shopify-complexity-score,False,True,25,address_state:Delhi;address_pin:110007;address_city:delhi;phone:+91;indian_payment_gateway;currency:INR,address_state;address_pincode;address_city,address_state,ACCEPTED,,4,1,1,2,jsonld_or_dom_img,keyword_heuristics,metadata_or_headings,True,
https://rawsauce.co,,0,False,0,,False,False,0,,,,,,0,0,0,0,,,,False,Robots.txt blocks homepage
https://gemstreets.com,,0,False,0,,False,False,0,,,,,,0,0,0,0,,,,False,Robots.txt blocks homepage
https://chotagenie.com,https://chotagenie.com,0,False,0,,False,False,0,,,,REJECTED_FETCH_ERROR,NetworkError: ConnectError,0,0,0,0,,,,True,NetworkError: ConnectError
https://sastewala.com,https://sastewala.com,0,False,0,,False,False,0,,,,REJECTED_FETCH_ERROR,NetworkError: ConnectError,0,0,0,0,,,,True,NetworkError: ConnectError
https://qbmen.com,https://www.qbmen.com/,200,True,32,window.Shopify;Shopify.shop;cdn.shopify.com;/cdn/shop/;shopify_core_js;shopify-section;shopify-payment-button;shopify_meta_attribute;header:shopify-complexity-score,False,True,25,address_state:Rajasthan;address_pin:302019;address_city:jaipur;phone:+91;indian_payment_gateway;currency:INR,address_state;address_pincode;address_city,address_state,ACCEPTED,,4,3,5,3,jsonld_or_dom_img,keyword_heuristics,metadata_or_headings,True,
https://rarephoenix.com,,0,False,0,,False,False,0,,,,,,0,0,0,0,,,,False,Robots.txt blocks homepage
https://yourmall.in,https://yourmall.in,0,False,0,,False,False,0,,,,REJECTED_FETCH_ERROR,NetworkError: ConnectError,0,0,0,0,,,,True,NetworkError: ConnectError
https://earthan.in,https://earthan.in,200,True,28,window.Shopify;Shopify.shop;cdn.shopify.com;/cdn/shop/;shopify_core_js;shopify-section;header:shopify-complexity-score,False,True,35,jsonld_india_address;state:Rajasthan;address_state:Rajasthan;address_pin:302017;address_city:jaipur;indian_payment_gateway;currency:INR;domain:.in,jsonld_address;address_state;address_pincode;address_city,json_ld_address,ACCEPTED,,4,1,1,2,jsonld_or_dom_img,keyword_heuristics,metadata_or_headings,True,
https://nirasceramics.com,https://nirasceramics.com,200,True,28,window.Shopify;Shopify.shop;cdn.shopify.com;/cdn/shop/;shopify_core_js;shopify-section;header:shopify-complexity-score,False,True,25,address_state:Gujarat;address_pin:380054;address_city:ahmedabad;phone:+91;indian_payment_gateway;currency:INR,address_state;address_pincode;address_city,address_state,ACCEPTED,,4,3,1,2,jsonld_or_dom_img,keyword_heuristics,metadata_or_headings,True,
https://rooprekha.com,https://rooprekha.com,0,False,0,,False,False,0,,,,REJECTED_FETCH_ERROR,NetworkError: ConnectError,0,0,0,0,,,,True,NetworkError: ConnectError
https://everesthomoeo.com,https://everesthomoeo.com,0,False,0,,False,False,0,,,,REJECTED_FETCH_ERROR,NetworkError: ConnectError,0,0,0,0,,,,True,NetworkError: ConnectError
https://peppermint.in,https://peppermint.in,200,True,28,window.Shopify;Shopify.shop;cdn.shopify.com;/cdn/shop/;shopify_core_js;shopify-section;header:shopify-complexity-score,False,True,23,address_state:Maharashtra;address_pin:411041;address_city:pune;phone:+91;currency:INR;domain:.in,address_state;address_pincode;address_city,address_state,ACCEPTED,,4,1,3,4,jsonld_or_dom_img,keyword_heuristics,metadata_or_headings,True,
https://upliftedsoul.com,https://upliftedsoul.com,0,False,0,,False,False,0,,,,REJECTED_FETCH_ERROR,Timeout: ConnectTimeout,0,0,0,0,,,,True,Timeout: ConnectTimeout
https://techdesigns.in,https://techdesigns.in,403,False,0,,False,False,0,,,,REJECTED_FETCH_ERROR,HTTP 403,0,0,0,0,,,,True,HTTP 403
https://sugercandy.com,https://sugercandy.com,200,True,28,window.Shopify;Shopify.shop;cdn.shopify.com;/cdn/shop/;shopify_core_js;shopify-section;header:shopify-complexity-score,False,True,15,address_pin:457777;phone:+91;indian_payment_gateway;currency:INR,address_pincode,pin_code_457777,ACCEPTED,,4,1,1,1,jsonld_or_dom_img,keyword_heuristics,metadata_or_headings,True,
https://meenakari.net,https://meenakari.net,0,False,0,,False,False,0,,,,REJECTED_FETCH_ERROR,NetworkError: ConnectError,0,0,0,0,,,,True,NetworkError: ConnectError
https://tufkote.com,https://tufkote.in/,200,True,28,window.Shopify;Shopify.shop;cdn.shopify.com;/cdn/shop/;shopify_core_js;shopify-section;header:shopify-complexity-score,False,True,19,address_pin:400104;address_city:mumbai;phone:+91;indian_payment_gateway;currency:INR,address_pincode;address_city,pin_code_400104,ACCEPTED,,4,1,3,4,jsonld_or_dom_img,keyword_heuristics,metadata_or_headings,True,
https://finess.in,https://finess.in,0,False,0,,False,False,0,,,,REJECTED_FETCH_ERROR,NetworkError: ConnectError,0,0,0,0,,,,True,NetworkError: ConnectError
https://nuevane.com,https://nuevane.com,0,False,0,,False,False,0,,,,REJECTED_FETCH_ERROR,Timeout: ConnectTimeout,0,0,0,0,,,,True,Timeout: ConnectTimeout
https://kiddy.co.in,https://kiddy.co.in,200,False,0,,False,False,0,,,,REJECTED_NON_SHOPIFY,Shopify score 0 < threshold 5,0,0,0,0,,,,True,
https://refills.co.in,https://refills.co.in,0,False,0,,False,False,0,,,,REJECTED_FETCH_ERROR,NetworkError: ConnectError,0,0,0,0,,,,True,NetworkError: ConnectError
https://memorybox.in,https://memorybox.in,200,False,0,,False,False,0,,,,REJECTED_NON_SHOPIFY,Shopify score 0 < threshold 5,0,0,0,0,,,,True,
https://magnetismfashion.com,https://www.magnetismfashion.com/,200,True,28,window.Shopify;Shopify.shop;cdn.shopify.com;/cdn/shop/;shopify_core_js;shopify-section;header:shopify-complexity-score,False,False,7,phone:+91;currency:INR,,,REJECTED_NON_INDIA,Lacks strong Indian business location evidence,4,0,0,0,,,,True,
https://ashabooks.com,https://www.ashabooks.com/,200,True,28,window.Shopify;Shopify.shop;cdn.shopify.com;/cdn/shop/;shopify_core_js;shopify-section;header:shopify-complexity-score,False,False,7,phone:+91;currency:INR,,,REJECTED_NON_INDIA,Lacks strong Indian business location evidence,4,0,0,0,,,,True,
https://freestyles.in,https://freestyles.in,0,False,0,,False,False,0,,,,REJECTED_FETCH_ERROR,NetworkError: ConnectError,0,0,0,0,,,,True,NetworkError: ConnectError
https://robojunkies.com,https://www.robojunkies.com/,200,True,32,window.Shopify;Shopify.shop;cdn.shopify.com;/cdn/shop/;shopify_core_js;shopify-section;shopify-payment-button;shopify_meta_attribute;header:shopify-complexity-score,False,False,9,phone:+91;currency:INR;city_mention:bengaluru,,,REJECTED_NON_INDIA,Lacks strong Indian business location evidence,4,0,0,0,,,,True,
https://orangemoon.in,https://orangemoon.in,0,False,0,,False,False,0,,,,REJECTED_FETCH_ERROR,NetworkError: ConnectError,0,0,0,0,,,,True,NetworkError: ConnectError
https://mapland.in,https://mapland.in,200,True,28,window.Shopify;Shopify.shop;cdn.shopify.com;/cdn/shop/;shopify_core_js;shopify-section;header:shopify-complexity-score,False,True,40,jsonld_india_address;state:Haryana;address_state:Haryana;address_pin:122505;address_city:gurugram;phone:+91;indian_payment_gateway;currency:INR;domain:.in,jsonld_address;address_state;address_pincode;address_city,json_ld_address,ACCEPTED,,4,1,1,3,jsonld_or_dom_img,keyword_heuristics,metadata_or_headings,True,
https://julywear.com,https://julywear.com,200,True,28,window.Shopify;Shopify.shop;cdn.shopify.com;/cdn/shop/;shopify_core_js;shopify-section;header:shopify-complexity-score,False,True,22,address_state:Maharashtra;address_pin:400001;address_city:mumbai;phone:+91;currency:INR,address_state;address_pincode;address_city,address_state,ACCEPTED,,4,1,2,3,jsonld_or_dom_img,keyword_heuristics,metadata_or_headings,True,
https://zipmobile.in,https://zipmobile.in,0,False,0,,False,False,0,,,,REJECTED_FETCH_ERROR,NetworkError: ConnectError,0,0,0,0,,,,True,NetworkError: ConnectError
https://phalwala.com,https://www.phalwala.com/,200,True,28,window.Shopify;Shopify.shop;cdn.shopify.com;/cdn/shop/;shopify_core_js;shopify-section;header:shopify-complexity-score,False,True,17,address_state:Delhi;address_pin:110033;address_city:delhi;currency:INR,address_state;address_pincode;address_city,address_state,ACCEPTED,,4,1,0,1,jsonld_or_dom_img,keyword_heuristics,metadata_or_headings,True,
https://foreverjewelsindia.com,https://www.foreverjewelsindia.com/,200,True,28,window.Shopify;Shopify.shop;cdn.shopify.com;/cdn/shop/;shopify_core_js;shopify-section;header:shopify-complexity-score,False,True,14,address_city:mumbai;phone:+91;indian_payment_gateway;currency:INR,address_city,address_city_mumbai,ACCEPTED,,3,0,1,4,jsonld_or_dom_img,keyword_heuristics,metadata_or_headings,True,
https://villain.in,https://www.villain.in/,200,True,28,window.Shopify;Shopify.shop;cdn.shopify.com;/cdn/shop/;shopify_core_js;shopify-section;header:shopify-complexity-score,False,True,26,address_state:Haryana;address_pin:560095;address_city:bengaluru;phone:+91;indian_payment_gateway;currency:INR;domain:.in,address_state;address_pincode;address_city,address_state,ACCEPTED,,4,2,1,3,jsonld_or_dom_img,keyword_heuristics,metadata_or_headings,True,
https://totallyhomecooked.com,https://totallyhomecooked.com,200,True,28,window.Shopify;Shopify.shop;cdn.shopify.com;/cdn/shop/;shopify_core_js;shopify-section;header:shopify-complexity-score,False,False,7,phone:+91;currency:INR,,,REJECTED_NON_INDIA,Lacks strong Indian business location evidence,4,0,0,0,,,,True,
https://petvetcare.in,https://petvetcare.in,200,True,28,window.Shopify;Shopify.shop;cdn.shopify.com;/cdn/shop/;shopify_core_js;shopify-section;header:shopify-complexity-score,False,True,34,gstin:33AQMPP6165D1ZQ;address_state:Gujarat;address_pin:390008;address_city:vadodara;phone:+91;indian_payment_gateway;currency:INR;domain:.in,gstin;address_state;address_pincode;address_city,gstin_code_33,ACCEPTED,,4,2,2,3,jsonld_or_dom_img,keyword_heuristics,metadata_or_headings,True,
https://monsterbazar.com,https://monsterbazar.com,0,False,0,,False,False,0,,,,REJECTED_FETCH_ERROR,NetworkError: ConnectError,0,0,0,0,,,,True,NetworkError: ConnectError
https://nxtgeneration.in,https://nxtgeneration.in,0,False,0,,False,False,0,,,,REJECTED_FETCH_ERROR,NetworkError: ConnectError,0,0,0,0,,,,True,NetworkError: ConnectError
https://ryanfilipski.com,https://ryanfilipski.com,0,False,0,,False,False,0,,,,REJECTED_FETCH_ERROR,NetworkError: ConnectError,0,0,0,0,,,,True,NetworkError: ConnectError
https://easytobuy.in,,0,False,0,,False,False,0,,,,,,0,0,0,0,,,,False,Robots.txt blocks homepage
https://untilunless.com,https://topmate.io/priyanka_bairathi,200,False,0,,False,False,0,,,,REJECTED_NON_SHOPIFY,Shopify score 0 < threshold 5,0,0,0,0,,,,True,
https://paramountclothingco.com,https://paramountclothingco.com,200,True,28,window.Shopify;Shopify.shop;cdn.shopify.com;/cdn/shop/;shopify_core_js;shopify-section;header:shopify-complexity-score,False,True,24,gstin:33AASFP2136J1Z2;address_pin:600050;address_city:chennai;phone:+91;currency:INR,gstin;address_pincode;address_city,gstin_code_33,ACCEPTED,,4,2,5,0,jsonld_or_dom_img,keyword_heuristics,metadata_or_headings,True,
https://pentabee.com,https://pentabee.com,200,True,28,window.Shopify;Shopify.shop;cdn.shopify.com;/cdn/shop/;shopify_core_js;shopify-section;header:shopify-complexity-score,False,True,22,address_state:Uttar Pradesh;address_pin:226028;address_city:lucknow;phone:+91;currency:INR,address_state;address_pincode;address_city,address_state,ACCEPTED,,4,1,0,1,jsonld_or_dom_img,keyword_heuristics,metadata_or_headings,True,
https://thesugarandspice.com,https://www.thesugarandspice.com/,200,True,28,window.Shopify;Shopify.shop;cdn.shopify.com;/cdn/shop/;shopify_core_js;shopify-section;header:shopify-complexity-score,False,False,12,phone:+91;indian_payment_gateway;currency:INR;city_mention:delhi,,,REJECTED_NON_INDIA,Lacks strong Indian business location evidence,4,0,0,0,,,,True,
https://shreenathfoods.com,https://shreenathfoods.com,200,True,28,window.Shopify;Shopify.shop;cdn.shopify.com;/cdn/shop/;shopify_core_js;shopify-section;header:shopify-complexity-score,False,True,22,address_state:Telangana;address_pin:500042;address_city:hyderabad;phone:+91;currency:INR,address_state;address_pincode;address_city,address_state,ACCEPTED,,4,1,2,2,jsonld_or_dom_img,keyword_heuristics,metadata_or_headings,True,
https://pismogizmos.com,https://pismogizmos.com,0,False,0,,False,False,0,,,,REJECTED_FETCH_ERROR,NetworkError: ConnectError,0,0,0,0,,,,True,NetworkError: ConnectError
https://gharnish.com,https://www.gharnish.com/,200,True,28,window.Shopify;Shopify.shop;cdn.shopify.com;/cdn/shop/;shopify_core_js;shopify-section;header:shopify-complexity-score,False,True,33,jsonld_india_address;address_state:Telangana;address_pin:500089;address_city:bangalore;phone:+91;indian_payment_gateway;currency:INR,jsonld_address;address_state;address_pincode;address_city,address_state,ACCEPTED,,4,2,1,6,jsonld_or_dom_img,keyword_heuristics,metadata_or_headings,True,
https://ostilos.com,https://ostilos.com,200,True,28,window.Shopify;Shopify.shop;cdn.shopify.com;/cdn/shop/;shopify_core_js;shopify-section;header:shopify-complexity-score,False,True,18,jsonld_india_address;phone:+91;indian_payment_gateway;currency:INR,jsonld_address,,ACCEPTED,,1,0,1,5,jsonld_or_dom_img,keyword_heuristics,metadata_or_headings,True,
https://roshandan.com,https://roshandan.com,0,False,0,,False,False,0,,,,REJECTED_FETCH_ERROR,NetworkError: ConnectError,0,0,0,0,,,,True,NetworkError: ConnectError
https://bajaao.com,https://www.bajaao.com/,200,True,30,window.Shopify;Shopify.shop;cdn.shopify.com;/cdn/shop/;shopify_core_js;shopify-section;shopify-payment-button;header:shopify-complexity-score,False,True,28,jsonld_india_address;state:Maharashtra;address_city:mumbai;phone:+91;indian_payment_gateway;currency:INR,jsonld_address;address_city,json_ld_address,ACCEPTED,,4,1,1,10,jsonld_or_dom_img,keyword_heuristics,metadata_or_headings,True,
https://headphonezone.in,https://www.headphonezone.in/,200,True,30,window.Shopify;Shopify.shop;cdn.shopify.com;/cdn/shop/;shopify_core_js;shopify-section;shopify-payment-button;header:shopify-complexity-score,False,True,27,jsonld_india_address;state:Tamil Nadu;phone:+91;indian_payment_gateway;currency:INR;domain:.in;city_mention:chennai,jsonld_address,json_ld_address,ACCEPTED,,4,0,0,4,jsonld_or_dom_img,keyword_heuristics,metadata_or_headings,True,
https://tanotis.com,https://www.tanotis.com/,200,True,28,window.Shopify;Shopify.shop;cdn.shopify.com;/cdn/shop/;shopify_core_js;shopify-section;header:shopify-complexity-score,False,True,19,address_pin:560096;address_city:bangalore;phone:+91;indian_payment_gateway;currency:INR,address_pincode;address_city,pin_code_560096,ACCEPTED,,4,2,3,4,jsonld_or_dom_img,keyword_heuristics,metadata_or_headings,True,
https://postergully.com,https://www.postergully.com/,200,True,28,window.Shopify;Shopify.shop;cdn.shopify.com;/cdn/shop/;shopify_core_js;shopify-section;header:shopify-complexity-score,False,False,7,phone:+91;currency:INR,,,REJECTED_NON_INDIA,Lacks strong Indian business location evidence,4,0,0,0,,,,True,
https://rdklu.com,https://www.rdklu.com/,200,True,28,window.Shopify;Shopify.shop;cdn.shopify.com;/cdn/shop/;shopify_core_js;shopify-section;header:shopify-complexity-score,False,False,10,phone:+91;indian_payment_gateway;currency:INR,,,REJECTED_NON_INDIA,Lacks strong Indian business location evidence,4,0,0,0,,,,True,
https://sukkhi.com,https://sukkhi.com,200,True,30,window.Shopify;Shopify.shop;cdn.shopify.com;/cdn/shop/;shopify_core_js;shopify-section;shopify-payment-button;header:shopify-complexity-score,False,True,25,address_state:Maharashtra;address_pin:400092;address_city:mumbai;phone:+91;indian_payment_gateway;currency:INR,address_state;address_pincode;address_city,address_state,ACCEPTED,,4,1,5,3,jsonld_or_dom_img,keyword_heuristics,metadata_or_headings,True,
https://onlineprasad.com,https://onlineprasad.com,200,True,26,window.Shopify;Shopify.shop;cdn.shopify.com;/cdn/shop/;shopify_core_js;header:shopify-complexity-score,False,True,8,address_state:West Bengal;currency:INR,address_state,address_state,ACCEPTED,,4,3,0,2,jsonld_or_dom_img,keyword_heuristics,metadata_or_headings,True,
https://bonorganik.in,https://bonorganik.in,200,True,28,window.Shopify;Shopify.shop;cdn.shopify.com;/cdn/shop/;shopify_core_js;shopify-section;header:shopify-complexity-score,False,False,8,phone:+91;currency:INR;domain:.in,,,REJECTED_NON_INDIA,Lacks strong Indian business location evidence,4,0,0,0,,,,True,
https://imbesharam.com,https://in.imbesharam.com/,200,True,28,window.Shopify;Shopify.shop;cdn.shopify.com;/cdn/shop/;shopify_core_js;shopify-section;header:shopify-complexity-score,False,True,39,jsonld_india_address;state:Delhi;address_state:Telangana;address_pin:500003;address_city:secunderabad;phone:+91;indian_payment_gateway;currency:INR,jsonld_address;address_state;address_pincode;address_city,json_ld_address,ACCEPTED,,4,4,4,25,jsonld_or_dom_img,keyword_heuristics,metadata_or_headings,True,
https://itokri.com,https://itokri.com,200,True,30,window.Shopify;Shopify.shop;cdn.shopify.com;/cdn/shop/;shopify_core_js;shopify-section;shopify-payment-button;header:shopify-complexity-score,False,True,35,jsonld_india_address;state:Madhya Pradesh;address_state:Madhya Pradesh;address_pin:474001;phone:+91;indian_payment_gateway;currency:INR,jsonld_address;address_state;address_pincode,json_ld_address,ACCEPTED,,4,1,10,5,jsonld_or_dom_img,keyword_heuristics,metadata_or_headings,True,
https://srstore.in,https://srstore.in,200,True,28,window.Shopify;Shopify.shop;cdn.shopify.com;/cdn/shop/;shopify_core_js;shopify-section;header:shopify-complexity-score,False,True,34,jsonld_india_address;state:Maharashtra;address_pin:400052;address_city:mumbai;phone:+91;indian_payment_gateway;currency:INR;domain:.in,jsonld_address;address_pincode;address_city,json_ld_address,ACCEPTED,,4,1,1,2,jsonld_or_dom_img,keyword_heuristics,metadata_or_headings,True,
https://woodgeekstore.com,https://www.woodgeekstore.com/,200,True,30,window.Shopify;Shopify.shop;cdn.shopify.com;/cdn/shop/;shopify_core_js;shopify-section;shopify-payment-button;header:shopify-complexity-score,False,True,22,address_state:West Bengal;address_pin:700001;address_city:kolkata;phone:+91;currency:INR,address_state;address_pincode;address_city,address_state,ACCEPTED,,4,2,3,5,jsonld_or_dom_img,keyword_heuristics,metadata_or_headings,True,
https://fullyfilmy.in,https://fullyfilmy.in,200,True,28,window.Shopify;Shopify.shop;cdn.shopify.com;/cdn/shop/;shopify_core_js;shopify-section;header:shopify-complexity-score,False,False,8,phone:+91;currency:INR;domain:.in,,,REJECTED_NON_INDIA,Lacks strong Indian business location evidence,4,0,0,0,,,,True,
https://thestiffcollar.com,https://www.thestiffcollar.com/,200,True,30,window.Shopify;Shopify.shop;cdn.shopify.com;/cdn/shop/;shopify_core_js;shopify-section;shopify-payment-button;header:shopify-complexity-score,False,False,10,phone:+91;indian_payment_gateway;currency:INR,,,REJECTED_NON_INDIA,Lacks strong Indian business location evidence,4,0,0,0,,,,True,
https://trustbasket.com,https://www.trustbasket.com/,200,True,28,window.Shopify;Shopify.shop;cdn.shopify.com;/cdn/shop/;shopify_core_js;shopify-section;header:shopify-complexity-score,False,True,33,jsonld_india_address;address_state:Haryana;address_pin:560095;address_city:bengaluru;phone:+91;indian_payment_gateway;currency:INR,jsonld_address;address_state;address_pincode;address_city,address_state,ACCEPTED,,4,1,2,3,jsonld_or_dom_img,keyword_heuristics,metadata_or_headings,True,
https://yellowfashion.in,,0,False,0,,False,False,0,,,,,,0,0,0,0,,,,False,Robots.txt blocks homepage
https://insaraf.com,https://www.insaraf.com/,200,True,28,window.Shopify;Shopify.shop;cdn.shopify.com;/cdn/shop/;shopify_core_js;shopify-section;header:shopify-complexity-score,False,True,24,jsonld_india_address;state:Karnataka;phone:+91;indian_payment_gateway;currency:INR,jsonld_address,json_ld_address,ACCEPTED,,4,1,1,5,jsonld_or_dom_img,keyword_heuristics,metadata_or_headings,True,
https://yesno.in,https://yesno.in,200,False,0,,False,False,0,,,,REJECTED_NON_SHOPIFY,Shopify score 0 < threshold 5,0,0,0,0,,,,True,
https://fabriclore.com,https://fabriclore.com,200,False,0,,False,False,0,,,,REJECTED_NON_SHOPIFY,Shopify score 0 < threshold 5,0,0,0,0,,,,True,
https://maanja.com,https://www.soxco.com/,200,True,28,window.Shopify;Shopify.shop;cdn.shopify.com;/cdn/shop/;shopify_core_js;shopify-section;header:shopify-complexity-score,False,False,7,phone:+91;currency:INR,,,REJECTED_NON_INDIA,Lacks strong Indian business location evidence,2,0,0,0,,,,True,
https://getgrowfit.com,https://getgrowfit.in/password,200,False,0,,False,False,0,,,,REJECTED_INACTIVE,Redirects to /password,0,0,0,0,,,,True,Redirects to /password
https://highnoteperformance.com,https://www.highnoteperformance.com/,200,True,28,window.Shopify;Shopify.shop;cdn.shopify.com;/cdn/shop/;shopify_core_js;shopify-section;header:shopify-complexity-score,False,True,22,address_state:Delhi;address_pin:110030;address_city:delhi;phone:+91;currency:INR,address_state;address_pincode;address_city,address_state,ACCEPTED,,4,1,2,3,jsonld_or_dom_img,keyword_heuristics,metadata_or_headings,True,
https://maaticrafts.com,https://www.maaticrafts.com/,200,True,30,window.Shopify;Shopify.shop;cdn.shopify.com;/cdn/shop/;shopify_core_js;shopify-section;shopify-payment-button;header:shopify-complexity-score,False,True,19,address_pin:400076;address_city:mumbai;phone:+91;indian_payment_gateway;currency:INR,address_pincode;address_city,pin_code_400076,ACCEPTED,,4,2,2,4,jsonld_or_dom_img,keyword_heuristics,metadata_or_headings,True,
https://india1001.com,https://www.india1001.com/,200,True,28,window.Shopify;Shopify.shop;cdn.shopify.com;/cdn/shop/;shopify_core_js;shopify-section;header:shopify-complexity-score,False,True,11,address_city:noida;phone:+91;currency:INR,address_city,address_city_noida,ACCEPTED,,4,2,1,0,jsonld_or_dom_img,keyword_heuristics,metadata_or_headings,True,
https://millioncases.in,https://millioncases.in,200,True,28,window.Shopify;Shopify.shop;cdn.shopify.com;/cdn/shop/;shopify_core_js;shopify-section;header:shopify-complexity-score,False,True,34,gstin:03AAMCM0310L1ZS;address_state:Chandigarh;address_pin:140603;address_city:chandigarh;phone:+91;indian_payment_gateway;currency:INR;domain:.in,gstin;address_state;address_pincode;address_city,gstin_code_03,ACCEPTED,,4,1,2,4,jsonld_or_dom_img,keyword_heuristics,metadata_or_headings,True,
https://bigbrandbox.in,https://www.bigbrandbox.in/,200,True,28,window.Shopify;Shopify.shop;cdn.shopify.com;/cdn/shop/;shopify_core_js;shopify-section;header:shopify-complexity-score,False,True,19,gstin:27AAJFN6177G2ZV;phone:+91;indian_payment_gateway;currency:INR;domain:.in,gstin,gstin_code_27,ACCEPTED,,4,2,1,5,jsonld_or_dom_img,keyword_heuristics,metadata_or_headings,True,
https://sundayrest.com,https://www.sundayrest.com/,200,True,28,window.Shopify;Shopify.shop;cdn.shopify.com;/cdn/shop/;shopify_core_js;shopify-section;header:shopify-complexity-score,False,True,34,jsonld_india_address;state:Karnataka;address_state:Delhi;address_city:bangalore;phone:+91;indian_payment_gateway;currency:INR,jsonld_address;address_state;address_city,json_ld_address,ACCEPTED,,3,1,1,5,jsonld_or_dom_img,keyword_heuristics,metadata_or_headings,True,
https://collartales.com,https://collartales.com,0,False,0,,False,False,0,,,,REJECTED_FETCH_ERROR,NetworkError: ConnectError,0,0,0,0,,,,True,NetworkError: ConnectError
https://cottonworld.net,https://cottonworld.net,200,True,28,window.Shopify;Shopify.shop;cdn.shopify.com;/cdn/shop/;shopify_core_js;shopify-section;header:shopify-complexity-score,False,True,22,address_state:Maharashtra;address_pin:400001;address_city:mumbai;phone:+91;currency:INR,address_state;address_pincode;address_city,address_state,ACCEPTED,,4,3,0,3,jsonld_or_dom_img,keyword_heuristics,metadata_or_headings,True,
https://thepostbox.in,https://www.thepostbox.in/,200,True,30,window.Shopify;Shopify.shop;cdn.shopify.com;/cdn/shop/;shopify_core_js;shopify-section;shopify-payment-button;header:shopify-complexity-score,False,False,13,phone:+91;indian_payment_gateway;currency:INR;domain:.in;city_mention:chennai,,,REJECTED_NON_INDIA,Lacks strong Indian business location evidence,4,0,0,0,,,,True,
https://keyaseth.in,https://www.keyaseth.com/,200,True,28,window.Shopify;Shopify.shop;cdn.shopify.com;/cdn/shop/;shopify_core_js;shopify-section;header:shopify-complexity-score,False,True,20,address_pin:700002;address_city:kolkata;phone:+91;indian_payment_gateway;currency:INR;domain:.in,address_pincode;address_city,pin_code_700002,ACCEPTED,,4,1,1,5,jsonld_or_dom_img,keyword_heuristics,metadata_or_headings,True,
https://banarasee.in,https://www.banarasee.in/,200,True,28,window.Shopify;Shopify.shop;cdn.shopify.com;/cdn/shop/;shopify_core_js;shopify-section;header:shopify-complexity-score,False,True,20,address_pin:221010;address_city:varanasi;phone:+91;indian_payment_gateway;currency:INR;domain:.in,address_pincode;address_city,pin_code_221010,ACCEPTED,,4,1,1,3,jsonld_or_dom_img,keyword_heuristics,metadata_or_headings,True,
https://tripmachinecompany.com,https://tripmachinecompany.com,200,True,28,window.Shopify;Shopify.shop;cdn.shopify.com;/cdn/shop/;shopify_core_js;shopify-section;header:shopify-complexity-score,False,True,25,address_state:Haryana;address_pin:122003;address_city:gurgaon;phone:+91;indian_payment_gateway;currency:INR,address_state;address_pincode;address_city,address_state,ACCEPTED,,4,2,2,4,jsonld_or_dom_img,keyword_heuristics,metadata_or_headings,True,
https://dappershoes.in,https://dappershoes.in,200,True,28,window.Shopify;Shopify.shop;cdn.shopify.com;/cdn/shop/;shopify_core_js;shopify-section;header:shopify-complexity-score,False,True,40,jsonld_india_address;state:Delhi;address_state:Delhi;address_pin:110020;address_city:delhi;phone:+91;indian_payment_gateway;currency:INR;domain:.in,jsonld_address;address_state;address_pincode;address_city,json_ld_address,ACCEPTED,,4,1,1,3,jsonld_or_dom_img,keyword_heuristics,metadata_or_headings,True,
https://ultykhopdi.com,https://ultykhopdi.com,0,False,0,,False,False,0,,,,REJECTED_FETCH_ERROR,NetworkError: ConnectError,0,0,0,0,,,,True,NetworkError: ConnectError
https://bighaat.com,https://bighaat.com,0,False,0,,False,False,0,,,,REJECTED_FETCH_ERROR,NetworkError: ConnectError,0,0,0,0,,,,True,NetworkError: ConnectError
https://albertotorresi.com,https://www.albertotorresi.com/,200,True,28,window.Shopify;Shopify.shop;cdn.shopify.com;/cdn/shop/;shopify_core_js;shopify-section;header:shopify-complexity-score,False,True,25,address_state:Uttar Pradesh;address_pin:282007;address_city:agra;phone:+91;indian_payment_gateway;currency:INR,address_state;address_pincode;address_city,address_state,ACCEPTED,,4,1,1,5,jsonld_or_dom_img,keyword_heuristics,metadata_or_headings,True,
https://hobbytoys.co,https://www.hobbytoys.co/,200,True,28,window.Shopify;Shopify.shop;cdn.shopify.com;/cdn/shop/;shopify_core_js;shopify-section;header:shopify-complexity-score,False,True,17,gstin:29AARPL6040L1Z4;phone:+91;currency:INR;city_mention:bengaluru,gstin,gstin_code_29,ACCEPTED,,4,4,3,3,jsonld_or_dom_img,keyword_heuristics,metadata_or_headings,True,
https://littlemuffet.com,https://littlemuffet.com,200,True,28,window.Shopify;Shopify.shop;cdn.shopify.com;/cdn/shop/;shopify_core_js;shopify-section;header:shopify-complexity-score,False,False,7,phone:+91;currency:INR,,,REJECTED_NON_INDIA,Lacks strong Indian business location evidence,4,0,0,0,,,,True,
https://zeeayurveda.myshopify.com,https://www.maxayurveda.in/,200,True,38,myshopify_subdomain;window.Shopify;Shopify.shop;cdn.shopify.com;/cdn/shop/;shopify_core_js;shopify-section;header:shopify-complexity-score,False,True,22,address_state:Chandigarh;address_pin:140603;address_city:chandigarh;phone:+91;currency:INR,address_state;address_pincode;address_city,address_state,ACCEPTED,,4,2,3,5,jsonld_or_dom_img,keyword_heuristics,metadata_or_headings,True,
https://teez.in,https://www.teez.in/,200,True,5,cdn.shopify.com,False,False,13,phone:+91;indian_payment_gateway;currency:INR;domain:.in;city_mention:chennai,,,REJECTED_NON_INDIA,Lacks strong Indian business location evidence,4,0,0,0,,,,True,
https://bgr-34.life,https://bgr-34.life,200,False,0,,False,False,0,,,,REJECTED_NON_SHOPIFY,Shopify score 0 < threshold 5,0,0,0,0,,,,True,
https://memeraki-com.myshopify.com,https://www.memeraki.com/,200,True,38,myshopify_subdomain;window.Shopify;Shopify.shop;cdn.shopify.com;/cdn/shop/;shopify_core_js;shopify-section;header:shopify-complexity-score,False,True,33,jsonld_india_address;address_state:Haryana;address_pin:110070;address_city:delhi;phone:+91;indian_payment_gateway;currency:INR,jsonld_address;address_state;address_pincode;address_city,address_state,ACCEPTED,,4,1,2,6,jsonld_or_dom_img,keyword_heuristics,metadata_or_headings,True,
https://fabmart.com,https://www.fabmart.com/,200,True,26,window.Shopify;Shopify.shop;cdn.shopify.com;/cdn/shop/;shopify_core_js;header:shopify-complexity-score,False,False,2,currency:INR,,,REJECTED_NON_INDIA,India score 2 < threshold 7,2,0,0,0,,,,True,
https://yogabars.in,https://www.yogabars.in/,200,True,30,window.Shopify;Shopify.shop;cdn.shopify.com;/cdn/shop/;shopify_core_js;shopify-section;shopify-payment-button;header:shopify-complexity-score,False,False,8,phone:+91;currency:INR;domain:.in,,,REJECTED_NON_INDIA,Lacks strong Indian business location evidence,4,0,0,0,,,,True,
https://blinglane.com,https://blinglane.com,200,True,28,window.Shopify;Shopify.shop;cdn.shopify.com;/cdn/shop/;shopify_core_js;shopify-section;header:shopify-complexity-score,False,True,25,address_state:Haryana;address_pin:122003;address_city:gurugram;phone:+91;indian_payment_gateway;currency:INR,address_state;address_pincode;address_city,address_state,ACCEPTED,,4,4,1,9,jsonld_or_dom_img,keyword_heuristics,metadata_or_headings,True,
https://indian-art-villa.myshopify.com,https://www.indianartvilla.in/,200,True,40,myshopify_subdomain;window.Shopify;Shopify.shop;cdn.shopify.com;/cdn/shop/;shopify_core_js;shopify-section;shopify-payment-button;header:shopify-complexity-score,False,True,39,jsonld_india_address;state:Rajasthan;address_state:Rajasthan;address_pin:302016;address_city:jaipur;phone:+91;indian_payment_gateway;currency:INR,jsonld_address;address_state;address_pincode;address_city,json_ld_address,ACCEPTED,,4,1,2,5,jsonld_or_dom_img,keyword_heuristics,metadata_or_headings,True,
https://casedodo.in,https://casedodo.com/,200,True,28,window.Shopify;Shopify.shop;cdn.shopify.com;/cdn/shop/;shopify_core_js;shopify-section;header:shopify-complexity-score,False,False,8,phone:+91;currency:INR;domain:.in,,,REJECTED_NON_INDIA,Lacks strong Indian business location evidence,1,0,0,0,,,,True,
https://goldentipstea.in,https://www.goldentipstea.in/,200,True,30,window.Shopify;Shopify.shop;cdn.shopify.com;/cdn/shop/;shopify_core_js;shopify-section;shopify-payment-button;header:shopify-complexity-score,False,True,26,jsonld_india_address;state:Delhi;address_city:kolkata;phone:+91;currency:INR;domain:.in,jsonld_address;address_city,json_ld_address,ACCEPTED,,4,1,6,6,jsonld_or_dom_img,keyword_heuristics,metadata_or_headings,True,
https://musicalbazaar.com,https://www.musicalbazaar.com/,200,True,26,window.Shopify;Shopify.shop;cdn.shopify.com;/cdn/shop/;shopify_core_js;header:shopify-complexity-score,False,False,7,phone:+91;currency:INR,,,REJECTED_NON_INDIA,Lacks strong Indian business location evidence,4,0,0,0,,,,True,
https://lknstores.myshopify.com,,0,False,0,,False,False,0,,,,,,0,0,0,0,,,,False,Robots.txt blocks homepage
https://superherotoystore.com,https://www.superherotoystore.com/,200,True,30,window.Shopify;Shopify.shop;cdn.shopify.com;/cdn/shop/;shopify_core_js;shopify-section;shopify-payment-button;header:shopify-complexity-score,False,True,33,jsonld_india_address;state:Maharashtra;address_pin:400059;address_city:mumbai;phone:+91;indian_payment_gateway;currency:INR,jsonld_address;address_pincode;address_city,json_ld_address,ACCEPTED,,4,4,2,4,jsonld_or_dom_img,keyword_heuristics,metadata_or_headings,True,
https://korra.in,https://bombayshirts-india-prod.myshopify.com/,200,True,28,window.Shopify;Shopify.shop;cdn.shopify.com;/cdn/shop/;shopify_core_js;shopify-section;header:shopify-complexity-score,False,True,20,address_pin:887740;address_city:mumbai;phone:+91;indian_payment_gateway;currency:INR;domain:.in,address_pincode;address_city,address_city_mumbai,ACCEPTED,,4,2,6,3,jsonld_or_dom_img,keyword_heuristics,metadata_or_headings,True,
https://podsquad.myshopify.com,,0,False,0,,False,False,0,,,,,,0,0,0,0,,,,False,Robots.txt blocks homepage
https://casedodo.myshopify.com,https://casedodo.com/,200,True,38,myshopify_subdomain;window.Shopify;Shopify.shop;cdn.shopify.com;/cdn/shop/;shopify_core_js;shopify-section;header:shopify-complexity-score,False,False,7,phone:+91;currency:INR,,,REJECTED_NON_INDIA,Lacks strong Indian business location evidence,1,0,0,0,,,,True,
https://zarood.com,https://zarood.com,0,False,0,,False,False,0,,,,REJECTED_FETCH_ERROR,NetworkError: ConnectError,0,0,0,0,,,,True,NetworkError: ConnectError
https://artisera.com,https://www.artisera.com/,200,True,28,window.Shopify;Shopify.shop;cdn.shopify.com;/cdn/shop/;shopify_core_js;shopify-section;header:shopify-complexity-score,False,True,39,jsonld_india_address;state:Karnataka;address_state:Karnataka;address_pin:560038;address_city:bangalore;phone:+91;indian_payment_gateway;currency:INR,jsonld_address;address_state;address_pincode;address_city,json_ld_address,ACCEPTED,,4,3,1,2,jsonld_or_dom_img,keyword_heuristics,metadata_or_headings,True,
https://jewelove.in,https://www.jewelove.in/,200,True,32,window.Shopify;Shopify.shop;cdn.shopify.com;/cdn/shop/;shopify_core_js;shopify-section;shopify-payment-button;shopify_meta_attribute;header:shopify-complexity-score,False,True,26,jsonld_india_address;state:Rajasthan;address_city:kanpur;phone:+91;currency:INR;domain:.in,jsonld_address;address_city,json_ld_address,ACCEPTED,,4,1,1,3,jsonld_or_dom_img,keyword_heuristics,metadata_or_headings,True,
https://thedapperman.in,https://thedapperman.in,200,True,28,window.Shopify;Shopify.shop;cdn.shopify.com;/cdn/shop/;shopify_core_js;shopify-section;header:shopify-complexity-score,False,True,26,jsonld_india_address;state:Haryana;address_city:gurugram;phone:+91;currency:INR;domain:.in,jsonld_address;address_city,json_ld_address,ACCEPTED,,4,1,1,2,jsonld_or_dom_img,keyword_heuristics,metadata_or_headings,True,
https://mayori-jaipur.myshopify.com,https://www.mayori.in/,200,True,38,myshopify_subdomain;window.Shopify;Shopify.shop;cdn.shopify.com;/cdn/shop/;shopify_core_js;shopify-section;header:shopify-complexity-score,False,True,22,address_state:Rajasthan;address_pin:302006;address_city:jaipur;phone:+91;currency:INR,address_state;address_pincode;address_city,address_state,ACCEPTED,,4,1,2,2,jsonld_or_dom_img,keyword_heuristics,metadata_or_headings,True,
https://thejodilife.com,https://thejodilife.com,200,True,28,window.Shopify;Shopify.shop;cdn.shopify.com;/cdn/shop/;shopify_core_js;shopify-section;header:shopify-complexity-score,False,True,22,address_state:Delhi;address_pin:411013;address_city:mumbai;phone:+91;currency:INR,address_state;address_pincode;address_city,address_state,ACCEPTED,,4,1,3,3,jsonld_or_dom_img,keyword_heuristics,metadata_or_headings,True,
https://fizzygoblet.com,https://www.fizzygoblet.com/,200,True,28,window.Shopify;Shopify.shop;cdn.shopify.com;/cdn/shop/;shopify_core_js;shopify-section;header:shopify-complexity-score,False,True,25,address_state:Uttar Pradesh;address_pin:201301;address_city:bangalore;phone:+91;indian_payment_gateway;currency:INR,address_state;address_pincode;address_city,address_state,ACCEPTED,,4,3,20,3,jsonld_or_dom_img,keyword_heuristics,metadata_or_headings,True,
https://furnishmyhome.in,https://www.furnishmyhome.in/,200,False,0,,False,False,0,,,,REJECTED_NON_SHOPIFY,Shopify score 0 < threshold 5,0,0,0,0,,,,True,
https://onprasad.myshopify.com,https://onlineprasad.com/,200,True,36,myshopify_subdomain;window.Shopify;Shopify.shop;cdn.shopify.com;/cdn/shop/;shopify_core_js;header:shopify-complexity-score,False,True,8,address_state:West Bengal;currency:INR,address_state,address_state,ACCEPTED,,4,3,0,2,jsonld_or_dom_img,keyword_heuristics,metadata_or_headings,True,
https://tredyfoods.com,https://www.tredyfoods.com/,200,True,28,window.Shopify;Shopify.shop;cdn.shopify.com;/cdn/shop/;shopify_core_js;shopify-section;header:shopify-complexity-score,False,True,24,jsonld_india_address;state:Tamil Nadu;phone:+91;indian_payment_gateway;currency:INR,jsonld_address,json_ld_address,ACCEPTED,,4,2,1,5,jsonld_or_dom_img,keyword_heuristics,metadata_or_headings,True,
https://lovetreats.in,,0,False,0,,False,False,0,,,,,,0,0,0,0,,,,False,Robots.txt blocks homepage
https://taraash.com,https://www.taraash.com/,200,True,28,window.Shopify;Shopify.shop;cdn.shopify.com;/cdn/shop/;shopify_core_js;shopify-section;header:shopify-complexity-score,False,False,10,phone:+91;indian_payment_gateway;currency:INR,,,REJECTED_NON_INDIA,Lacks strong Indian business location evidence,4,0,0,0,,,,True,
https://thealternate.in,https://www.thealternate.in/,200,True,28,window.Shopify;Shopify.shop;cdn.shopify.com;/cdn/shop/;shopify_core_js;shopify-section;header:shopify-complexity-score,False,True,21,address_state:Tamil Nadu;address_pin:600060;address_city:chennai;indian_payment_gateway;currency:INR;domain:.in,address_state;address_pincode;address_city,address_state,ACCEPTED,,4,2,1,3,jsonld_or_dom_img,keyword_heuristics,metadata_or_headings,True,
https://holyweaves.com,https://www.holyweaves.com/,200,True,28,window.Shopify;Shopify.shop;cdn.shopify.com;/cdn/shop/;shopify_core_js;shopify-section;header:shopify-complexity-score,False,True,14,address_city:varanasi;phone:+91;indian_payment_gateway;currency:INR,address_city,address_city_varanasi,ACCEPTED,,4,1,1,4,jsonld_or_dom_img,keyword_heuristics,metadata_or_headings,True,
https://sunshineboulevard.in,https://www.sunshineboulevard.in/,200,True,28,window.Shopify;Shopify.shop;cdn.shopify.com;/cdn/shop/;shopify_core_js;shopify-section;header:shopify-complexity-score,False,True,31,gstin:29AAMPA4708R1Z5;address_state:Karnataka;address_pin:560047;address_city:bengaluru;phone:+91;currency:INR;domain:.in,gstin;address_state;address_pincode;address_city,gstin_code_29,ACCEPTED,,4,2,1,2,jsonld_or_dom_img,keyword_heuristics,metadata_or_headings,True,
https://goldentipsindia.myshopify.com,https://www.goldentipstea.in/,200,True,40,myshopify_subdomain;window.Shopify;Shopify.shop;cdn.shopify.com;/cdn/shop/;shopify_core_js;shopify-section;shopify-payment-button;header:shopify-complexity-score,False,True,25,jsonld_india_address;state:Delhi;address_city:kolkata;phone:+91;currency:INR,jsonld_address;address_city,json_ld_address,ACCEPTED,,4,1,6,6,jsonld_or_dom_img,keyword_heuristics,metadata_or_headings,True,
https://radiantbay.com,,0,False,0,,False,False,0,,,,,,0,0,0,0,,,,False,Robots.txt blocks homepage
https://trustbeta.myshopify.com,https://www.trustbasket.com/,200,True,38,myshopify_subdomain;window.Shopify;Shopify.shop;cdn.shopify.com;/cdn/shop/;shopify_core_js;shopify-section;header:shopify-complexity-score,False,True,33,jsonld_india_address;address_state:Haryana;address_pin:560095;address_city:bengaluru;phone:+91;indian_payment_gateway;currency:INR,jsonld_address;address_state;address_pincode;address_city,address_state,ACCEPTED,,4,1,2,3,jsonld_or_dom_img,keyword_heuristics,metadata_or_headings,True,
https://lknstores.com,,0,False,0,,False,False,0,,,,,,0,0,0,0,,,,False,Robots.txt blocks homepage
https://thebleulabel.com,https://www.thebleulabel.com/,200,True,28,window.Shopify;Shopify.shop;cdn.shopify.com;/cdn/shop/;shopify_core_js;shopify-section;header:shopify-complexity-score,False,True,33,gstin:33AAFCF0756Q1ZB;address_state:Tamil Nadu;address_pin:600018;address_city:chennai;phone:+91;indian_payment_gateway;currency:INR,gstin;address_state;address_pincode;address_city,gstin_code_33,ACCEPTED,,4,2,1,3,jsonld_or_dom_img,keyword_heuristics,metadata_or_headings,True,
https://melmai.myshopify.com,https://www.decorze.com/,200,True,36,myshopify_subdomain;window.Shopify;Shopify.shop;cdn.shopify.com;/cdn/shop/;shopify_core_js;header:shopify-complexity-score,False,True,19,address_pin:560026;address_city:bangalore;phone:+91;indian_payment_gateway;currency:INR,address_pincode;address_city,pin_code_560026,ACCEPTED,,4,1,1,3,jsonld_or_dom_img,keyword_heuristics,metadata_or_headings,True,
https://kayfashions.in,https://kayfashions.in,200,True,28,window.Shopify;Shopify.shop;cdn.shopify.com;/cdn/shop/;shopify_core_js;shopify-section;header:shopify-complexity-score,False,False,8,phone:+91;currency:INR;domain:.in,,,REJECTED_NON_INDIA,Lacks strong Indian business location evidence,4,0,0,0,,,,True,
https://shoplyla.myshopify.com,,0,False,0,,False,False,0,,,,,,0,0,0,0,,,,False,Robots.txt blocks homepage
https://swechha-store.myshopify.com,https://www.greenthemap.com/,200,True,38,myshopify_subdomain;window.Shopify;Shopify.shop;cdn.shopify.com;/cdn/shop/;shopify_core_js;shopify-section;header:shopify-complexity-score,False,True,22,address_state:Delhi;address_pin:110017;address_city:delhi;phone:+91;currency:INR,address_state;address_pincode;address_city,address_state,ACCEPTED,,4,1,2,4,jsonld_or_dom_img,keyword_heuristics,metadata_or_headings,True,
https://yoga-health-foods.myshopify.com,https://www.yogabars.in/,200,True,40,myshopify_subdomain;window.Shopify;Shopify.shop;cdn.shopify.com;/cdn/shop/;shopify_core_js;shopify-section;shopify-payment-button;header:shopify-complexity-score,False,False,7,phone:+91;currency:INR,,,REJECTED_NON_INDIA,Lacks strong Indian business location evidence,4,0,0,0,,,,True,
https://thenaturesco.com,https://www.thenaturesco.com/password,200,False,0,,False,False,0,,,,REJECTED_INACTIVE,Redirects to /password,0,0,0,0,,,,True,Redirects to /password
https://kawachigroup.com,https://kawachigroup.com,200,False,0,,False,False,0,,,,REJECTED_NON_SHOPIFY,Shopify score 0 < threshold 5,0,0,0,0,,,,True,
https://fashionous.in,https://fashionous.in,200,True,30,window.Shopify;Shopify.shop;cdn.shopify.com;/cdn/shop/;shopify_core_js;shopify-section;shopify_meta_attribute;header:shopify-complexity-score,False,True,12,address_city:chennai;phone:+91;currency:INR;domain:.in,address_city,address_city_chennai,ACCEPTED,,4,2,2,4,jsonld_or_dom_img,keyword_heuristics,metadata_or_headings,True,
https://fabbox.in,https://www.fabbox.in/,200,True,30,window.Shopify;Shopify.shop;cdn.shopify.com;/cdn/shop/;shopify_core_js;shopify-section;shopify-payment-button;header:shopify-complexity-score,False,True,15,address_pin:400093;address_city:mumbai;indian_payment_gateway;currency:INR;domain:.in,address_pincode;address_city,pin_code_400093,ACCEPTED,,3,2,1,4,jsonld_or_dom_img,keyword_heuristics,metadata_or_headings,True,
https://blingvine.com,https://blingvine.com,200,True,30,window.Shopify;Shopify.shop;cdn.shopify.com;/cdn/shop/;shopify_core_js;shopify-section;shopify-payment-button;header:shopify-complexity-score,False,True,39,jsonld_india_address;state:Maharashtra;address_state:Maharashtra;address_pin:411028;address_city:pune;phone:+91;indian_payment_gateway;currency:INR,jsonld_address;address_state;address_pincode;address_city,json_ld_address,ACCEPTED,,4,2,2,4,jsonld_or_dom_img,keyword_heuristics,metadata_or_headings,True,
https://therugrepublic.in,https://www.therugrepublic.in/,200,True,28,window.Shopify;Shopify.shop;cdn.shopify.com;/cdn/shop/;shopify_core_js;shopify-section;header:shopify-complexity-score,False,True,23,address_state:Uttar Pradesh;address_pin:250103;address_city:delhi;phone:+91;currency:INR;domain:.in,address_state;address_pincode;address_city,address_state,ACCEPTED,,4,2,3,4,jsonld_or_dom_img,keyword_heuristics,metadata_or_headings,True,
https://thekojewelleryshop.com,https://thekojewelleryshop.myshopify.com/,200,True,30,window.Shopify;Shopify.shop;cdn.shopify.com;/cdn/shop/;shopify_core_js;shopify-section;shopify-payment-button;header:shopify-complexity-score,False,True,14,address_city:bangalore;phone:+91;indian_payment_gateway;currency:INR,address_city,address_city_bangalore,ACCEPTED,,4,4,2,3,jsonld_or_dom_img,keyword_heuristics,metadata_or_headings,True,
https://getmycouch.myshopify.com,https://www.getmycouch.com/,200,True,38,myshopify_subdomain;window.Shopify;Shopify.shop;cdn.shopify.com;/cdn/shop/;shopify_core_js;shopify-section;header:shopify-complexity-score,False,True,20,address_state:Uttar Pradesh;address_city:bengaluru;phone:+91;indian_payment_gateway;currency:INR,address_state;address_city,address_state,ACCEPTED,,4,3,2,6,jsonld_or_dom_img,keyword_heuristics,metadata_or_headings,True,
https://yogue-activewear.com,https://www.yogue-activewear.com/,200,True,26,window.Shopify;Shopify.shop;cdn.shopify.com;/cdn/shop/;shopify_core_js;header:shopify-complexity-score,False,True,19,address_pin:201301;address_city:noida;phone:+91;indian_payment_gateway;currency:INR,address_pincode;address_city,pin_code_201301,ACCEPTED,,4,1,1,3,jsonld_or_dom_img,keyword_heuristics,metadata_or_headings,True,
https://rifeindia.com,https://www.rifeindia.com/,200,True,30,window.Shopify;Shopify.shop;cdn.shopify.com;/cdn/shop/;shopify_core_js;shopify-section;shopify-payment-button;header:shopify-complexity-score,False,True,22,address_state:Delhi;address_pin:110027;address_city:delhi;phone:+91;currency:INR,address_state;address_pincode;address_city,address_state,ACCEPTED,,2,3,4,0,jsonld_or_dom_img,keyword_heuristics,metadata_or_headings,True,
https://order2india.com,https://order2india.com,200,True,28,window.Shopify;Shopify.shop;cdn.shopify.com;/cdn/shop/;shopify_core_js;shopify-section;header:shopify-complexity-score,False,True,19,address_pin:400004;address_city:mumbai;phone:+91;indian_payment_gateway;currency:INR,address_pincode;address_city,pin_code_400004,ACCEPTED,,4,1,2,0,jsonld_or_dom_img,keyword_heuristics,metadata_or_headings,True,
https://istills.in,,0,False,0,,False,False,0,,,,,,0,0,0,0,,,,False,Robots.txt blocks homepage
https://tallengestore.myshopify.com,https://www.tallengestore.com/,200,True,36,myshopify_subdomain;window.Shopify;Shopify.shop;cdn.shopify.com;/cdn/shop/;shopify_core_js;header:shopify-complexity-score,False,True,19,address_pin:560095;address_city:bangalore;phone:+91;indian_payment_gateway;currency:INR,address_pincode;address_city,pin_code_560095,ACCEPTED,,4,2,2,4,jsonld_or_dom_img,keyword_heuristics,metadata_or_headings,True,
https://enthopia.com,https://www.enthopia.com/,200,True,28,window.Shopify;Shopify.shop;cdn.shopify.com;/cdn/shop/;shopify_core_js;shopify-section;header:shopify-complexity-score,False,True,22,address_state:Maharashtra;address_pin:400029;address_city:mumbai;phone:+91;currency:INR,address_state;address_pincode;address_city,address_state,ACCEPTED,,4,4,3,3,jsonld_or_dom_img,keyword_heuristics,metadata_or_headings,True,
https://tilfi.com,https://tilfi.com,200,True,28,window.Shopify;Shopify.shop;cdn.shopify.com;/cdn/shop/;shopify_core_js;shopify-section;header:shopify-complexity-score,False,True,14,address_city:mumbai;phone:+91;indian_payment_gateway;currency:INR,address_city,address_city_mumbai,ACCEPTED,,2,4,2,4,jsonld_or_dom_img,keyword_heuristics,metadata_or_headings,True,
https://olie.co.in,https://www.olie.co.in/,200,True,28,window.Shopify;Shopify.shop;cdn.shopify.com;/cdn/shop/;shopify_core_js;shopify-section;header:shopify-complexity-score,False,False,9,phone:+91;currency:INR;domain:.co.in,,,REJECTED_NON_INDIA,Lacks strong Indian business location evidence,4,0,0,0,,,,True,
https://chococraft.in,https://www.chococraft.in/,200,True,30,window.Shopify;Shopify.shop;cdn.shopify.com;/cdn/shop/;shopify_core_js;shopify-section;shopify_meta_attribute;header:shopify-complexity-score,False,True,23,address_state:Delhi;address_pin:110043;address_city:delhi;phone:+91;currency:INR;domain:.in,address_state;address_pincode;address_city,address_state,ACCEPTED,,4,2,2,4,jsonld_or_dom_img,keyword_heuristics,metadata_or_headings,True,
https://thebleulabel.myshopify.com,https://www.thebleulabel.com/,200,True,38,myshopify_subdomain;window.Shopify;Shopify.shop;cdn.shopify.com;/cdn/shop/;shopify_core_js;shopify-section;header:shopify-complexity-score,False,True,33,gstin:33AAFCF0756Q1ZB;address_state:Tamil Nadu;address_pin:600018;address_city:chennai;phone:+91;indian_payment_gateway;currency:INR,gstin;address_state;address_pincode;address_city,gstin_code_33,ACCEPTED,,4,2,1,3,jsonld_or_dom_img,keyword_heuristics,metadata_or_headings,True,
https://masilo.in,https://masilo.in,200,True,30,window.Shopify;Shopify.shop;cdn.shopify.com;/cdn/shop/;shopify_core_js;shopify-section;shopify-payment-button;header:shopify-complexity-score,False,False,8,phone:+91;currency:INR;domain:.in,,,REJECTED_NON_INDIA,Lacks strong Indian business location evidence,4,0,0,0,,,,True,
https://devshoppe.com,https://www.devshoppe.com/,200,True,28,window.Shopify;Shopify.shop;cdn.shopify.com;/cdn/shop/;shopify_core_js;shopify-section;header:shopify-complexity-score,False,True,22,address_state:Haryana;address_pin:121008;address_city:faridabad;phone:+91;currency:INR,address_state;address_pincode;address_city,address_state,ACCEPTED,,4,1,1,5,jsonld_or_dom_img,keyword_heuristics,metadata_or_headings,True,
https://lovetheworldtoday.in,https://www.lovetheworldtoday.in/,200,True,30,window.Shopify;Shopify.shop;cdn.shopify.com;/cdn/shop/;shopify_core_js;shopify-section;shopify-payment-button;header:shopify-complexity-score,False,True,23,address_state:Maharashtra;address_pin:401107;address_city:thane;phone:+91;currency:INR;domain:.in,address_state;address_pincode;address_city,address_state,ACCEPTED,,4,1,1,4,jsonld_or_dom_img,keyword_heuristics,metadata_or_headings,True,
https://giftsoflove.in,https://giftsoflove.in,200,True,30,window.Shopify;Shopify.shop;cdn.shopify.com;/cdn/shop/;shopify_core_js;shopify-section;shopify-payment-button;header:shopify-complexity-score,False,True,31,gstin:06AAGCG1432M1ZN;address_state:Haryana;address_pin:122016;address_city:gurgaon;phone:+91;currency:INR;domain:.in,gstin;address_state;address_pincode;address_city,gstin_code_06,ACCEPTED,,4,2,3,2,jsonld_or_dom_img,keyword_heuristics,metadata_or_headings,True,
https://baublelove.in,https://baublelove.in,200,True,28,window.Shopify;Shopify.shop;cdn.shopify.com;/cdn/shop/;shopify_core_js;shopify-section;header:shopify-complexity-score,False,True,15,address_city:bengaluru;phone:+91;indian_payment_gateway;currency:INR;domain:.in,address_city,address_city_bengaluru,ACCEPTED,,3,1,1,3,jsonld_or_dom_img,keyword_heuristics,metadata_or_headings,True,
https://sushiya.myshopify.com,https://www.sushiya.in/,200,True,38,myshopify_subdomain;window.Shopify;Shopify.shop;cdn.shopify.com;/cdn/shop/;shopify_core_js;shopify-section;header:shopify-complexity-score,False,True,20,address_state:Delhi;address_city:mumbai;phone:+91;indian_payment_gateway;currency:INR,address_state;address_city,address_state,ACCEPTED,,4,1,2,2,jsonld_or_dom_img,keyword_heuristics,metadata_or_headings,True,
https://21fools.com,https://21fools.com,200,True,32,window.Shopify;Shopify.shop;cdn.shopify.com;/cdn/shop/;shopify_core_js;shopify-section;shopify-payment-button;shopify_meta_attribute;header:shopify-complexity-score,False,False,10,phone:+91;indian_payment_gateway;currency:INR,,,REJECTED_NON_INDIA,Lacks strong Indian business location evidence,1,0,0,0,,,,True,
https://emojimasks.com,https://emojimasks.com,0,False,0,,False,False,0,,,,REJECTED_FETCH_ERROR,NetworkError: ConnectError,0,0,0,0,,,,True,NetworkError: ConnectError
https://tressmart.com,,0,False,0,,False,False,0,,,,,,0,0,0,0,,,,False,Robots.txt blocks homepage
https://craftsandlooms.com,https://darzaania.com/,200,True,28,window.Shopify;Shopify.shop;cdn.shopify.com;/cdn/shop/;shopify_core_js;shopify-section;header:shopify-complexity-score,False,True,25,address_state:Delhi;address_pin:110074;address_city:delhi;phone:+91;indian_payment_gateway;currency:INR,address_state;address_pincode;address_city,address_state,ACCEPTED,,4,2,1,2,jsonld_or_dom_img,keyword_heuristics,metadata_or_headings,True,
https://einaahluwalia.com,https://www.einaahluwalia.com/,200,True,32,window.Shopify;Shopify.shop;cdn.shopify.com;/cdn/shop/;shopify_core_js;shopify-section;shopify-payment-button;shopify_meta_attribute;header:shopify-complexity-score,False,True,21,address_state:West Bengal;address_pin:700019;phone:+91;indian_payment_gateway;currency:INR,address_state;address_pincode,address_state,ACCEPTED,,4,2,1,3,jsonld_or_dom_img,keyword_heuristics,metadata_or_headings,True,
https://vedgroup.net,https://www.vedgroup.net/,200,True,28,window.Shopify;Shopify.shop;cdn.shopify.com;/cdn/shop/;shopify_core_js;shopify-section;header:shopify-complexity-score,False,True,22,address_state:Telangana;address_pin:500003;address_city:hyderabad;phone:+91;currency:INR,address_state;address_pincode;address_city,address_state,ACCEPTED,,4,0,1,0,jsonld_or_dom_img,keyword_heuristics,metadata_or_headings,True,
https://ashimafashion.net,https://ashimafashion.com/,200,True,28,window.Shopify;Shopify.shop;cdn.shopify.com;/cdn/shop/;shopify_core_js;shopify-section;header:shopify-complexity-score,False,True,30,gstin:32AQXPS1476M1ZZ;address_state:Kerala;address_pin:682036;address_city:cochin;phone:+91;currency:INR,gstin;address_state;address_pincode;address_city,gstin_code_32,ACCEPTED,,4,2,5,0,jsonld_or_dom_img,keyword_heuristics,metadata_or_headings,True,
https://mybabybabbles.com,https://mybabybabbles.com,200,True,32,window.Shopify;Shopify.shop;cdn.shopify.com;/cdn/shop/;shopify_core_js;shopify-section;shopify-payment-button;shopify_meta_attribute;header:shopify-complexity-score,False,True,25,address_state:Maharashtra;address_pin:400018;address_city:mumbai;phone:+91;indian_payment_gateway;currency:INR,address_state;address_pincode;address_city,address_state,ACCEPTED,,4,1,1,4,jsonld_or_dom_img,keyword_heuristics,metadata_or_headings,True,
https://uberurban.in,https://www.uberurban.in/,200,True,32,window.Shopify;Shopify.shop;cdn.shopify.com;/cdn/shop/;shopify_core_js;shopify-section;shopify-payment-button;shopify_meta_attribute;header:shopify-complexity-score,False,False,11,phone:+91;indian_payment_gateway;currency:INR;domain:.in,,,REJECTED_NON_INDIA,Lacks strong Indian business location evidence,4,0,0,0,,,,True,
https://honeyandspice.in,https://honeyandspice.in,200,True,30,window.Shopify;Shopify.shop;cdn.shopify.com;/cdn/shop/;shopify_core_js;shopify-section;shopify-payment-button;header:shopify-complexity-score,False,True,34,gstin:29AAGCB1261P1ZB;address_state:Karnataka;address_pin:560077;address_city:bengaluru;phone:+91;indian_payment_gateway;currency:INR;domain:.in,gstin;address_state;address_pincode;address_city,gstin_code_29,ACCEPTED,,4,3,1,5,jsonld_or_dom_img,keyword_heuristics,metadata_or_headings,True,
https://urbanmonkey.com,https://www.urbanmonkey.com/,200,True,32,window.Shopify;Shopify.shop;cdn.shopify.com;/cdn/shop/;shopify_core_js;shopify-section;shopify-payment-button;shopify_meta_attribute;header:shopify-complexity-score,False,True,25,address_state:Karnataka;address_pin:560035;address_city:bengaluru;phone:+91;indian_payment_gateway;currency:INR,address_state;address_pincode;address_city,address_state,ACCEPTED,,4,1,3,2,jsonld_or_dom_img,keyword_heuristics,metadata_or_headings,True,
https://timbercraft.in,https://timbercraft.in,200,True,28,window.Shopify;Shopify.shop;cdn.shopify.com;/cdn/shop/;shopify_core_js;shopify-section;header:shopify-complexity-score,False,True,37,jsonld_india_address;state:Telangana;address_state:Telangana;address_pin:500081;address_city:hyderabad;phone:+91;currency:INR;domain:.in,jsonld_address;address_state;address_pincode;address_city,json_ld_address,ACCEPTED,,4,1,1,1,jsonld_or_dom_img,keyword_heuristics,metadata_or_headings,True,
https://shamunsflowers.com,https://shamunsflowers.com,200,True,28,window.Shopify;Shopify.shop;cdn.shopify.com;/cdn/shop/;shopify_core_js;shopify-section;header:shopify-complexity-score,False,True,20,address_state:Delhi;address_city:bangalore;phone:+91;indian_payment_gateway;currency:INR,address_state;address_city,address_state,ACCEPTED,,4,1,2,3,jsonld_or_dom_img,keyword_heuristics,metadata_or_headings,True,
https://truefittandhill.in,https://www.truefittandhill.in/,200,True,30,window.Shopify;Shopify.shop;cdn.shopify.com;/cdn/shop/;shopify_core_js;shopify-section;shopify-payment-button;header:shopify-complexity-score,False,True,40,jsonld_india_address;state:Maharashtra;address_state:Maharashtra;address_pin:400013;address_city:mumbai;phone:+91;indian_payment_gateway;currency:INR;domain:.in,jsonld_address;address_state;address_pincode;address_city,json_ld_address,ACCEPTED,,4,4,1,4,jsonld_or_dom_img,keyword_heuristics,metadata_or_headings,True,
https://lcdtvstandsindia.com,https://lcdtvstandsindia.com,0,False,0,,False,False,0,,,,REJECTED_FETCH_ERROR,NetworkError: ConnectError,0,0,0,0,,,,True,NetworkError: ConnectError
https://pmlindia.com,https://www.pmlindia.com/,200,False,0,,False,False,0,,,,REJECTED_NON_SHOPIFY,Shopify score 0 < threshold 5,0,0,0,0,,,,True,
https://hotmuggs.com,https://hotmuggs.com,200,True,28,window.Shopify;Shopify.shop;cdn.shopify.com;/cdn/shop/;shopify_core_js;shopify-section;header:shopify-complexity-score,False,True,19,address_pin:400072;address_city:mumbai;phone:+91;indian_payment_gateway;currency:INR,address_pincode;address_city,pin_code_400072,ACCEPTED,,4,3,1,5,jsonld_or_dom_img,keyword_heuristics,metadata_or_headings,True,
https://lightmenindia.myshopify.com,https://ledflashlights.in/,200,True,38,myshopify_subdomain;window.Shopify;Shopify.shop;cdn.shopify.com;/cdn/shop/;shopify_core_js;shopify-section;header:shopify-complexity-score,False,True,24,jsonld_india_address;state:Telangana;phone:+91;indian_payment_gateway;currency:INR,jsonld_address,json_ld_address,ACCEPTED,,4,4,3,4,jsonld_or_dom_img,keyword_heuristics,metadata_or_headings,True,
https://silvertraq.com,https://www.silvertraq.com/,200,True,30,window.Shopify;Shopify.shop;cdn.shopify.com;/cdn/shop/;shopify_core_js;shopify-section;shopify-payment-button;header:shopify-complexity-score,False,True,22,address_state:Maharashtra;address_pin:400064;address_city:mumbai;phone:+91;currency:INR,address_state;address_pincode;address_city,address_state,ACCEPTED,,4,2,2,2,jsonld_or_dom_img,keyword_heuristics,metadata_or_headings,True,
https://eastandgrace.com,https://www.eastandgrace.com/,200,True,28,window.Shopify;Shopify.shop;cdn.shopify.com;/cdn/shop/;shopify_core_js;shopify-section;header:shopify-complexity-score,False,True,17,address_state:Madhya Pradesh;address_pin:462016;address_city:bhopal;currency:INR,address_state;address_pincode;address_city,address_state,ACCEPTED,,4,2,0,5,jsonld_or_dom_img,keyword_heuristics,metadata_or_headings,True,
https://exoticflora.in,https://exoticflora.in,200,True,30,window.Shopify;Shopify.shop;cdn.shopify.com;/cdn/shop/;shopify_core_js;shopify-section;shopify-payment-button;header:shopify-complexity-score,False,True,25,jsonld_india_address;state:Andhra Pradesh;phone:+91;indian_payment_gateway;currency:INR;domain:.in,jsonld_address,json_ld_address,ACCEPTED,,4,2,1,2,jsonld_or_dom_img,keyword_heuristics,metadata_or_headings,True,
https://brainwavzaudio.in,https://www.brainwavzaudio.in/,200,True,28,window.Shopify;Shopify.shop;cdn.shopify.com;/cdn/shop/;shopify_core_js;shopify-section;header:shopify-complexity-score,False,False,8,phone:+91;currency:INR;domain:.in,,,REJECTED_NON_INDIA,Lacks strong Indian business location evidence,4,0,0,0,,,,True,
https://rootly.myshopify.com,,0,False,0,,False,False,0,,,,,,0,0,0,0,,,,False,Robots.txt blocks homepage
https://masterweaverindia.com,https://masterweaverindia.com,0,False,0,,False,False,0,,,,REJECTED_FETCH_ERROR,NetworkError: ConnectError,0,0,0,0,,,,True,NetworkError: ConnectError
https://graphicurrystore.com,https://www.graphicurrystore.com/,200,True,28,window.Shopify;Shopify.shop;cdn.shopify.com;/cdn/shop/;shopify_core_js;shopify-section;header:shopify-complexity-score,False,True,16,address_pin:560093;address_city:bangalore;phone:+91;currency:INR,address_pincode;address_city,pin_code_560093,ACCEPTED,,4,2,3,7,jsonld_or_dom_img,keyword_heuristics,metadata_or_headings,True,
https://goodwyntea.com,https://goodwyntea.com,200,True,28,window.Shopify;Shopify.shop;cdn.shopify.com;/cdn/shop/;shopify_core_js;shopify-section;header:shopify-complexity-score,False,True,36,jsonld_india_address;state:West Bengal;address_state:Assam;address_pin:700020;address_city:kolkata;phone:+91;currency:INR,jsonld_address;address_state;address_pincode;address_city,json_ld_address,ACCEPTED,,4,2,1,4,jsonld_or_dom_img,keyword_heuristics,metadata_or_headings,True,
https://mahagro.com,https://www.mahagro.com/,200,True,32,window.Shopify;Shopify.shop;cdn.shopify.com;/cdn/shop/;shopify_core_js;shopify-section;shopify-payment-button;shopify_meta_attribute;header:shopify-complexity-score,False,False,12,phone:+91;indian_payment_gateway;currency:INR;city_mention:bangalore,,,REJECTED_NON_INDIA,Lacks strong Indian business location evidence,1,0,0,0,,,,True,
https://chiaroscuro.in,https://chiaroscuro.in,200,True,28,window.Shopify;Shopify.shop;cdn.shopify.com;/cdn/shop/;shopify_core_js;shopify-section;header:shopify-complexity-score,False,True,26,address_state:Delhi;address_pin:110030;address_city:delhi;phone:+91;indian_payment_gateway;currency:INR;domain:.in,address_state;address_pincode;address_city,address_state,ACCEPTED,,4,3,1,4,jsonld_or_dom_img,keyword_heuristics,metadata_or_headings,True,
https://shopmessy.com,https://shopmessy.com,0,False,0,,False,False,0,,,,REJECTED_FETCH_ERROR,Timeout: ConnectTimeout,0,0,0,0,,,,True,Timeout: ConnectTimeout
https://theskinmantra.com,https://www.theskinmantra.com/,200,True,28,window.Shopify;Shopify.shop;cdn.shopify.com;/cdn/shop/;shopify_core_js;shopify-section;header:shopify-complexity-score,False,False,7,phone:+91;currency:INR,,,REJECTED_NON_INDIA,Lacks strong Indian business location evidence,2,0,0,0,,,,True,
https://ewayoung.com,,0,False,0,,False,False,0,,,,,,0,0,0,0,,,,False,Robots.txt blocks homepage
https://greenthemap.com,https://www.greenthemap.com/,200,True,28,window.Shopify;Shopify.shop;cdn.shopify.com;/cdn/shop/;shopify_core_js;shopify-section;header:shopify-complexity-score,False,True,22,address_state:Delhi;address_pin:110017;address_city:delhi;phone:+91;currency:INR,address_state;address_pincode;address_city,address_state,ACCEPTED,,4,1,2,4,jsonld_or_dom_img,keyword_heuristics,metadata_or_headings,True,
https://mogradesigns.com,https://mogradesigns.com,200,True,30,window.Shopify;Shopify.shop;cdn.shopify.com;/cdn/shop/;shopify_core_js;shopify-section;shopify-payment-button;header:shopify-complexity-score,False,True,19,address_pin:560102;address_city:bangalore;phone:+91;indian_payment_gateway;currency:INR,address_pincode;address_city,pin_code_560102,ACCEPTED,,4,1,0,6,jsonld_or_dom_img,keyword_heuristics,metadata_or_headings,True,
https://rforrabbit.com,https://rforrabbit.com,200,True,30,window.Shopify;Shopify.shop;cdn.shopify.com;/cdn/shop/;shopify_core_js;shopify-section;shopify-payment-button;header:shopify-complexity-score,False,True,25,address_state:Gujarat;address_pin:380015;address_city:ahmedabad;phone:+91;indian_payment_gateway;currency:INR,address_state;address_pincode;address_city,address_state,ACCEPTED,,4,5,2,6,jsonld_or_dom_img,keyword_heuristics,metadata_or_headings,True,
https://urbanmonkey.myshopify.com,https://www.urbanmonkey.com/,200,True,42,myshopify_subdomain;window.Shopify;Shopify.shop;cdn.shopify.com;/cdn/shop/;shopify_core_js;shopify-section;shopify-payment-button;shopify_meta_attribute;header:shopify-complexity-score,False,True,25,address_state:Karnataka;address_pin:560035;address_city:bengaluru;phone:+91;indian_payment_gateway;currency:INR,address_state;address_pincode;address_city,address_state,ACCEPTED,,4,1,3,2,jsonld_or_dom_img,keyword_heuristics,metadata_or_headings,True,
https://zotory.com,https://zotory.com,200,False,0,,False,False,0,,,,REJECTED_NON_SHOPIFY,Shopify score 0 < threshold 5,0,0,0,0,,,,True,
https://techstore.co.in,https://techstore.co.in,200,True,28,window.Shopify;Shopify.shop;cdn.shopify.com;/cdn/shop/;shopify_core_js;shopify-section;header:shopify-complexity-score,False,True,20,address_state:Karnataka;address_pin:580020;phone:+91;currency:INR;domain:.co.in,address_state;address_pincode,address_state,ACCEPTED,,4,2,2,0,jsonld_or_dom_img,keyword_heuristics,metadata_or_headings,True,
https://maearthbotanicals.com,https://maearthbotanicals.com,200,True,28,window.Shopify;Shopify.shop;cdn.shopify.com;/cdn/shop/;shopify_core_js;shopify-section;header:shopify-complexity-score,False,False,7,phone:+91;currency:INR,,,REJECTED_NON_INDIA,Lacks strong Indian business location evidence,3,0,0,0,,,,True,
https://metaphorracha.com,https://metaphorracha.com,200,True,28,window.Shopify;Shopify.shop;cdn.shopify.com;/cdn/shop/;shopify_core_js;shopify-section;header:shopify-complexity-score,False,True,16,address_state:Karnataka;phone:+91;indian_payment_gateway;currency:INR,address_state,address_state,ACCEPTED,,4,1,1,1,jsonld_or_dom_img,keyword_heuristics,metadata_or_headings,True,
https://wildearth.in,https://wildearth.in,0,False,0,,False,False,0,,,,REJECTED_FETCH_ERROR,NetworkError: ConnectError,0,0,0,0,,,,True,NetworkError: ConnectError
https://thefragrancepeople.com,https://www.thefragrancepeople.com/,200,True,28,window.Shopify;Shopify.shop;cdn.shopify.com;/cdn/shop/;shopify_core_js;shopify-section;header:shopify-complexity-score,False,True,39,jsonld_india_address;state:Delhi;address_state:Haryana;address_pin:110074;address_city:delhi;phone:+91;indian_payment_gateway;currency:INR,jsonld_address;address_state;address_pincode;address_city,json_ld_address,ACCEPTED,,4,2,1,3,jsonld_or_dom_img,keyword_heuristics,metadata_or_headings,True,
https://idamstore.com,https://www.idamstore.com/,200,True,28,window.Shopify;Shopify.shop;cdn.shopify.com;/cdn/shop/;shopify_core_js;shopify-section;header:shopify-complexity-score,False,False,7,phone:+91;currency:INR,,,REJECTED_NON_INDIA,Lacks strong Indian business location evidence,4,0,0,0,,,,True,
https://kidscity.in,https://kidscity.in,200,True,30,window.Shopify;Shopify.shop;cdn.shopify.com;/cdn/shop/;shopify_core_js;shopify-section;shopify-payment-button;header:shopify-complexity-score,False,False,8,phone:+91;currency:INR;domain:.in,,,REJECTED_NON_INDIA,Lacks strong Indian business location evidence,3,0,0,0,,,,True,
https://terraearthfood.com,https://www.terraearthfood.com/,200,True,26,window.Shopify;Shopify.shop;cdn.shopify.com;/cdn/shop/;shopify_core_js;header:shopify-complexity-score,False,True,30,gstin:33AABCF5826D1Z1;address_state:Tamil Nadu;address_pin:600020;address_city:chennai;phone:+91;currency:INR,gstin;address_state;address_pincode;address_city,gstin_code_33,ACCEPTED,,4,2,29,1,jsonld_or_dom_img,keyword_heuristics,metadata_or_headings,True,
https://anherb.com,https://anherb.com,200,True,28,window.Shopify;Shopify.shop;cdn.shopify.com;/cdn/shop/;shopify_core_js;shopify-section;header:shopify-complexity-score,False,True,19,address_pin:452006;address_city:indore;phone:+91;indian_payment_gateway;currency:INR,address_pincode;address_city,pin_code_452006,ACCEPTED,,4,2,0,2,jsonld_or_dom_img,keyword_heuristics,metadata_or_headings,True,
https://wintage.in,https://wintage.in,200,True,28,window.Shopify;Shopify.shop;cdn.shopify.com;/cdn/shop/;shopify_core_js;shopify-section;header:shopify-complexity-score,False,True,30,jsonld_india_address;state:Uttar Pradesh;address_pin:201005;phone:+91;indian_payment_gateway;currency:INR;domain:.in,jsonld_address;address_pincode,json_ld_address,ACCEPTED,,4,1,1,5,jsonld_or_dom_img,keyword_heuristics,metadata_or_headings,True,
https://devotionalstore.com,,0,False,0,,False,False,0,,,,,,0,0,0,0,,,,False,Robots.txt blocks homepage
https://kabliwalas.com,https://kabliwalas.com,200,True,28,window.Shopify;Shopify.shop;cdn.shopify.com;/cdn/shop/;shopify_core_js;shopify-section;header:shopify-complexity-score,False,True,22,address_state:Uttar Pradesh;address_pin:201301;address_city:delhi;phone:+91;currency:INR,address_state;address_pincode;address_city,address_state,ACCEPTED,,4,3,3,3,jsonld_or_dom_img,keyword_heuristics,metadata_or_headings,True,
https://moustachejeans.com,,0,False,0,,False,False,0,,,,,,0,0,0,0,,,,False,Robots.txt blocks homepage
https://truerevo.com,https://www.truerevo.com/,200,True,28,window.Shopify;Shopify.shop;cdn.shopify.com;/cdn/shop/;shopify_core_js;shopify-section;header:shopify-complexity-score,False,False,7,phone:+91;currency:INR,,,REJECTED_NON_INDIA,Lacks strong Indian business location evidence,4,0,0,0,,,,True,
https://tarababyshop.com,https://tarababyshop.com,200,True,28,window.Shopify;Shopify.shop;cdn.shopify.com;/cdn/shop/;shopify_core_js;shopify-section;header:shopify-complexity-score,False,True,25,address_state:Kerala;address_pin:682018;address_city:cochin;phone:+91;indian_payment_gateway;currency:INR,address_state;address_pincode;address_city,address_state,ACCEPTED,,3,1,1,2,jsonld_or_dom_img,keyword_heuristics,metadata_or_headings,True,
https://seamstress.co.in,https://seamstress.co.in,200,True,28,window.Shopify;Shopify.shop;cdn.shopify.com;/cdn/shop/;shopify_core_js;shopify-section;header:shopify-complexity-score,False,True,23,address_state:Kerala;address_pin:683594;phone:+91;indian_payment_gateway;currency:INR;domain:.co.in,address_state;address_pincode,address_state,ACCEPTED,,4,2,2,3,jsonld_or_dom_img,keyword_heuristics,metadata_or_headings,True,
https://eightaudio.in,https://eightaudio.in,200,True,28,window.Shopify;Shopify.shop;cdn.shopify.com;/cdn/shop/;shopify_core_js;shopify-section;header:shopify-complexity-score,False,True,39,gstin:36AAFCE6866Q1ZR;jsonld_india_address;state:Telangana;address_pin:500079;address_city:hyderabad;phone:+91;currency:INR;domain:.in,gstin;jsonld_address;address_pincode;address_city,gstin_code_36,ACCEPTED,,4,2,1,4,jsonld_or_dom_img,keyword_heuristics,metadata_or_headings,True,
https://singhstyled.com,https://singhstyled.com,200,False,0,,False,False,0,,,,REJECTED_NON_SHOPIFY,Shopify score 0 < threshold 5,0,0,0,0,,,,True,
https://akrithi.com,https://akrithi.com,200,True,28,window.Shopify;Shopify.shop;cdn.shopify.com;/cdn/shop/;shopify_core_js;shopify-section;header:shopify-complexity-score,False,False,10,phone:+91;indian_payment_gateway;currency:INR,,,REJECTED_NON_INDIA,Lacks strong Indian business location evidence,4,0,0,0,,,,True,
https://valliyan.com,https://www.valliyan.com/,200,True,28,window.Shopify;Shopify.shop;cdn.shopify.com;/cdn/shop/;shopify_core_js;shopify-section;header:shopify-complexity-score,False,True,16,address_pin:400001;address_city:mumbai;phone:+91;currency:INR,address_pincode;address_city,pin_code_400001,ACCEPTED,,4,2,1,2,jsonld_or_dom_img,keyword_heuristics,metadata_or_headings,True,
https://papadontpreach.com,https://www.papadontpreach.com/,200,True,28,window.Shopify;Shopify.shop;cdn.shopify.com;/cdn/shop/;shopify_core_js;shopify-section;header:shopify-complexity-score,False,True,25,address_state:Delhi;address_pin:110074;address_city:mumbai;phone:+91;indian_payment_gateway;currency:INR,address_state;address_pincode;address_city,address_state,ACCEPTED,,4,6,4,3,jsonld_or_dom_img,keyword_heuristics,metadata_or_headings,True,
https://laintimo.com,https://laintimo.com,200,True,28,window.Shopify;Shopify.shop;cdn.shopify.com;/cdn/shop/;shopify_core_js;shopify-section;header:shopify-complexity-score,False,True,25,address_state:Delhi;address_pin:110034;address_city:delhi;phone:+91;indian_payment_gateway;currency:INR,address_state;address_pincode;address_city,address_state,ACCEPTED,,4,1,1,3,jsonld_or_dom_img,keyword_heuristics,metadata_or_headings,True,
https://fashionnation.in,https://www.fashionnation.in/,200,True,28,window.Shopify;Shopify.shop;cdn.shopify.com;/cdn/shop/;shopify_core_js;shopify-section;header:shopify-complexity-score,False,True,20,address_pin:700054;address_city:kolkata;phone:+91;indian_payment_gateway;currency:INR;domain:.in,address_pincode;address_city,pin_code_700054,ACCEPTED,,4,0,2,3,jsonld_or_dom_img,keyword_heuristics,metadata_or_headings,True,
https://touchstonemedia.com,https://www.touchstonemedia.com/,200,True,32,window.Shopify;Shopify.shop;cdn.shopify.com;/cdn/shop/;shopify_core_js;shopify-section;shopify-payment-button;shopify_meta_attribute;header:shopify-complexity-score,False,False,7,phone:+91;currency:INR,,,REJECTED_NON_INDIA,Lacks strong Indian business location evidence,4,0,0,0,,,,True,
https://yourlibaas.com,https://www.yourlibaas.com/,200,True,30,window.Shopify;Shopify.shop;cdn.shopify.com;/cdn/shop/;shopify_core_js;shopify-section;shopify-payment-button;header:shopify-complexity-score,False,False,10,phone:+91;indian_payment_gateway;currency:INR,,,REJECTED_NON_INDIA,Lacks strong Indian business location evidence,4,0,0,0,,,,True,
https://ladyindia.com,,0,False,0,,False,False,0,,,,,,0,0,0,0,,,,False,Robots.txt blocks homepage
https://www-poshtik-com.myshopify.com,https://www.poshtik.in/,200,True,38,myshopify_subdomain;window.Shopify;Shopify.shop;cdn.shopify.com;/cdn/shop/;shopify_core_js;shopify-section;header:shopify-complexity-score,False,True,14,address_city:gurugram;phone:+91;indian_payment_gateway;currency:INR,address_city,address_city_gurugram,ACCEPTED,,4,3,2,3,jsonld_or_dom_img,keyword_heuristics,metadata_or_headings,True,
https://wallmantra.com,https://wallmantra.com,200,False,0,,False,False,0,,,,REJECTED_NON_SHOPIFY,Shopify score 0 < threshold 5,0,0,0,0,,,,True,
https://yaalz.com,,0,False,0,,False,False,0,,,,,,0,0,0,0,,,,False,Robots.txt blocks homepage
https://serendipitydelhi.com,https://serendipitydelhi.com,200,True,28,window.Shopify;Shopify.shop;cdn.shopify.com;/cdn/shop/;shopify_core_js;shopify-section;header:shopify-complexity-score,False,True,22,address_state:Delhi;address_pin:110047;address_city:delhi;phone:+91;currency:INR,address_state;address_pincode;address_city,address_state,ACCEPTED,,4,2,1,1,jsonld_or_dom_img,keyword_heuristics,metadata_or_headings,True,
https://peacockride.com,https://www.peacockride.com/,200,True,26,window.Shopify;Shopify.shop;cdn.shopify.com;/cdn/shop/;shopify_core_js;header:shopify-complexity-score,False,False,10,phone:+91;indian_payment_gateway;currency:INR,,,REJECTED_NON_INDIA,Lacks strong Indian business location evidence,4,0,0,0,,,,True,
https://privatelives.in,https://www.privatelives.in/,200,True,32,window.Shopify;Shopify.shop;cdn.shopify.com;/cdn/shop/;shopify_core_js;shopify-section;shopify-payment-button;shopify_meta_attribute;header:shopify-complexity-score,False,True,37,jsonld_india_address;state:Delhi;address_state:Delhi;address_pin:110041;address_city:delhi;phone:+91;currency:INR;domain:.in,jsonld_address;address_state;address_pincode;address_city,json_ld_address,ACCEPTED,,4,2,1,4,jsonld_or_dom_img,keyword_heuristics,metadata_or_headings,True,
https://bestsourcenutrition.com,https://www.bestsourcenutrition.com/,200,True,28,window.Shopify;Shopify.shop;cdn.shopify.com;/cdn/shop/;shopify_core_js;shopify-section;header:shopify-complexity-score,False,True,22,address_state:Maharashtra;address_pin:400101;address_city:mumbai;phone:+91;currency:INR,address_state;address_pincode;address_city,address_state,ACCEPTED,,4,2,2,6,jsonld_or_dom_img,keyword_heuristics,metadata_or_headings,True,
https://davidcompany.com,https://www.davidcompany.com/,200,True,28,window.Shopify;Shopify.shop;cdn.shopify.com;/cdn/shop/;shopify_core_js;shopify-section;header:shopify-complexity-score,False,False,10,phone:+91;indian_payment_gateway;currency:INR,,,REJECTED_NON_INDIA,Lacks strong Indian business location evidence,4,0,0,0,,,,True,
https://easymosquitonet.com,https://easymosquitonet.com,0,False,0,,False,False,0,,,,REJECTED_FETCH_ERROR,NetworkError: ConnectError,0,0,0,0,,,,True,NetworkError: ConnectError
https://lemonchiffon.in,https://lemonchiffon.in,0,False,0,,False,False,0,,,,REJECTED_FETCH_ERROR,NetworkError: ConnectError,0,0,0,0,,,,True,NetworkError: ConnectError
https://lightmen.in,https://ledflashlights.in/,200,True,28,window.Shopify;Shopify.shop;cdn.shopify.com;/cdn/shop/;shopify_core_js;shopify-section;header:shopify-complexity-score,False,True,25,jsonld_india_address;state:Telangana;phone:+91;indian_payment_gateway;currency:INR;domain:.in,jsonld_address,json_ld_address,ACCEPTED,,4,4,3,4,jsonld_or_dom_img,keyword_heuristics,metadata_or_headings,True,
https://springfit.in,https://www.springfit.com/,200,True,28,window.Shopify;Shopify.shop;cdn.shopify.com;/cdn/shop/;shopify_core_js;shopify-section;header:shopify-complexity-score,False,True,26,address_state:Uttar Pradesh;address_pin:201010;address_city:coimbatore;phone:+91;indian_payment_gateway;currency:INR;domain:.in,address_state;address_pincode;address_city,address_state,ACCEPTED,,4,1,3,4,jsonld_or_dom_img,keyword_heuristics,metadata_or_headings,True,
https://greenbrrew.com,https://greenbrrew.com,200,True,28,window.Shopify;Shopify.shop;cdn.shopify.com;/cdn/shop/;shopify_core_js;shopify-section;header:shopify-complexity-score,False,True,22,address_state:Delhi;address_pin:196996;address_city:delhi;phone:+91;currency:INR,address_state;address_pincode;address_city,address_state,ACCEPTED,,4,1,0,4,jsonld_or_dom_img,keyword_heuristics,metadata_or_headings,True,
https://stahlkitchens.com,https://stahlkitchens.com,200,True,28,window.Shopify;Shopify.shop;cdn.shopify.com;/cdn/shop/;shopify_core_js;shopify-section;header:shopify-complexity-score,False,True,21,address_state:Maharashtra;address_pin:412115;phone:+91;indian_payment_gateway;currency:INR,address_state;address_pincode,address_state,ACCEPTED,,4,3,1,3,jsonld_or_dom_img,keyword_heuristics,metadata_or_headings,True,
https://schmancy.in,https://schmancy.in,200,True,28,window.Shopify;Shopify.shop;cdn.shopify.com;/cdn/shop/;shopify_core_js;shopify-section;header:shopify-complexity-score,False,False,8,phone:+91;currency:INR;domain:.in,,,REJECTED_NON_INDIA,Lacks strong Indian business location evidence,4,0,0,0,,,,True,
https://offbeatpondy.com,http://ww38.offbeatpondy.com/,200,False,0,,False,False,0,,,,REJECTED_INACTIVE,Parked or for-sale domain,0,0,0,0,,,,True,Parked or for-sale domain
https://johns.in,https://www.johns.in/,200,True,30,window.Shopify;Shopify.shop;cdn.shopify.com;/cdn/shop/;shopify_core_js;shopify-section;shopify-payment-button;header:shopify-complexity-score,False,False,8,phone:+91;currency:INR;domain:.in,,,REJECTED_NON_INDIA,Lacks strong Indian business location evidence,4,0,0,0,,,,True,
https://iambesharam.com,https://in.imbesharam.com/,200,True,28,window.Shopify;Shopify.shop;cdn.shopify.com;/cdn/shop/;shopify_core_js;shopify-section;header:shopify-complexity-score,False,True,39,jsonld_india_address;state:Delhi;address_state:Telangana;address_pin:500003;address_city:secunderabad;phone:+91;indian_payment_gateway;currency:INR,jsonld_address;address_state;address_pincode;address_city,json_ld_address,ACCEPTED,,4,4,4,25,jsonld_or_dom_img,keyword_heuristics,metadata_or_headings,True,
https://lawsuitsandmore.com,https://lawsuitsandmore.com,200,True,32,window.Shopify;Shopify.shop;cdn.shopify.com;/cdn/shop/;shopify_core_js;shopify-section;shopify-payment-button;shopify_meta_attribute;header:shopify-complexity-score,False,True,11,address_city:mumbai;phone:+91;currency:INR,address_city,address_city_mumbai,ACCEPTED,,4,1,1,2,jsonld_or_dom_img,keyword_heuristics,metadata_or_headings,True,
https://bollywoodvinyl.in,https://bollywoodvinyl.in,200,True,26,window.Shopify;Shopify.shop;cdn.shopify.com;/cdn/shop/;shopify_core_js;header:shopify-complexity-score,False,True,31,jsonld_india_address;state:Karnataka;address_pin:560040;address_city:bengaluru;phone:+91;currency:INR;domain:.in,jsonld_address;address_pincode;address_city,json_ld_address,ACCEPTED,,3,1,1,2,jsonld_or_dom_img,keyword_heuristics,metadata_or_headings,True,
https://freshmilloils.com,https://freshmilloils.com,200,True,32,window.Shopify;Shopify.shop;cdn.shopify.com;/cdn/shop/;shopify_core_js;shopify-section;shopify-payment-button;shopify_meta_attribute;header:shopify-complexity-score,False,True,19,address_pin:560077;address_city:bengaluru;phone:+91;indian_payment_gateway;currency:INR,address_pincode;address_city,pin_code_560077,ACCEPTED,,4,1,1,0,jsonld_or_dom_img,keyword_heuristics,metadata_or_headings,True,
https://peekaboopatterns.com,https://peekaboopatterns.in/,200,True,30,window.Shopify;Shopify.shop;cdn.shopify.com;/cdn/shop/;shopify_core_js;shopify-section;shopify-payment-button;header:shopify-complexity-score,False,True,16,address_pin:600006;address_city:chennai;phone:+91;currency:INR,address_pincode;address_city,pin_code_600006,ACCEPTED,,4,0,1,4,jsonld_or_dom_img,keyword_heuristics,metadata_or_headings,True,
https://eeshazaveri.com,https://www.eeshazaveri.com/,200,True,28,window.Shopify;Shopify.shop;cdn.shopify.com;/cdn/shop/;shopify_core_js;shopify-section;header:shopify-complexity-score,False,False,2,currency:INR,,,REJECTED_NON_INDIA,India score 2 < threshold 7,1,0,0,0,,,,True,
https://soultree.in,https://www.soultree.in/,200,True,28,window.Shopify;Shopify.shop;cdn.shopify.com;/cdn/shop/;shopify_core_js;shopify-section;header:shopify-complexity-score,False,True,26,address_state:Uttar Pradesh;address_pin:110030;address_city:delhi;phone:+91;indian_payment_gateway;currency:INR;domain:.in,address_state;address_pincode;address_city,address_state,ACCEPTED,,4,2,2,4,jsonld_or_dom_img,keyword_heuristics,metadata_or_headings,True,
https://devsmusic.in,https://www.devsmusic.in/,200,True,28,window.Shopify;Shopify.shop;cdn.shopify.com;/cdn/shop/;shopify_core_js;shopify-section;header:shopify-complexity-score,False,False,5,currency:INR;domain:.in;city_mention:pune,,,REJECTED_NON_INDIA,India score 5 < threshold 7,4,0,0,0,,,,True,
https://drtrust.in,https://drtrust.in,200,True,28,window.Shopify;Shopify.shop;cdn.shopify.com;/cdn/shop/;shopify_core_js;shopify-section;header:shopify-complexity-score,False,True,26,address_state:Chandigarh;address_pin:160009;address_city:chandigarh;phone:+91;indian_payment_gateway;currency:INR;domain:.in,address_state;address_pincode;address_city,address_state,ACCEPTED,,4,1,2,0,jsonld_or_dom_img,keyword_heuristics,metadata_or_headings,True,
https://silverlinings.in,https://silverlinings.in,200,True,32,window.Shopify;Shopify.shop;cdn.shopify.com;/cdn/shop/;shopify_core_js;shopify-section;shopify-payment-button;shopify_meta_attribute;header:shopify-complexity-score,False,False,11,phone:+91;indian_payment_gateway;currency:INR;domain:.in,,,REJECTED_NON_INDIA,Lacks strong Indian business location evidence,4,0,0,0,,,,True,
https://zebo.clothing,https://zebo.clothing,0,False,0,,False,False,0,,,,REJECTED_FETCH_ERROR,NetworkError: ConnectError,0,0,0,0,,,,True,NetworkError: ConnectError
https://aromatreasures.com,https://aromatreasures.com,200,True,28,window.Shopify;Shopify.shop;cdn.shopify.com;/cdn/shop/;shopify_core_js;shopify-section;header:shopify-complexity-score,False,False,7,phone:+91;currency:INR,,,REJECTED_NON_INDIA,Lacks strong Indian business location evidence,4,0,0,0,,,,True,
https://lathaputtanna.com,https://www.lathaputtanna.com/,200,True,30,window.Shopify;Shopify.shop;cdn.shopify.com;/cdn/shop/;shopify_core_js;shopify-section;shopify_meta_attribute;header:shopify-complexity-score,False,True,24,gstin:29AAKFL7035Q1ZH;address_pin:560011;address_city:bangalore;phone:+91;currency:INR,gstin;address_pincode;address_city,gstin_code_29,ACCEPTED,,4,1,1,3,jsonld_or_dom_img,keyword_heuristics,metadata_or_headings,True,
https://swhf.in,https://swhf.in,200,False,0,,False,False,0,,,,REJECTED_NON_SHOPIFY,Shopify score 0 < threshold 5,0,0,0,0,,,,True,
https://livtekindia.com,https://livtekindia.com,200,True,28,window.Shopify;Shopify.shop;cdn.shopify.com;/cdn/shop/;shopify_core_js;shopify-section;header:shopify-complexity-score,False,True,16,address_pin:400001;address_city:mumbai;phone:+91;currency:INR,address_pincode;address_city,pin_code_400001,ACCEPTED,,4,4,5,0,jsonld_or_dom_img,keyword_heuristics,metadata_or_headings,True,
https://icelings.com,https://icelings.com,200,False,0,,False,False,0,,,,REJECTED_NON_SHOPIFY,Shopify score 0 < threshold 5,0,0,0,0,,,,True,
https://moarmouz.com,https://www.moarmouz.com/,200,True,30,window.Shopify;Shopify.shop;cdn.shopify.com;/cdn/shop/;shopify_core_js;shopify-section;shopify-payment-button;header:shopify-complexity-score,False,True,28,gstin:09AAICM2876M1ZR;address_state:Delhi;address_city:delhi;phone:+91;indian_payment_gateway;currency:INR,gstin;address_state;address_city,gstin_code_09,ACCEPTED,,4,2,2,6,jsonld_or_dom_img,keyword_heuristics,metadata_or_headings,True,
https://worldtagin.com,https://worldtagin.com,200,True,26,window.Shopify;Shopify.shop;cdn.shopify.com;/cdn/shop/;shopify_core_js;header:shopify-complexity-score,False,False,7,phone:+91;currency:INR,,,REJECTED_NON_INDIA,Lacks strong Indian business location evidence,4,0,0,0,,,,True,
https://menorah.in,https://menorahcreatif.com/,200,True,32,window.Shopify;Shopify.shop;cdn.shopify.com;/cdn/shop/;shopify_core_js;shopify-section;shopify-payment-button;shopify_meta_attribute;header:shopify-complexity-score,False,True,17,address_pin:625001;address_city:madurai;phone:+91;currency:INR;domain:.in,address_pincode;address_city,pin_code_625001,ACCEPTED,,4,2,1,6,jsonld_or_dom_img,keyword_heuristics,metadata_or_headings,True,
https://cocooncarpets.com,https://www.cocooncarpets.com/,200,True,28,window.Shopify;Shopify.shop;cdn.shopify.com;/cdn/shop/;shopify_core_js;shopify-section;header:shopify-complexity-score,False,True,34,jsonld_india_address;state:Maharashtra;address_state:Delhi;address_city:bengaluru;phone:+91;indian_payment_gateway;currency:INR,jsonld_address;address_state;address_city,json_ld_address,ACCEPTED,,4,9,10,7,jsonld_or_dom_img,keyword_heuristics,metadata_or_headings,True,
https://inoxjewelry.in,https://inoxjewelry.in,200,True,28,window.Shopify;Shopify.shop;cdn.shopify.com;/cdn/shop/;shopify_core_js;shopify-section;header:shopify-complexity-score,False,True,31,jsonld_india_address;state:Maharashtra;address_pin:400050;address_city:mumbai;phone:+91;currency:INR;domain:.in,jsonld_address;address_pincode;address_city,json_ld_address,ACCEPTED,,4,2,1,9,jsonld_or_dom_img,keyword_heuristics,metadata_or_headings,True,
https://theallthingsshop.com,https://theallthingsshop.com,200,False,0,,False,False,0,,,,REJECTED_NON_SHOPIFY,Shopify score 0 < threshold 5,0,0,0,0,,,,True,
https://pranaybaidya.com,https://pranaybaidya.com,200,True,28,window.Shopify;Shopify.shop;cdn.shopify.com;/cdn/shop/;shopify_core_js;shopify-section;header:shopify-complexity-score,False,True,25,address_state:West Bengal;address_pin:700020;address_city:kolkata;phone:+91;indian_payment_gateway;currency:INR,address_state;address_pincode;address_city,address_state,ACCEPTED,,4,1,3,1,jsonld_or_dom_img,keyword_heuristics,metadata_or_headings,True,
https://puregheedesigns.com,https://www.puregheedesigns.com/,200,True,30,window.Shopify;Shopify.shop;cdn.shopify.com;/cdn/shop/;shopify_core_js;shopify-section;shopify-payment-button;header:shopify-complexity-score,False,True,17,address_state:Haryana;address_city:gurugram;phone:+91;currency:INR,address_state;address_city,address_state,ACCEPTED,,4,1,1,4,jsonld_or_dom_img,keyword_heuristics,metadata_or_headings,True,
https://impresso.in,https://impresso.store/,200,True,28,window.Shopify;Shopify.shop;cdn.shopify.com;/cdn/shop/;shopify_core_js;shopify-section;header:shopify-complexity-score,False,True,23,address_state:Telangana;address_pin:500072;address_city:hyderabad;phone:+91;currency:INR;domain:.in,address_state;address_pincode;address_city,address_state,ACCEPTED,,4,2,2,0,jsonld_or_dom_img,keyword_heuristics,metadata_or_headings,True,
https://smsaree.com,https://smsaree.com,200,True,28,window.Shopify;Shopify.shop;cdn.shopify.com;/cdn/shop/;shopify_core_js;shopify-section;header:shopify-complexity-score,False,True,16,address_pin:700007;address_city:kolkata;phone:+91;currency:INR,address_pincode;address_city,pin_code_700007,ACCEPTED,,4,4,2,4,jsonld_or_dom_img,keyword_heuristics,metadata_or_headings,True,
https://bracevor.in,https://www.bracevor.in/,200,True,30,window.Shopify;Shopify.shop;cdn.shopify.com;/cdn/shop/;shopify_core_js;shopify-section;shopify-payment-button;header:shopify-complexity-score,False,False,11,phone:+91;indian_payment_gateway;currency:INR;domain:.in,,,REJECTED_NON_INDIA,Lacks strong Indian business location evidence,4,0,0,0,,,,True,
https://zeezeezoo.in,https://zeezeezoo.com/,200,True,32,window.Shopify;Shopify.shop;cdn.shopify.com;/cdn/shop/;shopify_core_js;shopify-section;shopify-payment-button;shopify_meta_attribute;header:shopify-complexity-score,False,True,26,address_state:Gujarat;address_pin:390016;address_city:vadodara;phone:+91;indian_payment_gateway;currency:INR;domain:.in,address_state;address_pincode;address_city,address_state,ACCEPTED,,4,2,1,0,jsonld_or_dom_img,keyword_heuristics,metadata_or_headings,True,
https://gottago.in,https://gottago.in,200,True,30,window.Shopify;Shopify.shop;cdn.shopify.com;/cdn/shop/;shopify_core_js;shopify-section;shopify-payment-button;header:shopify-complexity-score,False,True,26,address_state:Delhi;address_pin:868686;address_city:delhi;phone:+91;indian_payment_gateway;currency:INR;domain:.in,address_state;address_pincode;address_city,address_state,ACCEPTED,,4,1,1,3,jsonld_or_dom_img,keyword_heuristics,metadata_or_headings,True,
https://parihara.com,https://parihara.com,200,False,0,,False,False,0,,,,REJECTED_NON_SHOPIFY,Shopify score 0 < threshold 5,0,0,0,0,,,,True,
https://ruchkar.in,https://www.ruchkar.in/,200,True,30,window.Shopify;Shopify.shop;cdn.shopify.com;/cdn/shop/;shopify_core_js;shopify-section;shopify-payment-button;header:shopify-complexity-score,False,False,8,phone:+91;currency:INR;domain:.in,,,REJECTED_NON_INDIA,Lacks strong Indian business location evidence,3,0,0,0,,,,True,
https://silverstore.in,https://silverstore.in,200,True,28,window.Shopify;Shopify.shop;cdn.shopify.com;/cdn/shop/;shopify_core_js;shopify-section;header:shopify-complexity-score,False,True,17,address_pin:380001;address_city:ahmedabad;phone:+91;currency:INR;domain:.in,address_pincode;address_city,pin_code_380001,ACCEPTED,,4,0,6,4,jsonld_or_dom_img,keyword_heuristics,metadata_or_headings,True,
https://aavarnam.com,https://aavarnam.com,200,True,32,window.Shopify;Shopify.shop;cdn.shopify.com;/cdn/shop/;shopify_core_js;shopify-section;shopify-payment-button;shopify_meta_attribute;header:shopify-complexity-score,False,True,22,address_state:Delhi;address_pin:110007;address_city:delhi;phone:+91;currency:INR,address_state;address_pincode;address_city,address_state,ACCEPTED,,4,0,1,1,jsonld_or_dom_img,keyword_heuristics,metadata_or_headings,True,
https://kunchals.com,https://www.kunchals.in/,200,True,28,window.Shopify;Shopify.shop;cdn.shopify.com;/cdn/shop/;shopify_core_js;shopify-section;header:shopify-complexity-score,False,True,25,address_state:Haryana;address_pin:110048;address_city:delhi;phone:+91;indian_payment_gateway;currency:INR,address_state;address_pincode;address_city,address_state,ACCEPTED,,4,0,3,2,jsonld_or_dom_img,keyword_heuristics,metadata_or_headings,True,
https://deviopticians.in,https://www.deviopticians.in/,200,True,28,window.Shopify;Shopify.shop;cdn.shopify.com;/cdn/shop/;shopify_core_js;shopify-section;header:shopify-complexity-score,False,True,22,jsonld_india_address;state:Kerala;phone:+91;currency:INR;domain:.in,jsonld_address,json_ld_address,ACCEPTED,,4,1,1,1,jsonld_or_dom_img,keyword_heuristics,metadata_or_headings,True,
https://tasteofkashmir.com,https://www.tasteofkashmir.com/,200,True,28,window.Shopify;Shopify.shop;cdn.shopify.com;/cdn/shop/;shopify_core_js;shopify-section;header:shopify-complexity-score,False,True,15,address_pin:190011;phone:+91;indian_payment_gateway;currency:INR,address_pincode,pin_code_190011,ACCEPTED,,4,1,4,1,jsonld_or_dom_img,keyword_heuristics,metadata_or_headings,True,
https://hireittech.com,https://hireittech.com,0,False,0,,False,False,0,,,,REJECTED_FETCH_ERROR,Timeout: ConnectTimeout,0,0,0,0,,,,True,Timeout: ConnectTimeout
https://fareenas.com,https://www.fareenas.com/,200,True,30,window.Shopify;Shopify.shop;cdn.shopify.com;/cdn/shop/;shopify_core_js;shopify-section;shopify-payment-button;header:shopify-complexity-score,False,True,36,jsonld_india_address;state:Delhi;address_state:Delhi;address_pin:110025;address_city:delhi;phone:+91;currency:INR,jsonld_address;address_state;address_pincode;address_city,json_ld_address,ACCEPTED,,3,1,1,2,jsonld_or_dom_img,keyword_heuristics,metadata_or_headings,True,
https://poojajuneja.com,https://poojajuneja.com,200,True,28,window.Shopify;Shopify.shop;cdn.shopify.com;/cdn/shop/;shopify_core_js;shopify-section;header:shopify-complexity-score,False,True,22,address_state:Delhi;address_pin:110008;address_city:delhi;phone:+91;currency:INR,address_state;address_pincode;address_city,address_state,ACCEPTED,,4,3,1,3,jsonld_or_dom_img,keyword_heuristics,metadata_or_headings,True,
https://jaggerybags.com,https://www.jaggerybags.com/,200,True,30,window.Shopify;Shopify.shop;cdn.shopify.com;/cdn/shop/;shopify_core_js;shopify-section;shopify-payment-button;header:shopify-complexity-score,False,True,13,address_state:Haryana;phone:+91;currency:INR,address_state,address_state,ACCEPTED,,4,1,1,3,jsonld_or_dom_img,keyword_heuristics,metadata_or_headings,True,
https://greencarpet.in,https://www.greencarpet.in/,200,True,28,window.Shopify;Shopify.shop;cdn.shopify.com;/cdn/shop/;shopify_core_js;shopify-section;header:shopify-complexity-score,False,True,17,address_pin:560034;address_city:bangalore;phone:+91;currency:INR;domain:.in,address_pincode;address_city,pin_code_560034,ACCEPTED,,2,1,2,6,jsonld_or_dom_img,keyword_heuristics,metadata_or_headings,True,
https://theinitiative.in,https://theinitiative.in,423,False,0,,False,False,0,,,,REJECTED_FETCH_ERROR,HTTP 423,0,0,0,0,,,,True,HTTP 423
https://ahika.in,https://ahika.in,200,True,28,window.Shopify;Shopify.shop;cdn.shopify.com;/cdn/shop/;shopify_core_js;shopify-section;header:shopify-complexity-score,False,True,37,jsonld_india_address;state:Gujarat;address_state:Gujarat;address_pin:394230;address_city:surat;phone:+91;currency:INR;domain:.in,jsonld_address;address_state;address_pincode;address_city,json_ld_address,ACCEPTED,,4,1,1,4,jsonld_or_dom_img,keyword_heuristics,metadata_or_headings,True,
https://treekart.com,https://www.treekart.com/,200,True,26,window.Shopify;Shopify.shop;cdn.shopify.com;/cdn/shop/;shopify_core_js;header:shopify-complexity-score,False,True,17,address_state:Andhra Pradesh;address_pin:500018;address_city:hyderabad;currency:INR,address_state;address_pincode;address_city,address_state,ACCEPTED,,4,1,0,4,jsonld_or_dom_img,keyword_heuristics,metadata_or_headings,True,
https://dharmsala.com,https://www.dharmsala.com/,200,True,26,window.Shopify;Shopify.shop;cdn.shopify.com;/cdn/shop/;shopify_core_js;header:shopify-complexity-score,False,False,2,currency:INR,,,REJECTED_NON_INDIA,India score 2 < threshold 7,1,0,0,0,,,,True,
https://eina-ahluwalia.com,https://eina-ahluwalia.com,0,False,0,,False,False,0,,,,REJECTED_FETCH_ERROR,NetworkError: ConnectError,0,0,0,0,,,,True,NetworkError: ConnectError
https://jazzmyhome.com,,0,False,0,,False,False,0,,,,,,0,0,0,0,,,,False,Robots.txt blocks homepage
https://pinballstore.in,https://www.pinballstore.in/,200,True,28,window.Shopify;Shopify.shop;cdn.shopify.com;/cdn/shop/;shopify_core_js;shopify-section;header:shopify-complexity-score,False,True,34,gstin:29AAICP0701A1ZZ;address_state:Karnataka;address_pin:560108;address_city:bengaluru;phone:+91;indian_payment_gateway;currency:INR;domain:.in,gstin;address_state;address_pincode;address_city,gstin_code_29,ACCEPTED,,4,2,2,3,jsonld_or_dom_img,keyword_heuristics,metadata_or_headings,True,
https://onlymat.com,https://onlymat.com,200,True,28,window.Shopify;Shopify.shop;cdn.shopify.com;/cdn/shop/;shopify_core_js;shopify-section;header:shopify-complexity-score,False,True,12,address_pin:688555;phone:+91;currency:INR,address_pincode,pin_code_688555,ACCEPTED,,4,0,2,5,jsonld_or_dom_img,keyword_heuristics,metadata_or_headings,True,
https://rangriwaaz.com,https://rangriwaaz.com,200,True,28,window.Shopify;Shopify.shop;cdn.shopify.com;/cdn/shop/;shopify_core_js;shopify-section;header:shopify-complexity-score,False,True,16,address_pin:122011;address_city:gurgaon;phone:+91;currency:INR,address_pincode;address_city,pin_code_122011,ACCEPTED,,3,1,2,3,jsonld_or_dom_img,keyword_heuristics,metadata_or_headings,True,
https://dyutibansal.com,https://dyutibansal.com,200,False,0,,False,False,0,,,,REJECTED_NON_SHOPIFY,Shopify score 0 < threshold 5,0,0,0,0,,,,True,
https://thebabyatelierco.com,https://www.thebabyatelierco.com/,200,True,28,window.Shopify;Shopify.shop;cdn.shopify.com;/cdn/shop/;shopify_core_js;shopify-section;header:shopify-complexity-score,False,True,22,address_state:Karnataka;address_pin:560042;address_city:bengaluru;phone:+91;currency:INR,address_state;address_pincode;address_city,address_state,ACCEPTED,,4,2,2,2,jsonld_or_dom_img,keyword_heuristics,metadata_or_headings,True,
https://styleaura.in,https://www.styleaura.com/,200,True,28,window.Shopify;Shopify.shop;cdn.shopify.com;/cdn/shop/;shopify_core_js;shopify-section;header:shopify-complexity-score,False,True,26,address_state:Karnataka;address_pin:560066;address_city:bangalore;phone:+91;indian_payment_gateway;currency:INR;domain:.in,address_state;address_pincode;address_city,address_state,ACCEPTED,,4,1,1,4,jsonld_or_dom_img,keyword_heuristics,metadata_or_headings,True,
https://palsanijewels.com,https://www.palsanijewels.com/,200,True,26,window.Shopify;Shopify.shop;cdn.shopify.com;/cdn/shop/;shopify_core_js;header:shopify-complexity-score,False,True,16,address_pin:600006;address_city:chennai;phone:+91;currency:INR,address_pincode;address_city,pin_code_600006,ACCEPTED,,4,2,3,2,jsonld_or_dom_img,keyword_heuristics,metadata_or_headings,True,
https://teatreasure.in,https://www.teatreasure.in/,200,True,32,window.Shopify;Shopify.shop;cdn.shopify.com;/cdn/shop/;shopify_core_js;shopify-section;shopify-payment-button;shopify_meta_attribute;header:shopify-complexity-score,False,True,26,address_state:Delhi;address_pin:880090;address_city:delhi;phone:+91;indian_payment_gateway;currency:INR;domain:.in,address_state;address_pincode;address_city,address_state,ACCEPTED,,4,3,2,4,jsonld_or_dom_img,keyword_heuristics,metadata_or_headings,True,
https://kokaachi.com,https://kokaachi.com,200,True,26,window.Shopify;Shopify.shop;cdn.shopify.com;/cdn/shop/;shopify_core_js;header:shopify-complexity-score,False,False,2,currency:INR,,,REJECTED_NON_INDIA,India score 2 < threshold 7,4,0,0,0,,,,True,
https://gulabs.in,https://gulabs.in,200,True,28,window.Shopify;Shopify.shop;cdn.shopify.com;/cdn/shop/;shopify_core_js;shopify-section;header:shopify-complexity-score,False,False,10,phone:+91;currency:INR;domain:.in;city_mention:bangalore,,,REJECTED_NON_INDIA,Lacks strong Indian business location evidence,4,0,0,0,,,,True,
https://hancockfashion.com,https://www.hancockfashion.com/,200,True,32,window.Shopify;Shopify.shop;cdn.shopify.com;/cdn/shop/;shopify_core_js;shopify-section;shopify-payment-button;shopify_meta_attribute;header:shopify-complexity-score,False,True,25,address_state:Delhi;address_pin:110085;address_city:delhi;phone:+91;indian_payment_gateway;currency:INR,address_state;address_pincode;address_city,address_state,ACCEPTED,,4,2,0,4,jsonld_or_dom_img,keyword_heuristics,metadata_or_headings,True,
https://fairybellskart.com,https://fairybellskart.com,200,False,0,,False,False,0,,,,REJECTED_NON_SHOPIFY,Shopify score 0 < threshold 5,0,0,0,0,,,,True,
https://dancingleaftea.com,https://www.dancingleaftea.com/,200,True,32,window.Shopify;Shopify.shop;cdn.shopify.com;/cdn/shop/;shopify_core_js;shopify-section;shopify-payment-button;shopify_meta_attribute;header:shopify-complexity-score,False,True,25,address_state:Maharashtra;address_pin:400018;address_city:mumbai;phone:+91;indian_payment_gateway;currency:INR,address_state;address_pincode;address_city,address_state,ACCEPTED,,4,1,2,4,jsonld_or_dom_img,keyword_heuristics,metadata_or_headings,True,
https://milkdesignshop.com,https://www.milkdesignshop.com/,200,True,28,window.Shopify;Shopify.shop;cdn.shopify.com;/cdn/shop/;shopify_core_js;shopify-section;header:shopify-complexity-score,False,True,21,address_state:Odisha;address_pin:768004;phone:+91;indian_payment_gateway;currency:INR,address_state;address_pincode,address_state,ACCEPTED,,4,0,1,3,jsonld_or_dom_img,keyword_heuristics,metadata_or_headings,True,
https://kadambri.in,https://www.kadambri.in/,200,True,28,window.Shopify;Shopify.shop;cdn.shopify.com;/cdn/shop/;shopify_core_js;shopify-section;header:shopify-complexity-score,False,False,8,phone:+91;currency:INR;domain:.in,,,REJECTED_NON_INDIA,Lacks strong Indian business location evidence,4,0,0,0,,,,True,
https://thequestastore.com,https://thequestastore.com,200,False,0,,False,False,0,,,,REJECTED_NON_SHOPIFY,Shopify score 0 < threshold 5,0,0,0,0,,,,True,
https://letsannounce.com,https://www.letsannounce.com/,200,True,28,window.Shopify;Shopify.shop;cdn.shopify.com;/cdn/shop/;shopify_core_js;shopify-section;header:shopify-complexity-score,False,True,14,address_city:ahmedabad;phone:+91;indian_payment_gateway;currency:INR,address_city,address_city_ahmedabad,ACCEPTED,,4,2,2,41,jsonld_or_dom_img,keyword_heuristics,metadata_or_headings,True,
https://chaani.in,https://chaani.in,200,True,28,window.Shopify;Shopify.shop;cdn.shopify.com;/cdn/shop/;shopify_core_js;shopify-section;header:shopify-complexity-score,False,True,17,address_pin:600125;address_city:chennai;phone:+91;currency:INR;domain:.in,address_pincode;address_city,pin_code_600125,ACCEPTED,,4,1,2,0,jsonld_or_dom_img,keyword_heuristics,metadata_or_headings,True,
https://thelionandthefish.com,https://thelionandthefish.com,200,True,28,window.Shopify;Shopify.shop;cdn.shopify.com;/cdn/shop/;shopify_core_js;shopify-section;header:shopify-complexity-score,False,True,22,address_state:Maharashtra;address_pin:400006;address_city:mumbai;phone:+91;currency:INR,address_state;address_pincode;address_city,address_state,ACCEPTED,,4,1,1,2,jsonld_or_dom_img,keyword_heuristics,metadata_or_headings,True,
https://spellboundbookstore.com,https://www.spellboundbookstore.com/,200,True,28,window.Shopify;Shopify.shop;cdn.shopify.com;/cdn/shop/;shopify_core_js;shopify-section;header:shopify-complexity-score,False,True,22,address_state:Maharashtra;address_pin:400049;address_city:mumbai;phone:+91;currency:INR,address_state;address_pincode;address_city,address_state,ACCEPTED,,4,2,4,0,jsonld_or_dom_img,keyword_heuristics,metadata_or_headings,True,
https://missgudi.com,,0,False,0,,False,False,0,,,,,,0,0,0,0,,,,False,Robots.txt blocks homepage
https://fivemorselsoflove.in,https://www.fivemorselspress.in/,200,True,32,window.Shopify;Shopify.shop;cdn.shopify.com;/cdn/shop/;shopify_core_js;shopify-section;shopify-payment-button;shopify_meta_attribute;header:shopify-complexity-score,False,True,13,address_pin:560041;phone:+91;currency:INR;domain:.in,address_pincode,pin_code_560041,ACCEPTED,,4,1,1,0,jsonld_or_dom_img,keyword_heuristics,metadata_or_headings,True,
https://notsoshabbyshop.com,https://www.notsoshabbyshop.com/,200,True,28,window.Shopify;Shopify.shop;cdn.shopify.com;/cdn/shop/;shopify_core_js;shopify-section;header:shopify-complexity-score,False,False,9,phone:+91;currency:INR;city_mention:bengaluru,,,REJECTED_NON_INDIA,Lacks strong Indian business location evidence,4,0,0,0,,,,True,
https://hairdramacompany.com,https://hairdramacompany.com,200,True,28,window.Shopify;Shopify.shop;cdn.shopify.com;/cdn/shop/;shopify_core_js;shopify-section;header:shopify-complexity-score,False,True,25,address_state:Gujarat;address_pin:380051;address_city:delhi;phone:+91;indian_payment_gateway;currency:INR,address_state;address_pincode;address_city,address_state,ACCEPTED,,4,1,2,5,jsonld_or_dom_img,keyword_heuristics,metadata_or_headings,True,
https://gulaalcreations.com,https://www.gulaalcreations.com/,200,True,30,window.Shopify;Shopify.shop;cdn.shopify.com;/cdn/shop/;shopify_core_js;shopify-section;shopify-payment-button;header:shopify-complexity-score,False,True,25,address_state:Rajasthan;address_pin:302022;address_city:jaipur;phone:+91;indian_payment_gateway;currency:INR,address_state;address_pincode;address_city,address_state,ACCEPTED,,3,1,1,4,jsonld_or_dom_img,keyword_heuristics,metadata_or_headings,True,
https://absolutetea.in,https://absolutetea.in,200,True,28,window.Shopify;Shopify.shop;cdn.shopify.com;/cdn/shop/;shopify_core_js;shopify-section;header:shopify-complexity-score,False,False,11,phone:+91;indian_payment_gateway;currency:INR;domain:.in,,,REJECTED_NON_INDIA,Lacks strong Indian business location evidence,4,0,0,0,,,,True,
https://rabbitoutofthehat.in,https://www.rabbitoutofthehat.in/,200,True,28,window.Shopify;Shopify.shop;cdn.shopify.com;/cdn/shop/;shopify_core_js;shopify-section;header:shopify-complexity-score,False,False,8,phone:+91;currency:INR;domain:.in,,,REJECTED_NON_INDIA,Lacks strong Indian business location evidence,4,0,0,0,,,,True,
https://mishcatco.com,https://mishcatco.com,200,True,26,window.Shopify;Shopify.shop;cdn.shopify.com;/cdn/shop/;shopify_core_js;header:shopify-complexity-score,False,True,22,address_state:Uttar Pradesh;address_pin:110024;address_city:delhi;phone:+91;currency:INR,address_state;address_pincode;address_city,address_state,ACCEPTED,,2,1,3,4,jsonld_or_dom_img,keyword_heuristics,metadata_or_headings,True,
https://theglocaltrunk.com,,0,False,0,,False,False,0,,,,,,0,0,0,0,,,,False,Robots.txt blocks homepage
https://styleaura.com,https://www.styleaura.com/,200,True,28,window.Shopify;Shopify.shop;cdn.shopify.com;/cdn/shop/;shopify_core_js;shopify-section;header:shopify-complexity-score,False,True,25,address_state:Karnataka;address_pin:560066;address_city:bangalore;phone:+91;indian_payment_gateway;currency:INR,address_state;address_pincode;address_city,address_state,ACCEPTED,,4,1,1,4,jsonld_or_dom_img,keyword_heuristics,metadata_or_headings,True,
https://shophlet.com,,0,False,0,,False,False,0,,,,,,0,0,0,0,,,,False,Robots.txt blocks homepage
https://pic-monks.com,https://ambar.photos/,200,True,28,window.Shopify;Shopify.shop;cdn.shopify.com;/cdn/shop/;shopify_core_js;shopify-section;header:shopify-complexity-score,False,False,7,phone:+91;currency:INR,,,REJECTED_NON_INDIA,Lacks strong Indian business location evidence,4,0,0,0,,,,True,
https://churchillshoes.com,https://www.churchillshoes.com/,200,True,28,window.Shopify;Shopify.shop;cdn.shopify.com;/cdn/shop/;shopify_core_js;shopify-section;header:shopify-complexity-score,False,True,21,address_state:Punjab;address_pin:144021;phone:+91;indian_payment_gateway;currency:INR,address_state;address_pincode,address_state,ACCEPTED,,4,1,1,4,jsonld_or_dom_img,keyword_heuristics,metadata_or_headings,True,
https://luminouseshop.com,https://www.loomsolar.com/,200,True,28,window.Shopify;Shopify.shop;cdn.shopify.com;/cdn/shop/;shopify_core_js;shopify-section;header:shopify-complexity-score,False,True,25,address_state:Haryana;address_pin:121003;address_city:faridabad;phone:+91;indian_payment_gateway;currency:INR,address_state;address_pincode;address_city,address_state,ACCEPTED,,4,1,3,8,jsonld_or_dom_img,keyword_heuristics,metadata_or_headings,True,
https://glowpink.com,https://glowpink.com,403,False,0,,False,False,0,,,,REJECTED_FETCH_ERROR,HTTP 403,0,0,0,0,,,,True,HTTP 403
https://bigsmall.in,https://www.bigsmall.in/,200,True,28,window.Shopify;Shopify.shop;cdn.shopify.com;/cdn/shop/;shopify_core_js;shopify-section;header:shopify-complexity-score,False,True,26,address_state:Delhi;address_pin:110074;address_city:delhi;phone:+91;indian_payment_gateway;currency:INR;domain:.in,address_state;address_pincode;address_city,address_state,ACCEPTED,,4,2,1,6,jsonld_or_dom_img,keyword_heuristics,metadata_or_headings,True,
https://elegantautoretail.com,https://elegantautoretail.com,200,True,30,window.Shopify;Shopify.shop;cdn.shopify.com;/cdn/shop/;shopify_core_js;shopify-section;shopify-payment-button;header:shopify-complexity-score,False,True,22,jsonld_india_address;address_city:noida;phone:+91;indian_payment_gateway;currency:INR,jsonld_address;address_city,address_city_noida,ACCEPTED,,4,2,4,10,jsonld_or_dom_img,keyword_heuristics,metadata_or_headings,True,
https://sporto.in,https://www.sporto.in/,200,True,32,window.Shopify;Shopify.shop;cdn.shopify.com;/cdn/shop/;shopify_core_js;shopify-section;shopify-payment-button;shopify_meta_attribute;header:shopify-complexity-score,False,False,8,phone:+91;currency:INR;domain:.in,,,REJECTED_NON_INDIA,Lacks strong Indian business location evidence,4,0,0,0,,,,True,
https://carplus.in,https://www.carplus.in/,200,True,30,window.Shopify;Shopify.shop;cdn.shopify.com;/cdn/shop/;shopify_core_js;shopify-section;shopify-payment-button;header:shopify-complexity-score,False,True,23,address_state:Delhi;address_pin:110092;address_city:delhi;phone:+91;currency:INR;domain:.in,address_state;address_pincode;address_city,address_state,ACCEPTED,,4,3,3,3,jsonld_or_dom_img,keyword_heuristics,metadata_or_headings,True,
https://casewale.com,https://casewale.com,200,True,28,window.Shopify;Shopify.shop;cdn.shopify.com;/cdn/shop/;shopify_core_js;shopify-section;header:shopify-complexity-score,False,False,10,phone:+91;indian_payment_gateway;currency:INR,,,REJECTED_NON_INDIA,Lacks strong Indian business location evidence,4,0,0,0,,,,True,
https://perfumebooth.com,https://www.perfumebooth.com/,200,True,5,cdn.shopify.com,False,True,25,address_state:Delhi;address_pin:110015;address_city:delhi;phone:+91;indian_payment_gateway;currency:INR,address_state;address_pincode;address_city,address_state,ACCEPTED,,4,2,3,11,jsonld_or_dom_img,keyword_heuristics,metadata_or_headings,True,
https://weavesmart.com,https://www.weavesmart.com/,200,True,28,window.Shopify;Shopify.shop;cdn.shopify.com;/cdn/shop/;shopify_core_js;shopify-section;header:shopify-complexity-score,False,True,17,address_state:Goa;address_city:hyderabad;phone:+91;currency:INR,address_state;address_city,address_state,ACCEPTED,,4,1,1,0,jsonld_or_dom_img,keyword_heuristics,metadata_or_headings,True,
https://adultskart.com,https://www.adultskart.com/,200,True,28,window.Shopify;Shopify.shop;cdn.shopify.com;/cdn/shop/;shopify_core_js;shopify-section;header:shopify-complexity-score,False,True,20,address_state:Uttar Pradesh;address_city:bangalore;phone:+91;indian_payment_gateway;currency:INR,address_state;address_city,address_state,ACCEPTED,,4,1,2,4,jsonld_or_dom_img,keyword_heuristics,metadata_or_headings,True,
https://partylicious.in,https://www.partylicious.in/,200,True,28,window.Shopify;Shopify.shop;cdn.shopify.com;/cdn/shop/;shopify_core_js;shopify-section;header:shopify-complexity-score,False,True,26,address_state:Delhi;address_pin:110017;address_city:delhi;phone:+91;indian_payment_gateway;currency:INR;domain:.in,address_state;address_pincode;address_city,address_state,ACCEPTED,,4,1,8,4,jsonld_or_dom_img,keyword_heuristics,metadata_or_headings,True,
https://thesummerhouse.in,https://thesummerhouse.in,200,True,30,window.Shopify;Shopify.shop;cdn.shopify.com;/cdn/shop/;shopify_core_js;shopify-section;shopify-payment-button;header:shopify-complexity-score,False,False,13,phone:+91;indian_payment_gateway;currency:INR;domain:.in;city_mention:kolkata,,,REJECTED_NON_INDIA,Lacks strong Indian business location evidence,4,0,0,0,,,,True,
https://anokherang.com,https://www.anokherang.com/,200,True,28,window.Shopify;Shopify.shop;cdn.shopify.com;/cdn/shop/;shopify_core_js;shopify-section;header:shopify-complexity-score,False,True,25,address_state:Delhi;address_pin:110030;address_city:delhi;phone:+91;indian_payment_gateway;currency:INR,address_state;address_pincode;address_city,address_state,ACCEPTED,,3,1,2,6,jsonld_or_dom_img,keyword_heuristics,metadata_or_headings,True,
https://truworthhomes.com,https://truworthhomes.com,200,True,28,window.Shopify;Shopify.shop;cdn.shopify.com;/cdn/shop/;shopify_core_js;shopify-section;header:shopify-complexity-score,False,True,19,address_pin:302001;address_city:jaipur;phone:+91;indian_payment_gateway;currency:INR,address_pincode;address_city,pin_code_302001,ACCEPTED,,4,2,4,0,jsonld_or_dom_img,keyword_heuristics,metadata_or_headings,True,
https://teezindia.myshopify.com,,0,False,0,,False,False,0,,,,,,0,0,0,0,,,,False,Robots.txt blocks homepage
https://rawpressery.com,https://www.rawpressery.com/,200,True,28,window.Shopify;Shopify.shop;cdn.shopify.com;/cdn/shop/;shopify_core_js;shopify-section;header:shopify-complexity-score,False,False,7,phone:+91;currency:INR,,,REJECTED_NON_INDIA,Lacks strong Indian business location evidence,0,0,0,0,,,,True,
https://aristobrat.in,https://www.aristobrat.in/,200,True,28,window.Shopify;Shopify.shop;cdn.shopify.com;/cdn/shop/;shopify_core_js;shopify-section;header:shopify-complexity-score,False,True,40,jsonld_india_address;state:Karnataka;address_state:Karnataka;address_pin:560034;address_city:bangalore;phone:+91;indian_payment_gateway;currency:INR;domain:.in,jsonld_address;address_state;address_pincode;address_city,json_ld_address,ACCEPTED,,3,1,1,4,jsonld_or_dom_img,keyword_heuristics,metadata_or_headings,True,
https://ritikart.com,https://ritikart.com,200,True,32,window.Shopify;Shopify.shop;cdn.shopify.com;/cdn/shop/;shopify_core_js;shopify-section;shopify-payment-button;shopify_meta_attribute;header:shopify-complexity-score,False,True,30,jsonld_india_address;state:Odisha;address_state:Odisha;phone:+91;indian_payment_gateway;currency:INR,jsonld_address;address_state,json_ld_address,ACCEPTED,,4,1,1,6,jsonld_or_dom_img,keyword_heuristics,metadata_or_headings,True,
https://sareesmithila.com,https://sareesmithila.com,200,False,0,,False,False,0,,,,REJECTED_NON_SHOPIFY,Shopify score 0 < threshold 5,0,0,0,0,,,,True,
https://shauryasanadhya.com,https://www.shauryasanadhya.com/,200,True,32,window.Shopify;Shopify.shop;cdn.shopify.com;/cdn/shop/;shopify_core_js;shopify-section;shopify-payment-button;shopify_meta_attribute;header:shopify-complexity-score,False,True,19,address_pin:411048;address_city:pune;phone:+91;indian_payment_gateway;currency:INR,address_pincode;address_city,pin_code_411048,ACCEPTED,,4,1,1,2,jsonld_or_dom_img,keyword_heuristics,metadata_or_headings,True,
https://homeomart.com,https://homeomart.com,200,True,28,window.Shopify;Shopify.shop;cdn.shopify.com;/cdn/shop/;shopify_core_js;shopify-section;header:shopify-complexity-score,False,True,26,gstin:29AAGCI5547P1ZR;address_state:Karnataka;address_pin:590010;phone:+91;currency:INR,gstin;address_state;address_pincode,gstin_code_29,ACCEPTED,,4,3,2,6,jsonld_or_dom_img,keyword_heuristics,metadata_or_headings,True,
https://thebeachcompany.in,https://www.thebeachcompany.in/,200,True,28,window.Shopify;Shopify.shop;cdn.shopify.com;/cdn/shop/;shopify_core_js;shopify-section;header:shopify-complexity-score,False,False,8,indian_payment_gateway;currency:INR;domain:.in;city_mention:mumbai,,,REJECTED_NON_INDIA,Lacks strong Indian business location evidence,4,0,0,0,,,,True,
https://romanfox.com,https://romanfox.com,200,True,32,window.Shopify;Shopify.shop;cdn.shopify.com;/cdn/shop/;shopify_core_js;shopify-section;shopify-payment-button;shopify_meta_attribute;header:shopify-complexity-score,False,True,22,address_state:Delhi;address_pin:110019;address_city:delhi;phone:+91;currency:INR,address_state;address_pincode;address_city,address_state,ACCEPTED,,4,2,2,0,jsonld_or_dom_img,keyword_heuristics,metadata_or_headings,True,
https://turtleonline.in,,0,False,0,,False,False,0,,,,,,0,0,0,0,,,,False,Robots.txt blocks homepage
https://objectry.com,https://objectry.com,200,True,28,window.Shopify;Shopify.shop;cdn.shopify.com;/cdn/shop/;shopify_core_js;shopify-section;header:shopify-complexity-score,False,True,15,address_state:Delhi;address_city:delhi;indian_payment_gateway;currency:INR,address_state;address_city,address_state,ACCEPTED,,4,3,0,2,jsonld_or_dom_img,keyword_heuristics,metadata_or_headings,True,
https://quirksmith.com,https://quirksmith.com,200,True,28,window.Shopify;Shopify.shop;cdn.shopify.com;/cdn/shop/;shopify_core_js;shopify-section;header:shopify-complexity-score,False,True,22,address_state:Karnataka;address_pin:560035;address_city:bengaluru;phone:+91;currency:INR,address_state;address_pincode;address_city,address_state,ACCEPTED,,4,1,1,5,jsonld_or_dom_img,keyword_heuristics,metadata_or_headings,True,
https://streetstylestalk.com,https://streetstylestalk.com,0,False,0,,False,False,0,,,,REJECTED_FETCH_ERROR,NetworkError: ConnectError,0,0,0,0,,,,True,NetworkError: ConnectError
https://rdkl-u.myshopify.com,https://www.rdklu.com/,200,True,38,myshopify_subdomain;window.Shopify;Shopify.shop;cdn.shopify.com;/cdn/shop/;shopify_core_js;shopify-section;header:shopify-complexity-score,False,False,10,phone:+91;indian_payment_gateway;currency:INR,,,REJECTED_NON_INDIA,Lacks strong Indian business location evidence,4,0,0,0,,,,True,
https://bombayshavingcompany.com,https://www.bombayshavingcompany.com/,200,True,28,window.Shopify;Shopify.shop;cdn.shopify.com;/cdn/shop/;shopify_core_js;shopify-section;header:shopify-complexity-score,False,True,25,address_state:Uttar Pradesh;address_pin:122103;address_city:thane;phone:+91;indian_payment_gateway;currency:INR,address_state;address_pincode;address_city,address_state,ACCEPTED,,4,3,1,4,jsonld_or_dom_img,keyword_heuristics,metadata_or_headings,True,
https://deivee.com,https://deivee.com,200,True,28,window.Shopify;Shopify.shop;cdn.shopify.com;/cdn/shop/;shopify_core_js;shopify-section;header:shopify-complexity-score,False,True,22,address_state:Karnataka;address_pin:560038;address_city:bangalore;phone:+91;currency:INR,address_state;address_pincode;address_city,address_state,ACCEPTED,,4,2,1,0,jsonld_or_dom_img,keyword_heuristics,metadata_or_headings,True,
https://joshindia.com,https://www.joshindia.com/,200,True,30,window.Shopify;Shopify.shop;cdn.shopify.com;/cdn/shop/;shopify_core_js;shopify-section;shopify-payment-button;header:shopify-complexity-score,False,True,11,address_city:surat;phone:+91;currency:INR,address_city,address_city_surat,ACCEPTED,,4,2,1,1,jsonld_or_dom_img,keyword_heuristics,metadata_or_headings,True,
https://giftbox2.myshopify.com,https://giftbox2.myshopify.com,200,True,38,myshopify_subdomain;window.Shopify;Shopify.shop;cdn.shopify.com;/cdn/shop/;shopify_core_js;shopify-section;header:shopify-complexity-score,False,False,2,currency:INR,,,REJECTED_NON_INDIA,India score 2 < threshold 7,0,0,0,0,,,,True,
https://fabriclore-com.myshopify.com,https://fabriclore.com/,200,True,10,myshopify_subdomain,False,True,22,address_state:Karnataka;address_pin:302017;address_city:bengaluru;phone:+91;currency:INR,address_state;address_pincode;address_city,address_state,ACCEPTED,,4,0,2,3,jsonld_or_dom_img,keyword_heuristics,metadata_or_headings,True,
https://aestheticnation.co.in,https://aestheticnation.co.in,200,True,30,window.Shopify;Shopify.shop;cdn.shopify.com;/cdn/shop/;shopify_core_js;shopify-section;shopify-payment-button;header:shopify-complexity-score,False,True,28,jsonld_india_address;state:Maharashtra;phone:+91;indian_payment_gateway;currency:INR;domain:.co.in;city_mention:bangalore,jsonld_address,json_ld_address,ACCEPTED,,4,1,0,3,jsonld_or_dom_img,keyword_heuristics,metadata_or_headings,True,
https://indubindu.com,https://www.indubindu.com/,200,True,28,window.Shopify;Shopify.shop;cdn.shopify.com;/cdn/shop/;shopify_core_js;shopify-section;header:shopify-complexity-score,False,True,19,address_pin:201301;address_city:noida;phone:+91;indian_payment_gateway;currency:INR,address_pincode;address_city,pin_code_201301,ACCEPTED,,4,2,1,3,jsonld_or_dom_img,keyword_heuristics,metadata_or_headings,True,
https://iruve.in,https://iruve.in,200,True,28,window.Shopify;Shopify.shop;cdn.shopify.com;/cdn/shop/;shopify_core_js;shopify-section;header:shopify-complexity-score,False,True,23,address_state:Karnataka;address_pin:560019;address_city:bengaluru;phone:+91;currency:INR;domain:.in,address_state;address_pincode;address_city,address_state,ACCEPTED,,4,1,1,4,jsonld_or_dom_img,keyword_heuristics,metadata_or_headings,True,
https://spaces.in,https://spaces.in,200,True,28,window.Shopify;Shopify.shop;cdn.shopify.com;/cdn/shop/;shopify_core_js;shopify-section;header:shopify-complexity-score,False,False,11,phone:+91;indian_payment_gateway;currency:INR;domain:.in,,,REJECTED_NON_INDIA,Lacks strong Indian business location evidence,4,0,0,0,,,,True,
https://pulimoottilonline.com,https://pulimoottilonline.com,200,True,28,window.Shopify;Shopify.shop;cdn.shopify.com;/cdn/shop/;shopify_core_js;shopify-section;header:shopify-complexity-score,False,True,29,gstin:32AAIFP4906E1ZJ;address_state:Kerala;address_pin:680020;phone:+91;indian_payment_gateway;currency:INR,gstin;address_state;address_pincode,gstin_code_32,ACCEPTED,,4,6,8,5,jsonld_or_dom_img,keyword_heuristics,metadata_or_headings,True,
https://oilcure.com,https://www.oilcure.com/,200,True,28,window.Shopify;Shopify.shop;cdn.shopify.com;/cdn/shop/;shopify_core_js;shopify-section;header:shopify-complexity-score,False,False,5,indian_payment_gateway;currency:INR,,,REJECTED_NON_INDIA,India score 5 < threshold 7,4,0,0,0,,,,True,
https://zivarcreations.com,https://www.zivarcreations.com/,200,True,28,window.Shopify;Shopify.shop;cdn.shopify.com;/cdn/shop/;shopify_core_js;shopify-section;header:shopify-complexity-score,False,False,9,phone:+91;currency:INR;city_mention:pune,,,REJECTED_NON_INDIA,Lacks strong Indian business location evidence,2,0,0,0,,,,True,
https://fbnutrition.com,https://fbnutrition.com,200,True,28,window.Shopify;Shopify.shop;cdn.shopify.com;/cdn/shop/;shopify_core_js;shopify-section;header:shopify-complexity-score,False,True,25,jsonld_india_address;address_state:Delhi;address_city:delhi;phone:+91;currency:INR,jsonld_address;address_state;address_city,address_state,ACCEPTED,,4,3,1,7,jsonld_or_dom_img,keyword_heuristics,metadata_or_headings,True,
https://silverlineelectronics.in,https://www.silverlineelectronics.in/,200,True,30,window.Shopify;Shopify.shop;cdn.shopify.com;/cdn/shop/;shopify_core_js;shopify-section;shopify-payment-button;header:shopify-complexity-score,False,True,20,gstin:29AAZPC3444K1Z5;address_pin:560002;address_city:bangalore;currency:INR;domain:.in,gstin;address_pincode;address_city,gstin_code_29,ACCEPTED,,4,2,2,2,jsonld_or_dom_img,keyword_heuristics,metadata_or_headings,True,
https://divyamantra.com,https://divyamantra.com,0,False,0,,False,False,0,,,,REJECTED_FETCH_ERROR,NetworkError: ConnectError,0,0,0,0,,,,True,NetworkError: ConnectError
https://wolfattire.com,https://wolfattire.com,200,True,28,window.Shopify;Shopify.shop;cdn.shopify.com;/cdn/shop/;shopify_core_js;shopify-section;header:shopify-complexity-score,False,True,12,address_pin:666666;phone:+91;currency:INR,address_pincode,,ACCEPTED,,4,1,2,2,jsonld_or_dom_img,keyword_heuristics,metadata_or_headings,True,
https://usedyetnew.com,,0,False,0,,False,False,0,,,,,,0,0,0,0,,,,False,Robots.txt blocks homepage
https://wlend.in,https://neesa.gg/,200,False,0,,False,False,0,,,,REJECTED_NON_SHOPIFY,Shopify score 0 < threshold 5,0,0,0,0,,,,True,
https://letsgearup.in,https://letsgearup.in,200,True,28,window.Shopify;Shopify.shop;cdn.shopify.com;/cdn/shop/;shopify_core_js;shopify-section;header:shopify-complexity-score,False,True,26,address_state:Karnataka;address_pin:560102;address_city:bengaluru;phone:+91;indian_payment_gateway;currency:INR;domain:.in,address_state;address_pincode;address_city,address_state,ACCEPTED,,3,2,1,4,jsonld_or_dom_img,keyword_heuristics,metadata_or_headings,True,
https://brewingcricket.com,https://www.brewingcricket.com/password,200,False,0,,False,False,0,,,,REJECTED_INACTIVE,Redirects to /password,0,0,0,0,,,,True,Redirects to /password
https://motocentral.in,https://motocentral.in,200,True,26,window.Shopify;Shopify.shop;cdn.shopify.com;/cdn/shop/;shopify_core_js;header:shopify-complexity-score,False,True,25,jsonld_india_address;state:Maharashtra;phone:+91;indian_payment_gateway;currency:INR;domain:.in,jsonld_address,json_ld_address,ACCEPTED,,4,1,1,5,jsonld_or_dom_img,keyword_heuristics,metadata_or_headings,True,
https://moksha-oils.myshopify.com,https://shop.mokshalifestyle.com/,200,True,38,myshopify_subdomain;window.Shopify;Shopify.shop;cdn.shopify.com;/cdn/shop/;shopify_core_js;shopify-section;header:shopify-complexity-score,False,True,22,address_state:Delhi;address_pin:110007;address_city:delhi;phone:+91;currency:INR,address_state;address_pincode;address_city,address_state,ACCEPTED,,3,3,2,0,jsonld_or_dom_img,keyword_heuristics,metadata_or_headings,True,
https://2bhealthy.myshopify.com,https://www.tobehonest.in/,200,True,42,myshopify_subdomain;window.Shopify;Shopify.shop;cdn.shopify.com;/cdn/shop/;shopify_core_js;shopify-section;shopify-payment-button;shopify_meta_attribute;header:shopify-complexity-score,False,False,2,currency:INR,,,REJECTED_NON_INDIA,India score 2 < threshold 7,4,0,0,0,,,,True,
https://bangalorerefinery.com,https://www.bangalorerefinery.com/,200,True,28,window.Shopify;Shopify.shop;cdn.shopify.com;/cdn/shop/;shopify_core_js;shopify-section;header:shopify-complexity-score,False,True,22,address_state:Karnataka;address_pin:560058;address_city:bengaluru;phone:+91;currency:INR,address_state;address_pincode;address_city,address_state,ACCEPTED,,4,2,12,3,jsonld_or_dom_img,keyword_heuristics,metadata_or_headings,True,
https://meggnoapptest.myshopify.com,https://meggnoapptest.myshopify.com,200,True,38,myshopify_subdomain;window.Shopify;Shopify.shop;cdn.shopify.com;/cdn/shop/;shopify_core_js;shopify-section;header:shopify-complexity-score,False,False,6,address_city:chennai;currency:INR,address_city,address_city_chennai,REJECTED_NON_INDIA,India score 6 < threshold 7,1,0,0,0,,,,True,
https://desipotli.com,https://desipotli.com,200,False,0,,False,False,0,,,,REJECTED_NON_SHOPIFY,Shopify score 0 < threshold 5,0,0,0,0,,,,True,
https://niyara.in,https://www.niyara.in/,200,True,28,window.Shopify;Shopify.shop;cdn.shopify.com;/cdn/shop/;shopify_core_js;shopify-section;header:shopify-complexity-score,False,True,17,address_pin:201301;address_city:noida;phone:+91;currency:INR;domain:.in,address_pincode;address_city,pin_code_201301,ACCEPTED,,4,2,1,0,jsonld_or_dom_img,keyword_heuristics,metadata_or_headings,True,
https://teeshood.com,https://www.teeshood.com/,200,True,28,window.Shopify;Shopify.shop;cdn.shopify.com;/cdn/shop/;shopify_core_js;shopify-section;header:shopify-complexity-score,False,False,10,phone:+91;indian_payment_gateway;currency:INR,,,REJECTED_NON_INDIA,Lacks strong Indian business location evidence,4,0,0,0,,,,True,
https://leafstudios.in,https://www.leafstudios.in/,200,True,30,window.Shopify;Shopify.shop;cdn.shopify.com;/cdn/shop/;shopify_core_js;shopify-section;shopify-payment-button;header:shopify-complexity-score,False,True,25,jsonld_india_address;state:Delhi;phone:+91;indian_payment_gateway;currency:INR;domain:.in,jsonld_address,json_ld_address,ACCEPTED,,4,2,1,4,jsonld_or_dom_img,keyword_heuristics,metadata_or_headings,True,
https://tulipsmile.com,https://www.tulipsmile.com/,200,True,28,window.Shopify;Shopify.shop;cdn.shopify.com;/cdn/shop/;shopify_core_js;shopify-section;header:shopify-complexity-score,False,True,36,jsonld_india_address;state:Delhi;address_state:Delhi;address_pin:110027;address_city:delhi;phone:+91;currency:INR,jsonld_address;address_state;address_pincode;address_city,json_ld_address,ACCEPTED,,4,2,1,1,jsonld_or_dom_img,keyword_heuristics,metadata_or_headings,True,
https://foxrobe.com,https://foxrobe.com,0,False,0,,False,False,0,,,,REJECTED_FETCH_ERROR,NetworkError: ConnectError,0,0,0,0,,,,True,NetworkError: ConnectError
https://shopifytest9.myshopify.com,https://shopifytest9.myshopify.com,200,False,0,,False,False,0,,,,REJECTED_INACTIVE,Demo/test store (naming + default Shopify boilerplate copy),0,0,0,0,,,,True,Demo/test store (naming + default Shopify boilerplate copy)
https://shoppersfortune.com,https://shoppersfortune.com,200,True,28,window.Shopify;Shopify.shop;cdn.shopify.com;/cdn/shop/;shopify_core_js;shopify-section;header:shopify-complexity-score,False,True,25,address_state:Delhi;address_pin:110033;address_city:delhi;phone:+91;indian_payment_gateway;currency:INR,address_state;address_pincode;address_city,address_state,ACCEPTED,,4,1,1,2,jsonld_or_dom_img,keyword_heuristics,metadata_or_headings,True,
https://hahaha-23.myshopify.com,https://hahaha-23.myshopify.com,200,True,36,myshopify_subdomain;window.Shopify;Shopify.shop;cdn.shopify.com;/cdn/shop/;shopify_core_js;header:shopify-complexity-score,False,False,2,currency:INR,,,REJECTED_NON_INDIA,India score 2 < threshold 7,1,0,0,0,,,,True,
https://givo.com,https://www.givo.com/,200,True,30,window.Shopify;Shopify.shop;cdn.shopify.com;/cdn/shop/;shopify_core_js;shopify-section;shopify-payment-button;header:shopify-complexity-score,False,True,25,address_state:Haryana;address_pin:122001;address_city:delhi;phone:+91;indian_payment_gateway;currency:INR,address_state;address_pincode;address_city,address_state,ACCEPTED,,4,4,3,3,jsonld_or_dom_img,keyword_heuristics,metadata_or_headings,True,
https://gsir.in,https://gsir.in,200,False,0,,False,False,0,,,,REJECTED_NON_SHOPIFY,Shopify score 0 < threshold 5,0,0,0,0,,,,True,
https://wedtree.com,https://www.wedtree.com/,200,True,30,window.Shopify;Shopify.shop;cdn.shopify.com;/cdn/shop/;shopify_core_js;shopify-section;shopify-payment-button;header:shopify-complexity-score,False,True,18,jsonld_india_address;phone:+91;indian_payment_gateway;currency:INR,jsonld_address,,ACCEPTED,,4,1,1,3,jsonld_or_dom_img,keyword_heuristics,metadata_or_headings,True,
https://momzjoy.com,https://momzjoy.com,200,True,28,window.Shopify;Shopify.shop;cdn.shopify.com;/cdn/shop/;shopify_core_js;shopify-section;header:shopify-complexity-score,False,False,10,phone:+91;indian_payment_gateway;currency:INR,,,REJECTED_NON_INDIA,Lacks strong Indian business location evidence,4,0,0,0,,,,True,
https://goremarketdemo.myshopify.com,https://goremarketdemo.myshopify.com/password,200,False,0,,False,False,0,,,,REJECTED_INACTIVE,Redirects to /password,0,0,0,0,,,,True,Redirects to /password
https://necesera.com,https://www.necesera.com/,200,True,28,window.Shopify;Shopify.shop;cdn.shopify.com;/cdn/shop/;shopify_core_js;shopify-section;header:shopify-complexity-score,False,True,25,address_state:Haryana;address_pin:121006;address_city:faridabad;phone:+91;indian_payment_gateway;currency:INR,address_state;address_pincode;address_city,address_state,ACCEPTED,,4,2,1,4,jsonld_or_dom_img,keyword_heuristics,metadata_or_headings,True,
https://redmint-shop.myshopify.com,https://redmint-shop.myshopify.com,200,True,38,myshopify_subdomain;window.Shopify;Shopify.shop;cdn.shopify.com;/cdn/shop/;shopify_core_js;shopify-section;header:shopify-complexity-score,False,False,2,currency:INR,,,REJECTED_NON_INDIA,India score 2 < threshold 7,1,0,0,0,,,,True,
https://lafolie.in,https://lafolie.in,200,True,28,window.Shopify;Shopify.shop;cdn.shopify.com;/cdn/shop/;shopify_core_js;shopify-section;header:shopify-complexity-score,False,True,23,address_state:Maharashtra;address_pin:400012;address_city:mumbai;phone:+91;currency:INR;domain:.in,address_state;address_pincode;address_city,address_state,ACCEPTED,,4,4,1,5,jsonld_or_dom_img,keyword_heuristics,metadata_or_headings,True,
https://reynafabrics.com,,0,False,0,,False,False,0,,,,,,0,0,0,0,,,,False,Robots.txt blocks homepage
https://shutiq.com,https://www.shutiq.com/,200,True,28,window.Shopify;Shopify.shop;cdn.shopify.com;/cdn/shop/;shopify_core_js;shopify-section;header:shopify-complexity-score,False,True,17,address_state:Delhi;address_pin:110015;address_city:delhi;currency:INR,address_state;address_pincode;address_city,address_state,ACCEPTED,,4,0,0,2,jsonld_or_dom_img,keyword_heuristics,metadata_or_headings,True,
https://appulse.in,https://appulse.in,200,True,28,window.Shopify;Shopify.shop;cdn.shopify.com;/cdn/shop/;shopify_core_js;shopify-section;header:shopify-complexity-score,False,False,6,indian_payment_gateway;currency:INR;domain:.in,,,REJECTED_NON_INDIA,India score 6 < threshold 7,4,0,0,0,,,,True,
https://justcanon.in,https://www.justcanon.in/,200,True,30,window.Shopify;Shopify.shop;cdn.shopify.com;/cdn/shop/;shopify_core_js;shopify-section;shopify-payment-button;header:shopify-complexity-score,False,True,23,address_state:Delhi;address_pin:110001;address_city:delhi;phone:+91;currency:INR;domain:.in,address_state;address_pincode;address_city,address_state,ACCEPTED,,4,3,4,2,jsonld_or_dom_img,keyword_heuristics,metadata_or_headings,True,
https://missprintclothing.com,https://missprint.in/,200,True,28,window.Shopify;Shopify.shop;cdn.shopify.com;/cdn/shop/;shopify_core_js;shopify-section;header:shopify-complexity-score,False,True,25,address_state:Chandigarh;address_pin:302015;address_city:gurugram;phone:+91;indian_payment_gateway;currency:INR,address_state;address_pincode;address_city,address_state,ACCEPTED,,4,1,0,2,jsonld_or_dom_img,keyword_heuristics,metadata_or_headings,True,
https://littlebird.in,https://www.littlebird.in/,200,True,28,window.Shopify;Shopify.shop;cdn.shopify.com;/cdn/shop/;shopify_core_js;shopify-section;header:shopify-complexity-score,False,False,6,indian_payment_gateway;currency:INR;domain:.in,,,REJECTED_NON_INDIA,India score 6 < threshold 7,4,0,0,0,,,,True,
https://duisah.com,https://duisah.com,0,False,0,,False,False,0,,,,REJECTED_FETCH_ERROR,NetworkError: ConnectError,0,0,0,0,,,,True,NetworkError: ConnectError
https://robocraze.com,https://robocraze.com,200,True,30,window.Shopify;Shopify.shop;cdn.shopify.com;/cdn/shop/;shopify_core_js;shopify-section;shopify-payment-button;header:shopify-complexity-score,False,True,25,address_state:Karnataka;address_pin:560043;address_city:bengaluru;phone:+91;indian_payment_gateway;currency:INR,address_state;address_pincode;address_city,address_state,ACCEPTED,,4,1,1,6,jsonld_or_dom_img,keyword_heuristics,metadata_or_headings,True,
https://anokhiada.com,https://anokhiada.com,200,True,28,window.Shopify;Shopify.shop;cdn.shopify.com;/cdn/shop/;shopify_core_js;shopify-section;header:shopify-complexity-score,False,True,12,address_pin:202001;phone:+91;currency:INR,address_pincode,pin_code_202001,ACCEPTED,,4,1,2,3,jsonld_or_dom_img,keyword_heuristics,metadata_or_headings,True,
https://lifelongindiaonline.com,https://www.lifelongindiaonline.com/,200,True,28,window.Shopify;Shopify.shop;cdn.shopify.com;/cdn/shop/;shopify_core_js;shopify-section;header:shopify-complexity-score,False,True,25,address_state:Haryana;address_pin:122098;address_city:gurugram;phone:+91;indian_payment_gateway;currency:INR,address_state;address_pincode;address_city,address_state,ACCEPTED,,4,1,2,4,jsonld_or_dom_img,keyword_heuristics,metadata_or_headings,True,
https://zippo.in,https://zippo.in,200,True,28,window.Shopify;Shopify.shop;cdn.shopify.com;/cdn/shop/;shopify_core_js;shopify-section;header:shopify-complexity-score,False,False,8,phone:+91;currency:INR;domain:.in,,,REJECTED_NON_INDIA,Lacks strong Indian business location evidence,2,0,0,0,,,,True,
https://assamicaagro.in,https://www.assamicaagro.in/,200,True,28,window.Shopify;Shopify.shop;cdn.shopify.com;/cdn/shop/;shopify_core_js;shopify-section;header:shopify-complexity-score,False,True,13,address_pin:784507;phone:+91;currency:INR;domain:.in,address_pincode,pin_code_784507,ACCEPTED,,4,3,1,0,jsonld_or_dom_img,keyword_heuristics,metadata_or_headings,True,
https://tirupurfactorysale.com,https://tirupurfactorysale.com,0,False,0,,False,False,0,,,,REJECTED_FETCH_ERROR,NetworkError: ConnectError,0,0,0,0,,,,True,NetworkError: ConnectError
https://bikenbiker.com,https://bikenbiker.com,200,True,5,cdn.shopify.com,False,True,39,jsonld_india_address;state:Karnataka;address_state:Karnataka;address_pin:560027;address_city:bengaluru;phone:+91;indian_payment_gateway;currency:INR,jsonld_address;address_state;address_pincode;address_city,json_ld_address,ACCEPTED,,4,1,1,3,jsonld_or_dom_img,keyword_heuristics,metadata_or_headings,True,
https://joynagar.com,https://joynagar.com,200,True,28,window.Shopify;Shopify.shop;cdn.shopify.com;/cdn/shop/;shopify_core_js;shopify-section;header:shopify-complexity-score,False,True,25,address_state:West Bengal;address_pin:743372;address_city:kolkata;phone:+91;indian_payment_gateway;currency:INR,address_state;address_pincode;address_city,address_state,ACCEPTED,,4,1,1,5,jsonld_or_dom_img,keyword_heuristics,metadata_or_headings,True,
https://herbalmaza.com,https://www.herbalmaza.com/,200,True,28,window.Shopify;Shopify.shop;cdn.shopify.com;/cdn/shop/;shopify_core_js;shopify-section;header:shopify-complexity-score,False,True,29,jsonld_india_address;state:Uttar Pradesh;address_pin:251002;phone:+91;indian_payment_gateway;currency:INR,jsonld_address;address_pincode,json_ld_address,ACCEPTED,,4,1,2,7,jsonld_or_dom_img,keyword_heuristics,metadata_or_headings,True,
https://goodricketea.com,https://goodricketea.com,200,True,28,window.Shopify;Shopify.shop;cdn.shopify.com;/cdn/shop/;shopify_core_js;shopify-section;header:shopify-complexity-score,False,True,25,address_state:West Bengal;address_pin:700019;address_city:kolkata;phone:+91;indian_payment_gateway;currency:INR,address_state;address_pincode;address_city,address_state,ACCEPTED,,4,1,2,4,jsonld_or_dom_img,keyword_heuristics,metadata_or_headings,True,
https://jamsticks.com,https://www.jamsticks.com/,200,True,26,window.Shopify;Shopify.shop;cdn.shopify.com;/cdn/shop/;shopify_core_js;header:shopify-complexity-score,False,True,39,jsonld_india_address;state:Karnataka;address_state:Karnataka;address_pin:560078;address_city:bangalore;phone:+91;indian_payment_gateway;currency:INR,jsonld_address;address_state;address_pincode;address_city,json_ld_address,ACCEPTED,,4,1,1,3,jsonld_or_dom_img,keyword_heuristics,metadata_or_headings,True,
https://venetiandesign.myshopify.com,https://www.venetiandesign.in/,200,True,38,myshopify_subdomain;window.Shopify;Shopify.shop;cdn.shopify.com;/cdn/shop/;shopify_core_js;shopify-section;header:shopify-complexity-score,False,True,16,address_pin:440016;address_city:nagpur;phone:+91;currency:INR,address_pincode;address_city,pin_code_440016,ACCEPTED,,4,1,2,3,jsonld_or_dom_img,keyword_heuristics,metadata_or_headings,True,
https://brillare.co.in,https://www.brillare.co.in/,200,True,28,window.Shopify;Shopify.shop;cdn.shopify.com;/cdn/shop/;shopify_core_js;shopify-section;header:shopify-complexity-score,False,True,24,address_state:Gujarat;address_pin:380054;address_city:ahmedabad;phone:+91;currency:INR;domain:.co.in,address_state;address_pincode;address_city,address_state,ACCEPTED,,4,2,2,4,jsonld_or_dom_img,keyword_heuristics,metadata_or_headings,True,
https://seeandwear.com,https://seeandwear.com,200,True,28,window.Shopify;Shopify.shop;cdn.shopify.com;/cdn/shop/;shopify_core_js;shopify-section;header:shopify-complexity-score,False,True,26,jsonld_india_address;state:Uttar Pradesh;address_pin:201015;phone:+91;currency:INR,jsonld_address;address_pincode,json_ld_address,ACCEPTED,,4,1,1,3,jsonld_or_dom_img,keyword_heuristics,metadata_or_headings,True,
https://triprindia.com,https://triprindia.com,200,True,32,window.Shopify;Shopify.shop;cdn.shopify.com;/cdn/shop/;shopify_core_js;shopify-section;shopify-payment-button;shopify_meta_attribute;header:shopify-complexity-score,False,False,10,phone:+91;indian_payment_gateway;currency:INR,,,REJECTED_NON_INDIA,Lacks strong Indian business location evidence,4,0,0,0,,,,True,
https://ygeiax.com,https://ygeiax.com,200,True,28,window.Shopify;Shopify.shop;cdn.shopify.com;/cdn/shop/;shopify_core_js;shopify-section;header:shopify-complexity-score,False,True,21,address_state:Himachal Pradesh;address_pin:176219;phone:+91;indian_payment_gateway;currency:INR,address_state;address_pincode,address_state,ACCEPTED,,4,1,1,4,jsonld_or_dom_img,keyword_heuristics,metadata_or_headings,True,
https://goathlos.com,https://goathlos.com,200,True,28,window.Shopify;Shopify.shop;cdn.shopify.com;/cdn/shop/;shopify_core_js;shopify-section;header:shopify-complexity-score,False,True,19,address_pin:400083;address_city:mumbai;phone:+91;indian_payment_gateway;currency:INR,address_pincode;address_city,pin_code_400083,ACCEPTED,,4,3,1,6,jsonld_or_dom_img,keyword_heuristics,metadata_or_headings,True,
https://vividartsy.com,,0,False,0,,False,False,0,,,,,,0,0,0,0,,,,False,Robots.txt blocks homepage
https://farmersstop.com,https://www.farmersstop.com/,200,True,30,window.Shopify;Shopify.shop;cdn.shopify.com;/cdn/shop/;shopify_core_js;shopify-section;shopify-payment-button;header:shopify-complexity-score,False,False,10,phone:+91;indian_payment_gateway;currency:INR,,,REJECTED_NON_INDIA,Lacks strong Indian business location evidence,4,0,0,0,,,,True,
https://echora.com,https://echora.com,0,False,0,,False,False,0,,,,REJECTED_FETCH_ERROR,NetworkError: ConnectError,0,0,0,0,,,,True,NetworkError: ConnectError
https://outback.life,https://outback.life,200,True,28,window.Shopify;Shopify.shop;cdn.shopify.com;/cdn/shop/;shopify_core_js;shopify-section;header:shopify-complexity-score,False,True,31,jsonld_india_address;state:Delhi;address_state:Delhi;address_city:delhi;phone:+91;currency:INR,jsonld_address;address_state;address_city,json_ld_address,ACCEPTED,,4,1,0,6,jsonld_or_dom_img,keyword_heuristics,metadata_or_headings,True,
https://doodlage.in,https://doodlage.in,200,True,28,window.Shopify;Shopify.shop;cdn.shopify.com;/cdn/shop/;shopify_core_js;shopify-section;header:shopify-complexity-score,False,True,34,gstin:07AAJCD8566C1ZH;address_state:Delhi;address_pin:110030;address_city:delhi;phone:+91;indian_payment_gateway;currency:INR;domain:.in,gstin;address_state;address_pincode;address_city,gstin_code_07,ACCEPTED,,4,2,1,4,jsonld_or_dom_img,keyword_heuristics,metadata_or_headings,True,
https://rawnaturecompany.com,https://rawnaturecompany.com,0,False,0,,False,False,0,,,,REJECTED_FETCH_ERROR,NetworkError: ConnectError,0,0,0,0,,,,True,NetworkError: ConnectError
https://glamrs.com,https://glamrs.com,200,True,21,window.Shopify;Shopify.shop;cdn.shopify.com;shopify_core_js;shopify-section,False,True,14,address_city:mumbai;phone:+91;indian_payment_gateway;currency:INR,address_city,address_city_mumbai,ACCEPTED,,1,0,0,2,jsonld_or_dom_img,keyword_heuristics,metadata_or_headings,True,
https://wisholize.com,https://www.wisholize.com/,200,True,28,window.Shopify;Shopify.shop;cdn.shopify.com;/cdn/shop/;shopify_core_js;shopify-section;header:shopify-complexity-score,False,True,13,address_state:Kerala;phone:+91;currency:INR,address_state,address_state,ACCEPTED,,4,2,5,4,jsonld_or_dom_img,keyword_heuristics,metadata_or_headings,True,
https://nuttygritties.com,https://nuttygritties.com,200,True,28,window.Shopify;Shopify.shop;cdn.shopify.com;/cdn/shop/;shopify_core_js;shopify-section;header:shopify-complexity-score,False,True,25,address_state:Delhi;address_pin:110020;address_city:delhi;phone:+91;indian_payment_gateway;currency:INR,address_state;address_pincode;address_city,address_state,ACCEPTED,,4,2,2,4,jsonld_or_dom_img,keyword_heuristics,metadata_or_headings,True,
https://chickpetsarees.com,,0,False,0,,False,False,0,,,,,,0,0,0,0,,,,False,Robots.txt blocks homepage
https://bonorganics.com,https://www.bonorganics.com/,200,True,28,window.Shopify;Shopify.shop;cdn.shopify.com;/cdn/shop/;shopify_core_js;shopify-section;header:shopify-complexity-score,False,False,7,phone:+91;currency:INR,,,REJECTED_NON_INDIA,Lacks strong Indian business location evidence,4,0,0,0,,,,True,
https://madewithspin.com,https://www.madewithspin.com/,200,True,30,window.Shopify;Shopify.shop;cdn.shopify.com;/cdn/shop/;shopify_core_js;shopify-section;shopify-payment-button;header:shopify-complexity-score,False,True,14,address_city:gurugram;phone:+91;indian_payment_gateway;currency:INR,address_city,address_city_gurugram,ACCEPTED,,3,1,2,4,jsonld_or_dom_img,keyword_heuristics,metadata_or_headings,True,
https://tapetum.in,https://www.tapetum.in/,200,False,0,,False,False,0,,,,REJECTED_NON_SHOPIFY,Shopify score 0 < threshold 5,0,0,0,0,,,,True,
https://panchhipetha.com,https://panchhipetha.com,200,True,30,window.Shopify;Shopify.shop;cdn.shopify.com;/cdn/shop/;shopify_core_js;shopify-section;shopify-payment-button;header:shopify-complexity-score,False,True,25,gstin:09AADCP3778J1ZW;address_state:Uttar Pradesh;address_city:agra;phone:+91;currency:INR,gstin;address_state;address_city,gstin_code_09,ACCEPTED,,4,1,1,0,jsonld_or_dom_img,keyword_heuristics,metadata_or_headings,True,
https://deccanmountainclub.com,https://www.deccanmountainclub.com/,200,True,28,window.Shopify;Shopify.shop;cdn.shopify.com;/cdn/shop/;shopify_core_js;shopify-section;header:shopify-complexity-score,False,False,12,phone:+91;indian_payment_gateway;currency:INR;city_mention:kolkata,,,REJECTED_NON_INDIA,Lacks strong Indian business location evidence,0,0,0,0,,,,True,
https://wear.style,https://wear.style,200,False,0,,False,False,0,,,,REJECTED_NON_SHOPIFY,Shopify score 0 < threshold 5,0,0,0,0,,,,True,
https://logiixx.com,https://logiixx.com,0,False,0,,False,False,0,,,,REJECTED_FETCH_ERROR,NetworkError: ConnectError,0,0,0,0,,,,True,NetworkError: ConnectError
https://timbertaste.com,,0,False,0,,False,False,0,,,,,,0,0,0,0,,,,False,Robots.txt blocks homepage
https://aceworld.in,https://aceworld.in,200,False,0,,False,False,0,,,,REJECTED_NON_SHOPIFY,Shopify score 0 < threshold 5,0,0,0,0,,,,True,
https://modaelementi.com,https://www.modaelementi.com/,200,True,28,window.Shopify;Shopify.shop;cdn.shopify.com;/cdn/shop/;shopify_core_js;shopify-section;header:shopify-complexity-score,False,True,16,address_pin:141010;address_city:hyderabad;phone:+91;currency:INR,address_pincode;address_city,pin_code_141010,ACCEPTED,,4,1,2,3,jsonld_or_dom_img,keyword_heuristics,metadata_or_headings,True,
https://fancydresswale.com,https://www.fancydresswale.com/,200,True,28,window.Shopify;Shopify.shop;cdn.shopify.com;/cdn/shop/;shopify_core_js;shopify-section;header:shopify-complexity-score,False,True,20,jsonld_india_address;address_pin:201010;phone:+91;currency:INR,jsonld_address;address_pincode,pin_code_201010,ACCEPTED,,4,1,1,4,jsonld_or_dom_img,keyword_heuristics,metadata_or_headings,True,
https://ceasefireonlineshop.com,https://www.ceasefireonlineshop.com/,200,True,26,window.Shopify;Shopify.shop;cdn.shopify.com;/cdn/shop/;shopify_core_js;header:shopify-complexity-score,False,True,22,address_state:Delhi;address_pin:110044;address_city:delhi;phone:+91;currency:INR,address_state;address_pincode;address_city,address_state,ACCEPTED,,4,2,3,4,jsonld_or_dom_img,keyword_heuristics,metadata_or_headings,True,
https://silberuh.com,https://www.silberuh.com/,200,True,28,window.Shopify;Shopify.shop;cdn.shopify.com;/cdn/shop/;shopify_core_js;shopify-section;header:shopify-complexity-score,False,True,19,address_pin:302021;address_city:jaipur;phone:+91;indian_payment_gateway;currency:INR,address_pincode;address_city,pin_code_302021,ACCEPTED,,4,1,0,3,jsonld_or_dom_img,keyword_heuristics,metadata_or_headings,True,
https://ivrah.com,https://www.ivrah.com/,200,True,28,window.Shopify;Shopify.shop;cdn.shopify.com;/cdn/shop/;shopify_core_js;shopify-section;header:shopify-complexity-score,False,False,12,phone:+91;indian_payment_gateway;currency:INR;city_mention:agra,,,REJECTED_NON_INDIA,Lacks strong Indian business location evidence,4,0,0,0,,,,True,
https://theblackcanvas.in,https://www.theblackcanvas.in/,200,True,28,window.Shopify;Shopify.shop;cdn.shopify.com;/cdn/shop/;shopify_core_js;shopify-section;header:shopify-complexity-score,False,False,8,phone:+91;currency:INR;domain:.in,,,REJECTED_NON_INDIA,Lacks strong Indian business location evidence,3,0,0,0,,,,True,
https://bluebuddha.co.in,https://bluebuddha.co.in,200,True,28,window.Shopify;Shopify.shop;cdn.shopify.com;/cdn/shop/;shopify_core_js;shopify-section;header:shopify-complexity-score,False,True,16,address_city:ahmedabad;phone:+91;indian_payment_gateway;currency:INR;domain:.co.in,address_city,address_city_ahmedabad,ACCEPTED,,4,2,1,4,jsonld_or_dom_img,keyword_heuristics,metadata_or_headings,True,
https://flirtatious.in,https://flirtatious.in,200,True,30,window.Shopify;Shopify.shop;cdn.shopify.com;/cdn/shop/;shopify_core_js;shopify-section;shopify-payment-button;header:shopify-complexity-score,False,True,26,address_state:Maharashtra;address_pin:400049;address_city:mumbai;phone:+91;indian_payment_gateway;currency:INR;domain:.in,address_state;address_pincode;address_city,address_state,ACCEPTED,,4,1,2,2,jsonld_or_dom_img,keyword_heuristics,metadata_or_headings,True,
https://sugnamal.com,https://www.sugnamal.com/,200,True,28,window.Shopify;Shopify.shop;cdn.shopify.com;/cdn/shop/;shopify_core_js;shopify-section;header:shopify-complexity-score,False,True,14,address_city:lucknow;phone:+91;indian_payment_gateway;currency:INR,address_city,address_city_lucknow,ACCEPTED,,3,1,3,2,jsonld_or_dom_img,keyword_heuristics,metadata_or_headings,True,
https://scentkart.com,https://scentkart.com,200,True,28,window.Shopify;Shopify.shop;cdn.shopify.com;/cdn/shop/;shopify_core_js;shopify-section;header:shopify-complexity-score,False,True,14,address_city:lucknow;phone:+91;indian_payment_gateway;currency:INR,address_city,address_city_lucknow,ACCEPTED,,4,1,1,4,jsonld_or_dom_img,keyword_heuristics,metadata_or_headings,True,
https://shivangiclothing.com,https://www.shivangiclothing.com/,200,True,30,window.Shopify;Shopify.shop;cdn.shopify.com;/cdn/shop/;shopify_core_js;shopify-section;shopify-payment-button;header:shopify-complexity-score,False,True,39,jsonld_india_address;state:Tamil Nadu;address_state:Tamil Nadu;address_pin:641062;address_city:coimbatore;phone:+91;indian_payment_gateway;currency:INR,jsonld_address;address_state;address_pincode;address_city,json_ld_address,ACCEPTED,,4,2,2,5,jsonld_or_dom_img,keyword_heuristics,metadata_or_headings,True,
https://brainsmith.in,https://www.brainsmith.in/,200,True,28,window.Shopify;Shopify.shop;cdn.shopify.com;/cdn/shop/;shopify_core_js;shopify-section;header:shopify-complexity-score,False,True,20,address_pin:400050;address_city:mumbai;phone:+91;indian_payment_gateway;currency:INR;domain:.in,address_pincode;address_city,pin_code_400050,ACCEPTED,,4,2,1,5,jsonld_or_dom_img,keyword_heuristics,metadata_or_headings,True,
https://roohworld.com,https://roohworld.com,0,False,0,,False,False,0,,,,REJECTED_FETCH_ERROR,NetworkError: ConnectError,0,0,0,0,,,,True,NetworkError: ConnectError
https://decorze.com,https://www.decorze.com/,200,True,26,window.Shopify;Shopify.shop;cdn.shopify.com;/cdn/shop/;shopify_core_js;header:shopify-complexity-score,False,True,19,address_pin:560026;address_city:bangalore;phone:+91;indian_payment_gateway;currency:INR,address_pincode;address_city,pin_code_560026,ACCEPTED,,4,1,1,3,jsonld_or_dom_img,keyword_heuristics,metadata_or_headings,True,
https://shoplle.com,https://shoplle.com,200,True,32,window.Shopify;Shopify.shop;cdn.shopify.com;/cdn/shop/;shopify_core_js;shopify-section;shopify-payment-button;shopify_meta_attribute;header:shopify-complexity-score,False,False,7,phone:+91;currency:INR,,,REJECTED_NON_INDIA,Lacks strong Indian business location evidence,4,0,0,0,,,,True,
https://stylehomez.com,https://stylehomez.com,200,True,28,window.Shopify;Shopify.shop;cdn.shopify.com;/cdn/shop/;shopify_core_js;shopify-section;header:shopify-complexity-score,False,True,16,address_pin:121008;address_city:faridabad;phone:+91;currency:INR,address_pincode;address_city,pin_code_121008,ACCEPTED,,1,1,0,3,jsonld_or_dom_img,keyword_heuristics,metadata_or_headings,True,
https://mykitchenmix.com,https://mykitchenmix.com,0,False,0,,False,False,0,,,,REJECTED_FETCH_ERROR,NetworkError: ConnectError,0,0,0,0,,,,True,NetworkError: ConnectError
https://ikatindia.com,https://ikatindia.com,200,True,28,window.Shopify;Shopify.shop;cdn.shopify.com;/cdn/shop/;shopify_core_js;shopify-section;header:shopify-complexity-score,False,True,22,address_state:Telangana;address_pin:110003;address_city:delhi;phone:+91;currency:INR,address_state;address_pincode;address_city,address_state,ACCEPTED,,4,1,6,2,jsonld_or_dom_img,keyword_heuristics,metadata_or_headings,True,
https://bluebirdsolar.com,https://bluebirdsolar.com,200,True,30,window.Shopify;Shopify.shop;cdn.shopify.com;/cdn/shop/;shopify_core_js;shopify-section;shopify_meta_attribute;header:shopify-complexity-score,False,True,39,jsonld_india_address;state:Delhi;address_state:Delhi;address_pin:110033;address_city:delhi;phone:+91;indian_payment_gateway;currency:INR,jsonld_address;address_state;address_pincode;address_city,json_ld_address,ACCEPTED,,4,3,2,7,jsonld_or_dom_img,keyword_heuristics,metadata_or_headings,True,
https://monrow.in,https://www.monrow.in/,200,True,28,window.Shopify;Shopify.shop;cdn.shopify.com;/cdn/shop/;shopify_core_js;shopify-section;header:shopify-complexity-score,False,False,11,phone:+91;indian_payment_gateway;currency:INR;domain:.in,,,REJECTED_NON_INDIA,Lacks strong Indian business location evidence,4,0,0,0,,,,True,
https://trycone.com,https://trycone.com,200,True,32,window.Shopify;Shopify.shop;cdn.shopify.com;/cdn/shop/;shopify_core_js;shopify-section;shopify-payment-button;shopify_meta_attribute;header:shopify-complexity-score,False,True,25,address_state:Gujarat;address_pin:391410;address_city:vadodara;phone:+91;indian_payment_gateway;currency:INR,address_state;address_pincode;address_city,address_state,ACCEPTED,,4,1,1,4,jsonld_or_dom_img,keyword_heuristics,metadata_or_headings,True,
https://lensfit.com,https://lensfit.com,0,False,0,,False,False,0,,,,REJECTED_FETCH_ERROR,NetworkError: ConnectError,0,0,0,0,,,,True,NetworkError: ConnectError
https://stylesplash.in,https://stylesplash.in,200,True,28,window.Shopify;Shopify.shop;cdn.shopify.com;/cdn/shop/;shopify_core_js;shopify-section;header:shopify-complexity-score,False,True,12,address_city:mumbai;phone:+91;currency:INR;domain:.in,address_city,address_city_mumbai,ACCEPTED,,4,2,1,2,jsonld_or_dom_img,keyword_heuristics,metadata_or_headings,True,
https://rootbridges.com,https://rootbridges.com,200,False,0,,False,False,0,,,,REJECTED_FETCH_ERROR,HTTP 200,0,0,0,0,,,,True,HTTP 200
https://drvaidyas.com,https://drvaidyas.com,200,True,28,window.Shopify;Shopify.shop;cdn.shopify.com;/cdn/shop/;shopify_core_js;shopify-section;header:shopify-complexity-score,False,False,7,phone:+91;currency:INR,,,REJECTED_NON_INDIA,Lacks strong Indian business location evidence,4,0,0,0,,,,True,
https://bestomart.com,https://www.bestomart.com/,200,True,28,window.Shopify;Shopify.shop;cdn.shopify.com;/cdn/shop/;shopify_core_js;shopify-section;header:shopify-complexity-score,False,True,21,jsonld_india_address;state:Tamil Nadu;phone:+91;currency:INR,jsonld_address,json_ld_address,ACCEPTED,,4,0,2,5,jsonld_or_dom_img,keyword_heuristics,metadata_or_headings,True,
https://dolphinbeanbags.com,https://dolphinbeanbags.com,200,False,0,,False,False,0,,,,REJECTED_NON_SHOPIFY,Shopify score 0 < threshold 5,0,0,0,0,,,,True,
https://knobskart.com,https://knobskart.com,200,True,28,window.Shopify;Shopify.shop;cdn.shopify.com;/cdn/shop/;shopify_core_js;shopify-payment-button;header:shopify-complexity-score,False,False,12,phone:+91;indian_payment_gateway;currency:INR;city_mention:kolkata,,,REJECTED_NON_INDIA,Lacks strong Indian business location evidence,4,0,0,0,,,,True,
https://theindianbean.com,https://theindianbean.com,200,True,21,window.Shopify;Shopify.shop;cdn.shopify.com;shopify_core_js;shopify-section,False,True,12,address_pin:400061;phone:+91;currency:INR,address_pincode,pin_code_400061,ACCEPTED,,3,0,1,0,jsonld_or_dom_img,keyword_heuristics,metadata_or_headings,True,
https://smbcart.com,https://smbcart.com,200,False,0,,False,False,0,,,,REJECTED_NON_SHOPIFY,Shopify score 0 < threshold 5,0,0,0,0,,,,True,
https://ichostudio.com,https://ichostudio.com,200,True,28,window.Shopify;Shopify.shop;cdn.shopify.com;/cdn/shop/;shopify_core_js;shopify-section;header:shopify-complexity-score,False,True,12,address_state:Delhi;address_city:delhi;currency:INR,address_state;address_city,address_state,ACCEPTED,,4,2,0,2,jsonld_or_dom_img,keyword_heuristics,metadata_or_headings,True,
https://ahilyajewels.com,,0,False,0,,False,False,0,,,,,,0,0,0,0,,,,False,Robots.txt blocks homepage
https://coldkart.com,,0,False,0,,False,False,0,,,,,,0,0,0,0,,,,False,Robots.txt blocks homepage
https://garuda-ss.com,https://garuda-ss.com,200,True,30,window.Shopify;Shopify.shop;cdn.shopify.com;/cdn/shop/;shopify_core_js;shopify-section;shopify-payment-button;header:shopify-complexity-score,False,False,7,phone:+91;currency:INR,,,REJECTED_NON_INDIA,Lacks strong Indian business location evidence,4,0,0,0,,,,True,
https://ankapurchicken.com,https://ankapurchicken.com,200,False,0,,False,False,0,,,,REJECTED_NON_SHOPIFY,Shopify score 0 < threshold 5,0,0,0,0,,,,True,
https://gleamberry.com,https://gleamberry.com,200,False,0,,False,False,0,,,,REJECTED_NON_SHOPIFY,Shopify score 0 < threshold 5,0,0,0,0,,,,True,
https://sewbery.com,https://sewbery.com,0,False,0,,False,False,0,,,,REJECTED_FETCH_ERROR,NetworkError: ConnectError,0,0,0,0,,,,True,NetworkError: ConnectError
https://pinklay.com,https://www.pinklay.com/,200,True,30,window.Shopify;Shopify.shop;cdn.shopify.com;/cdn/shop/;shopify_core_js;shopify-section;shopify-payment-button;header:shopify-complexity-score,False,False,10,phone:+91;indian_payment_gateway;currency:INR,,,REJECTED_NON_INDIA,Lacks strong Indian business location evidence,4,0,0,0,,,,True,
https://vedicus.com,https://vedicus.com,0,False,0,,False,False,0,,,,REJECTED_FETCH_ERROR,NetworkError: ConnectError,0,0,0,0,,,,True,NetworkError: ConnectError
https://fortunearrt.com,https://fortunearrt.com,200,False,0,,False,False,0,,,,REJECTED_NON_SHOPIFY,Shopify score 0 < threshold 5,0,0,0,0,,,,True,
https://exoticaorchids.in,https://exoticaorchids.in,200,True,28,window.Shopify;Shopify.shop;cdn.shopify.com;/cdn/shop/;shopify_core_js;shopify-section;header:shopify-complexity-score,False,True,19,address_state:West Bengal;address_pin:733134;phone:+91;currency:INR;domain:.in,address_state;address_pincode,address_state,ACCEPTED,,4,1,2,0,jsonld_or_dom_img,keyword_heuristics,metadata_or_headings,True,
https://shopekta.com,https://shopekta.com/password,200,False,0,,False,False,0,,,,REJECTED_INACTIVE,Redirects to /password,0,0,0,0,,,,True,Redirects to /password
https://houseoftaamara.com,https://houseoftaamara.com,200,True,28,window.Shopify;Shopify.shop;cdn.shopify.com;/cdn/shop/;shopify_core_js;shopify-section;header:shopify-complexity-score,False,False,10,phone:+91;indian_payment_gateway;currency:INR,,,REJECTED_NON_INDIA,Lacks strong Indian business location evidence,4,0,0,0,,,,True,
https://tdtworld.com,https://tdtworld.com,0,False,0,,False,False,0,,,,REJECTED_FETCH_ERROR,NetworkError: ConnectError,0,0,0,0,,,,True,NetworkError: ConnectError
https://shopfreelance.com,https://shopfreelance.com,200,True,28,window.Shopify;Shopify.shop;cdn.shopify.com;/cdn/shop/;shopify_core_js;shopify-section;header:shopify-complexity-score,False,False,7,phone:+91;currency:INR,,,REJECTED_NON_INDIA,Lacks strong Indian business location evidence,4,0,0,0,,,,True,
https://benoit.fashion,,0,False,0,,False,False,0,,,,,,0,0,0,0,,,,False,Robots.txt blocks homepage
https://lonerangerindia.com,https://lonerangerindia.com,200,True,30,window.Shopify;Shopify.shop;cdn.shopify.com;/cdn/shop/;shopify_core_js;shopify-section;shopify-payment-button;header:shopify-complexity-score,False,True,19,address_pin:201301;address_city:noida;phone:+91;indian_payment_gateway;currency:INR,address_pincode;address_city,pin_code_201301,ACCEPTED,,4,1,1,4,jsonld_or_dom_img,keyword_heuristics,metadata_or_headings,True,
https://newindiafashion.com,https://newindiafashion.com,200,True,26,window.Shopify;Shopify.shop;cdn.shopify.com;/cdn/shop/;shopify_core_js;header:shopify-complexity-score,False,False,7,phone:+91;currency:INR,,,REJECTED_NON_INDIA,Lacks strong Indian business location evidence,4,0,0,0,,,,True,
https://paypal-setup.myshopify.com,https://paypal-setup.myshopify.com,200,True,38,myshopify_subdomain;window.Shopify;Shopify.shop;cdn.shopify.com;/cdn/shop/;shopify_core_js;shopify-section;header:shopify-complexity-score,False,False,2,currency:INR,,,REJECTED_NON_INDIA,India score 2 < threshold 7,0,0,0,0,,,,True,
https://mobizang.com,https://mobizang.com,0,False,0,,False,False,0,,,,REJECTED_FETCH_ERROR,NetworkError: ConnectError,0,0,0,0,,,,True,NetworkError: ConnectError
https://nordlich.com,https://nordlich.com,200,True,32,window.Shopify;Shopify.shop;cdn.shopify.com;/cdn/shop/;shopify_core_js;shopify-section;shopify-payment-button;shopify_meta_attribute;header:shopify-complexity-score,False,True,33,gstin:36AAJCA3913A1Z6;address_state:Telangana;address_pin:500081;address_city:hyderabad;phone:+91;indian_payment_gateway;currency:INR,gstin;address_state;address_pincode;address_city,gstin_code_36,ACCEPTED,,4,2,1,2,jsonld_or_dom_img,keyword_heuristics,metadata_or_headings,True,
https://tyaani.com,https://tyaani.com,200,True,30,window.Shopify;Shopify.shop;cdn.shopify.com;/cdn/shop/;shopify_core_js;shopify-section;shopify-payment-button;header:shopify-complexity-score,False,True,22,address_state:West Bengal;address_pin:395001;address_city:bengaluru;phone:+91;currency:INR,address_state;address_pincode;address_city,address_state,ACCEPTED,,4,1,15,3,jsonld_or_dom_img,keyword_heuristics,metadata_or_headings,True,
https://whysobluelove.com,https://whysobluelove.com,200,True,28,window.Shopify;Shopify.shop;cdn.shopify.com;/cdn/shop/;shopify_core_js;shopify-section;header:shopify-complexity-score,False,True,14,address_city:mumbai;phone:+91;indian_payment_gateway;currency:INR,address_city,address_city_mumbai,ACCEPTED,,4,1,3,3,jsonld_or_dom_img,keyword_heuristics,metadata_or_headings,True,
https://desicallyethnic.com,https://desicallyethnic.com,200,True,30,window.Shopify;Shopify.shop;cdn.shopify.com;/cdn/shop/;shopify_core_js;shopify-section;shopify-payment-button;header:shopify-complexity-score,False,True,25,address_state:Kerala;address_pin:695010;address_city:trivandrum;phone:+91;indian_payment_gateway;currency:INR,address_state;address_pincode;address_city,address_state,ACCEPTED,,4,1,1,3,jsonld_or_dom_img,keyword_heuristics,metadata_or_headings,True,
https://berrylush.com,https://www.berrylush.com/password,200,False,0,,False,False,0,,,,REJECTED_INACTIVE,Redirects to /password,0,0,0,0,,,,True,Redirects to /password
https://bloomsvilla.com,https://www.bloomsvilla.com/,200,True,28,window.Shopify;Shopify.shop;cdn.shopify.com;/cdn/shop/;shopify_core_js;shopify-section;header:shopify-complexity-score,False,True,14,address_pin:380005;address_city:ahmedabad;indian_payment_gateway;currency:INR,address_pincode;address_city,pin_code_380005,ACCEPTED,,4,2,0,5,jsonld_or_dom_img,keyword_heuristics,metadata_or_headings,True,
https://saugaat.in,,0,False,0,,False,False,0,,,,,,0,0,0,0,,,,False,Robots.txt blocks homepage
https://memeraki.com,https://www.memeraki.com/,200,True,28,window.Shopify;Shopify.shop;cdn.shopify.com;/cdn/shop/;shopify_core_js;shopify-section;header:shopify-complexity-score,False,True,33,jsonld_india_address;address_state:Haryana;address_pin:110070;address_city:delhi;phone:+91;indian_payment_gateway;currency:INR,jsonld_address;address_state;address_pincode;address_city,address_state,ACCEPTED,,4,1,2,6,jsonld_or_dom_img,keyword_heuristics,metadata_or_headings,True,
https://boldgal.com,,0,False,0,,False,False,0,,,,,,0,0,0,0,,,,False,Robots.txt blocks homepage
https://jokerandwitch.com,https://jokerandwitch.com,200,True,28,window.Shopify;Shopify.shop;cdn.shopify.com;/cdn/shop/;shopify_core_js;shopify-section;header:shopify-complexity-score,False,True,34,jsonld_india_address;state:Karnataka;address_state:Karnataka;address_pin:560023;address_city:bengaluru;indian_payment_gateway;currency:INR,jsonld_address;address_state;address_pincode;address_city,json_ld_address,ACCEPTED,,4,1,1,5,jsonld_or_dom_img,keyword_heuristics,metadata_or_headings,True,
https://homecanvas.com,https://homecanvas.com,200,True,30,window.Shopify;Shopify.shop;cdn.shopify.com;/cdn/shop/;shopify_core_js;shopify-section;shopify-payment-button;header:shopify-complexity-score,False,True,30,jsonld_india_address;address_state:Chandigarh;address_pin:560075;address_city:bangalore;phone:+91;currency:INR,jsonld_address;address_state;address_pincode;address_city,address_state,ACCEPTED,,4,1,1,2,jsonld_or_dom_img,keyword_heuristics,metadata_or_headings,True,
https://buynewtrend.com,https://www.buynewtrend.com/,200,True,28,window.Shopify;Shopify.shop;cdn.shopify.com;/cdn/shop/;shopify_core_js;shopify-section;header:shopify-complexity-score,False,True,21,jsonld_india_address;state:Delhi;phone:+91;currency:INR,jsonld_address,json_ld_address,ACCEPTED,,4,1,1,3,jsonld_or_dom_img,keyword_heuristics,metadata_or_headings,True,
https://utmt.in,https://www.utmt.in/,200,True,30,window.Shopify;Shopify.shop;cdn.shopify.com;/cdn/shop/;shopify_core_js;shopify-section;shopify-payment-button;header:shopify-complexity-score,False,True,20,address_pin:400013;address_city:mumbai;phone:+91;indian_payment_gateway;currency:INR;domain:.in,address_pincode;address_city,pin_code_400013,ACCEPTED,,3,2,1,0,jsonld_or_dom_img,keyword_heuristics,metadata_or_headings,True,
https://hokmakeup.com,https://hokmakeup.com,200,True,32,window.Shopify;Shopify.shop;cdn.shopify.com;/cdn/shop/;shopify_core_js;shopify-section;shopify-payment-button;shopify_meta_attribute;header:shopify-complexity-score,False,True,34,jsonld_india_address;state:Delhi;address_state:Delhi;address_city:delhi;phone:+91;indian_payment_gateway;currency:INR,jsonld_address;address_state;address_city,json_ld_address,ACCEPTED,,4,1,1,3,jsonld_or_dom_img,keyword_heuristics,metadata_or_headings,True,
https://shoponcliq.com,https://shoponcliq.com,200,True,28,window.Shopify;Shopify.shop;cdn.shopify.com;/cdn/shop/;shopify_core_js;shopify-section;header:shopify-complexity-score,False,True,22,address_state:Delhi;address_pin:110008;address_city:delhi;phone:+91;currency:INR,address_state;address_pincode;address_city,address_state,ACCEPTED,,4,4,1,4,jsonld_or_dom_img,keyword_heuristics,metadata_or_headings,True,
https://shop-1172.myshopify.com,https://shop-1172.myshopify.com,200,True,36,myshopify_subdomain;window.Shopify;Shopify.shop;cdn.shopify.com;/cdn/shop/;shopify_core_js;header:shopify-complexity-score,False,False,7,phone:+91;currency:INR,,,REJECTED_NON_INDIA,Lacks strong Indian business location evidence,2,0,0,0,,,,True,
https://unitedeals.com,https://unitedeals.com,0,False,0,,False,False,0,,,,REJECTED_FETCH_ERROR,NetworkError: ConnectError,0,0,0,0,,,,True,NetworkError: ConnectError
https://therevolverclub.com,https://www.therevolverclub.com/,200,True,32,window.Shopify;Shopify.shop;cdn.shopify.com;/cdn/shop/;shopify_core_js;shopify-section;shopify-payment-button;shopify_meta_attribute;header:shopify-complexity-score,False,True,33,gstin:27ABCDE1234F1Z5;address_state:Maharashtra;address_pin:400016;address_city:mumbai;phone:+91;indian_payment_gateway;currency:INR,gstin;address_state;address_pincode;address_city,gstin_code_27,ACCEPTED,,4,2,3,4,jsonld_or_dom_img,keyword_heuristics,metadata_or_headings,True,
https://candyskin.com,https://www.candyskin.com/,200,True,28,window.Shopify;Shopify.shop;cdn.shopify.com;/cdn/shop/;shopify_core_js;shopify-section;header:shopify-complexity-score,False,True,19,address_pin:400053;address_city:mumbai;phone:+91;indian_payment_gateway;currency:INR,address_pincode;address_city,pin_code_400053,ACCEPTED,,4,2,1,3,jsonld_or_dom_img,keyword_heuristics,metadata_or_headings,True,
https://thebombaycanteen.com,https://thebombaycanteen.com,200,True,28,window.Shopify;Shopify.shop;cdn.shopify.com;/cdn/shop/;shopify_core_js;shopify-section;header:shopify-complexity-score,False,False,7,phone:+91;currency:INR,,,REJECTED_NON_INDIA,Lacks strong Indian business location evidence,1,0,0,0,,,,True,
https://allureartworx.com,https://allureartworx.com,200,True,30,window.Shopify;Shopify.shop;cdn.shopify.com;/cdn/shop/;shopify_core_js;shopify-section;shopify-payment-button;header:shopify-complexity-score,False,True,17,address_state:Maharashtra;address_city:mumbai;phone:+91;currency:INR,address_state;address_city,address_state,ACCEPTED,,4,3,2,3,jsonld_or_dom_img,keyword_heuristics,metadata_or_headings,True,
https://earlyfoods.com,https://earlyfoods.com,200,True,28,window.Shopify;Shopify.shop;cdn.shopify.com;/cdn/shop/;shopify_core_js;shopify-section;header:shopify-complexity-score,False,False,7,phone:+91;currency:INR,,,REJECTED_NON_INDIA,Lacks strong Indian business location evidence,4,0,0,0,,,,True,
https://shop.mirakin.com,https://shop.mirakin.com,200,True,28,window.Shopify;Shopify.shop;cdn.shopify.com;/cdn/shop/;shopify_core_js;shopify-section;header:shopify-complexity-score,False,True,20,address_state:Delhi;address_city:delhi;phone:+91;indian_payment_gateway;currency:INR,address_state;address_city,address_state,ACCEPTED,,4,1,3,4,jsonld_or_dom_img,keyword_heuristics,metadata_or_headings,True,
https://rohitkamra.com,https://rohitkamra.com,200,True,28,window.Shopify;Shopify.shop;cdn.shopify.com;/cdn/shop/;shopify_core_js;shopify-section;header:shopify-complexity-score,False,True,23,jsonld_india_address;state:Rajasthan;phone:+91;currency:INR;city_mention:jaipur,jsonld_address,json_ld_address,ACCEPTED,,4,1,2,3,jsonld_or_dom_img,keyword_heuristics,metadata_or_headings,True,
https://originone.in,https://www.originone.in/,200,True,32,window.Shopify;Shopify.shop;cdn.shopify.com;/cdn/shop/;shopify_core_js;shopify-section;shopify-payment-button;shopify_meta_attribute;header:shopify-complexity-score,False,False,8,phone:+91;currency:INR;domain:.in,,,REJECTED_NON_INDIA,Lacks strong Indian business location evidence,4,0,0,0,,,,True,
https://localxo.com,https://localxo.com,200,True,21,window.Shopify;Shopify.shop;cdn.shopify.com;shopify_core_js;shopify-section,False,False,9,phone:+91;currency:INR;city_mention:bangalore,,,REJECTED_NON_INDIA,Lacks strong Indian business location evidence,4,0,0,0,,,,True,
https://theearthfood.com,https://www.masajes-costarica.com/,200,False,0,,False,False,0,,,,REJECTED_NON_SHOPIFY,Shopify score 0 < threshold 5,0,0,0,0,,,,True,
https://uncletony.com,https://uncletony.com,200,True,28,window.Shopify;Shopify.shop;cdn.shopify.com;/cdn/shop/;shopify_core_js;shopify-section;header:shopify-complexity-score,False,True,25,address_state:Uttar Pradesh;address_pin:201301;address_city:noida;phone:+91;indian_payment_gateway;currency:INR,address_state;address_pincode;address_city,address_state,ACCEPTED,,4,1,1,3,jsonld_or_dom_img,keyword_heuristics,metadata_or_headings,True,
https://casadeamor.in,https://casadeamor.in,200,True,30,window.Shopify;Shopify.shop;cdn.shopify.com;/cdn/shop/;shopify_core_js;shopify-section;shopify-payment-button;header:shopify-complexity-score,False,False,11,phone:+91;indian_payment_gateway;currency:INR;domain:.in,,,REJECTED_NON_INDIA,Lacks strong Indian business location evidence,4,0,0,0,,,,True,
https://artzfolio.com,https://www.artzfolio.com/,200,True,28,window.Shopify;Shopify.shop;cdn.shopify.com;/cdn/shop/;shopify_core_js;shopify-section;header:shopify-complexity-score,False,True,22,address_state:Delhi;address_pin:110003;address_city:delhi;phone:+91;currency:INR,address_state;address_pincode;address_city,address_state,ACCEPTED,,4,7,1,0,jsonld_or_dom_img,keyword_heuristics,metadata_or_headings,True,
https://nakshatraterracotta.com,https://www.nakshatraterracotta.com/,200,True,28,window.Shopify;Shopify.shop;cdn.shopify.com;/cdn/shop/;shopify_core_js;shopify-section;header:shopify-complexity-score,False,False,7,phone:+91;currency:INR,,,REJECTED_NON_INDIA,Lacks strong Indian business location evidence,4,0,0,0,,,,True,
https://mothersparsh.com,https://mothersparsh.com,200,True,28,window.Shopify;Shopify.shop;cdn.shopify.com;/cdn/shop/;shopify_core_js;shopify-section;header:shopify-complexity-score,False,True,24,jsonld_india_address;state:Chandigarh;phone:+91;indian_payment_gateway;currency:INR,jsonld_address,json_ld_address,ACCEPTED,,4,4,4,6,jsonld_or_dom_img,keyword_heuristics,metadata_or_headings,True,
https://pintola.in,https://pintola.in/password,200,False,0,,False,False,0,,,,REJECTED_INACTIVE,Redirects to /password,0,0,0,0,,,,True,Redirects to /password
https://ridhimabhasin.com,https://ridhimabhasin.com,200,True,32,window.Shopify;Shopify.shop;cdn.shopify.com;/cdn/shop/;shopify_core_js;shopify-section;shopify-payment-button;shopify_meta_attribute;header:shopify-complexity-score,False,True,20,address_state:Delhi;address_city:delhi;phone:+91;indian_payment_gateway;currency:INR,address_state;address_city,address_state,ACCEPTED,,4,2,3,3,jsonld_or_dom_img,keyword_heuristics,metadata_or_headings,True,
https://612league.com,https://612league.com,0,False,0,,False,False,0,,,,REJECTED_FETCH_ERROR,Timeout: ConnectTimeout,0,0,0,0,,,,True,Timeout: ConnectTimeout
https://myhappinesz.com,https://myhappinesz.com,0,False,0,,False,False,0,,,,REJECTED_FETCH_ERROR,NetworkError: ConnectError,0,0,0,0,,,,True,NetworkError: ConnectError
https://vedaearth.com,https://vedaearthloungespa.com,200,False,0,,False,False,0,,,,REJECTED_NON_SHOPIFY,Shopify score 0 < threshold 5,0,0,0,0,,,,True,
https://greenobazaar.com,,0,False,0,,False,False,0,,,,,,0,0,0,0,,,,False,Robots.txt blocks homepage
https://tbhai.com,https://www.tbhai.com/,200,True,28,window.Shopify;Shopify.shop;cdn.shopify.com;/cdn/shop/;shopify_core_js;shopify-section;header:shopify-complexity-score,False,True,25,address_state:Maharashtra;address_pin:411045;address_city:pune;phone:+91;indian_payment_gateway;currency:INR,address_state;address_pincode;address_city,address_state,ACCEPTED,,4,1,0,2,jsonld_or_dom_img,keyword_heuristics,metadata_or_headings,True,
https://palpable.in,https://palpable.in,404,False,0,,False,False,0,,,,REJECTED_FETCH_ERROR,HTTP 404,0,0,0,0,,,,True,HTTP 404
https://weblogacademy.com,https://weblogacademy.com,0,False,0,,False,False,0,,,,REJECTED_FETCH_ERROR,NetworkError: ConnectError,0,0,0,0,,,,True,NetworkError: ConnectError
https://dorex.in,https://www.dorex.in/,200,False,0,,False,False,0,,,,REJECTED_NON_SHOPIFY,Shopify score 0 < threshold 5,0,0,0,0,,,,True,
https://maniaclife.com,https://maniaclife.com,200,True,32,window.Shopify;Shopify.shop;cdn.shopify.com;/cdn/shop/;shopify_core_js;shopify-section;shopify-payment-button;shopify_meta_attribute;header:shopify-complexity-score,False,True,19,address_pin:641663;address_city:coimbatore;phone:+91;indian_payment_gateway;currency:INR,address_pincode;address_city,pin_code_641663,ACCEPTED,,4,1,2,3,jsonld_or_dom_img,keyword_heuristics,metadata_or_headings,True,
https://gofwd.in,,0,False,0,,False,False,0,,,,,,0,0,0,0,,,,False,Robots.txt blocks homepage
https://gelco-world.com,https://gelco-world.com,200,True,30,window.Shopify;Shopify.shop;cdn.shopify.com;/cdn/shop/;shopify_core_js;shopify-section;shopify-payment-button;header:shopify-complexity-score,False,True,18,address_state:Gujarat;address_pin:382721;phone:+91;currency:INR,address_state;address_pincode,address_state,ACCEPTED,,4,6,3,3,jsonld_or_dom_img,keyword_heuristics,metadata_or_headings,True,
https://urbanmali.com,https://urbanmali.com,200,False,0,,False,False,0,,,,REJECTED_NON_SHOPIFY,Shopify score 0 < threshold 5,0,0,0,0,,,,True,
https://febris.in,https://www.febris.in/,200,True,28,window.Shopify;Shopify.shop;cdn.shopify.com;/cdn/shop/;shopify_core_js;shopify-section;header:shopify-complexity-score,False,True,14,address_state:Punjab;address_pin:152002;currency:INR;domain:.in,address_state;address_pincode,address_state,ACCEPTED,,4,4,1,4,jsonld_or_dom_img,keyword_heuristics,metadata_or_headings,True,
https://ifoodlounge.com,https://ifoodlounge.com,0,False,0,,False,False,0,,,,REJECTED_FETCH_ERROR,NetworkError: ConnectError,0,0,0,0,,,,True,NetworkError: ConnectError
https://saraaha.com,https://www.saraaha.com/,200,True,28,window.Shopify;Shopify.shop;cdn.shopify.com;/cdn/shop/;shopify_core_js;shopify-section;header:shopify-complexity-score,False,True,14,address_city:surat;phone:+91;indian_payment_gateway;currency:INR,address_city,address_city_surat,ACCEPTED,,4,2,0,2,jsonld_or_dom_img,keyword_heuristics,metadata_or_headings,True,
https://thegreensnackco.com,https://thegreensnackco.com,0,False,0,,False,False,0,,,,REJECTED_FETCH_ERROR,NetworkError: ConnectError,0,0,0,0,,,,True,NetworkError: ConnectError
https://themaevastore.com,https://www.themaevastore.com/,200,True,32,window.Shopify;Shopify.shop;cdn.shopify.com;/cdn/shop/;shopify_core_js;shopify-section;shopify-payment-button;shopify_meta_attribute;header:shopify-complexity-score,False,True,19,address_pin:628002;address_city:madurai;phone:+91;indian_payment_gateway;currency:INR,address_pincode;address_city,pin_code_628002,ACCEPTED,,4,1,1,4,jsonld_or_dom_img,keyword_heuristics,metadata_or_headings,True,
https://baluherbals.com,https://www.baluherbals.com/,200,True,30,window.Shopify;Shopify.shop;cdn.shopify.com;/cdn/shop/;shopify_core_js;shopify-section;shopify-payment-button;header:shopify-complexity-score,False,False,10,phone:+91;indian_payment_gateway;currency:INR,,,REJECTED_NON_INDIA,Lacks strong Indian business location evidence,4,0,0,0,,,,True,
https://eatanytime.in,https://eatanytime.in,200,True,30,window.Shopify;Shopify.shop;cdn.shopify.com;/cdn/shop/;shopify_core_js;shopify-section;shopify-payment-button;header:shopify-complexity-score,False,True,26,address_state:Maharashtra;address_pin:400072;address_city:mumbai;phone:+91;indian_payment_gateway;currency:INR;domain:.in,address_state;address_pincode;address_city,address_state,ACCEPTED,,4,2,1,4,jsonld_or_dom_img,keyword_heuristics,metadata_or_headings,True,
https://theoliostories.com,https://theoliostories.com/password,200,False,0,,False,False,0,,,,REJECTED_INACTIVE,Redirects to /password,0,0,0,0,,,,True,Redirects to /password
https://bookmycostume.com,https://www.bookmycostume.com/,200,True,30,window.Shopify;Shopify.shop;cdn.shopify.com;/cdn/shop/;shopify_core_js;shopify-section;shopify-payment-button;header:shopify-complexity-score,False,False,7,phone:+91;currency:INR,,,REJECTED_NON_INDIA,Lacks strong Indian business location evidence,4,0,0,0,,,,True,
https://subhasbooks.com,https://subhasbooks.com,200,True,32,window.Shopify;Shopify.shop;cdn.shopify.com;/cdn/shop/;shopify_core_js;shopify-section;shopify-payment-button;shopify_meta_attribute;header:shopify-complexity-score,False,True,17,address_state:Karnataka;address_pin:560026;address_city:bengaluru;currency:INR,address_state;address_pincode;address_city,address_state,ACCEPTED,,4,1,1,2,jsonld_or_dom_img,keyword_heuristics,metadata_or_headings,True,
https://dgreen.in,https://www.dgreen.in/,200,True,28,window.Shopify;Shopify.shop;cdn.shopify.com;/cdn/shop/;shopify_core_js;shopify-section;header:shopify-complexity-score,False,False,10,phone:+91;currency:INR;domain:.in;city_mention:ludhiana,,,REJECTED_NON_INDIA,Lacks strong Indian business location evidence,4,0,0,0,,,,True,
https://buypurenaturals.com,https://www.buypurenaturals.com/,200,True,28,window.Shopify;Shopify.shop;cdn.shopify.com;/cdn/shop/;shopify_core_js;shopify-section;header:shopify-complexity-score,False,True,25,address_state:Delhi;address_pin:121010;address_city:delhi;phone:+91;indian_payment_gateway;currency:INR,address_state;address_pincode;address_city,address_state,ACCEPTED,,4,4,4,1,jsonld_or_dom_img,keyword_heuristics,metadata_or_headings,True,
https://ekdodhai.com,https://www.ekdodhai.com/,200,True,28,window.Shopify;Shopify.shop;cdn.shopify.com;/cdn/shop/;shopify_core_js;shopify-section;header:shopify-complexity-score,False,True,22,address_state:Delhi;address_pin:110049;address_city:delhi;phone:+91;currency:INR,address_state;address_pincode;address_city,address_state,ACCEPTED,,2,2,2,2,jsonld_or_dom_img,keyword_heuristics,metadata_or_headings,True,
https://hetha.in,https://hetha.in,200,True,28,window.Shopify;Shopify.shop;cdn.shopify.com;/cdn/shop/;shopify_core_js;shopify-section;header:shopify-complexity-score,False,True,22,jsonld_india_address;state:Uttar Pradesh;phone:+91;currency:INR;domain:.in,jsonld_address,json_ld_address,ACCEPTED,,4,1,1,6,jsonld_or_dom_img,keyword_heuristics,metadata_or_headings,True,
https://single-citrus.myshopify.com,https://single-citrus.myshopify.com,200,True,42,myshopify_subdomain;window.Shopify;Shopify.shop;cdn.shopify.com;/cdn/shop/;shopify_core_js;shopify-section;shopify-payment-button;shopify_meta_attribute;header:shopify-complexity-score,False,False,5,indian_payment_gateway;currency:INR,,,REJECTED_NON_INDIA,India score 5 < threshold 7,3,0,0,0,,,,True,
https://banknotecoinstamp.com,https://banknotecoinstamp.com,200,True,28,window.Shopify;Shopify.shop;cdn.shopify.com;/cdn/shop/;shopify_core_js;shopify-section;header:shopify-complexity-score,False,False,10,phone:+91;indian_payment_gateway;currency:INR,,,REJECTED_NON_INDIA,Lacks strong Indian business location evidence,3,0,0,0,,,,True,
https://yellowchimes.com,https://yellowchimes.com,200,True,28,window.Shopify;Shopify.shop;cdn.shopify.com;/cdn/shop/;shopify_core_js;shopify-section;header:shopify-complexity-score,False,True,19,address_pin:560068;address_city:bangalore;phone:+91;indian_payment_gateway;currency:INR,address_pincode;address_city,pin_code_560068,ACCEPTED,,3,2,1,0,jsonld_or_dom_img,keyword_heuristics,metadata_or_headings,True,
https://ventairindia.com,https://www.ventairindia.com/,200,True,28,window.Shopify;Shopify.shop;cdn.shopify.com;/cdn/shop/;shopify_core_js;shopify-section;header:shopify-complexity-score,False,True,16,address_pin:700002;address_city:kolkata;phone:+91;currency:INR,address_pincode;address_city,pin_code_700002,ACCEPTED,,4,2,4,3,jsonld_or_dom_img,keyword_heuristics,metadata_or_headings,True,
https://instalength.com,https://www.instalength.com/password,200,False,0,,False,False,0,,,,REJECTED_INACTIVE,Redirects to /password,0,0,0,0,,,,True,Redirects to /password
https://glamveda.com,https://glamveda.com,200,True,28,window.Shopify;Shopify.shop;cdn.shopify.com;/cdn/shop/;shopify_core_js;shopify-section;header:shopify-complexity-score,False,True,21,address_state:Uttar Pradesh;address_pin:201010;phone:+91;indian_payment_gateway;currency:INR,address_state;address_pincode,address_state,ACCEPTED,,4,2,1,4,jsonld_or_dom_img,keyword_heuristics,metadata_or_headings,True,
https://thebreedgear.com,https://www.thebreedgear.com/,200,True,28,window.Shopify;Shopify.shop;cdn.shopify.com;/cdn/shop/;shopify_core_js;shopify-section;header:shopify-complexity-score,False,True,12,address_pin:560102;phone:+91;currency:INR,address_pincode,pin_code_560102,ACCEPTED,,4,1,0,2,jsonld_or_dom_img,keyword_heuristics,metadata_or_headings,True,
https://austrozone.com,,0,False,0,,False,False,0,,,,,,0,0,0,0,,,,False,Robots.txt blocks homepage
https://loveforwhite.com,https://loveforwhite.com,200,True,28,window.Shopify;Shopify.shop;cdn.shopify.com;/cdn/shop/;shopify_core_js;shopify-section;header:shopify-complexity-score,False,False,10,phone:+91;indian_payment_gateway;currency:INR,,,REJECTED_NON_INDIA,Lacks strong Indian business location evidence,4,0,0,0,,,,True,
https://hyprote.in,https://hyprote.in,200,True,26,window.Shopify;Shopify.shop;cdn.shopify.com;/cdn/shop/;shopify_core_js;header:shopify-complexity-score,False,True,15,address_city:bangalore;phone:+91;indian_payment_gateway;currency:INR;domain:.in,address_city,address_city_bangalore,ACCEPTED,,2,1,1,3,jsonld_or_dom_img,keyword_heuristics,metadata_or_headings,True,
https://firesideventures.com,https://firesideventures.com,200,True,28,window.Shopify;Shopify.shop;cdn.shopify.com;/cdn/shop/;shopify_core_js;shopify-section;header:shopify-complexity-score,False,True,16,address_pin:560066;address_city:bangalore;phone:+91;currency:INR,address_pincode;address_city,pin_code_560066,ACCEPTED,,3,3,3,2,jsonld_or_dom_img,keyword_heuristics,metadata_or_headings,True,
https://mohabygeetanjali.com,https://mohabygeetanjali.com,200,True,28,window.Shopify;Shopify.shop;cdn.shopify.com;/cdn/shop/;shopify_core_js;shopify-section;header:shopify-complexity-score,False,True,25,address_state:Maharashtra;address_pin:400607;address_city:thane;phone:+91;indian_payment_gateway;currency:INR,address_state;address_pincode;address_city,address_state,ACCEPTED,,4,1,1,3,jsonld_or_dom_img,keyword_heuristics,metadata_or_headings,True,
https://pastelsandpop.com,https://pastelsandpop.com,200,True,30,window.Shopify;Shopify.shop;cdn.shopify.com;/cdn/shop/;shopify_core_js;shopify-section;shopify-payment-button;header:shopify-complexity-score,False,False,10,phone:+91;indian_payment_gateway;currency:INR,,,REJECTED_NON_INDIA,Lacks strong Indian business location evidence,4,0,0,0,,,,True,
https://refreshbag.com,https://refreshbag.com,0,False,0,,False,False,0,,,,REJECTED_FETCH_ERROR,NetworkError: ConnectError,0,0,0,0,,,,True,NetworkError: ConnectError
https://bonsoir.co.in,https://www.bonsoir.co.in/,200,True,30,window.Shopify;Shopify.shop;cdn.shopify.com;/cdn/shop/;shopify_core_js;shopify-section;shopify-payment-button;header:shopify-complexity-score,False,True,21,address_pin:201305;address_city:noida;phone:+91;indian_payment_gateway;currency:INR;domain:.co.in,address_pincode;address_city,pin_code_201305,ACCEPTED,,4,1,1,4,jsonld_or_dom_img,keyword_heuristics,metadata_or_headings,True,
https://chokore.com,https://www.chokore.com/,200,True,30,window.Shopify;Shopify.shop;cdn.shopify.com;/cdn/shop/;shopify_core_js;shopify-section;shopify-payment-button;header:shopify-complexity-score,False,False,10,phone:+91;indian_payment_gateway;currency:INR,,,REJECTED_NON_INDIA,Lacks strong Indian business location evidence,4,0,0,0,,,,True,
https://vardhmanknitworld.com,https://vardhmanknitworld.com,200,True,28,window.Shopify;Shopify.shop;cdn.shopify.com;/cdn/shop/;shopify_core_js;shopify-section;header:shopify-complexity-score,False,True,33,gstin:03AABCM4692E1ZP;address_state:Chandigarh;address_pin:141010;address_city:chandigarh;phone:+91;indian_payment_gateway;currency:INR,gstin;address_state;address_pincode;address_city,gstin_code_03,ACCEPTED,,4,2,1,3,jsonld_or_dom_img,keyword_heuristics,metadata_or_headings,True,
https://dcodeshop.com,https://www.dcodeshop.com/,200,True,32,window.Shopify;Shopify.shop;cdn.shopify.com;/cdn/shop/;shopify_core_js;shopify-section;shopify-payment-button;shopify_meta_attribute;header:shopify-complexity-score,False,True,25,address_state:Delhi;address_pin:110024;address_city:delhi;phone:+91;indian_payment_gateway;currency:INR,address_state;address_pincode;address_city,address_state,ACCEPTED,,4,3,1,3,jsonld_or_dom_img,keyword_heuristics,metadata_or_headings,True,
https://wholefoods.co.in,https://wholefoods.co.in,200,True,28,window.Shopify;Shopify.shop;cdn.shopify.com;/cdn/shop/;shopify_core_js;shopify-section;header:shopify-complexity-score,False,True,24,address_state:Haryana;address_pin:122001;address_city:delhi;phone:+91;currency:INR;domain:.co.in,address_state;address_pincode;address_city,address_state,ACCEPTED,,3,1,1,3,jsonld_or_dom_img,keyword_heuristics,metadata_or_headings,True,
https://trykartehai.com,https://trykartehai.com,200,True,28,window.Shopify;Shopify.shop;cdn.shopify.com;/cdn/shop/;shopify_core_js;shopify-section;header:shopify-complexity-score,False,True,25,address_state:Delhi;address_pin:110048;address_city:delhi;phone:+91;indian_payment_gateway;currency:INR,address_state;address_pincode;address_city,address_state,ACCEPTED,,4,2,0,2,jsonld_or_dom_img,keyword_heuristics,metadata_or_headings,True,
https://alika.in,https://www.alika.in/,200,True,30,window.Shopify;Shopify.shop;cdn.shopify.com;/cdn/shop/;shopify_core_js;shopify-section;shopify-payment-button;header:shopify-complexity-score,False,True,25,gstin:32BELPS7196R1ZC;address_state:Kerala;phone:+91;indian_payment_gateway;currency:INR;domain:.in,gstin;address_state,gstin_code_32,ACCEPTED,,4,1,1,3,jsonld_or_dom_img,keyword_heuristics,metadata_or_headings,True,
https://fanideaz.com,https://fanideaz.com,200,True,32,window.Shopify;Shopify.shop;cdn.shopify.com;/cdn/shop/;shopify_core_js;shopify-section;shopify-payment-button;shopify_meta_attribute;header:shopify-complexity-score,False,True,25,address_state:Tamil Nadu;address_pin:603202;address_city:chennai;phone:+91;indian_payment_gateway;currency:INR,address_state;address_pincode;address_city,address_state,ACCEPTED,,4,2,2,1,jsonld_or_dom_img,keyword_heuristics,metadata_or_headings,True,
https://kckdirect.com,https://www.kckdirect.com/,200,True,28,window.Shopify;Shopify.shop;cdn.shopify.com;/cdn/shop/;shopify_core_js;shopify-section;header:shopify-complexity-score,False,True,25,address_state:Kerala;address_pin:673032;address_city:thiruvananthapuram;phone:+91;indian_payment_gateway;currency:INR,address_state;address_pincode;address_city,address_state,ACCEPTED,,4,1,5,5,jsonld_or_dom_img,keyword_heuristics,metadata_or_headings,True,
https://shopsarah.in,https://pinupindiacasino.com/,200,False,0,,False,False,0,,,,REJECTED_NON_SHOPIFY,Shopify score 0 < threshold 5,0,0,0,0,,,,True,
https://taurusshop.com,https://taurusshop.com,200,True,28,window.Shopify;Shopify.shop;cdn.shopify.com;/cdn/shop/;shopify_core_js;shopify-section;header:shopify-complexity-score,False,False,7,phone:+91;currency:INR,,,REJECTED_NON_INDIA,Lacks strong Indian business location evidence,4,0,0,0,,,,True,
https://bookkish.com,https://bookkish.com,200,True,28,window.Shopify;Shopify.shop;cdn.shopify.com;/cdn/shop/;shopify_core_js;shopify-section;header:shopify-complexity-score,False,True,25,address_state:Delhi;address_pin:110092;address_city:delhi;phone:+91;indian_payment_gateway;currency:INR,address_state;address_pincode;address_city,address_state,ACCEPTED,,4,1,3,4,jsonld_or_dom_img,keyword_heuristics,metadata_or_headings,True,
https://alchemlife.in,https://www.phytoadvance.com/,200,False,0,,False,False,0,,,,REJECTED_NON_SHOPIFY,Shopify score 0 < threshold 5,0,0,0,0,,,,True,
https://aumentoinfoway.com,https://aumentoinfoway.com,200,True,28,window.Shopify;Shopify.shop;cdn.shopify.com;/cdn/shop/;shopify_core_js;shopify-section;header:shopify-complexity-score,False,True,22,address_state:Gujarat;address_pin:380015;address_city:ahmedabad;phone:+91;currency:INR,address_state;address_pincode;address_city,address_state,ACCEPTED,,4,3,0,5,jsonld_or_dom_img,keyword_heuristics,metadata_or_headings,True,
https://bohomale.com,https://bohomale.com,0,False,0,,False,False,0,,,,REJECTED_FETCH_ERROR,NetworkError: ConnectError,0,0,0,0,,,,True,NetworkError: ConnectError
https://raptorholidays.com,https://www.raptorholidays.com/,200,True,28,window.Shopify;Shopify.shop;cdn.shopify.com;/cdn/shop/;shopify_core_js;shopify-section;header:shopify-complexity-score,False,True,11,address_pin:411016;address_city:pune;currency:INR,address_pincode;address_city,pin_code_411016,ACCEPTED,,2,1,0,0,jsonld_or_dom_img,keyword_heuristics,metadata_or_headings,True,
https://tshirtbhaiya.com,https://tshirtbhaiya.com,200,False,0,,False,False,0,,,,REJECTED_NON_SHOPIFY,Shopify score 0 < threshold 5,0,0,0,0,,,,True,
https://houseofmeows.com,https://houseofmeows.com,200,True,28,window.Shopify;Shopify.shop;cdn.shopify.com;/cdn/shop/;shopify_core_js;shopify-section;header:shopify-complexity-score,False,True,18,jsonld_india_address;phone:+91;indian_payment_gateway;currency:INR,jsonld_address,,ACCEPTED,,4,1,1,0,jsonld_or_dom_img,keyword_heuristics,metadata_or_headings,True,
https://serenityonline.in,https://serenityonline.in,200,True,28,window.Shopify;Shopify.shop;cdn.shopify.com;/cdn/shop/;shopify_core_js;shopify-section;header:shopify-complexity-score,False,True,22,address_state:Goa;address_pin:403402;phone:+91;indian_payment_gateway;currency:INR;domain:.in,address_state;address_pincode,address_state,ACCEPTED,,4,1,4,2,jsonld_or_dom_img,keyword_heuristics,metadata_or_headings,True,
https://thedeepshop.com,https://thedeepshop.com,200,True,30,window.Shopify;Shopify.shop;cdn.shopify.com;/cdn/shop/;shopify_core_js;shopify-section;shopify-payment-button;header:shopify-complexity-score,False,True,12,address_pin:160071;phone:+91;currency:INR,address_pincode,pin_code_160071,ACCEPTED,,4,2,1,3,jsonld_or_dom_img,keyword_heuristics,metadata_or_headings,True,
https://zootox.com,https://zootox.com,0,False,0,,False,False,0,,,,REJECTED_FETCH_ERROR,NetworkError: ConnectError,0,0,0,0,,,,True,NetworkError: ConnectError
https://roopaks.com,https://roopaks.com,200,True,30,window.Shopify;Shopify.shop;cdn.shopify.com;/cdn/shop/;shopify_core_js;shopify-section;shopify-payment-button;header:shopify-complexity-score,False,True,25,address_state:Delhi;address_pin:110005;address_city:delhi;phone:+91;indian_payment_gateway;currency:INR,address_state;address_pincode;address_city,address_state,ACCEPTED,,4,1,4,1,jsonld_or_dom_img,keyword_heuristics,metadata_or_headings,True,
https://mudfingers.com,https://www.mudfingers.com/,200,True,28,window.Shopify;Shopify.shop;cdn.shopify.com;/cdn/shop/;shopify_core_js;shopify-section;header:shopify-complexity-score,False,True,16,address_pin:560085;address_city:bengaluru;phone:+91;currency:INR,address_pincode;address_city,pin_code_560085,ACCEPTED,,4,2,1,3,jsonld_or_dom_img,keyword_heuristics,metadata_or_headings,True,
https://haanum.com,https://haanum.com,200,True,32,window.Shopify;Shopify.shop;cdn.shopify.com;/cdn/shop/;shopify_core_js;shopify-section;shopify-payment-button;shopify_meta_attribute;header:shopify-complexity-score,False,False,10,phone:+91;indian_payment_gateway;currency:INR,,,REJECTED_NON_INDIA,Lacks strong Indian business location evidence,4,0,0,0,,,,True,
https://bebajrang.com,https://amanahyuk.com/,523,False,0,,False,False,0,,,,REJECTED_FETCH_ERROR,HTTP 523,0,0,0,0,,,,True,HTTP 523
https://heerson.com,https://heerson.com,200,True,28,window.Shopify;Shopify.shop;cdn.shopify.com;/cdn/shop/;shopify_core_js;shopify-section;header:shopify-complexity-score,False,True,14,address_city:mumbai;phone:+91;indian_payment_gateway;currency:INR,address_city,address_city_mumbai,ACCEPTED,,4,2,1,2,jsonld_or_dom_img,keyword_heuristics,metadata_or_headings,True,
https://swadbazaar.com,https://swadbazaar.com,200,True,30,window.Shopify;Shopify.shop;cdn.shopify.com;/cdn/shop/;shopify_core_js;shopify-section;shopify-payment-button;header:shopify-complexity-score,False,True,25,address_state:Madhya Pradesh;address_pin:452005;address_city:indore;phone:+91;indian_payment_gateway;currency:INR,address_state;address_pincode;address_city,address_state,ACCEPTED,,4,2,1,3,jsonld_or_dom_img,keyword_heuristics,metadata_or_headings,True,
https://vimalclothing.com,,0,False,0,,False,False,0,,,,,,0,0,0,0,,,,False,Robots.txt blocks homepage
https://greenessentials.in,https://greenessentials.in,200,True,28,window.Shopify;Shopify.shop;cdn.shopify.com;/cdn/shop/;shopify_core_js;shopify-section;header:shopify-complexity-score,False,True,18,address_state:Delhi;address_city:bengaluru;phone:+91;currency:INR;domain:.in,address_state;address_city,address_state,ACCEPTED,,4,2,1,2,jsonld_or_dom_img,keyword_heuristics,metadata_or_headings,True,
https://greymode.in,https://www.greymode.in/,200,True,28,window.Shopify;Shopify.shop;cdn.shopify.com;/cdn/shop/;shopify_core_js;shopify-section;header:shopify-complexity-score,False,True,22,jsonld_india_address;state:Puducherry;phone:+91;currency:INR;domain:.in,jsonld_address,json_ld_address,ACCEPTED,,4,2,2,3,jsonld_or_dom_img,keyword_heuristics,metadata_or_headings,True,
https://orthobalm.com,https://www.orthobalm.com/,200,False,0,,False,False,0,,,,REJECTED_NON_SHOPIFY,Shopify score 0 < threshold 5,0,0,0,0,,,,True,
https://apnidukan.in,https://apnidukan.in,200,False,0,,False,False,0,,,,REJECTED_NON_SHOPIFY,Shopify score 0 < threshold 5,0,0,0,0,,,,True,
https://suppleroom.com,https://suppleroom.com,200,True,28,window.Shopify;Shopify.shop;cdn.shopify.com;/cdn/shop/;shopify_core_js;shopify-section;header:shopify-complexity-score,False,True,18,gstin:27ADMFS7698M1ZT;phone:+91;indian_payment_gateway;currency:INR,gstin,gstin_code_27,ACCEPTED,,4,1,0,5,jsonld_or_dom_img,keyword_heuristics,metadata_or_headings,True,
https://preciousandyou.com,,0,False,0,,False,False,0,,,,,,0,0,0,0,,,,False,Robots.txt blocks homepage
https://posterboy.in,https://posterboy.in,200,False,0,,False,False,0,,,,REJECTED_INACTIVE,Parked or for-sale domain,0,0,0,0,,,,True,Parked or for-sale domain
https://mansaa.io,https://www.mansaa.io/,200,True,28,window.Shopify;Shopify.shop;cdn.shopify.com;/cdn/shop/;shopify_core_js;shopify-section;header:shopify-complexity-score,False,False,7,phone:+91;currency:INR,,,REJECTED_NON_INDIA,Lacks strong Indian business location evidence,4,0,0,0,,,,True,
https://sharrets.com,https://www.sharrets.com/,200,True,32,window.Shopify;Shopify.shop;cdn.shopify.com;/cdn/shop/;shopify_core_js;shopify-section;shopify-payment-button;shopify_meta_attribute;header:shopify-complexity-score,False,True,25,address_state:Rajasthan;address_pin:302039;address_city:jaipur;phone:+91;indian_payment_gateway;currency:INR,address_state;address_pincode;address_city,address_state,ACCEPTED,,4,1,2,2,jsonld_or_dom_img,keyword_heuristics,metadata_or_headings,True,
https://mittalbooks.com,https://mittalbooks.com,200,True,28,window.Shopify;Shopify.shop;cdn.shopify.com;/cdn/shop/;shopify_core_js;shopify-section;header:shopify-complexity-score,False,False,7,phone:+91;currency:INR,,,REJECTED_NON_INDIA,Lacks strong Indian business location evidence,1,0,0,0,,,,True,
https://alivekart.com,https://alivekart.com,200,False,0,,False,False,0,,,,REJECTED_NON_SHOPIFY,Shopify score 0 < threshold 5,0,0,0,0,,,,True,
https://sadhna.org,https://sadhna.org,200,True,28,window.Shopify;Shopify.shop;cdn.shopify.com;/cdn/shop/;shopify_core_js;shopify-section;header:shopify-complexity-score,False,True,15,address_state:Rajasthan;phone:+91;currency:INR;city_mention:udaipur,address_state,address_state,ACCEPTED,,4,2,1,4,jsonld_or_dom_img,keyword_heuristics,metadata_or_headings,True,
https://siaa.in,https://siaa.in,0,False,0,,False,False,0,,,,REJECTED_FETCH_ERROR,NetworkError: ConnectError,0,0,0,0,,,,True,NetworkError: ConnectError
https://balenzia.com,https://socksxpress.com/,200,True,30,window.Shopify;Shopify.shop;cdn.shopify.com;/cdn/shop/;shopify_core_js;shopify-section;shopify-payment-button;header:shopify-complexity-score,False,True,25,address_state:Uttar Pradesh;address_pin:208022;address_city:kanpur;phone:+91;indian_payment_gateway;currency:INR,address_state;address_pincode;address_city,address_state,ACCEPTED,,4,4,1,3,jsonld_or_dom_img,keyword_heuristics,metadata_or_headings,True,
https://indiastea.com,https://indiastea.com,200,False,0,,False,False,0,,,,REJECTED_NON_SHOPIFY,Shopify score 0 < threshold 5,0,0,0,0,,,,True,
https://mealofthemoment.com,https://mealofthemoment.com,200,True,28,window.Shopify;Shopify.shop;cdn.shopify.com;/cdn/shop/;shopify_core_js;shopify-section;header:shopify-complexity-score,False,False,9,phone:+91;currency:INR;city_mention:bengaluru,,,REJECTED_NON_INDIA,Lacks strong Indian business location evidence,1,0,0,0,,,,True,
https://mintritea.com,https://mintritea.com,200,True,28,window.Shopify;Shopify.shop;cdn.shopify.com;/cdn/shop/;shopify_core_js;shopify-section;header:shopify-complexity-score,False,True,18,address_state:West Bengal;address_pin:734001;phone:+91;currency:INR,address_state;address_pincode,address_state,ACCEPTED,,4,5,1,2,jsonld_or_dom_img,keyword_heuristics,metadata_or_headings,True,
https://iraivi.com,https://iraivi.com,0,False,0,,False,False,0,,,,REJECTED_FETCH_ERROR,Timeout: ConnectTimeout,0,0,0,0,,,,True,Timeout: ConnectTimeout
https://vvmart.in,https://vvmart.in,200,True,32,window.Shopify;Shopify.shop;cdn.shopify.com;/cdn/shop/;shopify_core_js;shopify-section;shopify-payment-button;shopify_meta_attribute;header:shopify-complexity-score,False,True,23,address_state:Kerala;address_pin:695023;address_city:trivandrum;phone:+91;currency:INR;domain:.in,address_state;address_pincode;address_city,address_state,ACCEPTED,,4,1,2,2,jsonld_or_dom_img,keyword_heuristics,metadata_or_headings,True,
https://mymudhouse.com,https://mymudhouse.com,0,False,0,,False,False,0,,,,REJECTED_FETCH_ERROR,NetworkError: ConnectError,0,0,0,0,,,,True,NetworkError: ConnectError
https://zenlitzz.com,https://zenlitzz.com,0,False,0,,False,False,0,,,,REJECTED_FETCH_ERROR,NetworkError: ConnectError,0,0,0,0,,,,True,NetworkError: ConnectError
https://dressfolk.com,https://dressfolk.com,200,True,28,window.Shopify;Shopify.shop;cdn.shopify.com;/cdn/shop/;shopify_core_js;shopify-section;header:shopify-complexity-score,False,True,22,address_state:Delhi;address_pin:122016;address_city:delhi;phone:+91;currency:INR,address_state;address_pincode;address_city,address_state,ACCEPTED,,4,1,2,4,jsonld_or_dom_img,keyword_heuristics,metadata_or_headings,True,
https://suranajewellersofjaipur.com,https://www.suranajewellersofjaipur.com/,200,True,28,window.Shopify;Shopify.shop;cdn.shopify.com;/cdn/shop/;shopify_core_js;shopify-section;header:shopify-complexity-score,False,True,14,address_city:jaipur;phone:+91;indian_payment_gateway;currency:INR,address_city,address_city_jaipur,ACCEPTED,,4,1,4,2,jsonld_or_dom_img,keyword_heuristics,metadata_or_headings,True,
https://etrafficwebexpert.com,https://etrafficwebexpert.com,200,True,28,window.Shopify;Shopify.shop;cdn.shopify.com;/cdn/shop/;shopify_core_js;shopify-section;header:shopify-complexity-score,False,True,12,address_pin:135001;phone:+91;currency:INR,address_pincode,pin_code_135001,ACCEPTED,,3,2,1,3,jsonld_or_dom_img,keyword_heuristics,metadata_or_headings,True,
https://alberttusk.com,https://www.alberttusk.com/,200,True,30,window.Shopify;Shopify.shop;cdn.shopify.com;/cdn/shop/;shopify_core_js;shopify-section;shopify-payment-button;header:shopify-complexity-score,False,True,25,address_state:Maharashtra;address_pin:632509;address_city:mumbai;phone:+91;indian_payment_gateway;currency:INR,address_state;address_pincode;address_city,address_state,ACCEPTED,,4,1,1,2,jsonld_or_dom_img,keyword_heuristics,metadata_or_headings,True,
https://carefone.in,https://carefone.in,200,True,28,window.Shopify;Shopify.shop;cdn.shopify.com;/cdn/shop/;shopify_core_js;shopify-section;header:shopify-complexity-score,False,True,34,gstin:07ABOCS7614Q1ZF;address_state:Delhi;address_pin:110009;address_city:delhi;phone:+91;indian_payment_gateway;currency:INR;domain:.in,gstin;address_state;address_pincode;address_city,gstin_code_07,ACCEPTED,,4,2,2,4,jsonld_or_dom_img,keyword_heuristics,metadata_or_headings,True,
https://orniza.com,https://www.orniza.com/,200,False,0,,False,False,0,,,,REJECTED_NON_SHOPIFY,Shopify score 0 < threshold 5,0,0,0,0,,,,True,
https://agriplexindia.com,https://agriplexindia.com,200,True,28,window.Shopify;Shopify.shop;cdn.shopify.com;/cdn/shop/;shopify_core_js;shopify-section;header:shopify-complexity-score,False,True,25,address_state:Karnataka;address_pin:560086;address_city:bengaluru;phone:+91;indian_payment_gateway;currency:INR,address_state;address_pincode;address_city,address_state,ACCEPTED,,4,3,2,5,jsonld_or_dom_img,keyword_heuristics,metadata_or_headings,True,
https://builtbygoals.com,https://builtbygoals.com,200,True,28,window.Shopify;Shopify.shop;cdn.shopify.com;/cdn/shop/;shopify_core_js;shopify-section;header:shopify-complexity-score,False,False,2,currency:INR,,,REJECTED_NON_INDIA,India score 2 < threshold 7,4,0,0,0,,,,True,
https://coocoo.in,,0,False,0,,False,False,0,,,,,,0,0,0,0,,,,False,Robots.txt blocks homepage
https://limon-design.com,https://limon-design.com,200,True,28,window.Shopify;Shopify.shop;cdn.shopify.com;/cdn/shop/;shopify_core_js;shopify-section;header:shopify-complexity-score,False,False,4,currency:INR;city_mention:delhi,,,REJECTED_NON_INDIA,India score 4 < threshold 7,4,0,0,0,,,,True,
https://tglance-2.myshopify.com,https://tglance-2.myshopify.com/password,200,False,0,,False,False,0,,,,REJECTED_INACTIVE,Redirects to /password,0,0,0,0,,,,True,Redirects to /password
https://cromostyle.com,https://www.cromostyle.com/,200,True,28,window.Shopify;Shopify.shop;cdn.shopify.com;/cdn/shop/;shopify_core_js;shopify-section;header:shopify-complexity-score,False,True,22,address_state:Tamil Nadu;address_pin:600062;address_city:chennai;phone:+91;currency:INR,address_state;address_pincode;address_city,address_state,ACCEPTED,,4,2,29,0,jsonld_or_dom_img,keyword_heuristics,metadata_or_headings,True,
https://havochobby.com,https://havochobby.in/,200,True,30,window.Shopify;Shopify.shop;cdn.shopify.com;/cdn/shop/;shopify_core_js;shopify-section;shopify-payment-button;header:shopify-complexity-score,False,True,25,gstin:29AADCH8454P1ZR;address_state:Karnataka;address_city:bangalore;phone:+91;currency:INR,gstin;address_state;address_city,gstin_code_29,ACCEPTED,,4,2,3,4,jsonld_or_dom_img,keyword_heuristics,metadata_or_headings,True,
https://skinsecretsindia.com,https://skinsecretsindia.com,200,True,32,window.Shopify;Shopify.shop;cdn.shopify.com;/cdn/shop/;shopify_core_js;shopify-section;shopify-payment-button;shopify_meta_attribute;header:shopify-complexity-score,False,True,25,address_state:Delhi;address_pin:110015;address_city:delhi;phone:+91;indian_payment_gateway;currency:INR,address_state;address_pincode;address_city,address_state,ACCEPTED,,4,3,0,0,jsonld_or_dom_img,keyword_heuristics,metadata_or_headings,True,
https://furper.com,https://furper.com,200,True,28,window.Shopify;Shopify.shop;cdn.shopify.com;/cdn/shop/;shopify_core_js;shopify-section;header:shopify-complexity-score,False,True,24,gstin:06AMGPN1615A1ZO;address_state:Haryana;address_pin:134003;indian_payment_gateway;currency:INR,gstin;address_state;address_pincode,gstin_code_06,ACCEPTED,,4,1,1,4,jsonld_or_dom_img,keyword_heuristics,metadata_or_headings,True,
https://truefarmfoods.com,https://truefarmfoods.com,200,True,28,window.Shopify;Shopify.shop;cdn.shopify.com;/cdn/shop/;shopify_core_js;shopify-section;header:shopify-complexity-score,False,True,22,address_state:Maharashtra;address_pin:400063;address_city:bangalore;phone:+91;currency:INR,address_state;address_pincode;address_city,address_state,ACCEPTED,,4,1,1,3,jsonld_or_dom_img,keyword_heuristics,metadata_or_headings,True,
https://sushiya.in,https://www.sushiya.in/,200,True,28,window.Shopify;Shopify.shop;cdn.shopify.com;/cdn/shop/;shopify_core_js;shopify-section;header:shopify-complexity-score,False,True,21,address_state:Delhi;address_city:mumbai;phone:+91;indian_payment_gateway;currency:INR;domain:.in,address_state;address_city,address_state,ACCEPTED,,4,1,2,2,jsonld_or_dom_img,keyword_heuristics,metadata_or_headings,True,
https://market99.com,https://market99.com,200,True,28,window.Shopify;Shopify.shop;cdn.shopify.com;/cdn/shop/;shopify_core_js;shopify-section;header:shopify-complexity-score,False,True,25,address_state:Delhi;address_pin:110020;address_city:delhi;phone:+91;indian_payment_gateway;currency:INR,address_state;address_pincode;address_city,address_state,ACCEPTED,,4,2,2,6,jsonld_or_dom_img,keyword_heuristics,metadata_or_headings,True,
https://divinecopper.com,https://divinecopper.com,200,True,28,window.Shopify;Shopify.shop;cdn.shopify.com;/cdn/shop/;shopify_core_js;shopify-section;header:shopify-complexity-score,False,False,7,phone:+91;currency:INR,,,REJECTED_NON_INDIA,Lacks strong Indian business location evidence,4,0,0,0,,,,True,
https://telephoneshoppees.com,https://www.telephoneshoppees.com/,200,True,26,window.Shopify;Shopify.shop;cdn.shopify.com;/cdn/shop/;shopify_core_js;header:shopify-complexity-score,False,True,16,address_pin:412105;address_city:pune;phone:+91;currency:INR,address_pincode;address_city,pin_code_412105,ACCEPTED,,4,3,2,6,jsonld_or_dom_img,keyword_heuristics,metadata_or_headings,True,
https://1ststep.com,https://1ststep.com,200,True,28,window.Shopify;Shopify.shop;cdn.shopify.com;/cdn/shop/;shopify_core_js;shopify-section;header:shopify-complexity-score,False,True,16,address_state:Andhra Pradesh;phone:+91;indian_payment_gateway;currency:INR,address_state,address_state,ACCEPTED,,4,1,0,4,jsonld_or_dom_img,keyword_heuristics,metadata_or_headings,True,
https://sonofanoble.com,https://www.sonofanoble.com/,200,True,28,window.Shopify;Shopify.shop;cdn.shopify.com;/cdn/shop/;shopify_core_js;shopify-section;header:shopify-complexity-score,False,True,14,address_pin:560102;address_city:bangalore;indian_payment_gateway;currency:INR,address_pincode;address_city,pin_code_560102,ACCEPTED,,4,2,1,2,jsonld_or_dom_img,keyword_heuristics,metadata_or_headings,True,
https://timbercraft.myshopify.com,https://timbercraft.in/,200,True,38,myshopify_subdomain;window.Shopify;Shopify.shop;cdn.shopify.com;/cdn/shop/;shopify_core_js;shopify-section;header:shopify-complexity-score,False,True,36,jsonld_india_address;state:Telangana;address_state:Telangana;address_pin:500081;address_city:hyderabad;phone:+91;currency:INR,jsonld_address;address_state;address_pincode;address_city,json_ld_address,ACCEPTED,,4,1,1,1,jsonld_or_dom_img,keyword_heuristics,metadata_or_headings,True,
https://rajdeepranawat.com,https://rajdeepranawat.com,200,True,28,window.Shopify;Shopify.shop;cdn.shopify.com;/cdn/shop/;shopify_core_js;shopify-section;header:shopify-complexity-score,False,True,25,address_state:Uttar Pradesh;address_pin:201301;address_city:noida;phone:+91;indian_payment_gateway;currency:INR,address_state;address_pincode;address_city,address_state,ACCEPTED,,4,2,1,5,jsonld_or_dom_img,keyword_heuristics,metadata_or_headings,True,
https://aquascaping.in,https://aquascaping.in,200,True,32,window.Shopify;Shopify.shop;cdn.shopify.com;/cdn/shop/;shopify_core_js;shopify-section;shopify-payment-button;shopify_meta_attribute;header:shopify-complexity-score,False,True,23,address_state:Chhattisgarh;address_pin:492009;address_city:raipur;phone:+91;currency:INR;domain:.in,address_state;address_pincode;address_city,address_state,ACCEPTED,,4,2,2,3,jsonld_or_dom_img,keyword_heuristics,metadata_or_headings,True,
https://loopkart.com,https://loopkart.com,0,False,0,,False,False,0,,,,REJECTED_FETCH_ERROR,Timeout: ConnectTimeout,0,0,0,0,,,,True,Timeout: ConnectTimeout
https://kicaactive.com,https://kicaactive.com,200,True,28,window.Shopify;Shopify.shop;cdn.shopify.com;/cdn/shop/;shopify_core_js;shopify-section;header:shopify-complexity-score,False,True,16,address_pin:400013;address_city:mumbai;phone:+91;currency:INR,address_pincode;address_city,pin_code_400013,ACCEPTED,,4,2,1,2,jsonld_or_dom_img,keyword_heuristics,metadata_or_headings,True,
https://themaggamcollective.com,https://themaggamcollective.com,200,True,28,window.Shopify;Shopify.shop;cdn.shopify.com;/cdn/shop/;shopify_core_js;shopify-section;header:shopify-complexity-score,False,True,26,jsonld_india_address;state:Telangana;phone:+91;indian_payment_gateway;currency:INR;city_mention:secunderabad,jsonld_address,json_ld_address,ACCEPTED,,4,1,1,2,jsonld_or_dom_img,keyword_heuristics,metadata_or_headings,True,
https://hashboosh.com,https://hashboosh.com,200,True,28,window.Shopify;Shopify.shop;cdn.shopify.com;/cdn/shop/;shopify_core_js;shopify-section;header:shopify-complexity-score,False,True,16,address_state:Kerala;phone:+91;indian_payment_gateway;currency:INR,address_state,address_state,ACCEPTED,,4,3,1,3,jsonld_or_dom_img,keyword_heuristics,metadata_or_headings,True,
https://galleriadilux.com,https://bidangresultsdy.live/,200,False,0,,False,False,0,,,,REJECTED_NON_SHOPIFY,Shopify score 0 < threshold 5,0,0,0,0,,,,True,
https://inkstring.com,https://inkstring.com,200,True,28,window.Shopify;Shopify.shop;cdn.shopify.com;/cdn/shop/;shopify_core_js;shopify-section;header:shopify-complexity-score,False,True,28,jsonld_india_address;address_state:Tamil Nadu;address_city:chennai;phone:+91;indian_payment_gateway;currency:INR,jsonld_address;address_state;address_city,address_state,ACCEPTED,,4,1,1,3,jsonld_or_dom_img,keyword_heuristics,metadata_or_headings,True,
https://perfectdeal.in,https://perfectdeal.in,530,False,0,,False,False,0,,,,REJECTED_FETCH_ERROR,HTTP 530,0,0,0,0,,,,True,HTTP 530
https://miuts.com,https://miuts.com,0,False,0,,False,False,0,,,,REJECTED_FETCH_ERROR,Timeout: ConnectTimeout,0,0,0,0,,,,True,Timeout: ConnectTimeout
https://atulyakalaindia.com,https://atulyakalaindia.com,200,True,32,window.Shopify;Shopify.shop;cdn.shopify.com;/cdn/shop/;shopify_core_js;shopify-section;shopify-payment-button;shopify_meta_attribute;header:shopify-complexity-score,False,True,20,address_state:Delhi;address_city:delhi;phone:+91;indian_payment_gateway;currency:INR,address_state;address_city,address_state,ACCEPTED,,4,0,0,2,jsonld_or_dom_img,keyword_heuristics,metadata_or_headings,True,
https://sushijunction.com,https://www.sushijunction.com/,200,True,28,window.Shopify;Shopify.shop;cdn.shopify.com;/cdn/shop/;shopify_core_js;shopify-section;header:shopify-complexity-score,False,True,22,address_state:Delhi;address_pin:122002;address_city:delhi;phone:+91;currency:INR,address_state;address_pincode;address_city,address_state,ACCEPTED,,4,1,1,2,jsonld_or_dom_img,keyword_heuristics,metadata_or_headings,True,
https://thepinkpotli.com,https://www.thepinkpotli.com/,200,True,28,window.Shopify;Shopify.shop;cdn.shopify.com;/cdn/shop/;shopify_core_js;shopify-section;header:shopify-complexity-score,False,False,7,phone:+91;currency:INR,,,REJECTED_NON_INDIA,Lacks strong Indian business location evidence,4,0,0,0,,,,True,
https://beantreefoods.com,https://www.beantreefoods.com/,200,True,32,window.Shopify;Shopify.shop;cdn.shopify.com;/cdn/shop/;shopify_core_js;shopify-section;shopify-payment-button;shopify_meta_attribute;header:shopify-complexity-score,False,False,10,phone:+91;indian_payment_gateway;currency:INR,,,REJECTED_NON_INDIA,Lacks strong Indian business location evidence,4,0,0,0,,,,True,
https://kidzvalle.com,https://kidzvalle.com,200,True,28,window.Shopify;Shopify.shop;cdn.shopify.com;/cdn/shop/;shopify_core_js;shopify-section;header:shopify-complexity-score,False,True,22,address_state:Karnataka;address_pin:560078;address_city:bengaluru;phone:+91;currency:INR,address_state;address_pincode;address_city,address_state,ACCEPTED,,4,3,2,2,jsonld_or_dom_img,keyword_heuristics,metadata_or_headings,True,
https://itspleazure.com,https://www.itspleazure.com/,200,True,28,window.Shopify;Shopify.shop;cdn.shopify.com;/cdn/shop/;shopify_core_js;shopify-section;header:shopify-complexity-score,False,True,17,address_state:Delhi;address_city:bengaluru;phone:+91;currency:INR,address_state;address_city,address_state,ACCEPTED,,4,1,1,3,jsonld_or_dom_img,keyword_heuristics,metadata_or_headings,True,
https://turmgel.com,https://turmgel.com,200,True,28,window.Shopify;Shopify.shop;cdn.shopify.com;/cdn/shop/;shopify_core_js;shopify-section;header:shopify-complexity-score,False,True,16,address_pin:400703;address_city:mumbai;phone:+91;currency:INR,address_pincode;address_city,pin_code_400703,ACCEPTED,,4,1,1,2,jsonld_or_dom_img,keyword_heuristics,metadata_or_headings,True,
https://indiabag.com,https://indiabag.com,0,False,0,,False,False,0,,,,REJECTED_FETCH_ERROR,NetworkError: ConnectError,0,0,0,0,,,,True,NetworkError: ConnectError
https://zorin.co.in,https://www.zorin.co.in/,200,True,28,window.Shopify;Shopify.shop;cdn.shopify.com;/cdn/shop/;shopify_core_js;shopify-section;header:shopify-complexity-score,False,True,41,jsonld_india_address;state:Delhi;address_state:Delhi;address_pin:110028;address_city:delhi;phone:+91;indian_payment_gateway;currency:INR;domain:.co.in,jsonld_address;address_state;address_pincode;address_city,json_ld_address,ACCEPTED,,4,2,3,3,jsonld_or_dom_img,keyword_heuristics,metadata_or_headings,True,
https://snhandicrafts.com,https://www.snhandicrafts.com/,200,True,28,window.Shopify;Shopify.shop;cdn.shopify.com;/cdn/shop/;shopify_core_js;shopify-section;header:shopify-complexity-score,False,True,17,address_state:Delhi;address_city:delhi;phone:+91;currency:INR,address_state;address_city,address_state,ACCEPTED,,4,1,1,3,jsonld_or_dom_img,keyword_heuristics,metadata_or_headings,True,
https://aeshaane.com,https://www.aeshaane.com/,200,True,28,window.Shopify;Shopify.shop;cdn.shopify.com;/cdn/shop/;shopify_core_js;shopify-section;header:shopify-complexity-score,False,True,16,address_pin:600115;address_city:chennai;phone:+91;currency:INR,address_pincode;address_city,pin_code_600115,ACCEPTED,,4,2,1,4,jsonld_or_dom_img,keyword_heuristics,metadata_or_headings,True,
https://kapaver.com,https://kapaver.com,200,True,32,window.Shopify;Shopify.shop;cdn.shopify.com;/cdn/shop/;shopify_core_js;shopify-section;shopify-payment-button;shopify_meta_attribute;header:shopify-complexity-score,False,False,10,phone:+91;indian_payment_gateway;currency:INR,,,REJECTED_NON_INDIA,Lacks strong Indian business location evidence,4,0,0,0,,,,True,
https://voyageeyewear.com,https://www.voyageeyewear.com/,200,True,28,window.Shopify;Shopify.shop;cdn.shopify.com;/cdn/shop/;shopify_core_js;shopify-section;header:shopify-complexity-score,False,False,7,phone:+91;currency:INR,,,REJECTED_NON_INDIA,Lacks strong Indian business location evidence,4,0,0,0,,,,True,
https://sarahsevenshop.com,https://sarahsevenshop.com,0,False,0,,False,False,0,,,,REJECTED_FETCH_ERROR,Timeout: ConnectTimeout,0,0,0,0,,,,True,Timeout: ConnectTimeout
https://bhumijalifesciences.com,https://bhumijalifesciences.com,200,False,0,,False,False,0,,,,REJECTED_NON_SHOPIFY,Shopify score 0 < threshold 5,0,0,0,0,,,,True,
https://offshootbooks.com,https://offshootbooks.com,200,False,0,,False,False,0,,,,REJECTED_NON_SHOPIFY,Shopify score 0 < threshold 5,0,0,0,0,,,,True,
https://pronatureorganic.com,https://pronatureorganic.com,200,False,0,,False,False,0,,,,REJECTED_NON_SHOPIFY,Shopify score 0 < threshold 5,0,0,0,0,,,,True,
https://farmersmarket.co.in,https://farmersmarket.co.in,0,False,0,,False,False,0,,,,REJECTED_FETCH_ERROR,Timeout: ConnectTimeout,0,0,0,0,,,,True,Timeout: ConnectTimeout
https://nourishyou.in,https://nourishyou.in,200,True,30,window.Shopify;Shopify.shop;cdn.shopify.com;/cdn/shop/;shopify_core_js;shopify-section;shopify-payment-button;header:shopify-complexity-score,False,True,34,jsonld_india_address;address_state:Telangana;address_pin:500034;address_city:hyderabad;phone:+91;indian_payment_gateway;currency:INR;domain:.in,jsonld_address;address_state;address_pincode;address_city,address_state,ACCEPTED,,4,2,1,2,jsonld_or_dom_img,keyword_heuristics,metadata_or_headings,True,
https://mineofdesign.com,https://www.mineofdesign.com/,200,True,30,window.Shopify;Shopify.shop;cdn.shopify.com;/cdn/shop/;shopify_core_js;shopify-section;shopify-payment-button;header:shopify-complexity-score,False,True,29,jsonld_india_address;state:Uttar Pradesh;address_pin:201001;phone:+91;indian_payment_gateway;currency:INR,jsonld_address;address_pincode,json_ld_address,ACCEPTED,,4,1,0,4,jsonld_or_dom_img,keyword_heuristics,metadata_or_headings,True,
https://iicfashion.com,https://www.iicfashion.com/,200,True,28,window.Shopify;Shopify.shop;cdn.shopify.com;/cdn/shop/;shopify_core_js;shopify-section;header:shopify-complexity-score,False,True,22,address_state:Haryana;address_pin:302006;address_city:delhi;phone:+91;currency:INR,address_state;address_pincode;address_city,address_state,ACCEPTED,,4,0,2,3,jsonld_or_dom_img,keyword_heuristics,metadata_or_headings,True,
https://neemlinaturals.com,https://kacang99new.com/,200,False,0,,False,False,0,,,,REJECTED_NON_SHOPIFY,Shopify score 0 < threshold 5,0,0,0,0,,,,True,
https://griffel.in,https://griffel.in,200,True,30,window.Shopify;Shopify.shop;cdn.shopify.com;/cdn/shop/;shopify_core_js;shopify-section;shopify-payment-button;header:shopify-complexity-score,False,True,26,address_state:Punjab;address_pin:141001;address_city:ludhiana;phone:+91;indian_payment_gateway;currency:INR;domain:.in,address_state;address_pincode;address_city,address_state,ACCEPTED,,4,2,3,3,jsonld_or_dom_img,keyword_heuristics,metadata_or_headings,True,
https://petveda.com,https://petveda.com,0,False,0,,False,False,0,,,,REJECTED_FETCH_ERROR,NetworkError: ConnectError,0,0,0,0,,,,True,NetworkError: ConnectError
https://niana.co,https://niana.co,200,True,28,window.Shopify;Shopify.shop;cdn.shopify.com;/cdn/shop/;shopify_core_js;shopify-section;header:shopify-complexity-score,False,True,22,address_state:Delhi;address_pin:110030;address_city:delhi;phone:+91;currency:INR,address_state;address_pincode;address_city,address_state,ACCEPTED,,4,1,2,2,jsonld_or_dom_img,keyword_heuristics,metadata_or_headings,True,
https://18herbs.com,https://18herbs.com,200,True,28,window.Shopify;Shopify.shop;cdn.shopify.com;/cdn/shop/;shopify_core_js;shopify-section;header:shopify-complexity-score,False,True,15,gstin:33AAACZ4268J1Z3;phone:+91;currency:INR,gstin,gstin_code_33,ACCEPTED,,4,2,2,4,jsonld_or_dom_img,keyword_heuristics,metadata_or_headings,True,
https://srstore09.myshopify.com,https://srstore.in/,200,True,38,myshopify_subdomain;window.Shopify;Shopify.shop;cdn.shopify.com;/cdn/shop/;shopify_core_js;shopify-section;header:shopify-complexity-score,False,True,33,jsonld_india_address;state:Maharashtra;address_pin:400052;address_city:mumbai;phone:+91;indian_payment_gateway;currency:INR,jsonld_address;address_pincode;address_city,json_ld_address,ACCEPTED,,4,1,1,2,jsonld_or_dom_img,keyword_heuristics,metadata_or_headings,True,
https://ecocorner.com,https://ecocorner.com,200,True,28,window.Shopify;Shopify.shop;cdn.shopify.com;/cdn/shop/;shopify_core_js;shopify-section;header:shopify-complexity-score,False,False,9,phone:+91;currency:INR;city_mention:mumbai,,,REJECTED_NON_INDIA,Lacks strong Indian business location evidence,4,0,0,0,,,,True,
https://imyoung.in,https://imyoung.in,0,False,0,,False,False,0,,,,REJECTED_FETCH_ERROR,NetworkError: ConnectError,0,0,0,0,,,,True,NetworkError: ConnectError
https://imlee-jaipur.myshopify.com,https://imleejaipur.com/,200,True,38,myshopify_subdomain;window.Shopify;Shopify.shop;cdn.shopify.com;/cdn/shop/;shopify_core_js;shopify-section;header:shopify-complexity-score,False,True,16,address_pin:302015;address_city:jaipur;phone:+91;currency:INR,address_pincode;address_city,pin_code_302015,ACCEPTED,,4,2,2,3,jsonld_or_dom_img,keyword_heuristics,metadata_or_headings,True,
https://axlworld.com,https://axlworld.com,200,False,0,,False,False,0,,,,REJECTED_NON_SHOPIFY,Shopify score 0 < threshold 5,0,0,0,0,,,,True,
https://tiesta.in,https://tiesta.in,200,True,28,window.Shopify;Shopify.shop;cdn.shopify.com;/cdn/shop/;shopify_core_js;shopify-section;header:shopify-complexity-score,False,True,26,address_state:Maharashtra;address_pin:400013;address_city:mumbai;phone:+91;indian_payment_gateway;currency:INR;domain:.in,address_state;address_pincode;address_city,address_state,ACCEPTED,,4,1,2,5,jsonld_or_dom_img,keyword_heuristics,metadata_or_headings,True,
https://toileindienne.com,https://toileindienne.com,200,False,0,,False,False,0,,,,REJECTED_NON_SHOPIFY,Shopify score 0 < threshold 5,0,0,0,0,,,,True,
https://naattumarundhukadai.com,https://naattumarundhukadai.com,200,True,28,window.Shopify;Shopify.shop;cdn.shopify.com;/cdn/shop/;shopify_core_js;shopify-section;header:shopify-complexity-score,False,True,12,address_pin:642126;phone:+91;currency:INR,address_pincode,pin_code_642126,ACCEPTED,,4,1,1,4,jsonld_or_dom_img,keyword_heuristics,metadata_or_headings,True,
https://furjaden.com,https://www.furjaden.com/,200,True,30,window.Shopify;Shopify.shop;cdn.shopify.com;/cdn/shop/;shopify_core_js;shopify-section;shopify-payment-button;header:shopify-complexity-score,False,True,14,address_city:mumbai;phone:+91;indian_payment_gateway;currency:INR,address_city,address_city_mumbai,ACCEPTED,,4,1,1,0,jsonld_or_dom_img,keyword_heuristics,metadata_or_headings,True,
https://manavkhadiherbal.com,https://www.manavkhadiherbal.com/,200,True,28,window.Shopify;Shopify.shop;cdn.shopify.com;/cdn/shop/;shopify_core_js;shopify-section;header:shopify-complexity-score,False,True,12,address_pin:201204;phone:+91;currency:INR,address_pincode,pin_code_201204,ACCEPTED,,4,2,1,4,jsonld_or_dom_img,keyword_heuristics,metadata_or_headings,True,
https://wudore.com,https://www.wudore.com,200,False,0,,False,False,0,,,,REJECTED_NON_SHOPIFY,Shopify score 0 < threshold 5,0,0,0,0,,,,True,
https://redpawsshop.com,https://www.redpawsshop.com/,200,False,0,,False,False,0,,,,REJECTED_NON_SHOPIFY,Shopify score 0 < threshold 5,0,0,0,0,,,,True,
https://themonk.co.in,https://themonk.co.in,200,True,28,window.Shopify;Shopify.shop;cdn.shopify.com;/cdn/shop/;shopify_core_js;shopify-section;header:shopify-complexity-score,False,False,9,phone:+91;currency:INR;domain:.co.in,,,REJECTED_NON_INDIA,Lacks strong Indian business location evidence,4,0,0,0,,,,True,
https://vacurect-india.com,https://www.vacurect.in/,200,True,28,window.Shopify;Shopify.shop;cdn.shopify.com;/cdn/shop/;shopify_core_js;shopify-section;header:shopify-complexity-score,False,True,25,address_state:Punjab;address_pin:160062;address_city:kolkata;phone:+91;indian_payment_gateway;currency:INR,address_state;address_pincode;address_city,address_state,ACCEPTED,,4,1,2,4,jsonld_or_dom_img,keyword_heuristics,metadata_or_headings,True,
https://chubears.com,,0,False,0,,False,False,0,,,,,,0,0,0,0,,,,False,Robots.txt blocks homepage
https://edgability.com,https://www.edgability.com/,200,True,28,window.Shopify;Shopify.shop;cdn.shopify.com;/cdn/shop/;shopify_core_js;shopify-section;header:shopify-complexity-score,False,True,15,address_state:Delhi;address_city:delhi;indian_payment_gateway;currency:INR,address_state;address_city,address_state,ACCEPTED,,4,3,0,4,jsonld_or_dom_img,keyword_heuristics,metadata_or_headings,True,
https://sammohi.com,https://sammohi.com,200,True,28,window.Shopify;Shopify.shop;cdn.shopify.com;/cdn/shop/;shopify_core_js;shopify-section;header:shopify-complexity-score,False,True,16,address_pin:400053;address_city:mumbai;phone:+91;currency:INR,address_pincode;address_city,pin_code_400053,ACCEPTED,,4,1,3,3,jsonld_or_dom_img,keyword_heuristics,metadata_or_headings,True,
https://o-charlie.com,https://o-charlie.com,0,False,0,,False,False,0,,,,REJECTED_FETCH_ERROR,NetworkError: ConnectError,0,0,0,0,,,,True,NetworkError: ConnectError
https://hiloramart.com,https://hiloramart.com,200,True,28,window.Shopify;Shopify.shop;cdn.shopify.com;/cdn/shop/;shopify_core_js;shopify-section;header:shopify-complexity-score,False,True,17,address_state:Uttar Pradesh;address_pin:201308;address_city:noida;currency:INR,address_state;address_pincode;address_city,address_state,ACCEPTED,,4,1,1,3,jsonld_or_dom_img,keyword_heuristics,metadata_or_headings,True,
https://felicitachocolates.com,,0,False,0,,False,False,0,,,,,,0,0,0,0,,,,False,Robots.txt blocks homepage
https://libertina.in,https://libertina.in,200,True,32,window.Shopify;Shopify.shop;cdn.shopify.com;/cdn/shop/;shopify_core_js;shopify-section;shopify-payment-button;shopify_meta_attribute;header:shopify-complexity-score,False,True,7,address_city:mumbai;currency:INR;domain:.in,address_city,address_city_mumbai,ACCEPTED,,2,0,0,0,jsonld_or_dom_img,keyword_heuristics,metadata_or_headings,True,
https://ivankalumiere.com,https://www.ivankalumiere.com/,200,True,28,window.Shopify;Shopify.shop;cdn.shopify.com;/cdn/shop/;shopify_core_js;shopify-section;header:shopify-complexity-score,False,True,22,address_state:Delhi;address_pin:110030;address_city:delhi;phone:+91;currency:INR,address_state;address_pincode;address_city,address_state,ACCEPTED,,3,3,3,0,jsonld_or_dom_img,keyword_heuristics,metadata_or_headings,True,
https://kalashreeregalia.com,https://www.kalashreeregalia.com/,200,True,28,window.Shopify;Shopify.shop;cdn.shopify.com;/cdn/shop/;shopify_core_js;shopify-section;header:shopify-complexity-score,False,True,22,address_state:Rajasthan;address_pin:110006;address_city:delhi;phone:+91;currency:INR,address_state;address_pincode;address_city,address_state,ACCEPTED,,4,2,2,3,jsonld_or_dom_img,keyword_heuristics,metadata_or_headings,True,
https://indianhobbycenter.com,https://www.indianhobbycenter.com/,200,True,30,window.Shopify;Shopify.shop;cdn.shopify.com;/cdn/shop/;shopify_core_js;shopify-section;shopify-payment-button;header:shopify-complexity-score,False,True,22,address_state:Odisha;address_pin:751013;address_city:bhubaneswar;phone:+91;currency:INR,address_state;address_pincode;address_city,address_state,ACCEPTED,,4,2,1,3,jsonld_or_dom_img,keyword_heuristics,metadata_or_headings,True,
https://aashimabehl.com,https://www.aashimabehl.com/,200,True,32,window.Shopify;Shopify.shop;cdn.shopify.com;/cdn/shop/;shopify_core_js;shopify-section;shopify-payment-button;shopify_meta_attribute;header:shopify-complexity-score,False,False,10,phone:+91;indian_payment_gateway;currency:INR,,,REJECTED_NON_INDIA,Lacks strong Indian business location evidence,4,0,0,0,,,,True,
https://alanaturellecosmetics.com,https://alanaturellecosmetics.com,200,True,28,window.Shopify;Shopify.shop;cdn.shopify.com;/cdn/shop/;shopify_core_js;shopify-section;header:shopify-complexity-score,False,True,22,address_state:Maharashtra;address_pin:400088;address_city:mumbai;phone:+91;currency:INR,address_state;address_pincode;address_city,address_state,ACCEPTED,,4,2,3,3,jsonld_or_dom_img,keyword_heuristics,metadata_or_headings,True,
https://studiocoppre.com,https://www.studiocoppre.com/,200,True,28,window.Shopify;Shopify.shop;cdn.shopify.com;/cdn/shop/;shopify_core_js;shopify-section;header:shopify-complexity-score,False,True,25,address_state:Maharashtra;address_pin:411016;address_city:bengaluru;phone:+91;indian_payment_gateway;currency:INR,address_state;address_pincode;address_city,address_state,ACCEPTED,,4,1,1,5,jsonld_or_dom_img,keyword_heuristics,metadata_or_headings,True,
https://healthyhey.com,https://healthyhey.com,200,True,32,window.Shopify;Shopify.shop;cdn.shopify.com;/cdn/shop/;shopify_core_js;shopify-section;shopify-payment-button;shopify_meta_attribute;header:shopify-complexity-score,False,True,24,jsonld_india_address;state:Maharashtra;phone:+91;indian_payment_gateway;currency:INR,jsonld_address,json_ld_address,ACCEPTED,,4,1,2,2,jsonld_or_dom_img,keyword_heuristics,metadata_or_headings,True,
https://magicalnest.com,https://magicalnest.com,200,True,30,window.Shopify;Shopify.shop;cdn.shopify.com;/cdn/shop/;shopify_core_js;shopify-section;shopify-payment-button;header:shopify-complexity-score,False,True,25,address_state:Karnataka;address_pin:560049;address_city:bengaluru;phone:+91;indian_payment_gateway;currency:INR,address_state;address_pincode;address_city,address_state,ACCEPTED,,3,2,1,5,jsonld_or_dom_img,keyword_heuristics,metadata_or_headings,True,
https://freshnfrozen.com,https://www.freshnfrozen.com/,200,True,30,window.Shopify;Shopify.shop;cdn.shopify.com;/cdn/shop/;shopify_core_js;shopify-section;shopify-payment-button;header:shopify-complexity-score,False,False,7,phone:+91;currency:INR,,,REJECTED_NON_INDIA,Lacks strong Indian business location evidence,4,0,0,0,,,,True,
https://koashee.com,https://www.koashee.com/,200,True,28,window.Shopify;Shopify.shop;cdn.shopify.com;/cdn/shop/;shopify_core_js;shopify-section;header:shopify-complexity-score,False,True,17,address_state:Rajasthan;address_pin:302004;address_city:jaipur;currency:INR,address_state;address_pincode;address_city,address_state,ACCEPTED,,4,1,1,2,jsonld_or_dom_img,keyword_heuristics,metadata_or_headings,True,
https://qaaleen.co.in,https://qaaleencarpets.com/,200,True,30,window.Shopify;Shopify.shop;cdn.shopify.com;/cdn/shop/;shopify_core_js;shopify-section;shopify-payment-button;header:shopify-complexity-score,False,True,33,jsonld_india_address;state:Delhi;address_state:Delhi;address_city:delhi;phone:+91;currency:INR;domain:.co.in,jsonld_address;address_state;address_city,json_ld_address,ACCEPTED,,4,2,1,1,jsonld_or_dom_img,keyword_heuristics,metadata_or_headings,True,
https://blossominners.com,https://blossominners.com,200,True,30,window.Shopify;Shopify.shop;cdn.shopify.com;/cdn/shop/;shopify_core_js;shopify-section;shopify-payment-button;header:shopify-complexity-score,False,True,22,address_state:Kerala;address_pin:682021;address_city:kochi;phone:+91;currency:INR,address_state;address_pincode;address_city,address_state,ACCEPTED,,4,1,1,4,jsonld_or_dom_img,keyword_heuristics,metadata_or_headings,True,
https://qiddosports.com,https://qiddosports.com,200,True,28,window.Shopify;Shopify.shop;cdn.shopify.com;/cdn/shop/;shopify_core_js;shopify-section;header:shopify-complexity-score,False,True,9,address_city:mumbai;indian_payment_gateway;currency:INR,address_city,address_city_mumbai,ACCEPTED,,4,4,0,3,jsonld_or_dom_img,keyword_heuristics,metadata_or_headings,True,
https://kalpana.net,https://kalpana.net,200,True,28,window.Shopify;Shopify.shop;cdn.shopify.com;/cdn/shop/;shopify_core_js;shopify-section;header:shopify-complexity-score,False,True,14,address_city:noida;phone:+91;indian_payment_gateway;currency:INR,address_city,address_city_noida,ACCEPTED,,4,3,6,5,jsonld_or_dom_img,keyword_heuristics,metadata_or_headings,True,
https://international-tool.co.in,https://international-tool.co.in,0,False,0,,False,False,0,,,,REJECTED_FETCH_ERROR,NetworkError: ConnectError,0,0,0,0,,,,True,NetworkError: ConnectError
https://lozano.in,https://lozano.in,200,True,28,window.Shopify;Shopify.shop;cdn.shopify.com;/cdn/shop/;shopify_core_js;shopify-section;header:shopify-complexity-score,False,True,26,address_state:Delhi;address_pin:110063;address_city:delhi;phone:+91;indian_payment_gateway;currency:INR;domain:.in,address_state;address_pincode;address_city,address_state,ACCEPTED,,4,2,1,2,jsonld_or_dom_img,keyword_heuristics,metadata_or_headings,True,
https://dandeliondreams.co,https://dandelionindia.co/,200,True,30,window.Shopify;Shopify.shop;cdn.shopify.com;/cdn/shop/;shopify_core_js;shopify-section;shopify-payment-button;header:shopify-complexity-score,False,True,23,jsonld_india_address;state:Maharashtra;phone:+91;currency:INR;city_mention:mumbai,jsonld_address,json_ld_address,ACCEPTED,,4,1,1,2,jsonld_or_dom_img,keyword_heuristics,metadata_or_headings,True,
https://dameessentials.com,https://www.dameessentials.com/,200,True,28,window.Shopify;Shopify.shop;cdn.shopify.com;/cdn/shop/;shopify_core_js;shopify-section;header:shopify-complexity-score,False,True,25,address_state:Karnataka;address_pin:560092;address_city:bangalore;phone:+91;indian_payment_gateway;currency:INR,address_state;address_pincode;address_city,address_state,ACCEPTED,,4,1,3,2,jsonld_or_dom_img,keyword_heuristics,metadata_or_headings,True,
https://ayurvedindia.co.in,,0,False,0,,False,False,0,,,,,,0,0,0,0,,,,False,Robots.txt blocks homepage
https://awwalboutique.com,https://www.awwalboutique.com/,200,True,28,window.Shopify;Shopify.shop;cdn.shopify.com;/cdn/shop/;shopify_core_js;shopify-section;header:shopify-complexity-score,False,True,16,address_pin:400097;address_city:mumbai;phone:+91;currency:INR,address_pincode;address_city,pin_code_400097,ACCEPTED,,4,1,0,3,jsonld_or_dom_img,keyword_heuristics,metadata_or_headings,True,
https://cheatingwatch.in,https://cheatingwatch.in,0,False,0,,False,False,0,,,,REJECTED_FETCH_ERROR,NetworkError: ConnectError,0,0,0,0,,,,True,NetworkError: ConnectError
https://meplsky.com,https://meplsky.com,403,False,0,,False,False,0,,,,REJECTED_FETCH_ERROR,HTTP 403,0,0,0,0,,,,True,HTTP 403
https://spiceplatter.com,https://www.spiceplatter.com/,200,True,30,window.Shopify;Shopify.shop;cdn.shopify.com;/cdn/shop/;shopify_core_js;shopify-section;shopify-payment-button;header:shopify-complexity-score,False,True,25,address_state:Rajasthan;address_pin:342304;address_city:mumbai;phone:+91;indian_payment_gateway;currency:INR,address_state;address_pincode;address_city,address_state,ACCEPTED,,4,2,1,3,jsonld_or_dom_img,keyword_heuristics,metadata_or_headings,True,
https://kanelle-online.com,,0,False,0,,False,False,0,,,,,,0,0,0,0,,,,False,Robots.txt blocks homepage
https://frozenbasket.com,https://frozenbasket.com,200,False,0,,False,False,0,,,,REJECTED_NON_SHOPIFY,Shopify score 0 < threshold 5,0,0,0,0,,,,True,
https://uncuffedclothing.com,https://uncuffedclothing.com,200,True,30,window.Shopify;Shopify.shop;cdn.shopify.com;/cdn/shop/;shopify_core_js;shopify-section;shopify-payment-button;header:shopify-complexity-score,False,True,22,address_state:Maharashtra;address_pin:560042;address_city:bengaluru;phone:+91;currency:INR,address_state;address_pincode;address_city,address_state,ACCEPTED,,4,2,1,1,jsonld_or_dom_img,keyword_heuristics,metadata_or_headings,True,
https://shopifytest8.myshopify.com,https://shopifytest8.myshopify.com,200,False,0,,False,False,0,,,,REJECTED_INACTIVE,Demo/test store (naming + default Shopify boilerplate copy),0,0,0,0,,,,True,Demo/test store (naming + default Shopify boilerplate copy)
https://matsyaworld.com,https://matsyaworld.com,200,True,28,window.Shopify;Shopify.shop;cdn.shopify.com;/cdn/shop/;shopify_core_js;shopify-section;header:shopify-complexity-score,False,False,10,phone:+91;indian_payment_gateway;currency:INR,,,REJECTED_NON_INDIA,Lacks strong Indian business location evidence,4,0,0,0,,,,True,
https://beautysource.in,https://beautysource.in,0,False,0,,False,False,0,,,,REJECTED_FETCH_ERROR,NetworkError: ConnectError,0,0,0,0,,,,True,NetworkError: ConnectError
https://tarinionline.com,https://www.tarinionline.com/,200,True,28,window.Shopify;Shopify.shop;cdn.shopify.com;/cdn/shop/;shopify_core_js;shopify-section;header:shopify-complexity-score,False,True,19,address_pin:201301;address_city:noida;phone:+91;indian_payment_gateway;currency:INR,address_pincode;address_city,pin_code_201301,ACCEPTED,,4,3,1,3,jsonld_or_dom_img,keyword_heuristics,metadata_or_headings,True,
https://liso.in,https://liso.in,200,True,28,window.Shopify;Shopify.shop;cdn.shopify.com;/cdn/shop/;shopify_core_js;shopify-section;header:shopify-complexity-score,False,True,20,address_pin:682030;address_city:kochi;phone:+91;indian_payment_gateway;currency:INR;domain:.in,address_pincode;address_city,pin_code_682030,ACCEPTED,,4,1,2,3,jsonld_or_dom_img,keyword_heuristics,metadata_or_headings,True,
https://globusshopping.com,https://globusshopping.com,0,False,0,,False,False,0,,,,REJECTED_FETCH_ERROR,NetworkError: ConnectError,0,0,0,0,,,,True,NetworkError: ConnectError
https://bebaakstudio.com,https://bebaakstudio.com,200,True,28,window.Shopify;Shopify.shop;cdn.shopify.com;/cdn/shop/;shopify_core_js;shopify-section;header:shopify-complexity-score,False,True,18,address_state:Chhattisgarh;address_pin:495006;phone:+91;currency:INR,address_state;address_pincode,address_state,ACCEPTED,,4,2,1,3,jsonld_or_dom_img,keyword_heuristics,metadata_or_headings,True,
https://craxystore.com,https://craxystore.com,0,False,0,,False,False,0,,,,REJECTED_FETCH_ERROR,Timeout: ConnectTimeout,0,0,0,0,,,,True,Timeout: ConnectTimeout
https://toshindia.com,https://www.toshindia.com/,200,True,26,window.Shopify;Shopify.shop;cdn.shopify.com;/cdn/shop/;shopify_core_js;header:shopify-complexity-score,False,True,25,address_state:Delhi;address_pin:401104;address_city:mumbai;phone:+91;indian_payment_gateway;currency:INR,address_state;address_pincode;address_city,address_state,ACCEPTED,,4,3,10,1,jsonld_or_dom_img,keyword_heuristics,metadata_or_headings,True,
https://bragnolabel.com,https://bragnolabel.com,0,False,0,,False,False,0,,,,REJECTED_FETCH_ERROR,NetworkError: ConnectError,0,0,0,0,,,,True,NetworkError: ConnectError
https://pastelcountry.com,https://pastelcountry.com,0,False,0,,False,False,0,,,,REJECTED_FETCH_ERROR,NetworkError: ConnectError,0,0,0,0,,,,True,NetworkError: ConnectError
https://kairfashion.com,https://kairfashion.com,200,True,28,window.Shopify;Shopify.shop;cdn.shopify.com;/cdn/shop/;shopify_core_js;shopify-section;header:shopify-complexity-score,False,True,35,jsonld_india_address;state:Tamil Nadu;address_state:Tamil Nadu;address_pin:641606;phone:+91;indian_payment_gateway;currency:INR,jsonld_address;address_state;address_pincode,json_ld_address,ACCEPTED,,4,1,0,4,jsonld_or_dom_img,keyword_heuristics,metadata_or_headings,True,
https://livingwithelan.co,https://livingwithelan.co,200,True,32,window.Shopify;Shopify.shop;cdn.shopify.com;/cdn/shop/;shopify_core_js;shopify-section;shopify-payment-button;shopify_meta_attribute;header:shopify-complexity-score,False,True,25,address_state:Delhi;address_pin:201305;address_city:delhi;phone:+91;indian_payment_gateway;currency:INR,address_state;address_pincode;address_city,address_state,ACCEPTED,,4,2,2,3,jsonld_or_dom_img,keyword_heuristics,metadata_or_headings,True,
https://bamboopecker.com,https://bamboopecker.com,200,True,28,window.Shopify;Shopify.shop;cdn.shopify.com;/cdn/shop/;shopify_core_js;shopify-section;header:shopify-complexity-score,False,True,11,address_city:bengaluru;phone:+91;currency:INR,address_city,address_city_bengaluru,ACCEPTED,,4,2,3,6,jsonld_or_dom_img,keyword_heuristics,metadata_or_headings,True,
https://paperhandy.com,https://paperhandy.com,0,False,0,,False,False,0,,,,REJECTED_FETCH_ERROR,NetworkError: ConnectError,0,0,0,0,,,,True,NetworkError: ConnectError
https://iorganicmilk.com,https://iorganicmilk.com,200,True,28,window.Shopify;Shopify.shop;cdn.shopify.com;/cdn/shop/;shopify_core_js;shopify-section;header:shopify-complexity-score,False,True,12,address_pin:654949;phone:+91;currency:INR,address_pincode,,ACCEPTED,,4,2,3,5,jsonld_or_dom_img,keyword_heuristics,metadata_or_headings,True,
https://kultprit.com,https://www.kultprit.com/,200,True,28,window.Shopify;Shopify.shop;cdn.shopify.com;/cdn/shop/;shopify_core_js;shopify-section;header:shopify-complexity-score,False,False,10,phone:+91;indian_payment_gateway;currency:INR,,,REJECTED_NON_INDIA,Lacks strong Indian business location evidence,4,0,0,0,,,,True,
https://cliths.com,https://www.cliths.com/,200,True,28,window.Shopify;Shopify.shop;cdn.shopify.com;/cdn/shop/;shopify_core_js;shopify-section;header:shopify-complexity-score,False,True,14,address_city:noida;phone:+91;indian_payment_gateway;currency:INR,address_city,address_city_noida,ACCEPTED,,4,1,1,5,jsonld_or_dom_img,keyword_heuristics,metadata_or_headings,True,
https://thriftizer.com,https://www.thriftizer.com/,200,True,5,/cdn/shop/,False,True,36,jsonld_india_address;state:Karnataka;address_state:Karnataka;address_pin:560068;address_city:bengaluru;phone:+91;currency:INR,jsonld_address;address_state;address_pincode;address_city,json_ld_address,ACCEPTED,,4,2,2,3,jsonld_or_dom_img,keyword_heuristics,metadata_or_headings,True,
https://aakaar.com,https://aakaar.com,200,True,30,window.Shopify;Shopify.shop;cdn.shopify.com;/cdn/shop/;shopify_core_js;shopify-section;shopify-payment-button;header:shopify-complexity-score,False,True,22,address_state:Maharashtra;address_pin:400013;address_city:mumbai;phone:+91;currency:INR,address_state;address_pincode;address_city,address_state,ACCEPTED,,4,1,4,4,jsonld_or_dom_img,keyword_heuristics,metadata_or_headings,True,
https://lachocoallure.com,https://www.lachocoallure.com/,200,True,28,window.Shopify;Shopify.shop;cdn.shopify.com;/cdn/shop/;shopify_core_js;shopify-section;header:shopify-complexity-score,False,True,15,address_pin:144001;phone:+91;indian_payment_gateway;currency:INR,address_pincode,pin_code_144001,ACCEPTED,,4,1,2,5,jsonld_or_dom_img,keyword_heuristics,metadata_or_headings,True,
https://bagpoint.in,https://www.bagpoint.in/,200,True,28,window.Shopify;Shopify.shop;cdn.shopify.com;/cdn/shop/;shopify_core_js;shopify-section;header:shopify-complexity-score,False,True,26,address_state:Gujarat;address_pin:360001;address_city:rajkot;phone:+91;indian_payment_gateway;currency:INR;domain:.in,address_state;address_pincode;address_city,address_state,ACCEPTED,,4,1,0,0,jsonld_or_dom_img,keyword_heuristics,metadata_or_headings,True,
https://highknit.fashion,https://highknit.fashion,0,False,0,,False,False,0,,,,REJECTED_FETCH_ERROR,NetworkError: ConnectError,0,0,0,0,,,,True,NetworkError: ConnectError
https://oideal.in,https://www.oideal.in/,200,True,28,window.Shopify;Shopify.shop;cdn.shopify.com;/cdn/shop/;shopify_core_js;shopify-section;header:shopify-complexity-score,False,True,31,gstin:27AYQPM2211F1ZJ;address_state:Maharashtra;address_pin:412207;address_city:pune;phone:+91;currency:INR;domain:.in,gstin;address_state;address_pincode;address_city,gstin_code_27,ACCEPTED,,4,2,2,3,jsonld_or_dom_img,keyword_heuristics,metadata_or_headings,True,
https://modaelementi.myshopify.com,https://www.modaelementi.com/,200,True,38,myshopify_subdomain;window.Shopify;Shopify.shop;cdn.shopify.com;/cdn/shop/;shopify_core_js;shopify-section;header:shopify-complexity-score,False,True,16,address_pin:141010;address_city:hyderabad;phone:+91;currency:INR,address_pincode;address_city,pin_code_141010,ACCEPTED,,4,1,2,3,jsonld_or_dom_img,keyword_heuristics,metadata_or_headings,True,
https://sheetkart.com,https://www.sheetkart.com/,200,True,28,window.Shopify;Shopify.shop;cdn.shopify.com;/cdn/shop/;shopify_core_js;shopify-section;header:shopify-complexity-score,False,True,16,address_pin:302029;address_city:jaipur;phone:+91;currency:INR,address_pincode;address_city,pin_code_302029,ACCEPTED,,4,1,2,4,jsonld_or_dom_img,keyword_heuristics,metadata_or_headings,True,
https://stylox.in,https://stylox.in,200,True,28,window.Shopify;Shopify.shop;cdn.shopify.com;/cdn/shop/;shopify_core_js;shopify-section;header:shopify-complexity-score,False,True,23,address_state:Haryana;address_pin:122001;address_city:gurugram;phone:+91;currency:INR;domain:.in,address_state;address_pincode;address_city,address_state,ACCEPTED,,4,2,2,2,jsonld_or_dom_img,keyword_heuristics,metadata_or_headings,True,
https://crossfriend.com,https://crossfriend.com,0,False,0,,False,False,0,,,,REJECTED_FETCH_ERROR,Timeout: ConnectTimeout,0,0,0,0,,,,True,Timeout: ConnectTimeout
https://haeal.com,https://haeal.com,0,False,0,,False,False,0,,,,REJECTED_FETCH_ERROR,Timeout: ConnectTimeout,0,0,0,0,,,,True,Timeout: ConnectTimeout
https://natures-nectar.com,https://www.natures-nectar.com/,200,True,28,window.Shopify;Shopify.shop;cdn.shopify.com;/cdn/shop/;shopify_core_js;shopify-section;header:shopify-complexity-score,False,True,24,jsonld_india_address;state:Delhi;phone:+91;indian_payment_gateway;currency:INR,jsonld_address,json_ld_address,ACCEPTED,,0,0,0,0,jsonld_or_dom_img,keyword_heuristics,metadata_or_headings,True,
https://themojaclub.com,https://themojaclub.com,423,False,0,,False,False,0,,,,REJECTED_FETCH_ERROR,HTTP 423,0,0,0,0,,,,True,HTTP 423
https://houseofmandara.com,,0,False,0,,False,False,0,,,,,,0,0,0,0,,,,False,Robots.txt blocks homepage
https://sevenbeans.co,https://sevenbeans.co,200,True,28,window.Shopify;Shopify.shop;cdn.shopify.com;/cdn/shop/;shopify_core_js;shopify-section;header:shopify-complexity-score,False,True,16,address_pin:560047;address_city:bangalore;phone:+91;currency:INR,address_pincode;address_city,pin_code_560047,ACCEPTED,,4,2,0,3,jsonld_or_dom_img,keyword_heuristics,metadata_or_headings,True,
https://yubingo.com,https://yubingo.com,0,False,0,,False,False,0,,,,REJECTED_FETCH_ERROR,NetworkError: ConnectError,0,0,0,0,,,,True,NetworkError: ConnectError
https://imleejaipur.com,https://imleejaipur.com,200,True,28,window.Shopify;Shopify.shop;cdn.shopify.com;/cdn/shop/;shopify_core_js;shopify-section;header:shopify-complexity-score,False,True,16,address_pin:302015;address_city:jaipur;phone:+91;currency:INR,address_pincode;address_city,pin_code_302015,ACCEPTED,,4,2,2,3,jsonld_or_dom_img,keyword_heuristics,metadata_or_headings,True,
https://efifdiamonds.com,https://www.efifdiamonds.com/,200,True,28,window.Shopify;Shopify.shop;cdn.shopify.com;/cdn/shop/;shopify_core_js;shopify-section;header:shopify-complexity-score,False,True,11,address_city:chennai;phone:+91;currency:INR,address_city,address_city_chennai,ACCEPTED,,4,1,4,3,jsonld_or_dom_img,keyword_heuristics,metadata_or_headings,True,
https://khatrijamnadas.com,https://khatrijamnadas.com,200,True,28,window.Shopify;Shopify.shop;cdn.shopify.com;/cdn/shop/;shopify_core_js;shopify-section;header:shopify-complexity-score,False,False,9,phone:+91;currency:INR;city_mention:mumbai,,,REJECTED_NON_INDIA,Lacks strong Indian business location evidence,4,0,0,0,,,,True,
https://uathayam.in,https://uathayam.in,200,True,30,window.Shopify;Shopify.shop;cdn.shopify.com;/cdn/shop/;shopify_core_js;shopify-section;shopify-payment-button;header:shopify-complexity-score,False,True,27,gstin:33AAIFA8010E1Z1;address_state:Tamil Nadu;address_pin:638102;phone:+91;currency:INR;domain:.in,gstin;address_state;address_pincode,gstin_code_33,ACCEPTED,,4,1,2,3,jsonld_or_dom_img,keyword_heuristics,metadata_or_headings,True,
https://himalayanpeople.com,https://himalayanpeople.com,200,True,28,window.Shopify;Shopify.shop;cdn.shopify.com;/cdn/shop/;shopify_core_js;shopify-section;header:shopify-complexity-score,False,False,2,currency:INR,,,REJECTED_NON_INDIA,India score 2 < threshold 7,1,0,0,0,,,,True,
https://nindykaur.com,https://nindykaur.com,200,False,0,,False,False,0,,,,REJECTED_NON_SHOPIFY,Shopify score 0 < threshold 5,0,0,0,0,,,,True,
https://antesports.com,https://antesports.com,200,True,28,window.Shopify;Shopify.shop;cdn.shopify.com;/cdn/shop/;shopify_core_js;shopify-section;header:shopify-complexity-score,False,True,23,jsonld_india_address;state:Delhi;phone:+91;currency:INR;city_mention:delhi,jsonld_address,json_ld_address,ACCEPTED,,4,2,1,4,jsonld_or_dom_img,keyword_heuristics,metadata_or_headings,True,
https://tatthvamasi.com,https://tatthvamasi.com,0,False,0,,False,False,0,,,,REJECTED_FETCH_ERROR,NetworkError: ConnectError,0,0,0,0,,,,True,NetworkError: ConnectError
https://mubeenashariff.com,,0,False,0,,False,False,0,,,,,,0,0,0,0,,,,False,Robots.txt blocks homepage
https://bujuma.com,https://bujuma.com,404,False,0,,False,False,0,,,,REJECTED_FETCH_ERROR,HTTP 404,0,0,0,0,,,,True,HTTP 404
https://aaharmantra.com,https://aaharmantra.com,200,False,0,,False,False,0,,,,REJECTED_NON_SHOPIFY,Shopify score 0 < threshold 5,0,0,0,0,,,,True,
https://zymrat.com,,0,False,0,,False,False,0,,,,,,0,0,0,0,,,,False,Robots.txt blocks homepage
https://krausjeans.com,https://www.krausjeans.com/,200,True,30,window.Shopify;Shopify.shop;cdn.shopify.com;/cdn/shop/;shopify_core_js;shopify-section;shopify-payment-button;header:shopify-complexity-score,False,True,20,address_state:Maharashtra;address_pin:401107;address_city:thane;indian_payment_gateway;currency:INR,address_state;address_pincode;address_city,address_state,ACCEPTED,,4,2,1,3,jsonld_or_dom_img,keyword_heuristics,metadata_or_headings,True,
https://passionindulge.com,https://passionindulge.com,200,True,30,window.Shopify;Shopify.shop;cdn.shopify.com;/cdn/shop/;shopify_core_js;shopify-section;shopify-payment-button;header:shopify-complexity-score,False,True,35,jsonld_india_address;state:Maharashtra;address_state:Uttarakhand;address_pin:247667;phone:+91;indian_payment_gateway;currency:INR,jsonld_address;address_state;address_pincode,json_ld_address,ACCEPTED,,4,3,2,3,jsonld_or_dom_img,keyword_heuristics,metadata_or_headings,True,
https://shopjbr.com,https://www.shopjbr.com/,200,True,28,window.Shopify;Shopify.shop;cdn.shopify.com;/cdn/shop/;shopify_core_js;shopify-section;header:shopify-complexity-score,False,False,10,phone:+91;indian_payment_gateway;currency:INR,,,REJECTED_NON_INDIA,Lacks strong Indian business location evidence,4,0,0,0,,,,True,
https://merideewar.com,https://merideewar.com,200,True,28,window.Shopify;Shopify.shop;cdn.shopify.com;/cdn/shop/;shopify_core_js;shopify-section;header:shopify-complexity-score,False,True,16,address_pin:411007;address_city:pune;phone:+91;currency:INR,address_pincode;address_city,pin_code_411007,ACCEPTED,,4,2,1,5,jsonld_or_dom_img,keyword_heuristics,metadata_or_headings,True,
https://soulpuresoaps.com,https://soulpuresoaps.com,200,False,0,,False,False,0,,,,REJECTED_NON_SHOPIFY,Shopify score 0 < threshold 5,0,0,0,0,,,,True,
https://dagnamusic.com,https://dagnamusic.com,200,False,0,,False,False,0,,,,REJECTED_NON_SHOPIFY,Shopify score 0 < threshold 5,0,0,0,0,,,,True,
https://signoraa.in,,0,False,0,,False,False,0,,,,,,0,0,0,0,,,,False,Robots.txt blocks homepage
https://phonokart.com,https://phonokart.com,200,True,30,window.Shopify;Shopify.shop;cdn.shopify.com;/cdn/shop/;shopify_core_js;shopify-section;shopify-payment-button;header:shopify-complexity-score,False,False,10,phone:+91;indian_payment_gateway;currency:INR,,,REJECTED_NON_INDIA,Lacks strong Indian business location evidence,4,0,0,0,,,,True,
https://jaipurpaisley.com,https://jaipurpaisley.com,200,True,28,window.Shopify;Shopify.shop;cdn.shopify.com;/cdn/shop/;shopify_core_js;shopify-section;header:shopify-complexity-score,False,True,22,address_state:Rajasthan;address_pin:302020;address_city:jaipur;phone:+91;currency:INR,address_state;address_pincode;address_city,address_state,ACCEPTED,,4,1,2,2,jsonld_or_dom_img,keyword_heuristics,metadata_or_headings,True,
https://jahanpanah.com,https://jahanpanah.com,0,False,0,,False,False,0,,,,REJECTED_FETCH_ERROR,NetworkError: ConnectError,0,0,0,0,,,,True,NetworkError: ConnectError
https://jackinthebox.in,https://jackinthebox.in,0,False,0,,False,False,0,,,,REJECTED_FETCH_ERROR,NetworkError: ConnectError,0,0,0,0,,,,True,NetworkError: ConnectError
https://kraasa.com,https://kraasa.com,200,False,0,,False,False,0,,,,REJECTED_NON_SHOPIFY,Shopify score 0 < threshold 5,0,0,0,0,,,,True,
https://vervejewels.com,https://www.vervejewels.com/,200,True,28,window.Shopify;Shopify.shop;cdn.shopify.com;/cdn/shop/;shopify_core_js;shopify-section;header:shopify-complexity-score,False,True,25,address_state:Rajasthan;address_pin:302003;address_city:jaipur;phone:+91;indian_payment_gateway;currency:INR,address_state;address_pincode;address_city,address_state,ACCEPTED,,4,3,2,1,jsonld_or_dom_img,keyword_heuristics,metadata_or_headings,True,
https://var-tech.com,https://var-tech.com,200,True,28,window.Shopify;Shopify.shop;cdn.shopify.com;/cdn/shop/;shopify_core_js;shopify-section;header:shopify-complexity-score,False,True,25,address_state:Karnataka;address_pin:562123;address_city:bengaluru;phone:+91;indian_payment_gateway;currency:INR,address_state;address_pincode;address_city,address_state,ACCEPTED,,4,1,0,2,jsonld_or_dom_img,keyword_heuristics,metadata_or_headings,True,
https://chadotea.in,https://chadotea.in,200,True,32,window.Shopify;Shopify.shop;cdn.shopify.com;/cdn/shop/;shopify_core_js;shopify-section;shopify-payment-button;shopify_meta_attribute;header:shopify-complexity-score,False,False,11,phone:+91;indian_payment_gateway;currency:INR;domain:.in,,,REJECTED_NON_INDIA,Lacks strong Indian business location evidence,4,0,0,0,,,,True,
https://slacklife.in,https://www.slacklife.in/,200,True,28,window.Shopify;Shopify.shop;cdn.shopify.com;/cdn/shop/;shopify_core_js;shopify-section;header:shopify-complexity-score,False,True,23,address_state:Chhattisgarh;address_pin:400034;address_city:mumbai;phone:+91;currency:INR;domain:.in,address_state;address_pincode;address_city,address_state,ACCEPTED,,4,1,1,6,jsonld_or_dom_img,keyword_heuristics,metadata_or_headings,True,
https://riderzplanet.com,https://www.riderzplanet.com/,200,True,28,window.Shopify;Shopify.shop;cdn.shopify.com;/cdn/shop/;shopify_core_js;shopify-section;header:shopify-complexity-score,False,False,10,phone:+91;indian_payment_gateway;currency:INR,,,REJECTED_NON_INDIA,Lacks strong Indian business location evidence,4,0,0,0,,,,True,
https://zoopmen.in,https://zoopmen.in,200,True,28,window.Shopify;Shopify.shop;cdn.shopify.com;/cdn/shop/;shopify_core_js;shopify-section;header:shopify-complexity-score,False,False,10,phone:+91;currency:INR;domain:.in;city_mention:delhi,,,REJECTED_NON_INDIA,Lacks strong Indian business location evidence,4,0,0,0,,,,True,
https://sachins.com,https://sachins.com,200,True,30,window.Shopify;Shopify.shop;cdn.shopify.com;/cdn/shop/;shopify_core_js;shopify-section;shopify-payment-button;header:shopify-complexity-score,False,True,22,address_state:Gujarat;address_pin:390005;address_city:vadodara;phone:+91;currency:INR,address_state;address_pincode;address_city,address_state,ACCEPTED,,4,1,67,5,jsonld_or_dom_img,keyword_heuristics,metadata_or_headings,True,
https://deczo.com,https://www.deczo.com/,200,True,28,window.Shopify;Shopify.shop;cdn.shopify.com;/cdn/shop/;shopify_core_js;shopify-section;header:shopify-complexity-score,False,True,22,address_state:Delhi;address_pin:110096;address_city:delhi;phone:+91;currency:INR,address_state;address_pincode;address_city,address_state,ACCEPTED,,0,1,0,0,jsonld_or_dom_img,keyword_heuristics,metadata_or_headings,True,
https://thevitamin.co,https://thevitamin.co,200,True,28,window.Shopify;Shopify.shop;cdn.shopify.com;/cdn/shop/;shopify_core_js;shopify-section;header:shopify-complexity-score,False,True,25,address_state:Delhi;address_pin:110016;address_city:delhi;phone:+91;indian_payment_gateway;currency:INR,address_state;address_pincode;address_city,address_state,ACCEPTED,,4,1,2,3,jsonld_or_dom_img,keyword_heuristics,metadata_or_headings,True,
https://prestobazaar.com,https://prestobazaar.com,200,True,28,window.Shopify;Shopify.shop;cdn.shopify.com;/cdn/shop/;shopify_core_js;shopify-section;header:shopify-complexity-score,False,True,21,address_state:Haryana;address_pin:132103;phone:+91;indian_payment_gateway;currency:INR,address_state;address_pincode,address_state,ACCEPTED,,4,2,1,2,jsonld_or_dom_img,keyword_heuristics,metadata_or_headings,True,
https://ooshinuk.com,https://ooshinuk.com,200,True,28,window.Shopify;Shopify.shop;cdn.shopify.com;/cdn/shop/;shopify_core_js;shopify-section;header:shopify-complexity-score,False,False,7,phone:+91;currency:INR,,,REJECTED_NON_INDIA,Lacks strong Indian business location evidence,1,0,0,0,,,,True,
https://footprintsforeverstore.com,https://footprintsforeverstore.com,0,False,0,,False,False,0,,,,REJECTED_FETCH_ERROR,NetworkError: ConnectError,0,0,0,0,,,,True,NetworkError: ConnectError
https://hamsterlondon.com,https://hamsterlondon.com,200,True,28,window.Shopify;Shopify.shop;cdn.shopify.com;/cdn/shop/;shopify_core_js;shopify-section;header:shopify-complexity-score,False,True,25,address_state:Delhi;address_pin:110020;address_city:delhi;phone:+91;indian_payment_gateway;currency:INR,address_state;address_pincode;address_city,address_state,ACCEPTED,,4,1,2,4,jsonld_or_dom_img,keyword_heuristics,metadata_or_headings,True,
https://aranmulakannadi.net,https://aranmulakannadi.net,200,True,28,window.Shopify;Shopify.shop;cdn.shopify.com;/cdn/shop/;shopify_core_js;shopify-section;header:shopify-complexity-score,False,False,10,phone:+91;indian_payment_gateway;currency:INR,,,REJECTED_NON_INDIA,Lacks strong Indian business location evidence,4,0,0,0,,,,True,
https://newfrostysonline.com,https://newfrostysonline.com,200,True,28,window.Shopify;Shopify.shop;cdn.shopify.com;/cdn/shop/;shopify_core_js;shopify-section;header:shopify-complexity-score,False,True,11,address_city:bengaluru;phone:+91;currency:INR,address_city,address_city_bengaluru,ACCEPTED,,1,0,2,0,jsonld_or_dom_img,keyword_heuristics,metadata_or_headings,True,
https://wizopt.com,https://wizopt.com,200,True,28,window.Shopify;Shopify.shop;cdn.shopify.com;/cdn/shop/;shopify_core_js;shopify-section;header:shopify-complexity-score,False,False,7,phone:+91;currency:INR,,,REJECTED_NON_INDIA,Lacks strong Indian business location evidence,4,0,0,0,,,,True,
https://rajmahalsilks.com,https://www.rajmahalsilks.com/,200,True,28,window.Shopify;Shopify.shop;cdn.shopify.com;/cdn/shop/;shopify_core_js;shopify-section;header:shopify-complexity-score,False,True,25,address_state:Tamil Nadu;address_pin:625001;address_city:madurai;phone:+91;indian_payment_gateway;currency:INR,address_state;address_pincode;address_city,address_state,ACCEPTED,,4,1,1,5,jsonld_or_dom_img,keyword_heuristics,metadata_or_headings,True,
https://alshan.in,https://alshan.in,200,False,0,,False,False,0,,,,REJECTED_NON_SHOPIFY,Shopify score 0 < threshold 5,0,0,0,0,,,,True,
https://brahmz.com,https://brahmz.com,0,False,0,,False,False,0,,,,REJECTED_FETCH_ERROR,Timeout: ConnectTimeout,0,0,0,0,,,,True,Timeout: ConnectTimeout
https://crossroadthebikerstop.com,https://crossroadthebikerstop.com,200,True,28,window.Shopify;Shopify.shop;cdn.shopify.com;/cdn/shop/;shopify_core_js;shopify-section;header:shopify-complexity-score,False,True,25,address_state:Maharashtra;address_pin:400060;address_city:mumbai;phone:+91;indian_payment_gateway;currency:INR,address_state;address_pincode;address_city,address_state,ACCEPTED,,4,2,2,4,jsonld_or_dom_img,keyword_heuristics,metadata_or_headings,True,
https://kalenele.com,https://kalenele.com,200,True,28,window.Shopify;Shopify.shop;cdn.shopify.com;/cdn/shop/;shopify_core_js;shopify-section;header:shopify-complexity-score,False,True,16,address_pin:560017;address_city:bangalore;phone:+91;currency:INR,address_pincode;address_city,pin_code_560017,ACCEPTED,,4,1,2,2,jsonld_or_dom_img,keyword_heuristics,metadata_or_headings,True,
https://thewishkart.com,https://thewishkart.com,0,False,0,,False,False,0,,,,REJECTED_FETCH_ERROR,NetworkError: ConnectError,0,0,0,0,,,,True,NetworkError: ConnectError
https://primaczar.com,https://primaczar.com,200,True,28,window.Shopify;Shopify.shop;cdn.shopify.com;/cdn/shop/;shopify_core_js;shopify-section;header:shopify-complexity-score,False,False,4,currency:INR;city_mention:mumbai,,,REJECTED_NON_INDIA,India score 4 < threshold 7,1,0,0,0,,,,True,
https://cuttingedgeindia.com,https://cuttingedgeindia.com,200,True,28,window.Shopify;Shopify.shop;cdn.shopify.com;/cdn/shop/;shopify_core_js;shopify-section;header:shopify-complexity-score,False,True,33,jsonld_india_address;state:Karnataka;address_pin:560048;address_city:bangalore;phone:+91;indian_payment_gateway;currency:INR,jsonld_address;address_pincode;address_city,json_ld_address,ACCEPTED,,4,1,1,4,jsonld_or_dom_img,keyword_heuristics,metadata_or_headings,True,
https://beligious.com,https://beligious.com,0,False,0,,False,False,0,,,,REJECTED_FETCH_ERROR,NetworkError: ConnectError,0,0,0,0,,,,True,NetworkError: ConnectError
https://mojobars.com,https://www.mojobars.com/,200,True,28,window.Shopify;Shopify.shop;cdn.shopify.com;/cdn/shop/;shopify_core_js;shopify-section;header:shopify-complexity-score,False,True,14,address_pin:401208;phone:+91;currency:INR;city_mention:mumbai,address_pincode,pin_code_401208,ACCEPTED,,4,2,1,0,jsonld_or_dom_img,keyword_heuristics,metadata_or_headings,True,
https://praakritik.com,https://www.praakritik.com/,200,True,28,window.Shopify;Shopify.shop;cdn.shopify.com;/cdn/shop/;shopify_core_js;shopify-section;header:shopify-complexity-score,False,True,14,address_pin:400093;phone:+91;currency:INR;city_mention:pune,address_pincode,pin_code_400093,ACCEPTED,,4,1,1,3,jsonld_or_dom_img,keyword_heuristics,metadata_or_headings,True,
https://achievers9bands.com,https://achievers9bands.com,200,True,30,window.Shopify;Shopify.shop;cdn.shopify.com;/cdn/shop/;shopify_core_js;shopify-section;shopify-payment-button;header:shopify-complexity-score,False,True,13,address_state:Haryana;address_pin:134109;currency:INR,address_state;address_pincode,address_state,ACCEPTED,,3,0,2,0,jsonld_or_dom_img,keyword_heuristics,metadata_or_headings,True,
https://trison.in,https://trison.in,200,True,28,window.Shopify;Shopify.shop;cdn.shopify.com;/cdn/shop/;shopify_core_js;shopify-section;header:shopify-complexity-score,False,True,23,address_state:Delhi;address_pin:110020;address_city:delhi;phone:+91;currency:INR;domain:.in,address_state;address_pincode;address_city,address_state,ACCEPTED,,4,2,2,2,jsonld_or_dom_img,keyword_heuristics,metadata_or_headings,True,
https://karmakettle.com,https://www.karmakettle.com/,200,True,28,window.Shopify;Shopify.shop;cdn.shopify.com;/cdn/shop/;shopify_core_js;shopify-section;header:shopify-complexity-score,False,False,7,phone:+91;currency:INR,,,REJECTED_NON_INDIA,Lacks strong Indian business location evidence,4,0,0,0,,,,True,
https://unitedbyhope.com,https://unitedbyhope.com,200,True,28,window.Shopify;Shopify.shop;cdn.shopify.com;/cdn/shop/;shopify_core_js;shopify-section;header:shopify-complexity-score,False,True,16,address_pin:560068;address_city:bangalore;phone:+91;currency:INR,address_pincode;address_city,pin_code_560068,ACCEPTED,,4,2,3,3,jsonld_or_dom_img,keyword_heuristics,metadata_or_headings,True,
https://siddarthatytler.com,https://www.siddarthatytler.com/,200,True,28,window.Shopify;Shopify.shop;cdn.shopify.com;/cdn/shop/;shopify_core_js;shopify-section;header:shopify-complexity-score,False,True,22,address_state:Delhi;address_pin:110048;address_city:delhi;phone:+91;currency:INR,address_state;address_pincode;address_city,address_state,ACCEPTED,,4,1,2,2,jsonld_or_dom_img,keyword_heuristics,metadata_or_headings,True,
https://paio.co,https://paio.co,0,False,0,,False,False,0,,,,REJECTED_FETCH_ERROR,Timeout: ConnectTimeout,0,0,0,0,,,,True,Timeout: ConnectTimeout
https://rockystarworld.com,https://rockystarworld.com,200,True,28,window.Shopify;Shopify.shop;cdn.shopify.com;/cdn/shop/;shopify_core_js;shopify-section;header:shopify-complexity-score,False,True,22,address_state:Maharashtra;address_pin:400052;address_city:mumbai;phone:+91;currency:INR,address_state;address_pincode;address_city,address_state,ACCEPTED,,4,1,1,3,jsonld_or_dom_img,keyword_heuristics,metadata_or_headings,True,
https://vedikam.com,https://vedikam.com,200,True,28,window.Shopify;Shopify.shop;cdn.shopify.com;/cdn/shop/;shopify_core_js;shopify-section;header:shopify-complexity-score,False,False,12,phone:+91;indian_payment_gateway;currency:INR;city_mention:mumbai,,,REJECTED_NON_INDIA,Lacks strong Indian business location evidence,4,0,0,0,,,,True,
https://poojaproducts.com,https://www.poojaproducts.com/,200,True,32,window.Shopify;Shopify.shop;cdn.shopify.com;/cdn/shop/;shopify_core_js;shopify-section;shopify-payment-button;shopify_meta_attribute;header:shopify-complexity-score,False,True,19,address_pin:600017;address_city:chennai;phone:+91;indian_payment_gateway;currency:INR,address_pincode;address_city,pin_code_600017,ACCEPTED,,4,0,0,0,jsonld_or_dom_img,keyword_heuristics,metadata_or_headings,True,
https://proarteworld.com,https://proarteworld.com,200,True,28,window.Shopify;Shopify.shop;cdn.shopify.com;/cdn/shop/;shopify_core_js;shopify-section;header:shopify-complexity-score,False,False,5,indian_payment_gateway;currency:INR,,,REJECTED_NON_INDIA,India score 5 < threshold 7,4,0,0,0,,,,True,
https://plantlane.com,,0,False,0,,False,False,0,,,,,,0,0,0,0,,,,False,Robots.txt blocks homepage
https://aavaranudaipur.com,https://aavaranudaipur.com,403,False,0,,False,False,0,,,,REJECTED_FETCH_ERROR,HTTP 403,0,0,0,0,,,,True,HTTP 403
https://chermasindia.com,https://chermasindia.com,200,False,0,,False,False,0,,,,REJECTED_NON_SHOPIFY,Shopify score 0 < threshold 5,0,0,0,0,,,,True,
https://decorafurniture.in,https://decorafurniture.in,200,True,28,window.Shopify;Shopify.shop;cdn.shopify.com;/cdn/shop/;shopify_core_js;shopify-section;header:shopify-complexity-score,False,False,3,currency:INR;domain:.in,,,REJECTED_NON_INDIA,India score 3 < threshold 7,4,0,0,0,,,,True,
https://tatwamm.com,https://www.tatwamm.com/,200,True,28,window.Shopify;Shopify.shop;cdn.shopify.com;/cdn/shop/;shopify_core_js;shopify-section;header:shopify-complexity-score,False,False,9,phone:+91;currency:INR;city_mention:kolkata,,,REJECTED_NON_INDIA,Lacks strong Indian business location evidence,4,0,0,0,,,,True,
https://shop.oriontrims.com,,0,False,0,,False,False,0,,,,,,0,0,0,0,,,,False,Robots.txt blocks homepage
https://vastumiracles.com,https://www.vastumiracles.com/,200,True,28,window.Shopify;Shopify.shop;cdn.shopify.com;/cdn/shop/;shopify_core_js;shopify-section;header:shopify-complexity-score,False,True,26,jsonld_india_address;state:Uttarakhand;phone:+91;indian_payment_gateway;currency:INR;city_mention:dehradun,jsonld_address,json_ld_address,ACCEPTED,,4,1,1,4,jsonld_or_dom_img,keyword_heuristics,metadata_or_headings,True,
https://blowhotindia.com,https://blowhotindia.com,200,True,30,window.Shopify;Shopify.shop;cdn.shopify.com;/cdn/shop/;shopify_core_js;shopify-section;shopify-payment-button;header:shopify-complexity-score,False,True,33,jsonld_india_address;address_state:Madhya Pradesh;address_pin:452015;address_city:bengaluru;phone:+91;indian_payment_gateway;currency:INR,jsonld_address;address_state;address_pincode;address_city,address_state,ACCEPTED,,4,2,1,5,jsonld_or_dom_img,keyword_heuristics,metadata_or_headings,True,
https://pearlseven.com,https://pearlseven.com,200,True,28,window.Shopify;Shopify.shop;cdn.shopify.com;/cdn/shop/;shopify_core_js;shopify-section;header:shopify-complexity-score,False,False,5,indian_payment_gateway;currency:INR,,,REJECTED_NON_INDIA,India score 5 < threshold 7,4,0,0,0,,,,True,
https://lipkahome.com,https://lipkahome.com,200,True,28,window.Shopify;Shopify.shop;cdn.shopify.com;/cdn/shop/;shopify_core_js;shopify-section;header:shopify-complexity-score,False,True,22,address_state:Delhi;address_pin:110034;address_city:delhi;phone:+91;currency:INR,address_state;address_pincode;address_city,address_state,ACCEPTED,,4,1,1,5,jsonld_or_dom_img,keyword_heuristics,metadata_or_headings,True,
https://cottonrack.com,https://cottonrack.com,200,True,28,window.Shopify;Shopify.shop;cdn.shopify.com;/cdn/shop/;shopify_core_js;shopify-section;header:shopify-complexity-score,False,True,20,address_state:West Bengal;address_city:jaipur;phone:+91;indian_payment_gateway;currency:INR,address_state;address_city,address_state,ACCEPTED,,4,1,1,6,jsonld_or_dom_img,keyword_heuristics,metadata_or_headings,True,
https://lazyassbikers.com,https://www.lazyassbikers.com/,200,True,30,window.Shopify;Shopify.shop;cdn.shopify.com;/cdn/shop/;shopify_core_js;shopify-section;shopify-payment-button;header:shopify-complexity-score,False,False,7,phone:+91;currency:INR,,,REJECTED_NON_INDIA,Lacks strong Indian business location evidence,4,0,0,0,,,,True,
https://iksilver.com,https://iksilver.com,0,False,0,,False,False,0,,,,REJECTED_FETCH_ERROR,NetworkError: ConnectError,0,0,0,0,,,,True,NetworkError: ConnectError
https://toshonwelding.com,https://www.toshonwelding.com/,200,True,28,window.Shopify;Shopify.shop;cdn.shopify.com;/cdn/shop/;shopify_core_js;shopify-section;header:shopify-complexity-score,False,True,11,address_pin:641018;address_city:coimbatore;currency:INR,address_pincode;address_city,pin_code_641018,ACCEPTED,,2,2,3,4,jsonld_or_dom_img,keyword_heuristics,metadata_or_headings,True,
https://neogarments.com,https://neogarments.com,200,False,0,,False,False,0,,,,REJECTED_NON_SHOPIFY,Shopify score 0 < threshold 5,0,0,0,0,,,,True,
https://shenshe.com,https://shenshe.com,200,True,28,window.Shopify;Shopify.shop;cdn.shopify.com;/cdn/shop/;shopify_core_js;shopify-section;header:shopify-complexity-score,False,False,7,phone:+91;currency:INR,,,REJECTED_NON_INDIA,Lacks strong Indian business location evidence,4,0,0,0,,,,True,
https://beryltrends.com,https://beryltrends.com,0,False,0,,False,False,0,,,,REJECTED_FETCH_ERROR,NetworkError: ConnectError,0,0,0,0,,,,True,NetworkError: ConnectError
https://spruceindia.com,https://spruceindia.com,200,True,28,window.Shopify;Shopify.shop;cdn.shopify.com;/cdn/shop/;shopify_core_js;shopify-section;header:shopify-complexity-score,False,True,33,gstin:33BTKPA8308P1ZE;address_state:Tamil Nadu;address_pin:641038;address_city:coimbatore;phone:+91;indian_payment_gateway;currency:INR,gstin;address_state;address_pincode;address_city,gstin_code_33,ACCEPTED,,4,1,1,5,jsonld_or_dom_img,keyword_heuristics,metadata_or_headings,True,
https://giftwaley.com,https://www.giftwaley.com/,200,False,0,,False,False,0,,,,REJECTED_NON_SHOPIFY,Shopify score 0 < threshold 5,0,0,0,0,,,,True,
https://inhika.com,https://www.inhika.com/,402,False,0,,False,False,0,,,,REJECTED_FETCH_ERROR,HTTP 402,0,0,0,0,,,,True,HTTP 402
https://jewelshingar.com,https://chokerset.com/,200,True,28,window.Shopify;Shopify.shop;cdn.shopify.com;/cdn/shop/;shopify_core_js;shopify-section;header:shopify-complexity-score,False,True,22,address_state:Delhi;address_pin:110007;address_city:delhi;phone:+91;currency:INR,address_state;address_pincode;address_city,address_state,ACCEPTED,,4,1,2,0,jsonld_or_dom_img,keyword_heuristics,metadata_or_headings,True,
https://shopnewleaf.com,https://shopnewleaf.com,0,False,0,,False,False,0,,,,REJECTED_FETCH_ERROR,Timeout: ConnectTimeout,0,0,0,0,,,,True,Timeout: ConnectTimeout
https://zidoclothing.com,https://zidoclothing.com,0,False,0,,False,False,0,,,,REJECTED_FETCH_ERROR,NetworkError: ConnectError,0,0,0,0,,,,True,NetworkError: ConnectError
https://raiseyourstyle.com,https://raiseyourstyle.com,0,False,0,,False,False,0,,,,REJECTED_FETCH_ERROR,NetworkError: ConnectError,0,0,0,0,,,,True,NetworkError: ConnectError
https://digirooq.com,https://digirooq.com,0,False,0,,False,False,0,,,,REJECTED_FETCH_ERROR,NetworkError: ConnectError,0,0,0,0,,,,True,NetworkError: ConnectError
https://dahuez.com,https://dahuez.com,0,False,0,,False,False,0,,,,REJECTED_FETCH_ERROR,NetworkError: ConnectError,0,0,0,0,,,,True,NetworkError: ConnectError
https://epicstuff.com,https://www.epicstuff.com/,402,False,0,,False,False,0,,,,REJECTED_FETCH_ERROR,HTTP 402,0,0,0,0,,,,True,HTTP 402
https://debellecosmetix.com,https://www.debellecosmetix.com/,200,True,28,window.Shopify;Shopify.shop;cdn.shopify.com;/cdn/shop/;shopify_core_js;shopify-section;header:shopify-complexity-score,False,True,47,gstin:29AAICD1392F1ZK;jsonld_india_address;state:Karnataka;address_state:Karnataka;address_pin:560079;address_city:bengaluru;phone:+91;indian_payment_gateway;currency:INR,gstin;jsonld_address;address_state;address_pincode;address_city,gstin_code_29,ACCEPTED,,4,1,2,5,jsonld_or_dom_img,keyword_heuristics,metadata_or_headings,True,
https://nilkamalfurniture.com,https://www.nilkamalfurniture.com/,200,True,28,window.Shopify;Shopify.shop;cdn.shopify.com;/cdn/shop/;shopify_core_js;shopify-section;header:shopify-complexity-score,False,True,19,address_pin:400072;address_city:mumbai;phone:+91;indian_payment_gateway;currency:INR,address_pincode;address_city,pin_code_400072,ACCEPTED,,4,1,2,4,jsonld_or_dom_img,keyword_heuristics,metadata_or_headings,True,
https://uberlyfe.com,https://uberlyfe.com,200,True,28,window.Shopify;Shopify.shop;cdn.shopify.com;/cdn/shop/;shopify_core_js;shopify-section;header:shopify-complexity-score,False,True,34,jsonld_india_address;state:Karnataka;address_state:Delhi;address_city:bengaluru;phone:+91;indian_payment_gateway;currency:INR,jsonld_address;address_state;address_city,json_ld_address,ACCEPTED,,4,0,0,3,jsonld_or_dom_img,keyword_heuristics,metadata_or_headings,True,
https://sukhiaatma.com,https://sukhiaatma.com,200,True,28,window.Shopify;Shopify.shop;cdn.shopify.com;/cdn/shop/;shopify_core_js;shopify-section;header:shopify-complexity-score,False,False,9,phone:+91;currency:INR;city_mention:pune,,,REJECTED_NON_INDIA,Lacks strong Indian business location evidence,4,0,0,0,,,,True,
https://pinkloom.com,,0,False,0,,False,False,0,,,,,,0,0,0,0,,,,False,Robots.txt blocks homepage
https://mymoms.love,https://mymoms.love,0,False,0,,False,False,0,,,,REJECTED_FETCH_ERROR,NetworkError: ConnectError,0,0,0,0,,,,True,NetworkError: ConnectError
https://gratiabathandbody.com,https://www.gratiabathandbody.com/,200,True,28,window.Shopify;Shopify.shop;cdn.shopify.com;/cdn/shop/;shopify_core_js;shopify-section;header:shopify-complexity-score,False,True,16,address_pin:208011;address_city:kanpur;phone:+91;currency:INR,address_pincode;address_city,pin_code_208011,ACCEPTED,,4,3,4,5,jsonld_or_dom_img,keyword_heuristics,metadata_or_headings,True,
https://kanvinindia.com,https://kanvinindia.com,200,True,28,window.Shopify;Shopify.shop;cdn.shopify.com;/cdn/shop/;shopify_core_js;shopify-section;header:shopify-complexity-score,False,True,21,jsonld_india_address;state:Punjab;phone:+91;currency:INR,jsonld_address,json_ld_address,ACCEPTED,,4,1,1,2,jsonld_or_dom_img,keyword_heuristics,metadata_or_headings,True,
https://wemestore.com,https://wemestore.com,0,False,0,,False,False,0,,,,REJECTED_FETCH_ERROR,Timeout: ConnectTimeout,0,0,0,0,,,,True,Timeout: ConnectTimeout
https://rnaux.com,https://rnaux.com,200,False,0,,False,False,0,,,,REJECTED_NON_SHOPIFY,Shopify score 0 < threshold 5,0,0,0,0,,,,True,
https://vrindavanbazaar.com,https://vrindavanbazaar.com,200,True,30,window.Shopify;Shopify.shop;cdn.shopify.com;/cdn/shop/;shopify_core_js;shopify-section;shopify-payment-button;header:shopify-complexity-score,False,True,21,address_state:Uttar Pradesh;address_pin:281121;phone:+91;indian_payment_gateway;currency:INR,address_state;address_pincode,address_state,ACCEPTED,,4,2,2,5,jsonld_or_dom_img,keyword_heuristics,metadata_or_headings,True,
https://smoodies.in,,0,False,0,,False,False,0,,,,,,0,0,0,0,,,,False,Robots.txt blocks homepage
https://fujihoroindia.com,https://fujihoroindia.com,200,True,28,window.Shopify;Shopify.shop;cdn.shopify.com;/cdn/shop/;shopify_core_js;shopify-section;header:shopify-complexity-score,False,False,7,phone:+91;currency:INR,,,REJECTED_NON_INDIA,Lacks strong Indian business location evidence,4,0,0,0,,,,True,
https://cherrycrumble.com,https://cherrycrumble.com,200,True,28,window.Shopify;Shopify.shop;cdn.shopify.com;/cdn/shop/;shopify_core_js;shopify-section;header:shopify-complexity-score,False,False,5,indian_payment_gateway;currency:INR,,,REJECTED_NON_INDIA,India score 5 < threshold 7,4,0,0,0,,,,True,
https://raipublication.com,https://raipublication.com,0,False,0,,False,False,0,,,,REJECTED_FETCH_ERROR,NetworkError: ConnectError,0,0,0,0,,,,True,NetworkError: ConnectError
https://store.boxfit.in,https://store.boxfit.in,0,False,0,,False,False,0,,,,REJECTED_FETCH_ERROR,NetworkError: ConnectError,0,0,0,0,,,,True,NetworkError: ConnectError
https://baisegaba.com,https://www.baisegaba.com/,200,True,28,window.Shopify;Shopify.shop;cdn.shopify.com;/cdn/shop/;shopify_core_js;shopify-section;header:shopify-complexity-score,False,True,39,jsonld_india_address;state:Rajasthan;address_state:Rajasthan;address_pin:302034;address_city:jaipur;phone:+91;indian_payment_gateway;currency:INR,jsonld_address;address_state;address_pincode;address_city,json_ld_address,ACCEPTED,,4,1,2,2,jsonld_or_dom_img,keyword_heuristics,metadata_or_headings,True,
https://bennch.com,https://bennch.com,200,True,28,window.Shopify;Shopify.shop;cdn.shopify.com;/cdn/shop/;shopify_core_js;shopify-section;header:shopify-complexity-score,False,True,25,address_state:Maharashtra;address_pin:400104;address_city:mumbai;phone:+91;indian_payment_gateway;currency:INR,address_state;address_pincode;address_city,address_state,ACCEPTED,,4,1,2,1,jsonld_or_dom_img,keyword_heuristics,metadata_or_headings,True,
https://parijatstore.com,https://www.parijatstore.com/,200,True,30,window.Shopify;Shopify.shop;cdn.shopify.com;/cdn/shop/;shopify_core_js;shopify-section;shopify-payment-button;header:shopify-complexity-score,False,True,16,address_pin:600044;address_city:chennai;phone:+91;currency:INR,address_pincode;address_city,pin_code_600044,ACCEPTED,,4,1,1,0,jsonld_or_dom_img,keyword_heuristics,metadata_or_headings,True,
https://phoenixtechnologies.org,https://phoenixtechnologies.org,0,False,0,,False,False,0,,,,REJECTED_FETCH_ERROR,NetworkError: ConnectError,0,0,0,0,,,,True,NetworkError: ConnectError
https://brideandbeautiful.co.in,https://brideandbeautiful.co.in,200,False,0,,False,False,0,,,,REJECTED_NON_SHOPIFY,Shopify score 0 < threshold 5,0,0,0,0,,,,True,
https://pluchi.com,https://pluchi.com,200,True,28,window.Shopify;Shopify.shop;cdn.shopify.com;/cdn/shop/;shopify_core_js;shopify-section;header:shopify-complexity-score,False,True,39,jsonld_india_address;state:Delhi;address_state:Delhi;address_pin:110020;address_city:delhi;phone:+91;indian_payment_gateway;currency:INR,jsonld_address;address_state;address_pincode;address_city,json_ld_address,ACCEPTED,,4,1,3,5,jsonld_or_dom_img,keyword_heuristics,metadata_or_headings,True,
https://peonykidscouture.com,https://www.peonykidscouture.com/,200,True,32,window.Shopify;Shopify.shop;cdn.shopify.com;/cdn/shop/;shopify_core_js;shopify-section;shopify-payment-button;shopify_meta_attribute;header:shopify-complexity-score,False,True,22,address_state:Telangana;address_pin:500034;address_city:hyderabad;phone:+91;currency:INR,address_state;address_pincode;address_city,address_state,ACCEPTED,,4,2,2,0,jsonld_or_dom_img,keyword_heuristics,metadata_or_headings,True,
https://way2sales.com,https://way2sales.com,200,False,0,,False,False,0,,,,REJECTED_NON_SHOPIFY,Shopify score 0 < threshold 5,0,0,0,0,,,,True,
https://thefillingstation.in,https://thefillingstation.in,200,False,0,,False,False,0,,,,REJECTED_NON_SHOPIFY,Shopify score 0 < threshold 5,0,0,0,0,,,,True,
https://artwaley.com,https://artwaley.com,200,True,28,window.Shopify;Shopify.shop;cdn.shopify.com;/cdn/shop/;shopify_core_js;shopify-section;header:shopify-complexity-score,False,True,18,address_state:Karnataka;address_pin:580020;phone:+91;currency:INR,address_state;address_pincode,address_state,ACCEPTED,,1,1,12,5,jsonld_or_dom_img,keyword_heuristics,metadata_or_headings,True,
https://dealskart.com,https://dealskart.com,0,False,0,,False,False,0,,,,REJECTED_FETCH_ERROR,NetworkError: ConnectError,0,0,0,0,,,,True,NetworkError: ConnectError
https://stoffastyle.com,https://stoffastyle.com,200,True,28,window.Shopify;Shopify.shop;cdn.shopify.com;/cdn/shop/;shopify_core_js;shopify-section;header:shopify-complexity-score,False,True,25,address_state:Maharashtra;address_pin:400001;address_city:mumbai;phone:+91;indian_payment_gateway;currency:INR,address_state;address_pincode;address_city,address_state,ACCEPTED,,4,2,1,3,jsonld_or_dom_img,keyword_heuristics,metadata_or_headings,True,
https://matterden.com,,0,False,0,,False,False,0,,,,,,0,0,0,0,,,,False,Robots.txt blocks homepage
https://pawtbelly.com,https://pawtbelly.com,0,False,0,,False,False,0,,,,REJECTED_FETCH_ERROR,NetworkError: ConnectError,0,0,0,0,,,,True,NetworkError: ConnectError
https://anomalybyanam.com,https://anomalybyanam.com,200,True,28,window.Shopify;Shopify.shop;cdn.shopify.com;/cdn/shop/;shopify_core_js;shopify-section;header:shopify-complexity-score,False,False,10,phone:+91;indian_payment_gateway;currency:INR,,,REJECTED_NON_INDIA,Lacks strong Indian business location evidence,4,0,0,0,,,,True,
https://ayurkart.com,https://www.ayurkart.com/,200,True,30,window.Shopify;Shopify.shop;cdn.shopify.com;/cdn/shop/;shopify_core_js;shopify-section;shopify-payment-button;header:shopify-complexity-score,False,True,19,address_pin:600102;address_city:chennai;phone:+91;indian_payment_gateway;currency:INR,address_pincode;address_city,pin_code_600102,ACCEPTED,,4,1,1,5,jsonld_or_dom_img,keyword_heuristics,metadata_or_headings,True,
https://madhavfashions.com,https://madhavfashions.com,0,False,0,,False,False,0,,,,REJECTED_FETCH_ERROR,NetworkError: ConnectError,0,0,0,0,,,,True,NetworkError: ConnectError
https://sahilaneja.com,https://www.sahilaneja.com/,200,True,28,window.Shopify;Shopify.shop;cdn.shopify.com;/cdn/shop/;shopify_core_js;shopify-section;header:shopify-complexity-score,False,True,22,address_state:Delhi;address_pin:110024;address_city:delhi;phone:+91;currency:INR,address_state;address_pincode;address_city,address_state,ACCEPTED,,4,1,1,3,jsonld_or_dom_img,keyword_heuristics,metadata_or_headings,True,
https://xrossway.com,https://xrossway.com,0,False,0,,False,False,0,,,,REJECTED_FETCH_ERROR,Timeout: ConnectTimeout,0,0,0,0,,,,True,Timeout: ConnectTimeout
https://mylyra.com,https://mylyra.com,200,True,28,window.Shopify;Shopify.shop;cdn.shopify.com;/cdn/shop/;shopify_core_js;shopify-section;header:shopify-complexity-score,False,True,22,address_state:West Bengal;address_pin:700002;address_city:kolkata;phone:+91;currency:INR,address_state;address_pincode;address_city,address_state,ACCEPTED,,4,3,2,4,jsonld_or_dom_img,keyword_heuristics,metadata_or_headings,True,
https://jompers.com,https://jompers.com,200,True,30,window.Shopify;Shopify.shop;cdn.shopify.com;/cdn/shop/;shopify_core_js;shopify-section;shopify-payment-button;header:shopify-complexity-score,False,True,25,address_state:Delhi;address_pin:110033;address_city:delhi;phone:+91;indian_payment_gateway;currency:INR,address_state;address_pincode;address_city,address_state,ACCEPTED,,4,1,2,3,jsonld_or_dom_img,keyword_heuristics,metadata_or_headings,True,
https://brownfolds.com,https://brownfolds.com,200,True,28,window.Shopify;Shopify.shop;cdn.shopify.com;/cdn/shop/;shopify_core_js;shopify-section;header:shopify-complexity-score,False,True,19,address_pin:380015;address_city:ahmedabad;phone:+91;indian_payment_gateway;currency:INR,address_pincode;address_city,pin_code_380015,ACCEPTED,,4,2,1,6,jsonld_or_dom_img,keyword_heuristics,metadata_or_headings,True,
https://futuristicclimatecontrols.in,https://www.futuristicclimatecontrols.in/,200,True,28,window.Shopify;Shopify.shop;cdn.shopify.com;/cdn/shop/;shopify_core_js;shopify-section;header:shopify-complexity-score,False,True,23,address_state:Gujarat;address_pin:382210;address_city:ahmedabad;phone:+91;currency:INR;domain:.in,address_state;address_pincode;address_city,address_state,ACCEPTED,,4,1,1,3,jsonld_or_dom_img,keyword_heuristics,metadata_or_headings,True,
https://koy.store,https://koy.store,200,True,30,window.Shopify;Shopify.shop;cdn.shopify.com;/cdn/shop/;shopify_core_js;shopify-section;shopify-payment-button;header:shopify-complexity-score,False,False,9,phone:+91;currency:INR;city_mention:pune,,,REJECTED_NON_INDIA,Lacks strong Indian business location evidence,4,0,0,0,,,,True,
https://eskalife.com,https://www.eskalife.com/,200,True,26,window.Shopify;Shopify.shop;cdn.shopify.com;/cdn/shop/;shopify_core_js;header:shopify-complexity-score,False,False,9,phone:+91;currency:INR;city_mention:delhi,,,REJECTED_NON_INDIA,Lacks strong Indian business location evidence,3,0,0,0,,,,True,
https://skm.in,https://skm.in,0,False,0,,False,False,0,,,,REJECTED_FETCH_ERROR,NetworkError: ConnectError,0,0,0,0,,,,True,NetworkError: ConnectError
https://varnikaarora.com,https://varnikaarora.com,200,True,28,window.Shopify;Shopify.shop;cdn.shopify.com;/cdn/shop/;shopify_core_js;shopify-section;header:shopify-complexity-score,False,False,10,phone:+91;indian_payment_gateway;currency:INR,,,REJECTED_NON_INDIA,Lacks strong Indian business location evidence,4,0,0,0,,,,True,
https://abia.in,https://abia.in,200,True,28,window.Shopify;Shopify.shop;cdn.shopify.com;/cdn/shop/;shopify_core_js;shopify-section;header:shopify-complexity-score,False,True,23,address_state:Haryana;address_pin:122001;address_city:gurgaon;phone:+91;currency:INR;domain:.in,address_state;address_pincode;address_city,address_state,ACCEPTED,,3,1,1,3,jsonld_or_dom_img,keyword_heuristics,metadata_or_headings,True,
https://labelshabel.com,https://labelshabel.com,200,True,32,window.Shopify;Shopify.shop;cdn.shopify.com;/cdn/shop/;shopify_core_js;shopify-section;shopify-payment-button;shopify_meta_attribute;header:shopify-complexity-score,False,True,20,address_state:Delhi;address_city:delhi;phone:+91;indian_payment_gateway;currency:INR,address_state;address_city,address_state,ACCEPTED,,4,3,1,2,jsonld_or_dom_img,keyword_heuristics,metadata_or_headings,True,
https://greymode.myshopify.com,https://greymode.myshopify.com,200,True,38,myshopify_subdomain;window.Shopify;Shopify.shop;cdn.shopify.com;/cdn/shop/;shopify_core_js;shopify-section;header:shopify-complexity-score,False,True,21,jsonld_india_address;state:Puducherry;phone:+91;currency:INR,jsonld_address,json_ld_address,ACCEPTED,,4,2,2,3,jsonld_or_dom_img,keyword_heuristics,metadata_or_headings,True,
https://tbwodisha.com,https://tbwodisha.com,200,True,30,window.Shopify;Shopify.shop;cdn.shopify.com;/cdn/shop/;shopify_core_js;shopify-section;shopify-payment-button;header:shopify-complexity-score,False,True,22,address_state:Odisha;address_pin:753014;address_city:cuttack;phone:+91;currency:INR,address_state;address_pincode;address_city,address_state,ACCEPTED,,4,2,3,10,jsonld_or_dom_img,keyword_heuristics,metadata_or_headings,True,
https://avani-earthcraft.com,https://www.avaninaturals.in/,200,True,30,window.Shopify;Shopify.shop;cdn.shopify.com;/cdn/shop/;shopify_core_js;shopify-section;shopify-payment-button;header:shopify-complexity-score,False,False,7,phone:+91;currency:INR,,,REJECTED_NON_INDIA,Lacks strong Indian business location evidence,4,0,0,0,,,,True,
https://haprohomeo.com,https://www.haprohomeo.com/,200,True,28,window.Shopify;Shopify.shop;cdn.shopify.com;/cdn/shop/;shopify_core_js;shopify-section;header:shopify-complexity-score,False,False,7,phone:+91;currency:INR,,,REJECTED_NON_INDIA,Lacks strong Indian business location evidence,4,0,0,0,,,,True,
https://accessworld.in,https://accessworld.in,200,True,30,window.Shopify;Shopify.shop;cdn.shopify.com;/cdn/shop/;shopify_core_js;shopify-section;shopify-payment-button;header:shopify-complexity-score,False,True,40,jsonld_india_address;state:Maharashtra;address_state:Maharashtra;address_pin:400011;address_city:mumbai;phone:+91;indian_payment_gateway;currency:INR;domain:.in,jsonld_address;address_state;address_pincode;address_city,json_ld_address,ACCEPTED,,4,1,5,3,jsonld_or_dom_img,keyword_heuristics,metadata_or_headings,True,
https://aliceblue.in,,0,False,0,,False,False,0,,,,,,0,0,0,0,,,,False,Robots.txt blocks homepage
https://velvetribbon.in,https://www.velvetribbon.in/,200,True,32,window.Shopify;Shopify.shop;cdn.shopify.com;/cdn/shop/;shopify_core_js;shopify-section;shopify-payment-button;shopify_meta_attribute;header:shopify-complexity-score,False,True,7,address_city:mumbai;currency:INR;domain:.in,address_city,address_city_mumbai,ACCEPTED,,4,1,0,1,jsonld_or_dom_img,keyword_heuristics,metadata_or_headings,True,
https://hebesports.com,https://hebesports.com,0,False,0,,False,False,0,,,,REJECTED_FETCH_ERROR,NetworkError: ConnectError,0,0,0,0,,,,True,NetworkError: ConnectError
https://faritha.com,https://faritha.com,200,True,28,window.Shopify;Shopify.shop;cdn.shopify.com;/cdn/shop/;shopify_core_js;shopify-section;header:shopify-complexity-score,False,True,22,gstin:33AJRPK2912P1ZS;address_city:madurai;phone:+91;indian_payment_gateway;currency:INR,gstin;address_city,gstin_code_33,ACCEPTED,,4,2,1,0,jsonld_or_dom_img,keyword_heuristics,metadata_or_headings,True,
https://adititrends.com,https://adititrends.com,200,False,0,,False,False,0,,,,REJECTED_NON_SHOPIFY,Shopify score 0 < threshold 5,0,0,0,0,,,,True,
https://chapterone.in,,0,False,0,,False,False,0,,,,,,0,0,0,0,,,,False,Robots.txt blocks homepage
https://nkcs.in,https://nkcs.in,0,False,0,,False,False,0,,,,REJECTED_FETCH_ERROR,NetworkError: ConnectError,0,0,0,0,,,,True,NetworkError: ConnectError
https://sonalandpankaj.com,https://sonalandpankaj.com,200,True,28,window.Shopify;Shopify.shop;cdn.shopify.com;/cdn/shop/;shopify_core_js;shopify-section;header:shopify-complexity-score,False,True,20,address_state:Madhya Pradesh;address_city:indore;phone:+91;indian_payment_gateway;currency:INR,address_state;address_city,address_state,ACCEPTED,,4,1,2,3,jsonld_or_dom_img,keyword_heuristics,metadata_or_headings,True,
https://pinnacleshruti.com,https://pinnacleshruti.com,200,True,28,window.Shopify;Shopify.shop;cdn.shopify.com;/cdn/shop/;shopify_core_js;shopify-section;header:shopify-complexity-score,False,True,24,gstin:27ABIPS9822K1ZY;address_pin:440033;address_city:mumbai;phone:+91;currency:INR,gstin;address_pincode;address_city,gstin_code_27,ACCEPTED,,4,2,1,2,jsonld_or_dom_img,keyword_heuristics,metadata_or_headings,True,
https://gocolors.com,https://gocolors.com,200,True,28,window.Shopify;Shopify.shop;cdn.shopify.com;/cdn/shop/;shopify_core_js;shopify-section;header:shopify-complexity-score,False,False,10,phone:+91;indian_payment_gateway;currency:INR,,,REJECTED_NON_INDIA,Lacks strong Indian business location evidence,4,0,0,0,,,,True,
https://quintaessentiaorganic.com,https://quintaessentiaorganic.com,200,True,28,window.Shopify;Shopify.shop;cdn.shopify.com;/cdn/shop/;shopify_core_js;shopify-section;header:shopify-complexity-score,False,True,18,address_state:Goa;phone:+91;indian_payment_gateway;currency:INR;city_mention:delhi,address_state,address_state,ACCEPTED,,4,3,2,3,jsonld_or_dom_img,keyword_heuristics,metadata_or_headings,True,
https://hoorecon.com,https://www.hoorecon.com/,200,True,28,window.Shopify;Shopify.shop;cdn.shopify.com;/cdn/shop/;shopify_core_js;shopify-section;header:shopify-complexity-score,False,True,16,address_pin:600097;address_city:chennai;phone:+91;currency:INR,address_pincode;address_city,pin_code_600097,ACCEPTED,,4,6,1,0,jsonld_or_dom_img,keyword_heuristics,metadata_or_headings,True,
https://whitehaathi.com,https://whitehathi.com/,200,True,28,window.Shopify;Shopify.shop;cdn.shopify.com;/cdn/shop/;shopify_core_js;shopify-section;header:shopify-complexity-score,False,False,9,phone:+91;currency:INR;city_mention:kolkata,,,REJECTED_NON_INDIA,Lacks strong Indian business location evidence,4,0,0,0,,,,True,
https://sanskrutistore.com,https://www.sanskrutistore.com/,200,True,28,window.Shopify;Shopify.shop;cdn.shopify.com;/cdn/shop/;shopify_core_js;shopify-section;header:shopify-complexity-score,False,True,22,address_state:Gujarat;address_pin:403402;address_city:jaipur;phone:+91;currency:INR,address_state;address_pincode;address_city,address_state,ACCEPTED,,4,3,1,2,jsonld_or_dom_img,keyword_heuristics,metadata_or_headings,True,
https://bodhitreepublications.org,https://kerangwinb.art,200,False,0,,False,False,0,,,,REJECTED_NON_SHOPIFY,Shopify score 0 < threshold 5,0,0,0,0,,,,True,
https://funzoop.com,https://funzoop.com,200,True,28,window.Shopify;Shopify.shop;cdn.shopify.com;/cdn/shop/;shopify_core_js;shopify-section;header:shopify-complexity-score,False,True,31,jsonld_india_address;state:Haryana;address_state:Delhi;address_city:delhi;phone:+91;currency:INR,jsonld_address;address_state;address_city,json_ld_address,ACCEPTED,,4,0,2,4,jsonld_or_dom_img,keyword_heuristics,metadata_or_headings,True,
https://minizmo.com,https://www.minizmo.com/,200,True,28,window.Shopify;Shopify.shop;cdn.shopify.com;/cdn/shop/;shopify_core_js;shopify-section;header:shopify-complexity-score,False,True,16,address_pin:122016;address_city:gurgaon;phone:+91;currency:INR,address_pincode;address_city,pin_code_122016,ACCEPTED,,4,1,3,2,jsonld_or_dom_img,keyword_heuristics,metadata_or_headings,True,
https://somethingfishy.co.in,https://somethingfishy.co.in,200,False,0,,False,False,0,,,,REJECTED_NON_SHOPIFY,Shopify score 0 < threshold 5,0,0,0,0,,,,True,
https://kaarpas.com,https://kaarpas.com,200,True,28,window.Shopify;Shopify.shop;cdn.shopify.com;/cdn/shop/;shopify_core_js;shopify-section;header:shopify-complexity-score,False,False,10,phone:+91;indian_payment_gateway;currency:INR,,,REJECTED_NON_INDIA,Lacks strong Indian business location evidence,4,0,0,0,,,,True,
https://tokenz.com,https://tokenz.com,200,True,28,window.Shopify;Shopify.shop;cdn.shopify.com;/cdn/shop/;shopify_core_js;shopify-section;header:shopify-complexity-score,False,False,7,phone:+91;currency:INR,,,REJECTED_NON_INDIA,Lacks strong Indian business location evidence,4,0,0,0,,,,True,
https://depwedding.com,https://depwedding.com,0,False,0,,False,False,0,,,,REJECTED_FETCH_ERROR,NetworkError: ConnectError,0,0,0,0,,,,True,NetworkError: ConnectError
https://buybindas.com,https://www.buybindas.com/,200,True,28,window.Shopify;Shopify.shop;cdn.shopify.com;/cdn/shop/;shopify_core_js;shopify-section;header:shopify-complexity-score,False,True,16,address_pin:400053;address_city:mumbai;phone:+91;currency:INR,address_pincode;address_city,pin_code_400053,ACCEPTED,,4,1,1,0,jsonld_or_dom_img,keyword_heuristics,metadata_or_headings,True,
https://spinmyplanet.com,https://spinmyplanet.com,200,True,28,window.Shopify;Shopify.shop;cdn.shopify.com;/cdn/shop/;shopify_core_js;shopify-section;header:shopify-complexity-score,False,False,2,currency:INR,,,REJECTED_NON_INDIA,India score 2 < threshold 7,2,0,0,0,,,,True,
https://barishonline.com,https://barishonline.com,200,False,0,,False,False,0,,,,REJECTED_NON_SHOPIFY,Shopify score 0 < threshold 5,0,0,0,0,,,,True,
https://zainkart.com,https://zainkart.com,0,False,0,,False,False,0,,,,REJECTED_FETCH_ERROR,Timeout: ConnectTimeout,0,0,0,0,,,,True,Timeout: ConnectTimeout
https://shoplune.com,https://shoplune.com,200,True,32,window.Shopify;Shopify.shop;cdn.shopify.com;/cdn/shop/;shopify_core_js;shopify-section;shopify-payment-button;shopify_meta_attribute;header:shopify-complexity-score,False,True,25,address_state:Maharashtra;address_pin:400050;address_city:mumbai;phone:+91;indian_payment_gateway;currency:INR,address_state;address_pincode;address_city,address_state,ACCEPTED,,4,3,1,3,jsonld_or_dom_img,keyword_heuristics,metadata_or_headings,True,
https://tattva.life,https://tattva.life,200,True,28,window.Shopify;Shopify.shop;cdn.shopify.com;/cdn/shop/;shopify_core_js;shopify-section;header:shopify-complexity-score,False,True,16,address_pin:560004;address_city:bangalore;phone:+91;currency:INR,address_pincode;address_city,pin_code_560004,ACCEPTED,,4,1,4,2,jsonld_or_dom_img,keyword_heuristics,metadata_or_headings,True,
https://jadeandjewels.com,https://www.jadeandjewels.com/,200,True,28,window.Shopify;Shopify.shop;cdn.shopify.com;/cdn/shop/;shopify_core_js;shopify-section;header:shopify-complexity-score,False,True,22,address_state:Delhi;address_pin:110057;address_city:delhi;phone:+91;currency:INR,address_state;address_pincode;address_city,address_state,ACCEPTED,,4,1,2,2,jsonld_or_dom_img,keyword_heuristics,metadata_or_headings,True,
https://route2fashion.com,https://route2fashion.com,200,True,28,window.Shopify;Shopify.shop;cdn.shopify.com;/cdn/shop/;shopify_core_js;shopify-section;header:shopify-complexity-score,False,True,25,address_state:Delhi;address_pin:110017;address_city:delhi;phone:+91;indian_payment_gateway;currency:INR,address_state;address_pincode;address_city,address_state,ACCEPTED,,4,2,1,2,jsonld_or_dom_img,keyword_heuristics,metadata_or_headings,True,
https://trendferry.com,https://trendferry.com,200,False,0,,False,False,0,,,,REJECTED_NON_SHOPIFY,Shopify score 0 < threshold 5,0,0,0,0,,,,True,
https://shilpsutra.com,https://www.shilpsutra.com/,200,True,28,window.Shopify;Shopify.shop;cdn.shopify.com;/cdn/shop/;shopify_core_js;shopify-section;header:shopify-complexity-score,False,True,25,address_state:Delhi;address_pin:110074;address_city:delhi;phone:+91;indian_payment_gateway;currency:INR,address_state;address_pincode;address_city,address_state,ACCEPTED,,4,1,1,3,jsonld_or_dom_img,keyword_heuristics,metadata_or_headings,True,
https://salwarstudio.com,https://salwarstudio.com,200,True,28,window.Shopify;Shopify.shop;cdn.shopify.com;/cdn/shop/;shopify_core_js;shopify-section;header:shopify-complexity-score,False,True,16,address_pin:400037;address_city:mumbai;phone:+91;currency:INR,address_pincode;address_city,pin_code_400037,ACCEPTED,,4,2,1,2,jsonld_or_dom_img,keyword_heuristics,metadata_or_headings,True,
https://clts.in,https://clts.in,200,True,30,window.Shopify;Shopify.shop;cdn.shopify.com;/cdn/shop/;shopify_core_js;shopify-section;shopify-payment-button;header:shopify-complexity-score,False,True,20,address_pin:700015;address_city:kolkata;phone:+91;indian_payment_gateway;currency:INR;domain:.in,address_pincode;address_city,pin_code_700015,ACCEPTED,,4,1,1,4,jsonld_or_dom_img,keyword_heuristics,metadata_or_headings,True,
https://fabstreet.in,https://fabstreet.in,200,True,28,window.Shopify;Shopify.shop;cdn.shopify.com;/cdn/shop/;shopify_core_js;shopify-section;header:shopify-complexity-score,False,False,8,phone:+91;currency:INR;domain:.in,,,REJECTED_NON_INDIA,Lacks strong Indian business location evidence,1,0,0,0,,,,True,
https://bubblenutwash.com,https://bubblenutwash.com,200,True,28,window.Shopify;Shopify.shop;cdn.shopify.com;/cdn/shop/;shopify_core_js;shopify-section;header:shopify-complexity-score,False,False,9,phone:+91;currency:INR;city_mention:bangalore,,,REJECTED_NON_INDIA,Lacks strong Indian business location evidence,4,0,0,0,,,,True,
https://gemkart.com,https://gemkart.com,200,True,28,window.Shopify;Shopify.shop;cdn.shopify.com;/cdn/shop/;shopify_core_js;shopify-section;header:shopify-complexity-score,False,True,23,jsonld_india_address;state:Chandigarh;phone:+91;currency:INR;city_mention:kolkata,jsonld_address,json_ld_address,ACCEPTED,,4,2,2,2,jsonld_or_dom_img,keyword_heuristics,metadata_or_headings,True,
https://store.technotrade.in,https://store.technotrade.in,200,True,28,window.Shopify;Shopify.shop;cdn.shopify.com;/cdn/shop/;shopify_core_js;shopify-section;header:shopify-complexity-score,False,True,40,jsonld_india_address;state:Rajasthan;address_state:Rajasthan;address_pin:302015;address_city:jaipur;phone:+91;indian_payment_gateway;currency:INR;domain:.in,jsonld_address;address_state;address_pincode;address_city,json_ld_address,ACCEPTED,,4,1,2,4,jsonld_or_dom_img,keyword_heuristics,metadata_or_headings,True,
https://sammsara.com,https://www.sammsara.com/,200,True,30,window.Shopify;Shopify.shop;cdn.shopify.com;/cdn/shop/;shopify_core_js;shopify-section;shopify-payment-button;header:shopify-complexity-score,False,True,25,address_state:Delhi;address_pin:110020;address_city:delhi;phone:+91;indian_payment_gateway;currency:INR,address_state;address_pincode;address_city,address_state,ACCEPTED,,4,2,1,2,jsonld_or_dom_img,keyword_heuristics,metadata_or_headings,True,
https://crafttree.in,https://crafttree.in,200,False,0,,False,False,0,,,,REJECTED_NON_SHOPIFY,Shopify score 0 < threshold 5,0,0,0,0,,,,True,
https://impexstore.com,https://impexstore.com,200,True,30,window.Shopify;Shopify.shop;cdn.shopify.com;/cdn/shop/;shopify_core_js;shopify-section;shopify-payment-button;header:shopify-complexity-score,False,True,12,address_pin:676122;indian_payment_gateway;currency:INR;city_mention:kolkata,address_pincode,pin_code_676122,ACCEPTED,,4,6,6,5,jsonld_or_dom_img,keyword_heuristics,metadata_or_headings,True,
https://labelkiss.com,https://labelkiss.com,0,False,0,,False,False,0,,,,REJECTED_FETCH_ERROR,Timeout: ConnectTimeout,0,0,0,0,,,,True,Timeout: ConnectTimeout
https://xcelsolarpower.com,https://www.xcelsolarpower.com/,200,False,0,,False,False,0,,,,REJECTED_NON_SHOPIFY,Shopify score 0 < threshold 5,0,0,0,0,,,,True,
https://antar-agni.com,https://antar-agni.com,200,True,28,window.Shopify;Shopify.shop;cdn.shopify.com;/cdn/shop/;shopify_core_js;shopify-section;header:shopify-complexity-score,False,True,22,address_state:Uttar Pradesh;address_pin:201301;address_city:noida;phone:+91;currency:INR,address_state;address_pincode;address_city,address_state,ACCEPTED,,4,1,1,1,jsonld_or_dom_img,keyword_heuristics,metadata_or_headings,True,
https://punarnawa.com,https://punarnawa.com,200,True,28,window.Shopify;Shopify.shop;cdn.shopify.com;/cdn/shop/;shopify_core_js;shopify-section;header:shopify-complexity-score,False,True,40,gstin:21AAGCP0656G1ZR;jsonld_india_address;state:Uttar Pradesh;address_state:Odisha;address_pin:785001;phone:+91;currency:INR,gstin;jsonld_address;address_state;address_pincode,gstin_code_21,ACCEPTED,,4,2,1,3,jsonld_or_dom_img,keyword_heuristics,metadata_or_headings,True,
https://kkristina.com,https://kkristina.com,200,True,28,window.Shopify;Shopify.shop;cdn.shopify.com;/cdn/shop/;shopify_core_js;shopify-section;header:shopify-complexity-score,False,True,22,address_state:Karnataka;address_pin:560025;address_city:bangalore;phone:+91;currency:INR,address_state;address_pincode;address_city,address_state,ACCEPTED,,4,1,0,5,jsonld_or_dom_img,keyword_heuristics,metadata_or_headings,True,
https://fegoinnovations.com,https://fegoinnovations.com,200,True,28,window.Shopify;Shopify.shop;cdn.shopify.com;/cdn/shop/;shopify_core_js;shopify-section;header:shopify-complexity-score,False,False,10,phone:+91;indian_payment_gateway;currency:INR,,,REJECTED_NON_INDIA,Lacks strong Indian business location evidence,4,0,0,0,,,,True,
https://firstnaari.com,https://firstnaari.com,0,False,0,,False,False,0,,,,REJECTED_FETCH_ERROR,NetworkError: ConnectError,0,0,0,0,,,,True,NetworkError: ConnectError
https://vrajbhoomi.in,https://vrajbhoomi.in,200,True,28,window.Shopify;Shopify.shop;cdn.shopify.com;/cdn/shop/;shopify_core_js;shopify-section;header:shopify-complexity-score,False,True,26,address_state:Gujarat;address_pin:380013;address_city:ahmedabad;phone:+91;indian_payment_gateway;currency:INR;domain:.in,address_state;address_pincode;address_city,address_state,ACCEPTED,,4,5,2,7,jsonld_or_dom_img,keyword_heuristics,metadata_or_headings,True,
https://wowhomemade.com,,0,False,0,,False,False,0,,,,,,0,0,0,0,,,,False,Robots.txt blocks homepage
https://divadivinehair.com,https://divadivinehair.com,200,True,28,window.Shopify;Shopify.shop;cdn.shopify.com;/cdn/shop/;shopify_core_js;shopify-section;header:shopify-complexity-score,False,True,17,address_state:Delhi;address_city:bangalore;phone:+91;currency:INR,address_state;address_city,address_state,ACCEPTED,,4,2,2,4,jsonld_or_dom_img,keyword_heuristics,metadata_or_headings,True,
https://himalayanbrew.com,https://himalayanbrew.com,200,True,28,window.Shopify;Shopify.shop;cdn.shopify.com;/cdn/shop/;shopify_core_js;shopify-section;header:shopify-complexity-score,False,True,15,address_state:Himachal Pradesh;phone:+91;currency:INR;city_mention:raipur,address_state,address_state,ACCEPTED,,4,1,2,3,jsonld_or_dom_img,keyword_heuristics,metadata_or_headings,True,
https://rehwasociety.org,https://rehwasociety.org,200,True,28,window.Shopify;Shopify.shop;cdn.shopify.com;/cdn/shop/;shopify_core_js;shopify-section;header:shopify-complexity-score,False,True,12,address_pin:451224;phone:+91;currency:INR,address_pincode,pin_code_451224,ACCEPTED,,4,4,2,2,jsonld_or_dom_img,keyword_heuristics,metadata_or_headings,True,
https://stallionbarware.com,https://www.stallionbarware.com/,200,True,28,window.Shopify;Shopify.shop;cdn.shopify.com;/cdn/shop/;shopify_core_js;shopify_meta_attribute;header:shopify-complexity-score,False,True,16,address_pin:400091;address_city:mumbai;phone:+91;currency:INR,address_pincode;address_city,pin_code_400091,ACCEPTED,,4,2,1,4,jsonld_or_dom_img,keyword_heuristics,metadata_or_headings,True,
https://dreamgreen.in,https://dreamgreen.in,200,True,28,window.Shopify;Shopify.shop;cdn.shopify.com;/cdn/shop/;shopify_core_js;shopify-section;header:shopify-complexity-score,False,False,10,phone:+91;currency:INR;domain:.in;city_mention:chennai,,,REJECTED_NON_INDIA,Lacks strong Indian business location evidence,1,0,0,0,,,,True,
https://kanyoga.com,https://kanyoga.com,200,True,28,window.Shopify;Shopify.shop;cdn.shopify.com;/cdn/shop/;shopify_core_js;shopify-section;header:shopify-complexity-score,False,True,22,address_state:Delhi;address_pin:110020;address_city:delhi;phone:+91;currency:INR,address_state;address_pincode;address_city,address_state,ACCEPTED,,4,2,2,2,jsonld_or_dom_img,keyword_heuristics,metadata_or_headings,True,
https://charkhee.com,https://charkhee.com,200,True,28,window.Shopify;Shopify.shop;cdn.shopify.com;/cdn/shop/;shopify_core_js;shopify-section;header:shopify-complexity-score,False,True,30,gstin:06AAACP6703E1ZT;address_state:Haryana;address_pin:122015;address_city:gurgaon;phone:+91;currency:INR,gstin;address_state;address_pincode;address_city,gstin_code_06,ACCEPTED,,4,1,2,2,jsonld_or_dom_img,keyword_heuristics,metadata_or_headings,True,
https://tripurabiotech.com,https://www.tripurabiotech.com/,200,False,0,,False,False,0,,,,REJECTED_NON_SHOPIFY,Shopify score 0 < threshold 5,0,0,0,0,,,,True,
https://theindianthreads.com,https://theindianthreads.com,200,True,28,window.Shopify;Shopify.shop;cdn.shopify.com;/cdn/shop/;shopify_core_js;shopify-section;header:shopify-complexity-score,False,True,19,address_pin:452002;address_city:indore;phone:+91;indian_payment_gateway;currency:INR,address_pincode;address_city,pin_code_452002,ACCEPTED,,4,2,2,6,jsonld_or_dom_img,keyword_heuristics,metadata_or_headings,True,
https://zucinaturals.com,https://www.zucinaturals.com/,200,True,28,window.Shopify;Shopify.shop;cdn.shopify.com;/cdn/shop/;shopify_core_js;shopify-section;header:shopify-complexity-score,False,False,4,currency:INR;city_mention:mumbai,,,REJECTED_NON_INDIA,India score 4 < threshold 7,0,0,0,0,,,,True,
https://santiniketanonline.com,https://santiniketanonline.com,200,True,28,window.Shopify;Shopify.shop;cdn.shopify.com;/cdn/shop/;shopify_core_js;shopify-section;header:shopify-complexity-score,False,True,19,address_pin:700035;address_city:kolkata;phone:+91;indian_payment_gateway;currency:INR,address_pincode;address_city,pin_code_700035,ACCEPTED,,4,2,2,5,jsonld_or_dom_img,keyword_heuristics,metadata_or_headings,True,
https://mangalatanjorepaintings.com,https://mangalatanjorepaintings.com,200,True,28,window.Shopify;Shopify.shop;cdn.shopify.com;/cdn/shop/;shopify_core_js;shopify-section;header:shopify-complexity-score,False,True,22,address_state:Tamil Nadu;address_pin:641018;address_city:coimbatore;phone:+91;currency:INR,address_state;address_pincode;address_city,address_state,ACCEPTED,,4,1,3,4,jsonld_or_dom_img,keyword_heuristics,metadata_or_headings,True,
https://pirasoglu.com,https://pirasoglu.com,0,False,0,,False,False,0,,,,REJECTED_FETCH_ERROR,NetworkError: ConnectError,0,0,0,0,,,,True,NetworkError: ConnectError
https://doodleodrama.com,https://doodleodrama.com,200,True,28,window.Shopify;Shopify.shop;cdn.shopify.com;/cdn/shop/;shopify_core_js;shopify-section;header:shopify-complexity-score,False,False,7,phone:+91;currency:INR,,,REJECTED_NON_INDIA,Lacks strong Indian business location evidence,3,0,0,0,,,,True,
https://craftkriti.com,https://craftkriti.com,200,True,32,window.Shopify;Shopify.shop;cdn.shopify.com;/cdn/shop/;shopify_core_js;shopify-section;shopify-payment-button;shopify_meta_attribute;header:shopify-complexity-score,False,True,22,address_state:Rajasthan;address_pin:302020;address_city:jaipur;phone:+91;currency:INR,address_state;address_pincode;address_city,address_state,ACCEPTED,,4,2,1,0,jsonld_or_dom_img,keyword_heuristics,metadata_or_headings,True,
https://pinkcitycraft.com,https://pinkcitycraft.com,200,True,28,window.Shopify;Shopify.shop;cdn.shopify.com;/cdn/shop/;shopify_core_js;shopify-section;header:shopify-complexity-score,False,True,22,address_state:Rajasthan;address_pin:302021;address_city:jaipur;phone:+91;currency:INR,address_state;address_pincode;address_city,address_state,ACCEPTED,,4,1,1,0,jsonld_or_dom_img,keyword_heuristics,metadata_or_headings,True,
https://mensfield.in,,0,False,0,,False,False,0,,,,,,0,0,0,0,,,,False,Robots.txt blocks homepage
https://shoppersclub.in,https://shoppersclub.in,0,False,0,,False,False,0,,,,REJECTED_FETCH_ERROR,NetworkError: ConnectError,0,0,0,0,,,,True,NetworkError: ConnectError
https://minutiae.in,https://minutiae.in,200,True,32,window.Shopify;Shopify.shop;cdn.shopify.com;/cdn/shop/;shopify_core_js;shopify-section;shopify-payment-button;shopify_meta_attribute;header:shopify-complexity-score,False,True,26,address_state:Maharashtra;address_pin:400057;address_city:mumbai;phone:+91;indian_payment_gateway;currency:INR;domain:.in,address_state;address_pincode;address_city,address_state,ACCEPTED,,4,1,1,2,jsonld_or_dom_img,keyword_heuristics,metadata_or_headings,True,
https://rinkusobti.com,https://www.rinkusobti.com/,200,True,28,window.Shopify;Shopify.shop;cdn.shopify.com;/cdn/shop/;shopify_core_js;shopify-section;header:shopify-complexity-score,False,True,30,gstin:07AADCR3584N1ZU;address_state:Delhi;address_pin:110017;address_city:delhi;phone:+91;currency:INR,gstin;address_state;address_pincode;address_city,gstin_code_07,ACCEPTED,,4,3,2,3,jsonld_or_dom_img,keyword_heuristics,metadata_or_headings,True,
https://impartgallery.com,https://impartgallery.com,200,True,28,window.Shopify;Shopify.shop;cdn.shopify.com;/cdn/shop/;shopify_core_js;shopify-section;header:shopify-complexity-score,False,True,17,address_state:Delhi;address_pin:110092;address_city:delhi;currency:INR,address_state;address_pincode;address_city,address_state,ACCEPTED,,4,1,0,0,jsonld_or_dom_img,keyword_heuristics,metadata_or_headings,True,
https://ovenmagick.com,https://ovenmagick.com,200,True,28,window.Shopify;Shopify.shop;cdn.shopify.com;/cdn/shop/;shopify_core_js;shopify-section;header:shopify-complexity-score,False,True,16,address_pin:390007;address_city:vadodara;phone:+91;currency:INR,address_pincode;address_city,pin_code_390007,ACCEPTED,,3,2,3,2,jsonld_or_dom_img,keyword_heuristics,metadata_or_headings,True,
https://blacksmithfashion.com,https://blacksmithfashion.com,200,False,0,,False,False,0,,,,REJECTED_NON_SHOPIFY,Shopify score 0 < threshold 5,0,0,0,0,,,,True,
https://amorfizz.com,https://amorfizz.com,200,False,0,,False,False,0,,,,REJECTED_NON_SHOPIFY,Shopify score 0 < threshold 5,0,0,0,0,,,,True,
https://turaturi.com,https://www.turaturi.com/,200,True,30,window.Shopify;Shopify.shop;cdn.shopify.com;/cdn/shop/;shopify_core_js;shopify-section;shopify-payment-button;header:shopify-complexity-score,False,False,10,phone:+91;indian_payment_gateway;currency:INR,,,REJECTED_NON_INDIA,Lacks strong Indian business location evidence,4,0,0,0,,,,True,
https://spreeindia.com,https://spreeindia.com,0,False,0,,False,False,0,,,,REJECTED_FETCH_ERROR,NetworkError: ConnectError,0,0,0,0,,,,True,NetworkError: ConnectError
https://shopritikasachdeva.com,https://shopritikasachdeva.com,200,True,28,window.Shopify;Shopify.shop;cdn.shopify.com;/cdn/shop/;shopify_core_js;shopify-section;header:shopify-complexity-score,False,False,7,phone:+91;currency:INR,,,REJECTED_NON_INDIA,Lacks strong Indian business location evidence,4,0,0,0,,,,True,
https://arteastri.com,https://arteastri.com,200,True,28,window.Shopify;Shopify.shop;cdn.shopify.com;/cdn/shop/;shopify_core_js;shopify-section;header:shopify-complexity-score,False,False,10,phone:+91;indian_payment_gateway;currency:INR,,,REJECTED_NON_INDIA,Lacks strong Indian business location evidence,4,0,0,0,,,,True,
https://vinayakaartgallery.com,https://vinayakaartgallery.com,200,True,28,window.Shopify;Shopify.shop;cdn.shopify.com;/cdn/shop/;shopify_core_js;shopify-section;header:shopify-complexity-score,False,False,9,phone:+91;currency:INR;city_mention:delhi,,,REJECTED_NON_INDIA,Lacks strong Indian business location evidence,4,0,0,0,,,,True,
https://amarkoshjewels.com,https://www.amarkoshjewels.com/,200,True,28,window.Shopify;Shopify.shop;cdn.shopify.com;/cdn/shop/;shopify_core_js;shopify-section;header:shopify-complexity-score,False,False,9,phone:+91;currency:INR;city_mention:mumbai,,,REJECTED_NON_INDIA,Lacks strong Indian business location evidence,4,0,0,0,,,,True,
https://anekaant.com,https://www.anekaant.com/,200,True,28,window.Shopify;Shopify.shop;cdn.shopify.com;/cdn/shop/;shopify_core_js;shopify-section;header:shopify-complexity-score,False,True,26,gstin:06AAECA2124L1ZY;address_state:Haryana;address_pin:131028;phone:+91;currency:INR,gstin;address_state;address_pincode,gstin_code_06,ACCEPTED,,4,2,3,2,jsonld_or_dom_img,keyword_heuristics,metadata_or_headings,True,
https://offlimits.co.in,https://offlimits.co.in,200,True,30,window.Shopify;Shopify.shop;cdn.shopify.com;/cdn/shop/;shopify_core_js;shopify-section;shopify-payment-button;header:shopify-complexity-score,False,False,14,phone:+91;indian_payment_gateway;currency:INR;domain:.co.in;city_mention:faridabad,,,REJECTED_NON_INDIA,Lacks strong Indian business location evidence,4,0,0,0,,,,True,
https://wellbergonline.com,https://wellbergonline.com,200,True,28,window.Shopify;Shopify.shop;cdn.shopify.com;/cdn/shop/;shopify_core_js;shopify-section;header:shopify-complexity-score,False,True,25,address_state:Delhi;address_pin:110039;address_city:delhi;phone:+91;indian_payment_gateway;currency:INR,address_state;address_pincode;address_city,address_state,ACCEPTED,,4,1,2,4,jsonld_or_dom_img,keyword_heuristics,metadata_or_headings,True,
https://toysfactory.in,https://toysfactory.in,200,False,0,,False,False,0,,,,REJECTED_NON_SHOPIFY,Shopify score 0 < threshold 5,0,0,0,0,,,,True,
https://oddcroft.com,https://oddcroft.com,0,False,0,,False,False,0,,,,REJECTED_FETCH_ERROR,NetworkError: ConnectError,0,0,0,0,,,,True,NetworkError: ConnectError
https://labscraft.com,,0,False,0,,False,False,0,,,,,,0,0,0,0,,,,False,Robots.txt blocks homepage
https://indishoppers.com,https://indishoppers.com,0,False,0,,False,False,0,,,,REJECTED_FETCH_ERROR,NetworkError: ConnectError,0,0,0,0,,,,True,NetworkError: ConnectError
https://ases.in,https://ases.in,200,True,28,window.Shopify;Shopify.shop;cdn.shopify.com;/cdn/shop/;shopify_core_js;shopify-section;header:shopify-complexity-score,False,True,40,jsonld_india_address;state:Rajasthan;address_state:Rajasthan;address_pin:342001;address_city:jodhpur;phone:+91;indian_payment_gateway;currency:INR;domain:.in,jsonld_address;address_state;address_pincode;address_city,json_ld_address,ACCEPTED,,4,1,1,3,jsonld_or_dom_img,keyword_heuristics,metadata_or_headings,True,
https://kakojee.com,https://kakojee.com,200,True,28,window.Shopify;Shopify.shop;cdn.shopify.com;/cdn/shop/;shopify_core_js;shopify-section;header:shopify-complexity-score,False,False,10,phone:+91;indian_payment_gateway;currency:INR,,,REJECTED_NON_INDIA,Lacks strong Indian business location evidence,4,0,0,0,,,,True,
https://moonbargains.com,,0,False,0,,False,False,0,,,,,,0,0,0,0,,,,False,Robots.txt blocks homepage
https://prettyweaves.com,https://www.prettyweaves.com/,200,True,28,window.Shopify;Shopify.shop;cdn.shopify.com;/cdn/shop/;shopify_core_js;shopify-section;header:shopify-complexity-score,False,True,11,address_city:chennai;phone:+91;currency:INR,address_city,address_city_chennai,ACCEPTED,,4,2,1,3,jsonld_or_dom_img,keyword_heuristics,metadata_or_headings,True,
https://thesignaturebox.com,https://thesignaturebox.com,200,True,28,window.Shopify;Shopify.shop;cdn.shopify.com;/cdn/shop/;shopify_core_js;shopify-section;header:shopify-complexity-score,False,True,12,address_pin:810374;phone:+91;currency:INR,address_pincode,pin_code_810374,ACCEPTED,,4,1,2,5,jsonld_or_dom_img,keyword_heuristics,metadata_or_headings,True,
https://crustaccessories.com,https://crustaccessories.com,0,False,0,,False,False,0,,,,REJECTED_FETCH_ERROR,Timeout: ConnectTimeout,0,0,0,0,,,,True,Timeout: ConnectTimeout
https://welexcare.com,https://welexcare.com,200,True,30,window.Shopify;Shopify.shop;cdn.shopify.com;/cdn/shop/;shopify_core_js;shopify-section;shopify-payment-button;header:shopify-complexity-score,False,True,25,address_state:Maharashtra;address_pin:401506;address_city:mumbai;phone:+91;indian_payment_gateway;currency:INR,address_state;address_pincode;address_city,address_state,ACCEPTED,,4,1,1,6,jsonld_or_dom_img,keyword_heuristics,metadata_or_headings,True,
https://casperme.com,https://casperme.com,200,False,0,,False,False,0,,,,REJECTED_NON_SHOPIFY,Shopify score 0 < threshold 5,0,0,0,0,,,,True,
https://joharcart.com,https://joharcart.com,200,True,30,window.Shopify;Shopify.shop;cdn.shopify.com;/cdn/shop/;shopify_core_js;shopify-section;shopify-payment-button;header:shopify-complexity-score,False,False,7,phone:+91;currency:INR,,,REJECTED_NON_INDIA,Lacks strong Indian business location evidence,4,0,0,0,,,,True,
https://candourlondon.com,,0,False,0,,False,False,0,,,,,,0,0,0,0,,,,False,Robots.txt blocks homepage
https://shoptwiz.com,https://shoptwiz.com,200,True,28,window.Shopify;Shopify.shop;cdn.shopify.com;/cdn/shop/;shopify_core_js;shopify-section;header:shopify-complexity-score,False,True,16,address_pin:226014;address_city:lucknow;phone:+91;currency:INR,address_pincode;address_city,pin_code_226014,ACCEPTED,,4,1,1,5,jsonld_or_dom_img,keyword_heuristics,metadata_or_headings,True,
https://delhiwear.com,https://delhiwear.com,200,True,28,window.Shopify;Shopify.shop;cdn.shopify.com;/cdn/shop/;shopify_core_js;shopify-section;header:shopify-complexity-score,False,True,25,address_state:Delhi;address_pin:110049;address_city:delhi;phone:+91;indian_payment_gateway;currency:INR,address_state;address_pincode;address_city,address_state,ACCEPTED,,4,1,1,0,jsonld_or_dom_img,keyword_heuristics,metadata_or_headings,True,
https://nexdo.com,https://nexdo.com,200,True,28,window.Shopify;Shopify.shop;cdn.shopify.com;/cdn/shop/;shopify_core_js;shopify-section;header:shopify-complexity-score,False,True,17,address_state:Delhi;address_pin:110037;address_city:delhi;currency:INR,address_state;address_pincode;address_city,address_state,ACCEPTED,,1,1,0,0,jsonld_or_dom_img,keyword_heuristics,metadata_or_headings,True,
https://tickermart.com,https://tickermart.com,0,False,0,,False,False,0,,,,REJECTED_FETCH_ERROR,Timeout: ConnectTimeout,0,0,0,0,,,,True,Timeout: ConnectTimeout
https://rameshsparklers.com,https://www.rameshsparklers.com/,200,True,28,window.Shopify;Shopify.shop;cdn.shopify.com;/cdn/shop/;shopify_core_js;shopify-section;header:shopify-complexity-score,False,True,12,address_pin:626189;phone:+91;currency:INR,address_pincode,pin_code_626189,ACCEPTED,,4,0,1,0,jsonld_or_dom_img,keyword_heuristics,metadata_or_headings,True,
https://mobilla.in,https://mobilla.in,200,True,28,window.Shopify;Shopify.shop;cdn.shopify.com;/cdn/shop/;shopify_core_js;shopify-section;header:shopify-complexity-score,False,True,17,address_state:Maharashtra;phone:+91;indian_payment_gateway;currency:INR;domain:.in,address_state,address_state,ACCEPTED,,4,2,1,5,jsonld_or_dom_img,keyword_heuristics,metadata_or_headings,True,
https://zoyashi.com,https://zoyashi.com,0,False,0,,False,False,0,,,,REJECTED_FETCH_ERROR,NetworkError: ConnectError,0,0,0,0,,,,True,NetworkError: ConnectError
https://athenalifestyle.com,https://athenalifestyle.com,200,True,28,window.Shopify;Shopify.shop;cdn.shopify.com;/cdn/shop/;shopify_core_js;shopify-section;header:shopify-complexity-score,False,True,25,address_state:Haryana;address_pin:122004;address_city:gurugram;phone:+91;indian_payment_gateway;currency:INR,address_state;address_pincode;address_city,address_state,ACCEPTED,,4,1,1,5,jsonld_or_dom_img,keyword_heuristics,metadata_or_headings,True,
https://thearomadepot.com,https://www.thearomadepot.com/,200,True,28,window.Shopify;Shopify.shop;cdn.shopify.com;/cdn/shop/;shopify_core_js;shopify-section;header:shopify-complexity-score,False,True,11,address_city:lucknow;phone:+91;currency:INR,address_city,address_city_lucknow,ACCEPTED,,4,2,1,0,jsonld_or_dom_img,keyword_heuristics,metadata_or_headings,True,
https://odetoodd.com,https://odetoodd.com,200,True,30,window.Shopify;Shopify.shop;cdn.shopify.com;/cdn/shop/;shopify_core_js;shopify-section;shopify-payment-button;header:shopify-complexity-score,False,True,19,address_pin:734006;address_city:jaipur;phone:+91;indian_payment_gateway;currency:INR,address_pincode;address_city,pin_code_734006,ACCEPTED,,4,2,1,3,jsonld_or_dom_img,keyword_heuristics,metadata_or_headings,True,
https://theoorganics.com,https://theoorganics.com,0,False,0,,False,False,0,,,,REJECTED_FETCH_ERROR,NetworkError: ConnectError,0,0,0,0,,,,True,NetworkError: ConnectError
https://gubbacci.com,https://www.gubbacci.com/,200,True,28,window.Shopify;Shopify.shop;cdn.shopify.com;/cdn/shop/;shopify_core_js;shopify-section;header:shopify-complexity-score,False,True,36,jsonld_india_address;state:Karnataka;address_state:Karnataka;address_pin:560078;address_city:bengaluru;phone:+91;currency:INR,jsonld_address;address_state;address_pincode;address_city,json_ld_address,ACCEPTED,,4,1,1,6,jsonld_or_dom_img,keyword_heuristics,metadata_or_headings,True,
https://malgudi.in,https://malgudi.in,200,False,0,,False,False,0,,,,REJECTED_NON_SHOPIFY,Shopify score 0 < threshold 5,0,0,0,0,,,,True,
https://punebakers.com,,0,False,0,,False,False,0,,,,,,0,0,0,0,,,,False,Robots.txt blocks homepage
https://wearthree.com,https://wearthree.com,200,True,28,window.Shopify;Shopify.shop;cdn.shopify.com;/cdn/shop/;shopify_core_js;shopify-section;header:shopify-complexity-score,False,True,25,address_state:Delhi;address_pin:110074;address_city:mumbai;phone:+91;indian_payment_gateway;currency:INR,address_state;address_pincode;address_city,address_state,ACCEPTED,,3,2,3,2,jsonld_or_dom_img,keyword_heuristics,metadata_or_headings,True,
https://anukajewels.com,https://www.anukajewels.com/,200,True,28,window.Shopify;Shopify.shop;cdn.shopify.com;/cdn/shop/;shopify_core_js;shopify-section;header:shopify-complexity-score,False,True,16,address_pin:313001;address_city:udaipur;phone:+91;currency:INR,address_pincode;address_city,pin_code_313001,ACCEPTED,,4,1,2,3,jsonld_or_dom_img,keyword_heuristics,metadata_or_headings,True,
https://homesofdreams.com,https://homesofdreams.com,404,False,0,,False,False,0,,,,REJECTED_FETCH_ERROR,HTTP 404,0,0,0,0,,,,True,HTTP 404
https://dazzelz.com,https://www.dazzelz.com/,200,True,28,window.Shopify;Shopify.shop;cdn.shopify.com;/cdn/shop/;shopify_core_js;shopify-section;header:shopify-complexity-score,False,True,16,address_pin:560043;address_city:bangalore;phone:+91;currency:INR,address_pincode;address_city,pin_code_560043,ACCEPTED,,4,1,2,2,jsonld_or_dom_img,keyword_heuristics,metadata_or_headings,True,
https://kasemantra.com,https://kasemantra.com,0,False,0,,False,False,0,,,,REJECTED_FETCH_ERROR,NetworkError: ConnectError,0,0,0,0,,,,True,NetworkError: ConnectError
https://dealsjunction.in,https://dealsjunction.in,0,False,0,,False,False,0,,,,REJECTED_FETCH_ERROR,NetworkError: ConnectError,0,0,0,0,,,,True,NetworkError: ConnectError
https://zazzy.in,https://zazzy.in,200,False,0,,False,False,0,,,,REJECTED_NON_SHOPIFY,Shopify score 0 < threshold 5,0,0,0,0,,,,True,
https://nesarabynicky.com,https://nesarabynicky.com,200,True,32,window.Shopify;Shopify.shop;cdn.shopify.com;/cdn/shop/;shopify_core_js;shopify-section;shopify-payment-button;shopify_meta_attribute;header:shopify-complexity-score,False,False,7,phone:+91;currency:INR,,,REJECTED_NON_INDIA,Lacks strong Indian business location evidence,4,0,0,0,,,,True,
https://saffronwiehl.com,https://www.saffronwiehl.com/,200,True,28,window.Shopify;Shopify.shop;cdn.shopify.com;/cdn/shop/;shopify_core_js;shopify-section;header:shopify-complexity-score,False,False,7,phone:+91;currency:INR,,,REJECTED_NON_INDIA,Lacks strong Indian business location evidence,4,0,0,0,,,,True,
https://indiankrafts.in,https://indiankrafts.in,0,False,0,,False,False,0,,,,REJECTED_FETCH_ERROR,NetworkError: ConnectError,0,0,0,0,,,,True,NetworkError: ConnectError
https://benudbehariduttlegacy.com,https://benudbehariduttlegacy.com,0,False,0,,False,False,0,,,,REJECTED_FETCH_ERROR,NetworkError: ConnectError,0,0,0,0,,,,True,NetworkError: ConnectError
https://heritanceart.com,https://heritanceart.com,0,False,0,,False,False,0,,,,REJECTED_FETCH_ERROR,NetworkError: ConnectError,0,0,0,0,,,,True,NetworkError: ConnectError
https://gabicci.in,https://gabicci.in,200,True,30,window.Shopify;Shopify.shop;cdn.shopify.com;/cdn/shop/;shopify_core_js;shopify-section;shopify-payment-button;header:shopify-complexity-score,False,False,11,phone:+91;indian_payment_gateway;currency:INR;domain:.in,,,REJECTED_NON_INDIA,Lacks strong Indian business location evidence,4,0,0,0,,,,True,
https://violetandpurple.com,https://www.violetandpurple.com/,200,True,28,window.Shopify;Shopify.shop;cdn.shopify.com;/cdn/shop/;shopify_core_js;shopify-section;header:shopify-complexity-score,False,True,14,address_city:hyderabad;phone:+91;indian_payment_gateway;currency:INR,address_city,address_city_hyderabad,ACCEPTED,,4,1,2,2,jsonld_or_dom_img,keyword_heuristics,metadata_or_headings,True,
https://shudhvi.com,https://shudhvi.com,200,False,0,,False,False,0,,,,REJECTED_NON_SHOPIFY,Shopify score 0 < threshold 5,0,0,0,0,,,,True,
https://uddstudio.com,https://www.uddstudio.com/,200,True,28,window.Shopify;Shopify.shop;cdn.shopify.com;/cdn/shop/;shopify_core_js;shopify-section;header:shopify-complexity-score,False,True,16,address_pin:400053;address_city:mumbai;phone:+91;currency:INR,address_pincode;address_city,pin_code_400053,ACCEPTED,,4,0,1,4,jsonld_or_dom_img,keyword_heuristics,metadata_or_headings,True,
https://bikeshark.in,https://bikeshark.in,0,False,0,,False,False,0,,,,REJECTED_FETCH_ERROR,NetworkError: ConnectError,0,0,0,0,,,,True,NetworkError: ConnectError
https://sendgift2india.com,https://sendgift2india.com,0,False,0,,False,False,0,,,,REJECTED_FETCH_ERROR,NetworkError: ConnectError,0,0,0,0,,,,True,NetworkError: ConnectError
https://auratti.com,https://www.auratti.com/,200,True,28,window.Shopify;Shopify.shop;cdn.shopify.com;/cdn/shop/;shopify_core_js;shopify-section;header:shopify-complexity-score,False,True,17,address_state:Karnataka;address_city:bengaluru;phone:+91;currency:INR,address_state;address_city,address_state,ACCEPTED,,4,5,5,2,jsonld_or_dom_img,keyword_heuristics,metadata_or_headings,True,
https://lunarsbags.com,https://www.lunarsbags.com/,200,True,30,window.Shopify;Shopify.shop;cdn.shopify.com;/cdn/shop/;shopify_core_js;shopify-section;shopify-payment-button;header:shopify-complexity-score,False,False,7,phone:+91;currency:INR,,,REJECTED_NON_INDIA,Lacks strong Indian business location evidence,4,0,0,0,,,,True,
https://savidecor.com,https://savidecor.com,0,False,0,,False,False,0,,,,REJECTED_FETCH_ERROR,Timeout: ConnectTimeout,0,0,0,0,,,,True,Timeout: ConnectTimeout
https://crapgoos.com,https://crapgoos.com,0,False,0,,False,False,0,,,,REJECTED_FETCH_ERROR,NetworkError: ConnectError,0,0,0,0,,,,True,NetworkError: ConnectError
https://vedaayurvedics.com,https://vedaayurvedics.com,200,True,28,window.Shopify;Shopify.shop;cdn.shopify.com;/cdn/shop/;shopify_core_js;shopify-section;header:shopify-complexity-score,False,False,2,currency:INR,,,REJECTED_NON_INDIA,India score 2 < threshold 7,3,0,0,0,,,,True,
https://satgurugarments.com,https://satgurugarments.com,0,False,0,,False,False,0,,,,REJECTED_FETCH_ERROR,NetworkError: ConnectError,0,0,0,0,,,,True,NetworkError: ConnectError
https://zevarbygeeta.com,https://www.zevarbygeeta.com/,200,True,28,window.Shopify;Shopify.shop;cdn.shopify.com;/cdn/shop/;shopify_core_js;shopify-section;header:shopify-complexity-score,False,True,17,address_state:Uttar Pradesh;address_pin:201303;address_city:noida;currency:INR,address_state;address_pincode;address_city,address_state,ACCEPTED,,4,1,1,3,jsonld_or_dom_img,keyword_heuristics,metadata_or_headings,True,
https://kusumspices.com,https://kusumspices.com,200,False,0,,False,False,0,,,,REJECTED_NON_SHOPIFY,Shopify score 0 < threshold 5,0,0,0,0,,,,True,
https://flippo.in,https://flippo.in,0,False,0,,False,False,0,,,,REJECTED_FETCH_ERROR,NetworkError: ConnectError,0,0,0,0,,,,True,NetworkError: ConnectError
https://hardollenterprises.com,https://www.hardollenterprises.com/,200,True,30,window.Shopify;Shopify.shop;cdn.shopify.com;/cdn/shop/;shopify_core_js;shopify-section;shopify-payment-button;header:shopify-complexity-score,False,True,35,jsonld_india_address;state:Kerala;address_state:Kerala;address_pin:680545;phone:+91;indian_payment_gateway;currency:INR,jsonld_address;address_state;address_pincode,json_ld_address,ACCEPTED,,4,2,3,5,jsonld_or_dom_img,keyword_heuristics,metadata_or_headings,True,
https://mott2.com,https://mott2.com,0,False,0,,False,False,0,,,,REJECTED_FETCH_ERROR,NetworkError: ConnectError,0,0,0,0,,,,True,NetworkError: ConnectError
https://ahomesgrace.com,https://ahomesgrace.com,200,True,28,window.Shopify;Shopify.shop;cdn.shopify.com;/cdn/shop/;shopify_core_js;shopify-section;header:shopify-complexity-score,False,False,7,phone:+91;currency:INR,,,REJECTED_NON_INDIA,Lacks strong Indian business location evidence,4,0,0,0,,,,True,
https://thegallopstore.com,https://thegallopstore.com,200,True,30,window.Shopify;Shopify.shop;cdn.shopify.com;/cdn/shop/;shopify_core_js;shopify-section;shopify-payment-button;header:shopify-complexity-score,False,False,10,phone:+91;indian_payment_gateway;currency:INR,,,REJECTED_NON_INDIA,Lacks strong Indian business location evidence,4,0,0,0,,,,True,
https://shashagaba.com,https://www.shashagaba.com/,200,True,30,window.Shopify;Shopify.shop;cdn.shopify.com;/cdn/shop/;shopify_core_js;shopify-section;shopify-payment-button;header:shopify-complexity-score,False,True,36,jsonld_india_address;state:Delhi;address_state:Delhi;address_pin:110030;address_city:delhi;phone:+91;currency:INR,jsonld_address;address_state;address_pincode;address_city,json_ld_address,ACCEPTED,,4,0,2,2,jsonld_or_dom_img,keyword_heuristics,metadata_or_headings,True,
https://forbeskart.com,https://forbeskart.com,0,False,0,,False,False,0,,,,REJECTED_FETCH_ERROR,NetworkError: ConnectError,0,0,0,0,,,,True,NetworkError: ConnectError
https://gomaads.com,https://gomaads.com,0,False,0,,False,False,0,,,,REJECTED_FETCH_ERROR,NetworkError: ConnectError,0,0,0,0,,,,True,NetworkError: ConnectError
https://aimilpharma.life,https://www.aimilpharma.life/,200,True,28,window.Shopify;Shopify.shop;cdn.shopify.com;/cdn/shop/;shopify_core_js;shopify-section;header:shopify-complexity-score,False,True,22,address_state:Delhi;address_pin:110028;address_city:delhi;phone:+91;currency:INR,address_state;address_pincode;address_city,address_state,ACCEPTED,,4,1,1,3,jsonld_or_dom_img,keyword_heuristics,metadata_or_headings,True,
https://gift4sure.com,https://gift4sure.com,200,True,28,window.Shopify;Shopify.shop;cdn.shopify.com;/cdn/shop/;shopify_core_js;shopify-section;header:shopify-complexity-score,False,True,22,address_state:Delhi;address_pin:110085;address_city:delhi;phone:+91;currency:INR,address_state;address_pincode;address_city,address_state,ACCEPTED,,4,2,1,3,jsonld_or_dom_img,keyword_heuristics,metadata_or_headings,True,
https://bprefcool.com,https://bprefcool.com,200,True,28,window.Shopify;Shopify.shop;cdn.shopify.com;/cdn/shop/;shopify_core_js;shopify-section;header:shopify-complexity-score,False,True,25,address_state:Haryana;address_pin:122050;address_city:gurgaon;phone:+91;indian_payment_gateway;currency:INR,address_state;address_pincode;address_city,address_state,ACCEPTED,,4,1,2,5,jsonld_or_dom_img,keyword_heuristics,metadata_or_headings,True,
https://natashajlabel.com,,0,False,0,,False,False,0,,,,,,0,0,0,0,,,,False,Robots.txt blocks homepage
https://doodlegirlsclothing.com,https://www.doodlegirlsclothing.com/,200,True,28,window.Shopify;Shopify.shop;cdn.shopify.com;/cdn/shop/;shopify_core_js;shopify-section;header:shopify-complexity-score,False,False,4,currency:INR;city_mention:mumbai,,,REJECTED_NON_INDIA,India score 4 < threshold 7,4,0,0,0,,,,True,
https://littlegreentrunk.com,https://littlegreentrunk.com,0,False,0,,False,False,0,,,,REJECTED_FETCH_ERROR,NetworkError: ConnectError,0,0,0,0,,,,True,NetworkError: ConnectError
https://deepasethi.com,https://deepasethi.com,200,True,28,window.Shopify;Shopify.shop;cdn.shopify.com;/cdn/shop/;shopify_core_js;shopify-section;header:shopify-complexity-score,False,True,25,address_state:Rajasthan;address_pin:302021;address_city:jaipur;phone:+91;indian_payment_gateway;currency:INR,address_state;address_pincode;address_city,address_state,ACCEPTED,,4,1,1,2,jsonld_or_dom_img,keyword_heuristics,metadata_or_headings,True,
https://mudramart.com,https://mudramart.com,200,True,28,window.Shopify;Shopify.shop;cdn.shopify.com;/cdn/shop/;shopify_core_js;shopify-section;header:shopify-complexity-score,False,True,16,address_pin:560018;address_city:bengaluru;phone:+91;currency:INR,address_pincode;address_city,pin_code_560018,ACCEPTED,,0,2,1,3,jsonld_or_dom_img,keyword_heuristics,metadata_or_headings,True,
https://kaffacerrado.com,https://kaffacerrado.com,200,True,28,window.Shopify;Shopify.shop;cdn.shopify.com;/cdn/shop/;shopify_core_js;shopify-section;header:shopify-complexity-score,False,True,22,address_state:Delhi;address_pin:110020;address_city:delhi;phone:+91;currency:INR,address_state;address_pincode;address_city,address_state,ACCEPTED,,4,3,1,4,jsonld_or_dom_img,keyword_heuristics,metadata_or_headings,True,
https://skin-miracle.com,https://www.skin-miracle.com/,200,True,28,window.Shopify;Shopify.shop;cdn.shopify.com;/cdn/shop/;shopify_core_js;shopify-section;header:shopify-complexity-score,False,True,19,address_pin:600032;address_city:chennai;phone:+91;indian_payment_gateway;currency:INR,address_pincode;address_city,pin_code_600032,ACCEPTED,,4,2,2,0,jsonld_or_dom_img,keyword_heuristics,metadata_or_headings,True,
https://amitgtcouture.com,https://amitgtcouture.com,200,True,28,window.Shopify;Shopify.shop;cdn.shopify.com;/cdn/shop/;shopify_core_js;shopify-section;header:shopify-complexity-score,False,True,22,address_state:Delhi;address_pin:110074;address_city:delhi;phone:+91;currency:INR,address_state;address_pincode;address_city,address_state,ACCEPTED,,4,2,1,4,jsonld_or_dom_img,keyword_heuristics,metadata_or_headings,True,
https://sdfinearts.com,https://www.sdfinearts.com/,200,True,32,window.Shopify;Shopify.shop;cdn.shopify.com;/cdn/shop/;shopify_core_js;shopify-section;shopify-payment-button;shopify_meta_attribute;header:shopify-complexity-score,False,True,18,gstin:03ABPCS8667J1ZL;phone:+91;indian_payment_gateway;currency:INR,gstin,gstin_code_03,ACCEPTED,,4,1,2,1,jsonld_or_dom_img,keyword_heuristics,metadata_or_headings,True,
https://flipnclick.com,https://domains.atom.com/lpd/name/flipnclick.com,403,False,0,,False,False,0,,,,REJECTED_FETCH_ERROR,HTTP 403,0,0,0,0,,,,True,HTTP 403
https://mayankmodi.com,https://mayankmodi.com,200,True,28,window.Shopify;Shopify.shop;cdn.shopify.com;/cdn/shop/;shopify_core_js;shopify-section;header:shopify-complexity-score,False,True,16,address_pin:560001;address_city:bangalore;phone:+91;currency:INR,address_pincode;address_city,pin_code_560001,ACCEPTED,,4,1,2,2,jsonld_or_dom_img,keyword_heuristics,metadata_or_headings,True,
https://naturo.in,https://naturo.in,200,True,28,window.Shopify;Shopify.shop;cdn.shopify.com;/cdn/shop/;shopify_core_js;shopify-section;header:shopify-complexity-score,False,True,18,address_state:Karnataka;address_city:bangalore;phone:+91;currency:INR;domain:.in,address_state;address_city,address_state,ACCEPTED,,4,1,1,3,jsonld_or_dom_img,keyword_heuristics,metadata_or_headings,True,
https://turtle.in,http://www.turtle.in,200,False,0,,False,False,0,,,,REJECTED_NON_SHOPIFY,Shopify score 0 < threshold 5,0,0,0,0,,,,True,
https://tradeuno.com,https://www.tradeuno.com/,200,True,28,window.Shopify;Shopify.shop;cdn.shopify.com;/cdn/shop/;shopify_core_js;shopify-section;header:shopify-complexity-score,False,True,39,jsonld_india_address;state:Haryana;address_state:Haryana;address_pin:122022;address_city:delhi;phone:+91;indian_payment_gateway;currency:INR,jsonld_address;address_state;address_pincode;address_city,json_ld_address,ACCEPTED,,4,1,5,3,jsonld_or_dom_img,keyword_heuristics,metadata_or_headings,True,
https://chetnabagga.com,https://chetnabagga.com,200,True,32,window.Shopify;Shopify.shop;cdn.shopify.com;/cdn/shop/;shopify_core_js;shopify-section;shopify-payment-button;shopify_meta_attribute;header:shopify-complexity-score,False,True,19,address_pin:122018;address_city:gurgaon;phone:+91;indian_payment_gateway;currency:INR,address_pincode;address_city,pin_code_122018,ACCEPTED,,4,2,3,2,jsonld_or_dom_img,keyword_heuristics,metadata_or_headings,True,
https://soyaraethnics.com,https://www.soyaraethnics.com/,200,True,30,window.Shopify;Shopify.shop;cdn.shopify.com;/cdn/shop/;shopify_core_js;shopify-section;shopify-payment-button;header:shopify-complexity-score,False,True,25,address_state:Maharashtra;address_pin:411038;address_city:pune;phone:+91;indian_payment_gateway;currency:INR,address_state;address_pincode;address_city,address_state,ACCEPTED,,4,1,1,3,jsonld_or_dom_img,keyword_heuristics,metadata_or_headings,True,
https://indecrafts.com,https://indecrafts.com,200,True,28,window.Shopify;Shopify.shop;cdn.shopify.com;/cdn/shop/;shopify_core_js;shopify-section;header:shopify-complexity-score,False,True,33,gstin:09AAICI8670B1ZE;address_state:Uttar Pradesh;address_pin:244001;address_city:delhi;phone:+91;indian_payment_gateway;currency:INR,gstin;address_state;address_pincode;address_city,gstin_code_09,ACCEPTED,,4,1,1,2,jsonld_or_dom_img,keyword_heuristics,metadata_or_headings,True,
https://dreamlineoutdoorfurniture.com,https://dreamlineoutdoorfurniture.com,200,True,28,window.Shopify;Shopify.shop;cdn.shopify.com;/cdn/shop/;shopify_core_js;shopify-section;header:shopify-complexity-score,False,True,25,address_state:Rajasthan;address_pin:302012;address_city:jaipur;phone:+91;indian_payment_gateway;currency:INR,address_state;address_pincode;address_city,address_state,ACCEPTED,,4,1,2,4,jsonld_or_dom_img,keyword_heuristics,metadata_or_headings,True,
https://vishalkapurstudio.com,https://vishalkapurstudio.com,200,True,32,window.Shopify;Shopify.shop;cdn.shopify.com;/cdn/shop/;shopify_core_js;shopify-section;shopify-payment-button;shopify_meta_attribute;header:shopify-complexity-score,False,True,22,address_state:Delhi;address_pin:110048;address_city:delhi;phone:+91;currency:INR,address_state;address_pincode;address_city,address_state,ACCEPTED,,4,1,2,2,jsonld_or_dom_img,keyword_heuristics,metadata_or_headings,True,
https://bhagwatitraders.com,https://bhagwatitraders.com,200,True,28,window.Shopify;Shopify.shop;cdn.shopify.com;/cdn/shop/;shopify_core_js;shopify-section;header:shopify-complexity-score,False,True,22,address_state:Punjab;address_pin:143001;address_city:amritsar;phone:+91;currency:INR,address_state;address_pincode;address_city,address_state,ACCEPTED,,4,1,1,2,jsonld_or_dom_img,keyword_heuristics,metadata_or_headings,True,
https://aikeyah.com,https://aikeyah.com,200,True,28,window.Shopify;Shopify.shop;cdn.shopify.com;/cdn/shop/;shopify_core_js;shopify-section;header:shopify-complexity-score,False,True,33,gstin:07AHTPD5953D1Z7;address_state:Delhi;address_pin:110020;address_city:delhi;phone:+91;indian_payment_gateway;currency:INR,gstin;address_state;address_pincode;address_city,gstin_code_07,ACCEPTED,,4,0,0,1,jsonld_or_dom_img,keyword_heuristics,metadata_or_headings,True,
https://tidyup.com,https://tidyup.com,200,False,0,,False,False,0,,,,REJECTED_NON_SHOPIFY,Shopify score 0 < threshold 5,0,0,0,0,,,,True,
https://metrolife.in,https://metrolife.in,0,False,0,,False,False,0,,,,REJECTED_FETCH_ERROR,NetworkError: ConnectError,0,0,0,0,,,,True,NetworkError: ConnectError
https://indyastore.com,https://indyastore.com,0,False,0,,False,False,0,,,,REJECTED_FETCH_ERROR,NetworkError: ConnectError,0,0,0,0,,,,True,NetworkError: ConnectError
https://pehchanstore.com,https://pehchanstore.com,200,True,28,window.Shopify;Shopify.shop;cdn.shopify.com;/cdn/shop/;shopify_core_js;shopify-section;header:shopify-complexity-score,False,True,30,gstin:07AFUPK6949K1ZI;address_state:Delhi;address_pin:110028;address_city:delhi;phone:+91;currency:INR,gstin;address_state;address_pincode;address_city,gstin_code_07,ACCEPTED,,4,1,1,2,jsonld_or_dom_img,keyword_heuristics,metadata_or_headings,True,
https://indirafoods.in,https://www.indirafoods.in/,200,True,28,window.Shopify;Shopify.shop;cdn.shopify.com;/cdn/shop/;shopify_core_js;shopify-section;header:shopify-complexity-score,False,True,21,address_state:Karnataka;address_pin:560078;address_city:bangalore;indian_payment_gateway;currency:INR;domain:.in,address_state;address_pincode;address_city,address_state,ACCEPTED,,2,0,0,0,jsonld_or_dom_img,keyword_heuristics,metadata_or_headings,True,
https://statusmantra.com,,0,False,0,,False,False,0,,,,,,0,0,0,0,,,,False,Robots.txt blocks homepage
https://bubblewrapstore.com,https://bubblewrapstore.com,0,False,0,,False,False,0,,,,REJECTED_FETCH_ERROR,NetworkError: ConnectError,0,0,0,0,,,,True,NetworkError: ConnectError
https://leoandcapri.com,https://leoandcapri.com,0,False,0,,False,False,0,,,,REJECTED_FETCH_ERROR,NetworkError: ConnectError,0,0,0,0,,,,True,NetworkError: ConnectError
https://potliarts.com,https://potliarts.com,0,False,0,,False,False,0,,,,REJECTED_FETCH_ERROR,NetworkError: ConnectError,0,0,0,0,,,,True,NetworkError: ConnectError
https://noolbyhand.com,https://www.noolbyhand.com/,200,False,0,,False,False,0,,,,REJECTED_NON_SHOPIFY,Shopify score 0 < threshold 5,0,0,0,0,,,,True,
https://5-elements.co.in,https://5-elements.co.in,200,True,28,window.Shopify;Shopify.shop;cdn.shopify.com;/cdn/shop/;shopify_core_js;shopify-section;header:shopify-complexity-score,False,True,28,jsonld_india_address;state:Uttar Pradesh;phone:+91;indian_payment_gateway;currency:INR;domain:.co.in;city_mention:noida,jsonld_address,json_ld_address,ACCEPTED,,4,1,2,3,jsonld_or_dom_img,keyword_heuristics,metadata_or_headings,True,
https://sarathykitchenware.com,https://sarathykitchenware.com,200,True,32,window.Shopify;Shopify.shop;cdn.shopify.com;/cdn/shop/;shopify_core_js;shopify-section;shopify-payment-button;shopify_meta_attribute;header:shopify-complexity-score,False,True,11,address_city:bangalore;phone:+91;currency:INR,address_city,address_city_bangalore,ACCEPTED,,4,1,1,1,jsonld_or_dom_img,keyword_heuristics,metadata_or_headings,True,
https://emperorakbar.com,https://www.emperorakbar.com/,200,True,30,window.Shopify;Shopify.shop;cdn.shopify.com;/cdn/shop/;shopify_core_js;shopify-section;shopify-payment-button;header:shopify-complexity-score,False,True,14,address_city:mumbai;phone:+91;indian_payment_gateway;currency:INR,address_city,address_city_mumbai,ACCEPTED,,4,1,1,4,jsonld_or_dom_img,keyword_heuristics,metadata_or_headings,True,
https://panchami.in,https://www.panchami.in/,200,True,28,window.Shopify;Shopify.shop;cdn.shopify.com;/cdn/shop/;shopify_core_js;shopify-section;header:shopify-complexity-score,False,True,20,address_pin:560058;address_city:bangalore;phone:+91;indian_payment_gateway;currency:INR;domain:.in,address_pincode;address_city,pin_code_560058,ACCEPTED,,4,1,0,4,jsonld_or_dom_img,keyword_heuristics,metadata_or_headings,True,
https://basicayurvedalimited.com,https://basicayurvedalimited.com,200,True,28,window.Shopify;Shopify.shop;cdn.shopify.com;/cdn/shop/;shopify_core_js;shopify-section;header:shopify-complexity-score,False,True,12,address_pin:201007;phone:+91;currency:INR,address_pincode,pin_code_201007,ACCEPTED,,4,1,1,1,jsonld_or_dom_img,keyword_heuristics,metadata_or_headings,True,
https://casekaro.com,https://casekaro.com,200,True,30,window.Shopify;Shopify.shop;cdn.shopify.com;/cdn/shop/;shopify_core_js;shopify-section;shopify-payment-button;header:shopify-complexity-score,False,True,28,jsonld_india_address;address_state:Maharashtra;address_city:mumbai;phone:+91;indian_payment_gateway;currency:INR,jsonld_address;address_state;address_city,address_state,ACCEPTED,,4,1,0,5,jsonld_or_dom_img,keyword_heuristics,metadata_or_headings,True,
https://fleximaa.com,https://fleximaa.com,200,True,28,window.Shopify;Shopify.shop;cdn.shopify.com;/cdn/shop/;shopify_core_js;shopify-section;header:shopify-complexity-score,False,True,18,gstin:33CLNPS7587J1Z5;phone:+91;indian_payment_gateway;currency:INR,gstin,gstin_code_33,ACCEPTED,,4,1,1,4,jsonld_or_dom_img,keyword_heuristics,metadata_or_headings,True,
https://chupps.com,https://chupps.com,200,True,30,window.Shopify;Shopify.shop;cdn.shopify.com;/cdn/shop/;shopify_core_js;shopify-section;shopify-payment-button;header:shopify-complexity-score,False,True,25,address_state:Haryana;address_pin:400050;address_city:mumbai;phone:+91;indian_payment_gateway;currency:INR,address_state;address_pincode;address_city,address_state,ACCEPTED,,4,1,3,3,jsonld_or_dom_img,keyword_heuristics,metadata_or_headings,True,
https://wahtea.com,https://wahtea.com,200,True,30,window.Shopify;Shopify.shop;cdn.shopify.com;/cdn/shop/;shopify_core_js;shopify-section;shopify-payment-button;header:shopify-complexity-score,False,True,32,jsonld_india_address;state:Himachal Pradesh;address_state:Himachal Pradesh;address_pin:176061;phone:+91;currency:INR,jsonld_address;address_state;address_pincode,json_ld_address,ACCEPTED,,4,1,1,2,jsonld_or_dom_img,keyword_heuristics,metadata_or_headings,True,
https://4scribe.com,https://4scribe.com,0,False,0,,False,False,0,,,,REJECTED_FETCH_ERROR,Timeout: ConnectTimeout,0,0,0,0,,,,True,Timeout: ConnectTimeout
https://greenviv.com,https://greenviv.com,200,True,28,window.Shopify;Shopify.shop;cdn.shopify.com;/cdn/shop/;shopify_core_js;shopify-section;header:shopify-complexity-score,False,False,7,phone:+91;currency:INR,,,REJECTED_NON_INDIA,Lacks strong Indian business location evidence,4,0,0,0,,,,True,
https://moto-trailers.com,https://moto-trailers.com,200,False,0,,False,False,0,,,,REJECTED_NON_SHOPIFY,Shopify score 0 < threshold 5,0,0,0,0,,,,True,
https://aureole.in,https://www.aureole.in/,200,True,28,window.Shopify;Shopify.shop;cdn.shopify.com;/cdn/shop/;shopify_core_js;shopify-section;header:shopify-complexity-score,False,False,8,phone:+91;currency:INR;domain:.in,,,REJECTED_NON_INDIA,Lacks strong Indian business location evidence,0,0,0,0,,,,True,
https://yuvanta.com,https://www.yuvanta.com/,200,True,28,window.Shopify;Shopify.shop;cdn.shopify.com;/cdn/shop/;shopify_core_js;shopify-section;header:shopify-complexity-score,False,True,20,address_state:Kerala;address_pin:673001;phone:+91;currency:INR;city_mention:jaipur,address_state;address_pincode,address_state,ACCEPTED,,4,1,0,3,jsonld_or_dom_img,keyword_heuristics,metadata_or_headings,True,
https://bownbee.com,https://www.bownbee.com/,200,True,28,window.Shopify;Shopify.shop;cdn.shopify.com;/cdn/shop/;shopify_core_js;shopify-section;header:shopify-complexity-score,False,False,10,phone:+91;indian_payment_gateway;currency:INR,,,REJECTED_NON_INDIA,Lacks strong Indian business location evidence,4,0,0,0,,,,True,
https://forthgoods.com,https://www.forthgoods.com/,200,True,28,window.Shopify;Shopify.shop;cdn.shopify.com;/cdn/shop/;shopify_core_js;shopify-section;header:shopify-complexity-score,False,False,2,currency:INR,,,REJECTED_NON_INDIA,India score 2 < threshold 7,4,0,0,0,,,,True,
https://elizabethpaulins.com,https://elizabethpaulins.com,0,False,0,,False,False,0,,,,REJECTED_FETCH_ERROR,Timeout: ConnectTimeout,0,0,0,0,,,,True,Timeout: ConnectTimeout
https://doonmemories.com,https://doonmemories.com,200,True,28,window.Shopify;Shopify.shop;cdn.shopify.com;/cdn/shop/;shopify_core_js;shopify-section;header:shopify-complexity-score,False,True,22,address_state:Uttarakhand;address_pin:248001;address_city:dehradun;phone:+91;currency:INR,address_state;address_pincode;address_city,address_state,ACCEPTED,,0,0,0,0,jsonld_or_dom_img,keyword_heuristics,metadata_or_headings,True,
https://inskin.me,https://inskin.me,0,False,0,,False,False,0,,,,REJECTED_FETCH_ERROR,NetworkError: ConnectError,0,0,0,0,,,,True,NetworkError: ConnectError
https://thehighwall.com,https://thehighwall.com,0,False,0,,False,False,0,,,,REJECTED_FETCH_ERROR,Timeout: ConnectTimeout,0,0,0,0,,,,True,Timeout: ConnectTimeout
https://source-natural.com,https://www.source-natural.com/,200,True,28,window.Shopify;Shopify.shop;cdn.shopify.com;/cdn/shop/;shopify_core_js;shopify-section;header:shopify-complexity-score,False,True,22,address_state:Telangana;address_pin:500018;address_city:hyderabad;phone:+91;currency:INR,address_state;address_pincode;address_city,address_state,ACCEPTED,,4,2,3,0,jsonld_or_dom_img,keyword_heuristics,metadata_or_headings,True,
https://planaplant.com,https://planaplant.com,200,True,32,window.Shopify;Shopify.shop;cdn.shopify.com;/cdn/shop/;shopify_core_js;shopify-section;shopify-payment-button;shopify_meta_attribute;header:shopify-complexity-score,False,True,22,address_state:Telangana;address_pin:500072;address_city:hyderabad;phone:+91;currency:INR,address_state;address_pincode;address_city,address_state,ACCEPTED,,4,2,1,2,jsonld_or_dom_img,keyword_heuristics,metadata_or_headings,True,
https://lilorosh.com,https://lilorosh.com,200,True,28,window.Shopify;Shopify.shop;cdn.shopify.com;/cdn/shop/;shopify_core_js;shopify-section;header:shopify-complexity-score,False,True,33,gstin:32AWTPJ7170M1ZX;address_state:Kerala;address_pin:436634;address_city:cochin;phone:+91;indian_payment_gateway;currency:INR,gstin;address_state;address_pincode;address_city,gstin_code_32,ACCEPTED,,4,1,1,3,jsonld_or_dom_img,keyword_heuristics,metadata_or_headings,True,
https://auraaa.com,https://auraaa.com,0,False,0,,False,False,0,,,,REJECTED_FETCH_ERROR,Timeout: ConnectTimeout,0,0,0,0,,,,True,Timeout: ConnectTimeout
https://nvyworld.com,https://www.nvyworld.com/,200,True,28,window.Shopify;Shopify.shop;cdn.shopify.com;/cdn/shop/;shopify_core_js;shopify-section;header:shopify-complexity-score,False,True,22,address_state:Karnataka;address_pin:560034;address_city:bengaluru;phone:+91;currency:INR,address_state;address_pincode;address_city,address_state,ACCEPTED,,4,1,1,0,jsonld_or_dom_img,keyword_heuristics,metadata_or_headings,True,
https://navavihan.com,https://navavihan.com,200,True,32,window.Shopify;Shopify.shop;cdn.shopify.com;/cdn/shop/;shopify_core_js;shopify-section;shopify-payment-button;shopify_meta_attribute;header:shopify-complexity-score,False,True,13,address_state:Puducherry;phone:+91;currency:INR,address_state,address_state,ACCEPTED,,4,2,2,2,jsonld_or_dom_img,keyword_heuristics,metadata_or_headings,True,
https://dhruvvaish.com,https://dhruvvaish.com,200,True,28,window.Shopify;Shopify.shop;cdn.shopify.com;/cdn/shop/;shopify_core_js;shopify-section;header:shopify-complexity-score,False,True,22,address_state:Delhi;address_pin:110016;address_city:delhi;phone:+91;currency:INR,address_state;address_pincode;address_city,address_state,ACCEPTED,,4,1,2,2,jsonld_or_dom_img,keyword_heuristics,metadata_or_headings,True,
https://crockerywala.com,https://www.crockerywala.com/,200,True,28,window.Shopify;Shopify.shop;cdn.shopify.com;/cdn/shop/;shopify_core_js;shopify-section;header:shopify-complexity-score,False,False,12,phone:+91;indian_payment_gateway;currency:INR;city_mention:bangalore,,,REJECTED_NON_INDIA,Lacks strong Indian business location evidence,4,0,0,0,,,,True,
https://sandsoapaholics.com,https://sandsoapaholics.com,200,False,0,,False,False,0,,,,REJECTED_NON_SHOPIFY,Shopify score 0 < threshold 5,0,0,0,0,,,,True,
https://mystorkstory.com,https://www.mystorkstory.com/,200,True,26,window.Shopify;Shopify.shop;cdn.shopify.com;/cdn/shop/;shopify_core_js;header:shopify-complexity-score,False,False,7,phone:+91;currency:INR,,,REJECTED_NON_INDIA,Lacks strong Indian business location evidence,4,0,0,0,,,,True,
https://sionnah.com,https://sionnah.com,200,True,26,window.Shopify;Shopify.shop;cdn.shopify.com;/cdn/shop/;shopify_core_js;shopify-section,False,True,11,address_city:mumbai;phone:+91;currency:INR,address_city,address_city_mumbai,ACCEPTED,,4,0,1,2,jsonld_or_dom_img,keyword_heuristics,metadata_or_headings,True,
https://snsgarments.com,https://snsgarments.com,200,False,0,,False,False,0,,,,REJECTED_NON_SHOPIFY,Shopify score 0 < threshold 5,0,0,0,0,,,,True,
https://bestdealbazaar.com,https://bestdealbazaar.com,200,False,0,,False,False,0,,,,REJECTED_NON_SHOPIFY,Shopify score 0 < threshold 5,0,0,0,0,,,,True,
https://bookmytech.com,https://bookmytech.com,0,False,0,,False,False,0,,,,REJECTED_FETCH_ERROR,Timeout: ConnectTimeout,0,0,0,0,,,,True,Timeout: ConnectTimeout
https://boacasa.com,https://boacasa.com,200,False,0,,False,False,0,,,,REJECTED_NON_SHOPIFY,Shopify score 0 < threshold 5,0,0,0,0,,,,True,
https://brishty.com,https://brishty.com,200,True,28,window.Shopify;Shopify.shop;cdn.shopify.com;/cdn/shop/;shopify_core_js;shopify-section;header:shopify-complexity-score,False,True,22,address_state:Delhi;address_pin:110058;address_city:delhi;phone:+91;currency:INR,address_state;address_pincode;address_city,address_state,ACCEPTED,,4,1,0,2,jsonld_or_dom_img,keyword_heuristics,metadata_or_headings,True,
https://rivaajclothing.com,https://rivaajclothing.com,200,False,0,,False,False,0,,,,REJECTED_NON_SHOPIFY,Shopify score 0 < threshold 5,0,0,0,0,,,,True,
https://gangafashions.com,https://gangafashions.com,200,True,28,window.Shopify;Shopify.shop;cdn.shopify.com;/cdn/shop/;shopify_core_js;shopify-section;header:shopify-complexity-score,False,True,34,jsonld_india_address;state:Gujarat;address_state:Gujarat;address_city:surat;phone:+91;indian_payment_gateway;currency:INR,jsonld_address;address_state;address_city,json_ld_address,ACCEPTED,,4,2,3,4,jsonld_or_dom_img,keyword_heuristics,metadata_or_headings,True,
https://shriradhepearls.com,https://shreeradhepearls.com/,200,True,28,window.Shopify;Shopify.shop;cdn.shopify.com;/cdn/shop/;shopify_core_js;shopify-section;header:shopify-complexity-score,False,True,25,address_state:Maharashtra;address_pin:411030;address_city:pune;phone:+91;indian_payment_gateway;currency:INR,address_state;address_pincode;address_city,address_state,ACCEPTED,,4,2,4,2,jsonld_or_dom_img,keyword_heuristics,metadata_or_headings,True,
https://boxania.com,https://boxania.com,200,True,28,window.Shopify;Shopify.shop;cdn.shopify.com;/cdn/shop/;shopify_core_js;shopify-section;header:shopify-complexity-score,False,False,2,currency:INR,,,REJECTED_NON_INDIA,India score 2 < threshold 7,4,0,0,0,,,,True,
https://graciousme.in,https://graciousme.in,0,False,0,,False,False,0,,,,REJECTED_FETCH_ERROR,NetworkError: ConnectError,0,0,0,0,,,,True,NetworkError: ConnectError
https://houseoffett.com,https://houseoffett.com,200,True,28,window.Shopify;Shopify.shop;cdn.shopify.com;/cdn/shop/;shopify_core_js;shopify-section;header:shopify-complexity-score,False,True,25,address_state:Uttar Pradesh;address_pin:201301;address_city:noida;phone:+91;indian_payment_gateway;currency:INR,address_state;address_pincode;address_city,address_state,ACCEPTED,,4,5,4,5,jsonld_or_dom_img,keyword_heuristics,metadata_or_headings,True,
https://lebanz.com,https://lebanz.com,0,False,0,,False,False,0,,,,REJECTED_FETCH_ERROR,NetworkError: ConnectError,0,0,0,0,,,,True,NetworkError: ConnectError
https://anarghyaa.com,https://anarghyaa.com,200,True,28,window.Shopify;Shopify.shop;cdn.shopify.com;/cdn/shop/;shopify_core_js;shopify-section;header:shopify-complexity-score,False,False,6,address_city:bangalore;currency:INR,address_city,address_city_bangalore,REJECTED_NON_INDIA,India score 6 < threshold 7,4,0,0,0,,,,True,
https://thekaftancompany.com,https://www.thekaftancompany.com/,200,True,32,window.Shopify;Shopify.shop;cdn.shopify.com;/cdn/shop/;shopify_core_js;shopify-section;shopify-payment-button;shopify_meta_attribute;header:shopify-complexity-score,False,True,33,jsonld_india_address;address_state:Telangana;address_pin:500051;address_city:hyderabad;phone:+91;indian_payment_gateway;currency:INR,jsonld_address;address_state;address_pincode;address_city,address_state,ACCEPTED,,4,1,1,3,jsonld_or_dom_img,keyword_heuristics,metadata_or_headings,True,
https://alokagencies.com,https://alokagencies.com,200,True,28,window.Shopify;Shopify.shop;cdn.shopify.com;/cdn/shop/;shopify_core_js;shopify-section;header:shopify-complexity-score,False,True,16,address_pin:400104;address_city:mumbai;phone:+91;currency:INR,address_pincode;address_city,pin_code_400104,ACCEPTED,,4,1,3,1,jsonld_or_dom_img,keyword_heuristics,metadata_or_headings,True,
https://studioochre.com,https://www.studioochre.com/,200,True,28,window.Shopify;Shopify.shop;cdn.shopify.com;/cdn/shop/;shopify_core_js;shopify-section;header:shopify-complexity-score,False,True,22,address_state:Haryana;address_pin:122001;address_city:gurgaon;phone:+91;currency:INR,address_state;address_pincode;address_city,address_state,ACCEPTED,,4,2,2,7,jsonld_or_dom_img,keyword_heuristics,metadata_or_headings,True,
https://aromamusk.com,https://aromamusk.com,200,True,32,window.Shopify;Shopify.shop;cdn.shopify.com;/cdn/shop/;shopify_core_js;shopify-section;shopify-payment-button;shopify_meta_attribute;header:shopify-complexity-score,False,True,15,address_pin:134113;phone:+91;indian_payment_gateway;currency:INR,address_pincode,pin_code_134113,ACCEPTED,,4,2,1,3,jsonld_or_dom_img,keyword_heuristics,metadata_or_headings,True,
https://yougotplanb.com,https://www.yougotplanb.com/,200,True,28,window.Shopify;Shopify.shop;cdn.shopify.com;/cdn/shop/;shopify_core_js;shopify-section;header:shopify-complexity-score,False,True,25,address_state:Maharashtra;address_pin:421302;address_city:thane;phone:+91;indian_payment_gateway;currency:INR,address_state;address_pincode;address_city,address_state,ACCEPTED,,4,1,2,3,jsonld_or_dom_img,keyword_heuristics,metadata_or_headings,True,
https://herfame.com,,0,False,0,,False,False,0,,,,,,0,0,0,0,,,,False,Robots.txt blocks homepage
https://shopaholics.co,https://shopaholics.co,200,False,0,,False,False,0,,,,REJECTED_NON_SHOPIFY,Shopify score 0 < threshold 5,0,0,0,0,,,,True,
https://shahiworld.com,https://shahiworld.com,200,False,0,,False,False,0,,,,REJECTED_NON_SHOPIFY,Shopify score 0 < threshold 5,0,0,0,0,,,,True,
https://swastikpenn.com,https://www.swastikpenn.com/,200,True,30,window.Shopify;Shopify.shop;cdn.shopify.com;/cdn/shop/;shopify_core_js;shopify-section;shopify-payment-button;header:shopify-complexity-score,False,True,20,gstin:24AIZPP6525G1ZQ;address_pin:382421;phone:+91;currency:INR,gstin;address_pincode,gstin_code_24,ACCEPTED,,4,2,2,4,jsonld_or_dom_img,keyword_heuristics,metadata_or_headings,True,
https://nirwanaherbalhealthcare.com,https://nirwanawellness.in/,200,True,28,window.Shopify;Shopify.shop;cdn.shopify.com;/cdn/shop/;shopify_core_js;shopify-section;header:shopify-complexity-score,False,True,14,address_pin:135001;phone:+91;currency:INR;city_mention:mumbai,address_pincode,pin_code_135001,ACCEPTED,,4,1,2,2,jsonld_or_dom_img,keyword_heuristics,metadata_or_headings,True,
https://healthdeal.co.in,https://healthdeal.co.in,200,False,0,,False,False,0,,,,REJECTED_NON_SHOPIFY,Shopify score 0 < threshold 5,0,0,0,0,,,,True,
https://springbunny.com,https://springbunny.com,0,False,0,,False,False,0,,,,REJECTED_FETCH_ERROR,Timeout: ConnectTimeout,0,0,0,0,,,,True,Timeout: ConnectTimeout
https://freshindiaorganics.com,https://freshindiaorganics.com,200,True,30,window.Shopify;Shopify.shop;cdn.shopify.com;/cdn/shop/;shopify_core_js;shopify-section;shopify-payment-button;header:shopify-complexity-score,False,True,17,address_state:Madhya Pradesh;address_city:mumbai;phone:+91;currency:INR,address_state;address_city,address_state,ACCEPTED,,4,1,2,2,jsonld_or_dom_img,keyword_heuristics,metadata_or_headings,True,
https://lokait.com,https://lokait.com,200,True,28,window.Shopify;Shopify.shop;cdn.shopify.com;/cdn/shop/;shopify_core_js;shopify-section;header:shopify-complexity-score,False,False,7,phone:+91;currency:INR,,,REJECTED_NON_INDIA,Lacks strong Indian business location evidence,4,0,0,0,,,,True,
https://24shoppingclub.com,https://24shoppingclub.com,0,False,0,,False,False,0,,,,REJECTED_FETCH_ERROR,NetworkError: ConnectError,0,0,0,0,,,,True,NetworkError: ConnectError
https://jainexpo.com,https://jainexpo.com,0,False,0,,False,False,0,,,,REJECTED_FETCH_ERROR,Timeout: ConnectTimeout,0,0,0,0,,,,True,Timeout: ConnectTimeout
https://souvenirstoys.com,https://souvenirstoys.com,0,False,0,,False,False,0,,,,REJECTED_FETCH_ERROR,NetworkError: ConnectError,0,0,0,0,,,,True,NetworkError: ConnectError
https://wawapan.com,https://wawapan.com,0,False,0,,False,False,0,,,,REJECTED_FETCH_ERROR,NetworkError: ConnectError,0,0,0,0,,,,True,NetworkError: ConnectError
https://casotec.com,https://casotec.com,200,True,28,window.Shopify;Shopify.shop;cdn.shopify.com;/cdn/shop/;shopify_core_js;shopify-section;header:shopify-complexity-score,False,True,19,address_pin:122002;address_city:gurugram;phone:+91;indian_payment_gateway;currency:INR,address_pincode;address_city,pin_code_122002,ACCEPTED,,4,1,1,3,jsonld_or_dom_img,keyword_heuristics,metadata_or_headings,True,
https://pilovilo.com,https://www.pilovilo.com/,200,True,28,window.Shopify;Shopify.shop;cdn.shopify.com;/cdn/shop/;shopify_core_js;shopify-section;header:shopify-complexity-score,False,False,10,phone:+91;indian_payment_gateway;currency:INR,,,REJECTED_NON_INDIA,Lacks strong Indian business location evidence,4,0,0,0,,,,True,
https://sureelart.com,https://www.sureelart.com/,200,False,0,,False,False,0,,,,REJECTED_NON_SHOPIFY,Shopify score 0 < threshold 5,0,0,0,0,,,,True,
https://doctorcart.com,https://doctorcart.com,403,False,0,,False,False,0,,,,REJECTED_FETCH_ERROR,HTTP 403,0,0,0,0,,,,True,HTTP 403
https://guaparesortwear.com,https://www.worldofguapa.com/,200,True,32,window.Shopify;Shopify.shop;cdn.shopify.com;/cdn/shop/;shopify_core_js;shopify-section;shopify-payment-button;shopify_meta_attribute;header:shopify-complexity-score,False,True,22,address_state:Delhi;address_pin:110016;address_city:delhi;phone:+91;currency:INR,address_state;address_pincode;address_city,address_state,ACCEPTED,,4,1,1,2,jsonld_or_dom_img,keyword_heuristics,metadata_or_headings,True,
https://bnhshop.com,https://bnhshop.com,0,False,0,,False,False,0,,,,REJECTED_FETCH_ERROR,NetworkError: ConnectError,0,0,0,0,,,,True,NetworkError: ConnectError
https://ahalyaa.com,https://www.ahalyaa.com/,200,True,28,window.Shopify;Shopify.shop;cdn.shopify.com;/cdn/shop/;shopify_core_js;shopify-section;header:shopify-complexity-score,False,True,25,address_state:Gujarat;address_pin:394230;address_city:surat;phone:+91;indian_payment_gateway;currency:INR,address_state;address_pincode;address_city,address_state,ACCEPTED,,4,3,2,4,jsonld_or_dom_img,keyword_heuristics,metadata_or_headings,True,
https://kharedoo.com,https://kharedoo.com,0,False,0,,False,False,0,,,,REJECTED_FETCH_ERROR,NetworkError: ConnectError,0,0,0,0,,,,True,NetworkError: ConnectError
https://petstreet.in,https://www.petstreet.in/,200,True,28,window.Shopify;Shopify.shop;cdn.shopify.com;/cdn/shop/;shopify_core_js;shopify-section;header:shopify-complexity-score,False,True,26,address_state:Uttar Pradesh;address_pin:201306;address_city:noida;phone:+91;indian_payment_gateway;currency:INR;domain:.in,address_state;address_pincode;address_city,address_state,ACCEPTED,,4,2,4,7,jsonld_or_dom_img,keyword_heuristics,metadata_or_headings,True,
https://mehtaenvelope.com,https://mehtaenvelope.com,200,True,28,window.Shopify;Shopify.shop;cdn.shopify.com;/cdn/shop/;shopify_core_js;shopify-section;header:shopify-complexity-score,False,True,16,address_pin:400003;address_city:mumbai;phone:+91;currency:INR,address_pincode;address_city,pin_code_400003,ACCEPTED,,4,1,2,5,jsonld_or_dom_img,keyword_heuristics,metadata_or_headings,True,
https://mysoulmantra.com,https://www.mysoulmantra.com/,200,True,30,window.Shopify;Shopify.shop;cdn.shopify.com;/cdn/shop/;shopify_core_js;shopify-section;shopify-payment-button;header:shopify-complexity-score,False,False,10,phone:+91;indian_payment_gateway;currency:INR,,,REJECTED_NON_INDIA,Lacks strong Indian business location evidence,4,0,0,0,,,,True,
https://poorvaa.com,https://www.poorvaa.com/,200,True,26,window.Shopify;Shopify.shop;cdn.shopify.com;/cdn/shop/;shopify_core_js;header:shopify-complexity-score,False,False,9,phone:+91;currency:INR;city_mention:chennai,,,REJECTED_NON_INDIA,Lacks strong Indian business location evidence,4,0,0,0,,,,True,
https://palanquine.com,https://palanquine.com,200,False,0,,False,False,0,,,,REJECTED_NON_SHOPIFY,Shopify score 0 < threshold 5,0,0,0,0,,,,True,
https://alloons.com,https://alloons.com,0,False,0,,False,False,0,,,,REJECTED_FETCH_ERROR,NetworkError: ConnectError,0,0,0,0,,,,True,NetworkError: ConnectError
https://mywaykart-2.myshopify.com,https://mywaykart-2.myshopify.com,200,True,36,myshopify_subdomain;window.Shopify;Shopify.shop;cdn.shopify.com;/cdn/shop/;shopify_core_js;header:shopify-complexity-score,False,False,4,currency:INR;city_mention:pune,,,REJECTED_NON_INDIA,India score 4 < threshold 7,1,0,0,0,,,,True,
https://grouppublishing.in,https://grouppublishing.in,200,False,0,,False,False,0,,,,REJECTED_NON_SHOPIFY,Shopify score 0 < threshold 5,0,0,0,0,,,,True,
https://clemonte.com,https://clemonte.com,0,False,0,,False,False,0,,,,REJECTED_FETCH_ERROR,NetworkError: ConnectError,0,0,0,0,,,,True,NetworkError: ConnectError
https://bunai.co,https://www.bunai.com/,200,True,30,window.Shopify;Shopify.shop;cdn.shopify.com;/cdn/shop/;shopify_core_js;shopify-section;shopify-payment-button;header:shopify-complexity-score,False,True,39,jsonld_india_address;state:Rajasthan;address_state:Rajasthan;address_pin:302022;address_city:jaipur;phone:+91;indian_payment_gateway;currency:INR,jsonld_address;address_state;address_pincode;address_city,json_ld_address,ACCEPTED,,4,1,2,5,jsonld_or_dom_img,keyword_heuristics,metadata_or_headings,True,
https://gargee.com,https://gargee.com,200,True,28,window.Shopify;Shopify.shop;cdn.shopify.com;/cdn/shop/;shopify_core_js;shopify-section;header:shopify-complexity-score,False,True,22,address_state:Delhi;address_pin:110025;address_city:delhi;phone:+91;currency:INR,address_state;address_pincode;address_city,address_state,ACCEPTED,,4,1,1,4,jsonld_or_dom_img,keyword_heuristics,metadata_or_headings,True,
https://crayonflakes.com,https://crayonflakes.com,200,True,28,window.Shopify;Shopify.shop;cdn.shopify.com;/cdn/shop/;shopify_core_js;shopify-section;header:shopify-complexity-score,False,False,5,indian_payment_gateway;currency:INR,,,REJECTED_NON_INDIA,India score 5 < threshold 7,2,0,0,0,,,,True,
https://annasimona.com,https://annasimona.com,200,True,30,window.Shopify;Shopify.shop;cdn.shopify.com;/cdn/shop/;shopify_core_js;shopify-section;shopify-payment-button;header:shopify-complexity-score,False,False,10,phone:+91;indian_payment_gateway;currency:INR,,,REJECTED_NON_INDIA,Lacks strong Indian business location evidence,4,0,0,0,,,,True,
https://ziama.com,https://ziama.com,0,False,0,,False,False,0,,,,REJECTED_FETCH_ERROR,NetworkError: ConnectError,0,0,0,0,,,,True,NetworkError: ConnectError
https://prabhunaidu.com,https://prabhunaidu.com,200,False,0,,False,False,0,,,,REJECTED_NON_SHOPIFY,Shopify score 0 < threshold 5,0,0,0,0,,,,True,
https://averdynamherbals.com,https://averdynamherbals.com,200,False,0,,False,False,0,,,,REJECTED_NON_SHOPIFY,Shopify score 0 < threshold 5,0,0,0,0,,,,True,
https://omprakashandsons.com,https://www.omprakashandsons.com/,200,True,28,window.Shopify;Shopify.shop;cdn.shopify.com;/cdn/shop/;shopify_core_js;shopify-section;header:shopify-complexity-score,False,True,18,address_state:Uttarakhand;address_pin:249404;phone:+91;currency:INR,address_state;address_pincode,address_state,ACCEPTED,,4,1,6,2,jsonld_or_dom_img,keyword_heuristics,metadata_or_headings,True,
https://livingbuddhistart.com,https://livingbuddhistart.com,200,False,0,,False,False,0,,,,REJECTED_NON_SHOPIFY,Shopify score 0 < threshold 5,0,0,0,0,,,,True,
https://lotusozone.com,https://www.lotusozone.com/,200,False,0,,False,False,0,,,,REJECTED_NON_SHOPIFY,Shopify score 0 < threshold 5,0,0,0,0,,,,True,
https://palaknotes.com,,0,False,0,,False,False,0,,,,,,0,0,0,0,,,,False,Robots.txt blocks homepage
https://rosarahome.com,https://rosarahome.com,200,True,28,window.Shopify;Shopify.shop;cdn.shopify.com;/cdn/shop/;shopify_core_js;shopify-section;header:shopify-complexity-score,False,True,22,address_state:Karnataka;address_pin:560068;address_city:bengaluru;phone:+91;currency:INR,address_state;address_pincode;address_city,address_state,ACCEPTED,,4,5,4,5,jsonld_or_dom_img,keyword_heuristics,metadata_or_headings,True,
https://shop.rootedstore.com,https://shop.rootedstore.com,200,True,28,window.Shopify;Shopify.shop;cdn.shopify.com;/cdn/shop/;shopify_core_js;shopify-section;header:shopify-complexity-score,False,True,30,jsonld_india_address;state:Maharashtra;address_pin:400050;address_city:mumbai;phone:+91;currency:INR,jsonld_address;address_pincode;address_city,json_ld_address,ACCEPTED,,2,1,1,2,jsonld_or_dom_img,keyword_heuristics,metadata_or_headings,True,
https://inkmeo.com,https://www.inkmeo.com/,200,True,28,window.Shopify;Shopify.shop;cdn.shopify.com;/cdn/shop/;shopify_core_js;shopify-section;header:shopify-complexity-score,False,True,24,gstin:33ANUPS0905R1Z8;address_pin:600024;address_city:chennai;phone:+91;currency:INR,gstin;address_pincode;address_city,gstin_code_33,ACCEPTED,,4,2,1,3,jsonld_or_dom_img,keyword_heuristics,metadata_or_headings,True,
https://mswebdesigner.com,https://www.mswebdesigner.com/,200,True,28,window.Shopify;Shopify.shop;cdn.shopify.com;/cdn/shop/;shopify_core_js;shopify-section;header:shopify-complexity-score,False,True,17,address_state:West Bengal;address_pin:700091;address_city:kolkata;currency:INR,address_state;address_pincode;address_city,address_state,ACCEPTED,,2,1,2,5,jsonld_or_dom_img,keyword_heuristics,metadata_or_headings,True,
https://gyaanstore.com,https://gyaanstore.com,200,True,28,window.Shopify;Shopify.shop;cdn.shopify.com;/cdn/shop/;shopify_core_js;shopify-section;header:shopify-complexity-score,False,True,18,jsonld_india_address;address_pin:244001;indian_payment_gateway;currency:INR,jsonld_address;address_pincode,pin_code_244001,ACCEPTED,,4,1,0,1,jsonld_or_dom_img,keyword_heuristics,metadata_or_headings,True,
https://diamia.com,https://diamia.com,200,True,28,window.Shopify;Shopify.shop;cdn.shopify.com;/cdn/shop/;shopify_core_js;shopify-section;header:shopify-complexity-score,False,True,25,address_state:Maharashtra;address_pin:400072;address_city:mumbai;phone:+91;indian_payment_gateway;currency:INR,address_state;address_pincode;address_city,address_state,ACCEPTED,,4,1,1,3,jsonld_or_dom_img,keyword_heuristics,metadata_or_headings,True,
https://vristam.com,https://vristam.com,200,False,0,,False,False,0,,,,REJECTED_NON_SHOPIFY,Shopify score 0 < threshold 5,0,0,0,0,,,,True,
https://teaxpress.com,,0,False,0,,False,False,0,,,,,,0,0,0,0,,,,False,Robots.txt blocks homepage
https://cloglondon.com,https://cloglondon.com,200,True,28,window.Shopify;Shopify.shop;cdn.shopify.com;/cdn/shop/;shopify_core_js;shopify-section;header:shopify-complexity-score,False,True,16,address_pin:201301;address_city:noida;phone:+91;currency:INR,address_pincode;address_city,pin_code_201301,ACCEPTED,,4,2,2,3,jsonld_or_dom_img,keyword_heuristics,metadata_or_headings,True,
https://reach2fitness.com,,0,False,0,,False,False,0,,,,,,0,0,0,0,,,,False,Robots.txt blocks homepage
https://littlepaws.in,,0,False,0,,False,False,0,,,,,,0,0,0,0,,,,False,Robots.txt blocks homepage
https://popneticshop.com,https://popneticshop.com,200,True,28,window.Shopify;Shopify.shop;cdn.shopify.com;/cdn/shop/;shopify_core_js;shopify-section;header:shopify-complexity-score,False,True,16,address_pin:201301;address_city:noida;phone:+91;currency:INR,address_pincode;address_city,pin_code_201301,ACCEPTED,,1,1,0,0,jsonld_or_dom_img,keyword_heuristics,metadata_or_headings,True,
https://styleyourwear.com,https://styleyourwear.com,0,False,0,,False,False,0,,,,REJECTED_FETCH_ERROR,NetworkError: ConnectError,0,0,0,0,,,,True,NetworkError: ConnectError
https://pomees.com,https://pomees.com,200,True,28,window.Shopify;Shopify.shop;cdn.shopify.com;/cdn/shop/;shopify_core_js;shopify-section;header:shopify-complexity-score,False,True,21,address_state:Kerala;address_pin:676121;phone:+91;indian_payment_gateway;currency:INR,address_state;address_pincode,address_state,ACCEPTED,,4,3,2,1,jsonld_or_dom_img,keyword_heuristics,metadata_or_headings,True,
https://moonstruckinc.com,https://moonstruckinc.com,200,True,28,window.Shopify;Shopify.shop;cdn.shopify.com;/cdn/shop/;shopify_core_js;shopify-section;header:shopify-complexity-score,False,True,33,jsonld_india_address;state:Maharashtra;address_pin:400046;address_city:mumbai;phone:+91;indian_payment_gateway;currency:INR,jsonld_address;address_pincode;address_city,json_ld_address,ACCEPTED,,4,3,0,2,jsonld_or_dom_img,keyword_heuristics,metadata_or_headings,True,
https://thewastore.com,https://thewastore.com,200,True,28,window.Shopify;Shopify.shop;cdn.shopify.com;/cdn/shop/;shopify_core_js;shopify-section;header:shopify-complexity-score,False,True,17,address_state:Rajasthan;address_city:jaipur;phone:+91;currency:INR,address_state;address_city,address_state,ACCEPTED,,4,3,2,4,jsonld_or_dom_img,keyword_heuristics,metadata_or_headings,True,
https://dhruvkapoor.com,https://dhruvkapoor.com,200,True,32,window.Shopify;Shopify.shop;cdn.shopify.com;/cdn/shop/;shopify_core_js;shopify-section;shopify-payment-button;shopify_meta_attribute;header:shopify-complexity-score,False,True,14,address_city:gurugram;phone:+91;indian_payment_gateway;currency:INR,address_city,address_city_gurugram,ACCEPTED,,4,3,2,2,jsonld_or_dom_img,keyword_heuristics,metadata_or_headings,True,
https://karomicrafts.com,https://karomicrafts.com,200,True,28,window.Shopify;Shopify.shop;cdn.shopify.com;/cdn/shop/;shopify_core_js;shopify-section;header:shopify-complexity-score,False,True,11,address_city:kolkata;phone:+91;currency:INR,address_city,address_city_kolkata,ACCEPTED,,4,1,2,2,jsonld_or_dom_img,keyword_heuristics,metadata_or_headings,True,
https://chinhhariarts.org,https://www.chinhhariarts.org/,200,True,28,window.Shopify;Shopify.shop;cdn.shopify.com;/cdn/shop/;shopify_core_js;shopify-section;header:shopify-complexity-score,False,True,21,jsonld_india_address;state:Chhattisgarh;phone:+91;currency:INR,jsonld_address,json_ld_address,ACCEPTED,,4,1,2,6,jsonld_or_dom_img,keyword_heuristics,metadata_or_headings,True,
https://leadshineindia.com,https://leadshineindia.com,200,True,28,window.Shopify;Shopify.shop;cdn.shopify.com;/cdn/shop/;shopify_core_js;shopify-section;header:shopify-complexity-score,False,True,36,jsonld_india_address;state:Maharashtra;address_state:Maharashtra;address_pin:842407;address_city:mumbai;phone:+91;currency:INR,jsonld_address;address_state;address_pincode;address_city,json_ld_address,ACCEPTED,,4,3,1,1,jsonld_or_dom_img,keyword_heuristics,metadata_or_headings,True,
https://arcticfox.com,https://arcticfox.com,200,True,30,window.Shopify;Shopify.shop;cdn.shopify.com;/cdn/shop/;shopify_core_js;shopify-section;shopify-payment-button;header:shopify-complexity-score,False,True,19,address_pin:560097;address_city:bangalore;phone:+91;indian_payment_gateway;currency:INR,address_pincode;address_city,pin_code_560097,ACCEPTED,,4,6,1,4,jsonld_or_dom_img,keyword_heuristics,metadata_or_headings,True,
https://dineshflourmills.com,https://www.dineshflourmills.com/,200,True,28,window.Shopify;Shopify.shop;cdn.shopify.com;/cdn/shop/;shopify_core_js;shopify-section;header:shopify-complexity-score,False,True,25,address_state:Delhi;address_pin:110060;address_city:delhi;phone:+91;indian_payment_gateway;currency:INR,address_state;address_pincode;address_city,address_state,ACCEPTED,,4,1,2,4,jsonld_or_dom_img,keyword_heuristics,metadata_or_headings,True,
https://whisperskyapartments.com,https://whisperskyapartments.com,0,False,0,,False,False,0,,,,REJECTED_FETCH_ERROR,NetworkError: ConnectError,0,0,0,0,,,,True,NetworkError: ConnectError
https://houseofmakeup.com,https://houseofmakeup.com,200,True,28,window.Shopify;Shopify.shop;cdn.shopify.com;/cdn/shop/;shopify_core_js;shopify-section;header:shopify-complexity-score,False,False,10,phone:+91;indian_payment_gateway;currency:INR,,,REJECTED_NON_INDIA,Lacks strong Indian business location evidence,4,0,0,0,,,,True,
https://lovetoken.in,https://lovetoken.in,200,True,30,window.Shopify;Shopify.shop;cdn.shopify.com;/cdn/shop/;shopify_core_js;shopify-section;shopify_meta_attribute;header:shopify-complexity-score,False,False,6,indian_payment_gateway;currency:INR;domain:.in,,,REJECTED_NON_INDIA,India score 6 < threshold 7,4,0,0,0,,,,True,
https://renefurtererindia.com,https://renefurtererindia.com,200,True,28,window.Shopify;Shopify.shop;cdn.shopify.com;/cdn/shop/;shopify_core_js;shopify-section;header:shopify-complexity-score,False,False,5,indian_payment_gateway;currency:INR,,,REJECTED_NON_INDIA,India score 5 < threshold 7,4,0,0,0,,,,True,
https://jainsonsemporio.com,https://www.jainsonsemporio.com/,200,True,28,window.Shopify;Shopify.shop;cdn.shopify.com;/cdn/shop/;shopify_core_js;shopify-section;header:shopify-complexity-score,False,True,25,address_state:Delhi;address_pin:110030;address_city:delhi;phone:+91;indian_payment_gateway;currency:INR,address_state;address_pincode;address_city,address_state,ACCEPTED,,4,2,2,0,jsonld_or_dom_img,keyword_heuristics,metadata_or_headings,True,
https://hiranya.org,https://hiranya.org,0,False,0,,False,False,0,,,,REJECTED_FETCH_ERROR,NetworkError: ConnectError,0,0,0,0,,,,True,NetworkError: ConnectError
https://happyherbals.in,https://happyherbals.in,200,False,0,,False,False,0,,,,REJECTED_NON_SHOPIFY,Shopify score 0 < threshold 5,0,0,0,0,,,,True,
https://jsbabusilks.com,https://jsbabusilks.com,200,False,0,,False,False,0,,,,REJECTED_NON_SHOPIFY,Shopify score 0 < threshold 5,0,0,0,0,,,,True,
https://herbalcart.in,https://herbalcart.in,200,False,0,,False,False,0,,,,REJECTED_NON_SHOPIFY,Shopify score 0 < threshold 5,0,0,0,0,,,,True,
https://shuru-art.com,https://www.shuru-art.com/,200,True,28,window.Shopify;Shopify.shop;cdn.shopify.com;/cdn/shop/;shopify_core_js;shopify-section;header:shopify-complexity-score,False,False,12,phone:+91;indian_payment_gateway;currency:INR;city_mention:varanasi,,,REJECTED_NON_INDIA,Lacks strong Indian business location evidence,3,0,0,0,,,,True,
https://lavanyaindia.in,https://lavanyaindia.in,200,True,32,window.Shopify;Shopify.shop;cdn.shopify.com;/cdn/shop/;shopify_core_js;shopify-section;shopify-payment-button;shopify_meta_attribute;header:shopify-complexity-score,False,True,28,gstin:08AAXFP0243K1ZS;address_pin:302003;address_city:jaipur;phone:+91;indian_payment_gateway;currency:INR;domain:.in,gstin;address_pincode;address_city,gstin_code_08,ACCEPTED,,4,1,2,2,jsonld_or_dom_img,keyword_heuristics,metadata_or_headings,True,
https://enjoynights.com,https://enjoynights.com,200,True,32,window.Shopify;Shopify.shop;cdn.shopify.com;/cdn/shop/;shopify_core_js;shopify-section;shopify-payment-button;shopify_meta_attribute;header:shopify-complexity-score,False,True,17,address_state:Delhi;address_city:mumbai;phone:+91;currency:INR,address_state;address_city,address_state,ACCEPTED,,4,0,0,2,jsonld_or_dom_img,keyword_heuristics,metadata_or_headings,True,
https://shopable.in,https://shopable.in,200,False,0,,False,False,0,,,,REJECTED_NON_SHOPIFY,Shopify score 0 < threshold 5,0,0,0,0,,,,True,
https://vasavisilks.com,,0,False,0,,False,False,0,,,,,,0,0,0,0,,,,False,Robots.txt blocks homepage
https://nandiniindia.co.in,https://nandiniindia.co.in,200,False,0,,False,False,0,,,,REJECTED_NON_SHOPIFY,Shopify score 0 < threshold 5,0,0,0,0,,,,True,
https://tejumasala.com,https://tejumasala.com,200,True,28,window.Shopify;Shopify.shop;cdn.shopify.com;/cdn/shop/;shopify_core_js;shopify-section;header:shopify-complexity-score,False,True,25,address_state:Karnataka;address_pin:560091;address_city:bengaluru;phone:+91;indian_payment_gateway;currency:INR,address_state;address_pincode;address_city,address_state,ACCEPTED,,4,3,2,5,jsonld_or_dom_img,keyword_heuristics,metadata_or_headings,True,
https://lambreindia.com,https://lambreindia.com,0,False,0,,False,False,0,,,,REJECTED_FETCH_ERROR,NetworkError: ConnectError,0,0,0,0,,,,True,NetworkError: ConnectError
https://thesaffronsaga.com,https://www.thesaffronsaga.com/,200,True,30,window.Shopify;Shopify.shop;cdn.shopify.com;/cdn/shop/;shopify_core_js;shopify-section;shopify-payment-button;header:shopify-complexity-score,False,True,17,address_pin:482001;phone:+91;indian_payment_gateway;currency:INR;city_mention:kolkata,address_pincode,pin_code_482001,ACCEPTED,,4,2,1,3,jsonld_or_dom_img,keyword_heuristics,metadata_or_headings,True,
https://producthunter.xyz,https://producthunter.xyz,0,False,0,,False,False,0,,,,REJECTED_FETCH_ERROR,NetworkError: ConnectError,0,0,0,0,,,,True,NetworkError: ConnectError
https://minhtanlighting.com,https://minhtanlighting.com,0,False,0,,False,False,0,,,,REJECTED_FETCH_ERROR,NetworkError: ConnectError,0,0,0,0,,,,True,NetworkError: ConnectError
https://iamsaltpetre.com,https://iamsaltpetre.com,200,True,30,window.Shopify;Shopify.shop;cdn.shopify.com;/cdn/shop/;shopify_core_js;shopify-section;shopify-payment-button;header:shopify-complexity-score,False,False,10,phone:+91;indian_payment_gateway;currency:INR,,,REJECTED_NON_INDIA,Lacks strong Indian business location evidence,4,0,0,0,,,,True,
https://rosartechocolate.com,https://www.rosartechocolate.com/,200,True,28,window.Shopify;Shopify.shop;cdn.shopify.com;/cdn/shop/;shopify_core_js;shopify-section;header:shopify-complexity-score,False,True,22,address_state:Delhi;address_pin:110048;address_city:delhi;phone:+91;currency:INR,address_state;address_pincode;address_city,address_state,ACCEPTED,,4,1,2,3,jsonld_or_dom_img,keyword_heuristics,metadata_or_headings,True,
https://6yardsplus.com,https://6yardsplus.com,200,False,0,,False,False,0,,,,REJECTED_NON_SHOPIFY,Shopify score 0 < threshold 5,0,0,0,0,,,,True,
https://baarbaardekho.com,https://www.baarbaardekho.com/,200,True,32,window.Shopify;Shopify.shop;cdn.shopify.com;/cdn/shop/;shopify_core_js;shopify-section;shopify-payment-button;shopify_meta_attribute;header:shopify-complexity-score,False,True,20,address_state:Delhi;address_pin:110065;address_city:delhi;indian_payment_gateway;currency:INR,address_state;address_pincode;address_city,address_state,ACCEPTED,,2,1,0,2,jsonld_or_dom_img,keyword_heuristics,metadata_or_headings,True,
https://microchiptechno.com,https://microchiptechno.com,200,True,28,window.Shopify;Shopify.shop;cdn.shopify.com;/cdn/shop/;shopify_core_js;shopify-section;header:shopify-complexity-score,False,True,22,address_state:Maharashtra;address_pin:400007;address_city:mumbai;phone:+91;currency:INR,address_state;address_pincode;address_city,address_state,ACCEPTED,,4,2,3,0,jsonld_or_dom_img,keyword_heuristics,metadata_or_headings,True,
https://garrari.com,https://garrari.com,200,True,30,window.Shopify;Shopify.shop;cdn.shopify.com;/cdn/shop/;shopify_core_js;shopify-section;shopify-payment-button;header:shopify-complexity-score,False,True,33,gstin:07AASFG3617P1ZQ;address_state:Delhi;address_pin:110052;address_city:delhi;phone:+91;indian_payment_gateway;currency:INR,gstin;address_state;address_pincode;address_city,gstin_code_07,ACCEPTED,,4,1,2,1,jsonld_or_dom_img,keyword_heuristics,metadata_or_headings,True,
https://glamoray.com,https://glamoray.com,200,True,28,window.Shopify;Shopify.shop;cdn.shopify.com;/cdn/shop/;shopify_core_js;shopify-section;header:shopify-complexity-score,False,False,7,phone:+91;currency:INR,,,REJECTED_NON_INDIA,Lacks strong Indian business location evidence,1,0,0,0,,,,True,
https://momsays.co.in,https://momsays.co.in,200,True,28,window.Shopify;Shopify.shop;cdn.shopify.com;/cdn/shop/;shopify_core_js;shopify-section;header:shopify-complexity-score,False,False,11,phone:+91;currency:INR;domain:.co.in;city_mention:mumbai,,,REJECTED_NON_INDIA,Lacks strong Indian business location evidence,4,0,0,0,,,,True,
https://theindianchai.com,https://theindianchai.com,200,True,28,window.Shopify;Shopify.shop;cdn.shopify.com;/cdn/shop/;shopify_core_js;shopify-section;header:shopify-complexity-score,False,True,25,address_state:West Bengal;address_pin:700054;address_city:kolkata;phone:+91;indian_payment_gateway;currency:INR,address_state;address_pincode;address_city,address_state,ACCEPTED,,4,1,2,5,jsonld_or_dom_img,keyword_heuristics,metadata_or_headings,True,
https://themenslab.com,https://themenslab.com,403,False,0,,False,False,0,,,,REJECTED_FETCH_ERROR,HTTP 403,0,0,0,0,,,,True,HTTP 403
https://ihaworld.com,https://ihaworld.com,200,True,30,window.Shopify;Shopify.shop;cdn.shopify.com;/cdn/shop/;shopify_core_js;shopify-section;shopify-payment-button;header:shopify-complexity-score,False,False,7,phone:+91;currency:INR,,,REJECTED_NON_INDIA,Lacks strong Indian business location evidence,3,0,0,0,,,,True,
https://ahenaturals.com,https://ahenaturals.com,200,True,28,window.Shopify;Shopify.shop;cdn.shopify.com;/cdn/shop/;shopify_core_js;shopify-section;header:shopify-complexity-score,False,True,22,address_state:Uttar Pradesh;address_pin:201301;address_city:noida;phone:+91;currency:INR,address_state;address_pincode;address_city,address_state,ACCEPTED,,4,1,1,1,jsonld_or_dom_img,keyword_heuristics,metadata_or_headings,True,
https://eternalwhites.com,https://eternalwhites.com,0,False,0,,False,False,0,,,,REJECTED_FETCH_ERROR,NetworkError: ConnectError,0,0,0,0,,,,True,NetworkError: ConnectError
https://zeezeezoo.com,https://zeezeezoo.com,200,True,32,window.Shopify;Shopify.shop;cdn.shopify.com;/cdn/shop/;shopify_core_js;shopify-section;shopify-payment-button;shopify_meta_attribute;header:shopify-complexity-score,False,True,25,address_state:Gujarat;address_pin:390016;address_city:vadodara;phone:+91;indian_payment_gateway;currency:INR,address_state;address_pincode;address_city,address_state,ACCEPTED,,4,2,1,0,jsonld_or_dom_img,keyword_heuristics,metadata_or_headings,True,
https://tanieyakhanuja.com,https://tanieyakhanuja.com,200,True,28,window.Shopify;Shopify.shop;cdn.shopify.com;/cdn/shop/;shopify_core_js;shopify-section;header:shopify-complexity-score,False,True,20,address_state:Delhi;address_city:mumbai;phone:+91;indian_payment_gateway;currency:INR,address_state;address_city,address_state,ACCEPTED,,1,0,0,0,jsonld_or_dom_img,keyword_heuristics,metadata_or_headings,True,
https://neelofars.com,https://neelofars.com,0,False,0,,False,False,0,,,,REJECTED_FETCH_ERROR,NetworkError: ConnectError,0,0,0,0,,,,True,NetworkError: ConnectError
https://imustownthis.com,https://imustownthis.com,0,False,0,,False,False,0,,,,REJECTED_FETCH_ERROR,NetworkError: ConnectError,0,0,0,0,,,,True,NetworkError: ConnectError
https://idecorwala.com,,0,False,0,,False,False,0,,,,,,0,0,0,0,,,,False,Robots.txt blocks homepage
https://jamunainternational.com,https://jamunainternational.com,200,False,0,,False,False,0,,,,REJECTED_NON_SHOPIFY,Shopify score 0 < threshold 5,0,0,0,0,,,,True,
https://kyleefashion.com,https://kyleefashion.com,200,True,28,window.Shopify;Shopify.shop;cdn.shopify.com;/cdn/shop/;shopify_core_js;shopify-section;header:shopify-complexity-score,False,True,22,address_state:Haryana;address_pin:121003;address_city:faridabad;phone:+91;currency:INR,address_state;address_pincode;address_city,address_state,ACCEPTED,,4,2,1,2,jsonld_or_dom_img,keyword_heuristics,metadata_or_headings,True,
https://vivekkarunakaran.com,https://www.vivekkarunakaran.com/,200,True,32,window.Shopify;Shopify.shop;cdn.shopify.com;/cdn/shop/;shopify_core_js;shopify-section;shopify-payment-button;shopify_meta_attribute;header:shopify-complexity-score,False,False,9,phone:+91;currency:INR;city_mention:jaipur,,,REJECTED_NON_INDIA,Lacks strong Indian business location evidence,3,0,0,0,,,,True,
https://pikkleshikkle.com,https://thepikkleshikkle.myshopify.com/,200,True,28,window.Shopify;Shopify.shop;cdn.shopify.com;/cdn/shop/;shopify_core_js;shopify-section;header:shopify-complexity-score,False,True,25,address_state:Karnataka;address_pin:560093;address_city:bangalore;phone:+91;indian_payment_gateway;currency:INR,address_state;address_pincode;address_city,address_state,ACCEPTED,,3,2,2,3,jsonld_or_dom_img,keyword_heuristics,metadata_or_headings,True,
https://marmeto.com,https://marmeto.com,200,False,0,,False,False,0,,,,REJECTED_NON_SHOPIFY,Shopify score 0 < threshold 5,0,0,0,0,,,,True,
https://color16.com,https://color16.com,0,False,0,,False,False,0,,,,REJECTED_FETCH_ERROR,NetworkError: ConnectError,0,0,0,0,,,,True,NetworkError: ConnectError
https://brawnherbals.com,https://brawnherbals.com,200,True,28,window.Shopify;Shopify.shop;cdn.shopify.com;/cdn/shop/;shopify_core_js;shopify-section;header:shopify-complexity-score,False,True,39,jsonld_india_address;state:Haryana;address_state:Haryana;address_pin:122001;address_city:gurugram;phone:+91;indian_payment_gateway;currency:INR,jsonld_address;address_state;address_pincode;address_city,json_ld_address,ACCEPTED,,4,2,1,4,jsonld_or_dom_img,keyword_heuristics,metadata_or_headings,True,
https://bhandgepaithani.com,https://bhandgepaithani.com,200,False,0,,False,False,0,,,,REJECTED_NON_SHOPIFY,Shopify score 0 < threshold 5,0,0,0,0,,,,True,
https://costosoitaliano.com,https://costosoitaliano.com,200,True,32,window.Shopify;Shopify.shop;cdn.shopify.com;/cdn/shop/;shopify_core_js;shopify-section;shopify-payment-button;shopify_meta_attribute;header:shopify-complexity-score,False,True,22,address_state:Uttar Pradesh;address_pin:282006;address_city:agra;phone:+91;currency:INR,address_state;address_pincode;address_city,address_state,ACCEPTED,,4,2,3,0,jsonld_or_dom_img,keyword_heuristics,metadata_or_headings,True,
https://studysmartcbse.com,https://studysmartcbse.com,200,True,28,window.Shopify;Shopify.shop;cdn.shopify.com;/cdn/shop/;shopify_core_js;shopify-section;header:shopify-complexity-score,False,False,9,phone:+91;currency:INR;city_mention:chennai,,,REJECTED_NON_INDIA,Lacks strong Indian business location evidence,4,0,0,0,,,,True,
https://smilesandstyle.com,https://smilesandstyle.com,0,False,0,,False,False,0,,,,REJECTED_FETCH_ERROR,NetworkError: ConnectError,0,0,0,0,,,,True,NetworkError: ConnectError
https://artsycraftsy.in,https://www.artsycraftsy.in/,200,False,0,,False,False,0,,,,REJECTED_NON_SHOPIFY,Shopify score 0 < threshold 5,0,0,0,0,,,,True,
https://gift2greet.com,https://gift2greet.com,200,True,21,window.Shopify;Shopify.shop;cdn.shopify.com;shopify_core_js;header:shopify-complexity-score,False,False,5,indian_payment_gateway;currency:INR,,,REJECTED_NON_INDIA,India score 5 < threshold 7,0,0,0,0,,,,True,
https://shriyasom.com,https://www.shriyasom.com/,200,True,28,window.Shopify;Shopify.shop;cdn.shopify.com;/cdn/shop/;shopify_core_js;shopify-section;header:shopify-complexity-score,False,True,11,address_city:hyderabad;phone:+91;currency:INR,address_city,address_city_hyderabad,ACCEPTED,,4,1,2,2,jsonld_or_dom_img,keyword_heuristics,metadata_or_headings,True,
https://stripesworld.com,https://stripesworld.com,200,False,0,,False,False,0,,,,REJECTED_NON_SHOPIFY,Shopify score 0 < threshold 5,0,0,0,0,,,,True,
https://corelle.co.in,https://corelle.co.in,423,False,0,,False,False,0,,,,REJECTED_FETCH_ERROR,HTTP 423,0,0,0,0,,,,True,HTTP 423
https://karachisweets.com,https://karachisweets.com,404,False,0,,False,False,0,,,,REJECTED_FETCH_ERROR,HTTP 404,0,0,0,0,,,,True,HTTP 404
https://pannasarees.com,https://thepannashop.com/,200,True,30,window.Shopify;Shopify.shop;cdn.shopify.com;/cdn/shop/;shopify_core_js;shopify-section;shopify-payment-button;header:shopify-complexity-score,False,True,25,address_state:Haryana;address_pin:122002;address_city:gurugram;phone:+91;indian_payment_gateway;currency:INR,address_state;address_pincode;address_city,address_state,ACCEPTED,,4,2,1,4,jsonld_or_dom_img,keyword_heuristics,metadata_or_headings,True,
https://ficuster.com,https://ficuster.com,200,True,28,window.Shopify;Shopify.shop;cdn.shopify.com;/cdn/shop/;shopify_core_js;shopify-section;header:shopify-complexity-score,False,True,15,gstin:06BKGPD7166K1ZY;phone:+91;currency:INR,gstin,gstin_code_06,ACCEPTED,,4,1,1,3,jsonld_or_dom_img,keyword_heuristics,metadata_or_headings,True,
https://deviyan.com,https://deviyan.com,0,False,0,,False,False,0,,,,REJECTED_FETCH_ERROR,NetworkError: ConnectError,0,0,0,0,,,,True,NetworkError: ConnectError
https://livestamin.com,https://livestamin.com,200,True,28,window.Shopify;Shopify.shop;cdn.shopify.com;/cdn/shop/;shopify_core_js;shopify-section;header:shopify-complexity-score,False,True,22,address_state:Telangana;address_pin:500039;address_city:hyderabad;phone:+91;currency:INR,address_state;address_pincode;address_city,address_state,ACCEPTED,,4,1,2,2,jsonld_or_dom_img,keyword_heuristics,metadata_or_headings,True,
https://articale.com,https://articale.com,200,True,28,window.Shopify;Shopify.shop;cdn.shopify.com;/cdn/shop/;shopify_core_js;shopify-section;header:shopify-complexity-score,False,False,7,phone:+91;currency:INR,,,REJECTED_NON_INDIA,Lacks strong Indian business location evidence,0,0,0,0,,,,True,
https://tropilite.com,,0,False,0,,False,False,0,,,,,,0,0,0,0,,,,False,Robots.txt blocks homepage
https://protoner.in,https://www.protoner.in/,200,True,28,window.Shopify;Shopify.shop;cdn.shopify.com;/cdn/shop/;shopify_core_js;shopify-section;header:shopify-complexity-score,False,False,8,phone:+91;currency:INR;domain:.in,,,REJECTED_NON_INDIA,Lacks strong Indian business location evidence,4,0,0,0,,,,True,
https://atcomled.com,https://atcomled.com,0,False,0,,False,False,0,,,,REJECTED_FETCH_ERROR,NetworkError: ConnectError,0,0,0,0,,,,True,NetworkError: ConnectError
https://pascati.com,https://pascati.com,200,True,28,window.Shopify;Shopify.shop;cdn.shopify.com;/cdn/shop/;shopify_core_js;shopify-section;header:shopify-complexity-score,False,True,47,gstin:27AARFP0539J1ZT;jsonld_india_address;state:Maharashtra;address_state:Maharashtra;address_pin:421303;address_city:mumbai;phone:+91;indian_payment_gateway;currency:INR,gstin;jsonld_address;address_state;address_pincode;address_city,gstin_code_27,ACCEPTED,,4,1,1,6,jsonld_or_dom_img,keyword_heuristics,metadata_or_headings,True,
https://cippele.com,https://www.cippele.com/,200,True,30,window.Shopify;Shopify.shop;cdn.shopify.com;/cdn/shop/;shopify_core_js;shopify-section;shopify-payment-button;header:shopify-complexity-score,False,True,39,jsonld_india_address;state:Delhi;address_state:Dadra and Nagar Haveli and Daman and Diu;address_pin:110060;address_city:delhi;phone:+91;indian_payment_gateway;currency:INR,jsonld_address;address_state;address_pincode;address_city,json_ld_address,ACCEPTED,,4,1,1,3,jsonld_or_dom_img,keyword_heuristics,metadata_or_headings,True,
https://dermatouch.com,https://dermatouch.com,200,True,32,window.Shopify;Shopify.shop;cdn.shopify.com;/cdn/shop/;shopify_core_js;shopify-section;shopify-payment-button;shopify_meta_attribute;header:shopify-complexity-score,False,True,14,address_city:ahmedabad;phone:+91;indian_payment_gateway;currency:INR,address_city,address_city_ahmedabad,ACCEPTED,,4,1,2,5,jsonld_or_dom_img,keyword_heuristics,metadata_or_headings,True,
https://tatamotorsgrihini.org,https://tatamotorsgrihini.org,200,True,28,window.Shopify;Shopify.shop;cdn.shopify.com;/cdn/shop/;shopify_core_js;shopify-section;header:shopify-complexity-score,False,True,19,address_pin:411018;address_city:pune;phone:+91;indian_payment_gateway;currency:INR,address_pincode;address_city,pin_code_411018,ACCEPTED,,4,2,4,0,jsonld_or_dom_img,keyword_heuristics,metadata_or_headings,True,
https://autouniform.com,https://www.autouniform.com/,200,True,28,window.Shopify;Shopify.shop;cdn.shopify.com;/cdn/shop/;shopify_core_js;shopify-section;header:shopify-complexity-score,False,True,22,address_state:Arunachal Pradesh;address_pin:452003;address_city:indore;phone:+91;currency:INR,address_state;address_pincode;address_city,address_state,ACCEPTED,,4,2,1,0,jsonld_or_dom_img,keyword_heuristics,metadata_or_headings,True,
https://youthcanvas.com,https://youthcanvas.com,0,False,0,,False,False,0,,,,REJECTED_FETCH_ERROR,Timeout: ConnectTimeout,0,0,0,0,,,,True,Timeout: ConnectTimeout
https://uandiworld.com,https://uandiworld.com,200,True,30,window.Shopify;Shopify.shop;cdn.shopify.com;/cdn/shop/;shopify_core_js;shopify-section;shopify-payment-button;header:shopify-complexity-score,False,False,4,currency:INR;city_mention:rajkot,,,REJECTED_NON_INDIA,India score 4 < threshold 7,4,0,0,0,,,,True,
https://indiandobby.com,https://indiandobby.com,200,False,0,,False,False,0,,,,REJECTED_NON_SHOPIFY,Shopify score 0 < threshold 5,0,0,0,0,,,,True,
https://shopberserk.com,https://shopberserk.com,200,True,28,window.Shopify;Shopify.shop;cdn.shopify.com;/cdn/shop/;shopify_core_js;shopify-section;header:shopify-complexity-score,False,True,25,address_state:Delhi;address_pin:110034;address_city:delhi;phone:+91;indian_payment_gateway;currency:INR,address_state;address_pincode;address_city,address_state,ACCEPTED,,4,1,1,2,jsonld_or_dom_img,keyword_heuristics,metadata_or_headings,True,
https://colorplay.in,https://colorplay.in,200,True,28,window.Shopify;Shopify.shop;cdn.shopify.com;/cdn/shop/;shopify_core_js;shopify-section;header:shopify-complexity-score,False,False,8,phone:+91;currency:INR;domain:.in,,,REJECTED_NON_INDIA,Lacks strong Indian business location evidence,4,0,0,0,,,,True,
https://allthingsbaby.com,https://allthingsbaby.com,200,True,28,window.Shopify;Shopify.shop;cdn.shopify.com;/cdn/shop/;shopify_core_js;shopify-section;header:shopify-complexity-score,False,True,25,address_state:Maharashtra;address_pin:400013;address_city:mumbai;phone:+91;indian_payment_gateway;currency:INR,address_state;address_pincode;address_city,address_state,ACCEPTED,,4,1,1,6,jsonld_or_dom_img,keyword_heuristics,metadata_or_headings,True,
https://paaprika.com,,0,False,0,,False,False,0,,,,,,0,0,0,0,,,,False,Robots.txt blocks homepage
https://sanfurn.com,https://sanfurn.com,0,False,0,,False,False,0,,,,REJECTED_FETCH_ERROR,Timeout: ReadTimeout,0,0,0,0,,,,True,Timeout: ReadTimeout
https://crazybeancompany.com,https://crazybeancompany.com/password,200,False,0,,False,False,0,,,,REJECTED_INACTIVE,Redirects to /password,0,0,0,0,,,,True,Redirects to /password
https://secretalchemist.com,https://secretalchemist.com,200,True,28,window.Shopify;Shopify.shop;cdn.shopify.com;/cdn/shop/;shopify_core_js;shopify-section;header:shopify-complexity-score,False,True,25,address_state:Maharashtra;address_pin:400053;address_city:mumbai;phone:+91;indian_payment_gateway;currency:INR,address_state;address_pincode;address_city,address_state,ACCEPTED,,4,2,3,3,jsonld_or_dom_img,keyword_heuristics,metadata_or_headings,True,
https://lonamowers.com,https://lonamowers.com,200,False,0,,False,False,0,,,,REJECTED_NON_SHOPIFY,Shopify score 0 < threshold 5,0,0,0,0,,,,True,
https://artisanscentre.com,https://artisanscentre.com,200,True,30,window.Shopify;Shopify.shop;cdn.shopify.com;/cdn/shop/;shopify_core_js;shopify-section;shopify-payment-button;header:shopify-complexity-score,False,True,17,address_state:Maharashtra;address_city:mumbai;phone:+91;currency:INR,address_state;address_city,address_state,ACCEPTED,,4,2,1,4,jsonld_or_dom_img,keyword_heuristics,metadata_or_headings,True,
https://yourkarts.com,https://yourkarts.com,423,False,0,,False,False,0,,,,REJECTED_FETCH_ERROR,HTTP 423,0,0,0,0,,,,True,HTTP 423
https://kazarmax.com,https://kazarmax.com,200,False,0,,False,False,0,,,,REJECTED_NON_SHOPIFY,Shopify score 0 < threshold 5,0,0,0,0,,,,True,
https://wearables.in,https://wearables.in,200,True,30,window.Shopify;Shopify.shop;cdn.shopify.com;/cdn/shop/;shopify_core_js;shopify-section;shopify-payment-button;header:shopify-complexity-score,False,True,19,jsonld_india_address;phone:+91;indian_payment_gateway;currency:INR;domain:.in,jsonld_address,,ACCEPTED,,4,3,2,0,jsonld_or_dom_img,keyword_heuristics,metadata_or_headings,True,
https://flipbazaar.in,https://flipbazaar.in,200,False,0,,False,False,0,,,,REJECTED_NON_SHOPIFY,Shopify score 0 < threshold 5,0,0,0,0,,,,True,
https://mylaikumaran.com,https://mylaikumaran.com,200,False,0,,False,False,0,,,,REJECTED_NON_SHOPIFY,Shopify score 0 < threshold 5,0,0,0,0,,,,True,
https://galaoflondon.com,https://galaoflondon.com,200,True,28,window.Shopify;Shopify.shop;cdn.shopify.com;/cdn/shop/;shopify_core_js;shopify-section;header:shopify-complexity-score,False,True,22,address_state:Telangana;address_pin:500037;address_city:hyderabad;phone:+91;currency:INR,address_state;address_pincode;address_city,address_state,ACCEPTED,,4,3,2,3,jsonld_or_dom_img,keyword_heuristics,metadata_or_headings,True,
https://brahmadesign.com,https://brahmadesign.com,0,False,0,,False,False,0,,,,REJECTED_FETCH_ERROR,Timeout: ConnectTimeout,0,0,0,0,,,,True,Timeout: ConnectTimeout
https://chitchatchai.in,https://www.chitchatchai.in/,200,True,30,window.Shopify;Shopify.shop;cdn.shopify.com;/cdn/shop/;shopify_core_js;shopify-section;shopify-payment-button;header:shopify-complexity-score,False,True,28,jsonld_india_address;address_pin:500084;address_city:hyderabad;phone:+91;indian_payment_gateway;currency:INR;domain:.in,jsonld_address;address_pincode;address_city,pin_code_500084,ACCEPTED,,4,2,1,3,jsonld_or_dom_img,keyword_heuristics,metadata_or_headings,True,
https://aartique.com,https://aartique.com,200,True,28,window.Shopify;Shopify.shop;cdn.shopify.com;/cdn/shop/;shopify_core_js;shopify-section;header:shopify-complexity-score,False,False,7,phone:+91;currency:INR,,,REJECTED_NON_INDIA,Lacks strong Indian business location evidence,3,0,0,0,,,,True,
https://myshkastore.com,https://akarkayu.com/,200,False,0,,False,False,0,,,,REJECTED_NON_SHOPIFY,Shopify score 0 < threshold 5,0,0,0,0,,,,True,
https://thedoodledesk.com,https://thedoodledesk.com,200,False,0,,False,False,0,,,,REJECTED_NON_SHOPIFY,Shopify score 0 < threshold 5,0,0,0,0,,,,True,
https://theruralart.com,https://theruralart.com,200,True,28,window.Shopify;Shopify.shop;cdn.shopify.com;/cdn/shop/;shopify_core_js;shopify-section;header:shopify-complexity-score,False,False,10,phone:+91;indian_payment_gateway;currency:INR,,,REJECTED_NON_INDIA,Lacks strong Indian business location evidence,4,0,0,0,,,,True,
https://copperking.in,https://www.copperking.in,200,False,0,,False,False,0,,,,REJECTED_NON_SHOPIFY,Shopify score 0 < threshold 5,0,0,0,0,,,,True,
https://milansupari.in,https://www.milansupari.in/,200,True,28,window.Shopify;Shopify.shop;cdn.shopify.com;/cdn/shop/;shopify_core_js;shopify-section;header:shopify-complexity-score,False,True,19,address_state:Gujarat;address_pin:396195;phone:+91;currency:INR;domain:.in,address_state;address_pincode,address_state,ACCEPTED,,4,1,4,3,jsonld_or_dom_img,keyword_heuristics,metadata_or_headings,True,
https://muscleneednutrition.com,https://muscleneednutrition.com,0,False,0,,False,False,0,,,,REJECTED_FETCH_ERROR,NetworkError: ConnectError,0,0,0,0,,,,True,NetworkError: ConnectError
https://sterenimpex.com,https://sterenimpex.com,200,True,28,window.Shopify;Shopify.shop;cdn.shopify.com;/cdn/shop/;shopify_core_js;shopify-section;header:shopify-complexity-score,False,True,25,address_state:Uttar Pradesh;address_pin:201301;address_city:delhi;phone:+91;indian_payment_gateway;currency:INR,address_state;address_pincode;address_city,address_state,ACCEPTED,,4,1,2,2,jsonld_or_dom_img,keyword_heuristics,metadata_or_headings,True,
https://jhakhas.com,https://jhakhas.com,200,True,30,window.Shopify;Shopify.shop;cdn.shopify.com;/cdn/shop/;shopify_core_js;shopify-section;shopify-payment-button;header:shopify-complexity-score,False,True,33,gstin:23AEAPJ1247G1Z3;address_state:Madhya Pradesh;address_pin:452003;address_city:indore;phone:+91;indian_payment_gateway;currency:INR,gstin;address_state;address_pincode;address_city,gstin_code_23,ACCEPTED,,4,2,1,5,jsonld_or_dom_img,keyword_heuristics,metadata_or_headings,True,
https://denimwale.com,https://denimwale.com,0,False,0,,False,False,0,,,,REJECTED_FETCH_ERROR,NetworkError: ConnectError,0,0,0,0,,,,True,NetworkError: ConnectError
https://olxpremium.com,https://olxpremium.com,0,False,0,,False,False,0,,,,REJECTED_FETCH_ERROR,NetworkError: ConnectError,0,0,0,0,,,,True,NetworkError: ConnectError
https://giftshells.com,https://giftshells.com,0,False,0,,False,False,0,,,,REJECTED_FETCH_ERROR,NetworkError: ConnectError,0,0,0,0,,,,True,NetworkError: ConnectError
https://ardracraft.com,https://ardracraft.com,0,False,0,,False,False,0,,,,REJECTED_FETCH_ERROR,NetworkError: ConnectError,0,0,0,0,,,,True,NetworkError: ConnectError
https://mintnoranges.com,https://www.mintnoranges.com/,200,True,28,window.Shopify;Shopify.shop;cdn.shopify.com;/cdn/shop/;shopify_core_js;shopify-section;header:shopify-complexity-score,False,True,11,address_city:gurgaon;phone:+91;currency:INR,address_city,address_city_gurgaon,ACCEPTED,,4,2,2,2,jsonld_or_dom_img,keyword_heuristics,metadata_or_headings,True,
https://chhavviaggarwal.com,https://chhavviaggarwal.com,200,True,28,window.Shopify;Shopify.shop;cdn.shopify.com;/cdn/shop/;shopify_core_js;shopify-section;header:shopify-complexity-score,False,True,33,jsonld_india_address;address_state:Delhi;address_pin:110074;address_city:delhi;phone:+91;indian_payment_gateway;currency:INR,jsonld_address;address_state;address_pincode;address_city,address_state,ACCEPTED,,4,1,2,3,jsonld_or_dom_img,keyword_heuristics,metadata_or_headings,True,
https://petalindia.com,https://petalindia.com,200,True,28,window.Shopify;Shopify.shop;cdn.shopify.com;/cdn/shop/;shopify_core_js;shopify-section;header:shopify-complexity-score,False,True,22,address_state:Delhi;address_pin:110006;address_city:delhi;phone:+91;currency:INR,address_state;address_pincode;address_city,address_state,ACCEPTED,,2,2,2,4,jsonld_or_dom_img,keyword_heuristics,metadata_or_headings,True,
https://mykeralashop.com,https://mykeralashop.com,200,True,28,window.Shopify;Shopify.shop;cdn.shopify.com;/cdn/shop/;shopify_core_js;shopify-section;header:shopify-complexity-score,False,True,15,address_state:Kerala;phone:+91;currency:INR;city_mention:bangalore,address_state,address_state,ACCEPTED,,0,0,1,2,jsonld_or_dom_img,keyword_heuristics,metadata_or_headings,True,
https://bhawarinteriors.com,https://bhawarinteriors.com,200,True,28,window.Shopify;Shopify.shop;cdn.shopify.com;/cdn/shop/;shopify_core_js;shopify-section;header:shopify-complexity-score,False,True,22,address_state:Maharashtra;address_pin:400053;address_city:mumbai;phone:+91;currency:INR,address_state;address_pincode;address_city,address_state,ACCEPTED,,2,1,2,4,jsonld_or_dom_img,keyword_heuristics,metadata_or_headings,True,
https://mondaldistribution.com,https://mondaldistribution.com,0,False,0,,False,False,0,,,,REJECTED_FETCH_ERROR,NetworkError: ConnectError,0,0,0,0,,,,True,NetworkError: ConnectError
https://kyle.co.in,https://meo.co.in/,200,False,0,,False,False,0,,,,REJECTED_NON_SHOPIFY,Shopify score 0 < threshold 5,0,0,0,0,,,,True,
https://vinkagardentools.com,https://vinkagardentools.com,200,True,28,window.Shopify;Shopify.shop;cdn.shopify.com;/cdn/shop/;shopify_core_js;shopify-section;header:shopify-complexity-score,False,False,2,currency:INR,,,REJECTED_NON_INDIA,India score 2 < threshold 7,4,0,0,0,,,,True,
https://vijohnkart.com,https://vijohnkart.com,200,True,28,window.Shopify;Shopify.shop;cdn.shopify.com;/cdn/shop/;shopify_core_js;shopify-section;header:shopify-complexity-score,False,True,22,address_state:Haryana;address_pin:122016;address_city:gurgaon;phone:+91;currency:INR,address_state;address_pincode;address_city,address_state,ACCEPTED,,4,2,1,3,jsonld_or_dom_img,keyword_heuristics,metadata_or_headings,True,
https://gokulelectronics.com,https://gokulelectronics.com,0,False,0,,False,False,0,,,,REJECTED_FETCH_ERROR,NetworkError: ConnectError,0,0,0,0,,,,True,NetworkError: ConnectError
https://planetcart.in,https://planetcart.in,200,True,28,window.Shopify;Shopify.shop;cdn.shopify.com;/cdn/shop/;shopify_core_js;shopify-section;header:shopify-complexity-score,False,True,13,address_pin:135001;phone:+91;currency:INR;domain:.in,address_pincode,pin_code_135001,ACCEPTED,,4,0,1,4,jsonld_or_dom_img,keyword_heuristics,metadata_or_headings,True,
https://healthyroots.com,https://healthyroots.com,200,True,30,window.Shopify;Shopify.shop;cdn.shopify.com;/cdn/shop/;shopify_core_js;shopify-section;shopify-payment-button;header:shopify-complexity-score,False,True,25,address_state:Maharashtra;address_pin:400610;address_city:thane;phone:+91;indian_payment_gateway;currency:INR,address_state;address_pincode;address_city,address_state,ACCEPTED,,4,1,12,4,jsonld_or_dom_img,keyword_heuristics,metadata_or_headings,True,
https://krushistore.com,https://www.krushistore.com,200,False,0,,False,False,0,,,,REJECTED_NON_SHOPIFY,Shopify score 0 < threshold 5,0,0,0,0,,,,True,
https://rangeelagoa.com,https://www.rangeelagoa.com/,200,True,28,window.Shopify;Shopify.shop;cdn.shopify.com;/cdn/shop/;shopify_core_js;shopify-section;header:shopify-complexity-score,False,True,18,address_state:Goa;address_pin:403507;phone:+91;currency:INR,address_state;address_pincode,address_state,ACCEPTED,,4,1,2,2,jsonld_or_dom_img,keyword_heuristics,metadata_or_headings,True,
https://mae.in,https://mae.in,200,True,30,window.Shopify;Shopify.shop;cdn.shopify.com;/cdn/shop/;shopify_core_js;shopify-section;shopify-payment-button;header:shopify-complexity-score,False,False,13,phone:+91;indian_payment_gateway;currency:INR;domain:.in;city_mention:mumbai,,,REJECTED_NON_INDIA,Lacks strong Indian business location evidence,4,0,0,0,,,,True,
https://aujjessa.com,https://www.aujjessa.com/,200,True,32,window.Shopify;Shopify.shop;cdn.shopify.com;/cdn/shop/;shopify_core_js;shopify-section;shopify-payment-button;shopify_meta_attribute;header:shopify-complexity-score,False,True,25,address_state:Uttar Pradesh;address_pin:201305;address_city:noida;phone:+91;indian_payment_gateway;currency:INR,address_state;address_pincode;address_city,address_state,ACCEPTED,,4,1,1,2,jsonld_or_dom_img,keyword_heuristics,metadata_or_headings,True,
https://nikitamhaisalkar.com,https://nikitamhaisalkar.com,200,True,28,window.Shopify;Shopify.shop;cdn.shopify.com;/cdn/shop/;shopify_core_js;shopify-section;header:shopify-complexity-score,False,True,16,address_pin:440017;address_city:bengaluru;phone:+91;currency:INR,address_pincode;address_city,pin_code_440017,ACCEPTED,,4,2,3,4,jsonld_or_dom_img,keyword_heuristics,metadata_or_headings,True,
https://theartcollection.in,https://theartcollection.in,0,False,0,,False,False,0,,,,REJECTED_FETCH_ERROR,NetworkError: ConnectError,0,0,0,0,,,,True,NetworkError: ConnectError
https://treewear.org,https://www.manavintschool.com/,200,False,0,,False,False,0,,,,REJECTED_NON_SHOPIFY,Shopify score 0 < threshold 5,0,0,0,0,,,,True,
https://macwala.com,https://www.macwala.com/,200,False,0,,False,False,0,,,,REJECTED_NON_SHOPIFY,Shopify score 0 < threshold 5,0,0,0,0,,,,True,
https://khavda.com,https://khavda.com,200,True,28,window.Shopify;Shopify.shop;cdn.shopify.com;/cdn/shop/;shopify_core_js;shopify-section;header:shopify-complexity-score,False,True,21,address_state:Gujarat;address_pin:370201;phone:+91;indian_payment_gateway;currency:INR,address_state;address_pincode,address_state,ACCEPTED,,4,1,6,0,jsonld_or_dom_img,keyword_heuristics,metadata_or_headings,True,
https://metalkart.in,https://metalkart.in,200,True,28,window.Shopify;Shopify.shop;cdn.shopify.com;/cdn/shop/;shopify_core_js;shopify-section;header:shopify-complexity-score,False,False,11,phone:+91;indian_payment_gateway;currency:INR;domain:.in,,,REJECTED_NON_INDIA,Lacks strong Indian business location evidence,4,0,0,0,,,,True,
https://onbeli.com,,0,False,0,,False,False,0,,,,,,0,0,0,0,,,,False,Robots.txt blocks homepage
https://decoradda.com,,0,False,0,,False,False,0,,,,,,0,0,0,0,,,,False,Robots.txt blocks homepage
https://mansure.men,https://mansure.men,200,True,28,window.Shopify;Shopify.shop;cdn.shopify.com;/cdn/shop/;shopify_core_js;shopify-section;header:shopify-complexity-score,False,False,5,indian_payment_gateway;currency:INR,,,REJECTED_NON_INDIA,India score 5 < threshold 7,4,0,0,0,,,,True,
https://divineagro.com,https://divineagro.com,0,False,0,,False,False,0,,,,REJECTED_FETCH_ERROR,Timeout: ConnectTimeout,0,0,0,0,,,,True,Timeout: ConnectTimeout
https://saptaswara.com,https://saptaswara.com,200,True,28,window.Shopify;Shopify.shop;cdn.shopify.com;/cdn/shop/;shopify_core_js;shopify-section;header:shopify-complexity-score,False,True,39,jsonld_india_address;state:Tamil Nadu;address_state:Tamil Nadu;address_pin:600004;address_city:chennai;phone:+91;indian_payment_gateway;currency:INR,jsonld_address;address_state;address_pincode;address_city,json_ld_address,ACCEPTED,,4,2,3,2,jsonld_or_dom_img,keyword_heuristics,metadata_or_headings,True,
https://labzio.com,https://labzio.com,200,True,32,window.Shopify;Shopify.shop;cdn.shopify.com;/cdn/shop/;shopify_core_js;shopify-section;shopify-payment-button;shopify_meta_attribute;header:shopify-complexity-score,False,True,21,jsonld_india_address;state:Haryana;phone:+91;currency:INR,jsonld_address,json_ld_address,ACCEPTED,,4,2,1,4,jsonld_or_dom_img,keyword_heuristics,metadata_or_headings,True,
https://flawedbyshaleen.com,https://flawedbyshaleen.com,200,True,30,window.Shopify;Shopify.shop;cdn.shopify.com;/cdn/shop/;shopify_core_js;shopify-section;shopify-payment-button;header:shopify-complexity-score,False,False,7,phone:+91;currency:INR,,,REJECTED_NON_INDIA,Lacks strong Indian business location evidence,4,0,0,0,,,,True,
https://banjaraindia.com,https://banjaraindia.com,200,True,28,window.Shopify;Shopify.shop;cdn.shopify.com;/cdn/shop/;shopify_core_js;shopify-section;header:shopify-complexity-score,False,False,10,phone:+91;indian_payment_gateway;currency:INR,,,REJECTED_NON_INDIA,Lacks strong Indian business location evidence,4,0,0,0,,,,True,
https://houseofeda.com,https://www.houseofeda.com/,200,True,30,window.Shopify;Shopify.shop;cdn.shopify.com;/cdn/shop/;shopify_core_js;shopify-section;shopify-payment-button;header:shopify-complexity-score,False,False,10,phone:+91;indian_payment_gateway;currency:INR,,,REJECTED_NON_INDIA,Lacks strong Indian business location evidence,4,0,0,0,,,,True,
https://coverwala.com,https://coverwala.com,200,True,28,window.Shopify;Shopify.shop;cdn.shopify.com;/cdn/shop/;shopify_core_js;shopify-section;header:shopify-complexity-score,False,True,25,address_state:Delhi;address_pin:110059;address_city:delhi;phone:+91;indian_payment_gateway;currency:INR,address_state;address_pincode;address_city,address_state,ACCEPTED,,4,1,1,3,jsonld_or_dom_img,keyword_heuristics,metadata_or_headings,True,
https://spicebasket.com,https://spicebasket.com,200,True,28,window.Shopify;Shopify.shop;cdn.shopify.com;/cdn/shop/;shopify_core_js;shopify-section;header:shopify-complexity-score,False,True,15,address_pin:691573;phone:+91;indian_payment_gateway;currency:INR,address_pincode,pin_code_691573,ACCEPTED,,4,1,1,4,jsonld_or_dom_img,keyword_heuristics,metadata_or_headings,True,
https://craftsvillas.com,https://craftsvillas.com,0,False,0,,False,False,0,,,,REJECTED_FETCH_ERROR,NetworkError: ConnectError,0,0,0,0,,,,True,NetworkError: ConnectError
https://culturepeople.com,https://culturepeople.com,0,False,0,,False,False,0,,,,REJECTED_FETCH_ERROR,Timeout: ConnectTimeout,0,0,0,0,,,,True,Timeout: ConnectTimeout
https://takk.in,https://www.takk.in/,200,False,0,,False,False,0,,,,REJECTED_NON_SHOPIFY,Shopify score 0 < threshold 5,0,0,0,0,,,,True,
https://encrustd.com,https://www.encrustd.com/,200,True,28,window.Shopify;Shopify.shop;cdn.shopify.com;/cdn/shop/;shopify_core_js;shopify-section;header:shopify-complexity-score,False,True,25,address_state:Karnataka;address_pin:560090;address_city:bangalore;phone:+91;indian_payment_gateway;currency:INR,address_state;address_pincode;address_city,address_state,ACCEPTED,,4,2,0,3,jsonld_or_dom_img,keyword_heuristics,metadata_or_headings,True,
https://ayurvedastoreonline.com,https://ayurvedastoreonline.com,200,True,28,window.Shopify;Shopify.shop;cdn.shopify.com;/cdn/shop/;shopify_core_js;shopify-section;header:shopify-complexity-score,False,True,12,address_pin:250002;phone:+91;currency:INR,address_pincode,pin_code_250002,ACCEPTED,,4,1,2,0,jsonld_or_dom_img,keyword_heuristics,metadata_or_headings,True,
https://chaijaai.com,https://chaijaai.com,200,True,28,window.Shopify;Shopify.shop;cdn.shopify.com;/cdn/shop/;shopify_core_js;shopify-section;header:shopify-complexity-score,False,True,16,address_state:Jammu and Kashmir;phone:+91;indian_payment_gateway;currency:INR,address_state,address_state,ACCEPTED,,4,2,4,0,jsonld_or_dom_img,keyword_heuristics,metadata_or_headings,True,
https://jetgems.com,https://www.jetgems.com/,200,True,28,window.Shopify;Shopify.shop;cdn.shopify.com;/cdn/shop/;shopify_core_js;shopify-section;header:shopify-complexity-score,False,True,24,gstin:27AAPFJ4417P1ZO;address_pin:400050;address_city:mumbai;phone:+91;currency:INR,gstin;address_pincode;address_city,gstin_code_27,ACCEPTED,,4,1,2,4,jsonld_or_dom_img,keyword_heuristics,metadata_or_headings,True,
https://smartgenindia.com,https://smartgenindia.com,403,False,0,,False,False,0,,,,REJECTED_FETCH_ERROR,HTTP 403,0,0,0,0,,,,True,HTTP 403
https://urvi.co.in,https://urvi.co.in,0,False,0,,False,False,0,,,,REJECTED_FETCH_ERROR,NetworkError: ConnectError,0,0,0,0,,,,True,NetworkError: ConnectError
https://brownboxtoys.com,https://brownboxtoys.com,200,False,0,,False,False,0,,,,REJECTED_NON_SHOPIFY,Shopify score 0 < threshold 5,0,0,0,0,,,,True,
https://divyammehta.com,https://www.divyammehta.com/,200,True,28,window.Shopify;Shopify.shop;cdn.shopify.com;/cdn/shop/;shopify_core_js;shopify-section;header:shopify-complexity-score,False,True,30,gstin:07APPPM7727J1Z8;address_state:Delhi;address_pin:110030;address_city:delhi;phone:+91;currency:INR,gstin;address_state;address_pincode;address_city,gstin_code_07,ACCEPTED,,4,2,3,2,jsonld_or_dom_img,keyword_heuristics,metadata_or_headings,True,
https://makmobile.in,https://makmobile.in,200,True,28,window.Shopify;Shopify.shop;cdn.shopify.com;/cdn/shop/;shopify_core_js;shopify-section;header:shopify-complexity-score,False,True,23,address_state:Delhi;address_pin:110005;address_city:delhi;phone:+91;currency:INR;domain:.in,address_state;address_pincode;address_city,address_state,ACCEPTED,,4,1,3,4,jsonld_or_dom_img,keyword_heuristics,metadata_or_headings,True,
https://zoopit.in,https://zoopit.in,200,False,0,,False,False,0,,,,REJECTED_NON_SHOPIFY,Shopify score 0 < threshold 5,0,0,0,0,,,,True,
https://semanticstore.com,https://semanticstore.com,200,True,32,window.Shopify;Shopify.shop;cdn.shopify.com;/cdn/shop/;shopify_core_js;shopify-section;shopify-payment-button;shopify_meta_attribute;header:shopify-complexity-score,False,False,2,currency:INR,,,REJECTED_NON_INDIA,India score 2 < threshold 7,4,0,0,0,,,,True,
https://sanjaydhawan.com,https://sanjaydhawan.com,200,True,28,window.Shopify;Shopify.shop;cdn.shopify.com;/cdn/shop/;shopify_core_js;shopify-section;header:shopify-complexity-score,False,False,10,phone:+91;indian_payment_gateway;currency:INR,,,REJECTED_NON_INDIA,Lacks strong Indian business location evidence,4,0,0,0,,,,True,
https://excelsior.in,https://www.excelsior.in/,200,True,28,window.Shopify;Shopify.shop;cdn.shopify.com;/cdn/shop/;shopify_core_js;shopify-section;header:shopify-complexity-score,False,True,26,address_state:Delhi;address_pin:110041;address_city:delhi;phone:+91;indian_payment_gateway;currency:INR;domain:.in,address_state;address_pincode;address_city,address_state,ACCEPTED,,4,1,1,2,jsonld_or_dom_img,keyword_heuristics,metadata_or_headings,True,
https://tantrarj.com,https://www.tantrarj.com/,200,True,28,window.Shopify;Shopify.shop;cdn.shopify.com;/cdn/shop/;shopify_core_js;shopify-section;header:shopify-complexity-score,False,True,14,address_pin:201002;phone:+91;currency:INR;city_mention:mumbai,address_pincode,pin_code_201002,ACCEPTED,,4,2,1,3,jsonld_or_dom_img,keyword_heuristics,metadata_or_headings,True,
https://masaba.com,https://masaba.com/password,200,False,0,,False,False,0,,,,REJECTED_INACTIVE,Redirects to /password,0,0,0,0,,,,True,Redirects to /password
https://thesilkchamber.com,https://thesilkchamber.com,200,True,32,window.Shopify;Shopify.shop;cdn.shopify.com;/cdn/shop/;shopify_core_js;shopify-section;shopify-payment-button;shopify_meta_attribute;header:shopify-complexity-score,False,False,7,phone:+91;currency:INR,,,REJECTED_NON_INDIA,Lacks strong Indian business location evidence,4,0,0,0,,,,True,
https://thefoodartfactory.com,https://thefoodartfactory.com,200,True,32,window.Shopify;Shopify.shop;cdn.shopify.com;/cdn/shop/;shopify_core_js;shopify-section;shopify-payment-button;shopify_meta_attribute;header:shopify-complexity-score,False,False,9,phone:+91;currency:INR;city_mention:delhi,,,REJECTED_NON_INDIA,Lacks strong Indian business location evidence,4,0,0,0,,,,True,
https://storeandspare.com,https://storeandspare.com,404,False,0,,False,False,0,,,,REJECTED_FETCH_ERROR,HTTP 404,0,0,0,0,,,,True,HTTP 404
https://sarhadshopping.com,https://sarhadshopping.com,0,False,0,,False,False,0,,,,REJECTED_FETCH_ERROR,NetworkError: ConnectError,0,0,0,0,,,,True,NetworkError: ConnectError
https://monikanidhii.com,https://www.monikanidhee.com/,200,True,28,window.Shopify;Shopify.shop;cdn.shopify.com;/cdn/shop/;shopify_core_js;shopify-section;header:shopify-complexity-score,False,True,22,address_state:Delhi;address_pin:110030;address_city:delhi;phone:+91;currency:INR,address_state;address_pincode;address_city,address_state,ACCEPTED,,4,1,1,1,jsonld_or_dom_img,keyword_heuristics,metadata_or_headings,True,
https://optimindlife.com,https://optimindlife.com,0,False,0,,False,False,0,,,,REJECTED_FETCH_ERROR,NetworkError: ConnectError,0,0,0,0,,,,True,NetworkError: ConnectError
https://merakus.com,https://merakus.com,200,True,28,window.Shopify;Shopify.shop;cdn.shopify.com;/cdn/shop/;shopify_core_js;shopify-section;header:shopify-complexity-score,False,True,22,address_state:Maharashtra;address_pin:400615;address_city:mumbai;phone:+91;currency:INR,address_state;address_pincode;address_city,address_state,ACCEPTED,,4,3,1,0,jsonld_or_dom_img,keyword_heuristics,metadata_or_headings,True,
https://avstore.in,https://avstore.in,200,True,32,window.Shopify;Shopify.shop;cdn.shopify.com;/cdn/shop/;shopify_core_js;shopify-section;shopify-payment-button;shopify_meta_attribute;header:shopify-complexity-score,False,True,40,jsonld_india_address;state:Maharashtra;address_state:Maharashtra;address_pin:411001;address_city:pune;phone:+91;indian_payment_gateway;currency:INR;domain:.in,jsonld_address;address_state;address_pincode;address_city,json_ld_address,ACCEPTED,,4,1,1,5,jsonld_or_dom_img,keyword_heuristics,metadata_or_headings,True,
https://prishie.com,https://www.prishie.com/,200,True,28,window.Shopify;Shopify.shop;cdn.shopify.com;/cdn/shop/;shopify_core_js;shopify-section;header:shopify-complexity-score,False,False,7,phone:+91;currency:INR,,,REJECTED_NON_INDIA,Lacks strong Indian business location evidence,4,0,0,0,,,,True,
https://rajfancydresses.com,https://rajfancydresses.com,200,True,28,window.Shopify;Shopify.shop;cdn.shopify.com;/cdn/shop/;shopify_core_js;shopify-section;header:shopify-complexity-score,False,False,7,phone:+91;currency:INR,,,REJECTED_NON_INDIA,Lacks strong Indian business location evidence,3,0,0,0,,,,True,
https://zeroinfy.in,https://zeroinfy.in,200,True,32,window.Shopify;Shopify.shop;cdn.shopify.com;/cdn/shop/;shopify_core_js;shopify-section;shopify-payment-button;shopify_meta_attribute;header:shopify-complexity-score,False,True,27,gstin:19AAFCE6225K1ZE;jsonld_india_address;phone:+91;indian_payment_gateway;currency:INR;domain:.in,gstin;jsonld_address,gstin_code_19,ACCEPTED,,4,1,4,5,jsonld_or_dom_img,keyword_heuristics,metadata_or_headings,True,
https://themansionworld.com,https://themansionworld.com,200,True,28,window.Shopify;Shopify.shop;cdn.shopify.com;/cdn/shop/;shopify_core_js;shopify-section;header:shopify-complexity-score,False,True,17,address_state:Delhi;address_city:delhi;phone:+91;currency:INR,address_state;address_city,address_state,ACCEPTED,,1,0,0,3,jsonld_or_dom_img,keyword_heuristics,metadata_or_headings,True,
https://buy91.com,https://dente91.com/,200,True,28,window.Shopify;Shopify.shop;cdn.shopify.com;/cdn/shop/;shopify_core_js;shopify-section;header:shopify-complexity-score,False,False,10,phone:+91;indian_payment_gateway;currency:INR,,,REJECTED_NON_INDIA,Lacks strong Indian business location evidence,4,0,0,0,,,,True,
https://zuilee.in,https://www.zuilee.in/,200,True,28,window.Shopify;Shopify.shop;cdn.shopify.com;/cdn/shop/;shopify_core_js;shopify-section;header:shopify-complexity-score,False,True,23,address_state:Maharashtra;address_pin:400069;address_city:mumbai;phone:+91;currency:INR;domain:.in,address_state;address_pincode;address_city,address_state,ACCEPTED,,3,1,1,3,jsonld_or_dom_img,keyword_heuristics,metadata_or_headings,True,
https://biotopindia.com,https://biotopindia.com,200,True,28,window.Shopify;Shopify.shop;cdn.shopify.com;/cdn/shop/;shopify_core_js;shopify-section;header:shopify-complexity-score,False,False,7,phone:+91;currency:INR,,,REJECTED_NON_INDIA,Lacks strong Indian business location evidence,1,0,0,0,,,,True,
https://freelelo.com,https://freelelo.com,200,False,0,,False,False,0,,,,REJECTED_NON_SHOPIFY,Shopify score 0 < threshold 5,0,0,0,0,,,,True,
https://lifeinslowmotion.com,https://www.lifeinslowmotion.com/,200,True,28,window.Shopify;Shopify.shop;cdn.shopify.com;/cdn/shop/;shopify_core_js;shopify-section;header:shopify-complexity-score,False,False,7,phone:+91;currency:INR,,,REJECTED_NON_INDIA,Lacks strong Indian business location evidence,4,0,0,0,,,,True,
https://rafacollection.com,https://www.rafacollection.com/,200,True,30,window.Shopify;Shopify.shop;cdn.shopify.com;/cdn/shop/;shopify_core_js;shopify-section;shopify-payment-button;header:shopify-complexity-score,False,False,10,phone:+91;indian_payment_gateway;currency:INR,,,REJECTED_NON_INDIA,Lacks strong Indian business location evidence,4,0,0,0,,,,True,
https://levellfive.com,https://levellfive.com,200,True,28,window.Shopify;Shopify.shop;cdn.shopify.com;/cdn/shop/;shopify_core_js;shopify-section;header:shopify-complexity-score,False,True,25,address_state:West Bengal;address_pin:700020;address_city:kolkata;phone:+91;indian_payment_gateway;currency:INR,address_state;address_pincode;address_city,address_state,ACCEPTED,,4,1,2,3,jsonld_or_dom_img,keyword_heuristics,metadata_or_headings,True,
https://nnfashionstudio.com,https://nnfashionstudio.com,0,False,0,,False,False,0,,,,REJECTED_FETCH_ERROR,NetworkError: ConnectError,0,0,0,0,,,,True,NetworkError: ConnectError
https://rasvihar.com,https://rasvihar.com,200,True,28,window.Shopify;Shopify.shop;cdn.shopify.com;/cdn/shop/;shopify_core_js;shopify-section;header:shopify-complexity-score,False,True,16,address_pin:600004;address_city:chennai;phone:+91;currency:INR,address_pincode;address_city,pin_code_600004,ACCEPTED,,4,1,2,4,jsonld_or_dom_img,keyword_heuristics,metadata_or_headings,True,
https://theislamickidstore.com,https://www.theislamickidstore.com/,200,True,28,window.Shopify;Shopify.shop;cdn.shopify.com;/cdn/shop/;shopify_core_js;shopify-section;header:shopify-complexity-score,False,True,23,jsonld_india_address;state:Maharashtra;phone:+91;currency:INR;city_mention:mumbai,jsonld_address,json_ld_address,ACCEPTED,,4,1,7,6,jsonld_or_dom_img,keyword_heuristics,metadata_or_headings,True,
https://goldenleafjewels.com,https://goldenleafjewels.com,200,True,30,window.Shopify;Shopify.shop;cdn.shopify.com;/cdn/shop/;shopify_core_js;shopify-section;shopify-payment-button;header:shopify-complexity-score,False,True,11,address_city:pune;phone:+91;currency:INR,address_city,address_city_pune,ACCEPTED,,4,1,1,3,jsonld_or_dom_img,keyword_heuristics,metadata_or_headings,True,
https://menscloth.com,https://menscloth.com,0,False,0,,False,False,0,,,,REJECTED_FETCH_ERROR,NetworkError: ConnectError,0,0,0,0,,,,True,NetworkError: ConnectError
https://mygemtherapy.com,https://mygemtherapy.com,200,True,30,window.Shopify;Shopify.shop;cdn.shopify.com;/cdn/shop/;shopify_core_js;shopify-section;shopify-payment-button;header:shopify-complexity-score,False,True,19,address_pin:302017;address_city:jaipur;phone:+91;indian_payment_gateway;currency:INR,address_pincode;address_city,pin_code_302017,ACCEPTED,,4,2,1,3,jsonld_or_dom_img,keyword_heuristics,metadata_or_headings,True,
https://houseofblouse.com,https://shobitam.in/collections/blouses-crop-tops?utm_source=hob,403,False,0,,False,False,0,,,,REJECTED_FETCH_ERROR,HTTP 403,0,0,0,0,,,,True,HTTP 403
https://soie.in,https://soie.in,200,True,28,window.Shopify;Shopify.shop;cdn.shopify.com;/cdn/shop/;shopify_core_js;shopify-section;header:shopify-complexity-score,False,True,20,address_pin:400063;address_city:mumbai;phone:+91;indian_payment_gateway;currency:INR;domain:.in,address_pincode;address_city,pin_code_400063,ACCEPTED,,4,1,1,6,jsonld_or_dom_img,keyword_heuristics,metadata_or_headings,True,
https://gourmetdelight.in,https://organicdelight.in/,200,True,32,window.Shopify;Shopify.shop;cdn.shopify.com;/cdn/shop/;shopify_core_js;shopify-section;shopify-payment-button;shopify_meta_attribute;header:shopify-complexity-score,False,True,12,address_city:mumbai;phone:+91;currency:INR;domain:.in,address_city,address_city_mumbai,ACCEPTED,,4,1,0,3,jsonld_or_dom_img,keyword_heuristics,metadata_or_headings,True,
https://sweetkaramcoffee.in,https://sweetkaramcoffee.in,200,True,28,window.Shopify;Shopify.shop;cdn.shopify.com;/cdn/shop/;shopify_core_js;shopify-section;header:shopify-complexity-score,False,True,21,address_state:Kerala;address_city:bangalore;phone:+91;indian_payment_gateway;currency:INR;domain:.in,address_state;address_city,address_state,ACCEPTED,,4,2,1,5,jsonld_or_dom_img,keyword_heuristics,metadata_or_headings,True,
https://rajputdress.com,https://rajputdress.com,0,False,0,,False,False,0,,,,REJECTED_FETCH_ERROR,NetworkError: ConnectError,0,0,0,0,,,,True,NetworkError: ConnectError
https://savlive.com,https://savlive.com,0,False,0,,False,False,0,,,,REJECTED_FETCH_ERROR,NetworkError: ConnectError,0,0,0,0,,,,True,NetworkError: ConnectError
https://theshawlstudio.com,https://theshawlstudio.com,200,True,28,window.Shopify;Shopify.shop;cdn.shopify.com;/cdn/shop/;shopify_core_js;shopify-section;header:shopify-complexity-score,False,True,19,address_pin:143001;address_city:amritsar;phone:+91;indian_payment_gateway;currency:INR,address_pincode;address_city,pin_code_143001,ACCEPTED,,4,1,1,2,jsonld_or_dom_img,keyword_heuristics,metadata_or_headings,True,
https://indianshopper.in,https://indianshopper.in,0,False,0,,False,False,0,,,,REJECTED_FETCH_ERROR,NetworkError: ConnectError,0,0,0,0,,,,True,NetworkError: ConnectError
https://manvikapoor.com,https://manvikapoor.com,200,True,28,window.Shopify;Shopify.shop;cdn.shopify.com;/cdn/shop/;shopify_core_js;shopify-section;header:shopify-complexity-score,False,True,22,address_state:Delhi;address_pin:110074;address_city:delhi;phone:+91;currency:INR,address_state;address_pincode;address_city,address_state,ACCEPTED,,4,1,1,2,jsonld_or_dom_img,keyword_heuristics,metadata_or_headings,True,
https://grainic.com,https://grainic.com,200,True,28,window.Shopify;Shopify.shop;cdn.shopify.com;/cdn/shop/;shopify_core_js;shopify-section;header:shopify-complexity-score,False,True,13,address_state:Uttar Pradesh;address_pin:250002;currency:INR,address_state;address_pincode,address_state,ACCEPTED,,4,1,1,1,jsonld_or_dom_img,keyword_heuristics,metadata_or_headings,True,
https://allthings.co.in,https://allthings.co.in,0,False,0,,False,False,0,,,,REJECTED_FETCH_ERROR,NetworkError: ConnectError,0,0,0,0,,,,True,NetworkError: ConnectError
https://gotunez.com,https://www.gotunez.com/,200,True,28,window.Shopify;Shopify.shop;cdn.shopify.com;/cdn/shop/;shopify_core_js;shopify-section;header:shopify-complexity-score,False,True,33,jsonld_india_address;address_state:Karnataka;address_pin:560103;address_city:bengaluru;phone:+91;indian_payment_gateway;currency:INR,jsonld_address;address_state;address_pincode;address_city,address_state,ACCEPTED,,4,2,3,5,jsonld_or_dom_img,keyword_heuristics,metadata_or_headings,True,
https://notsosober.com,https://notsosober.com,200,True,28,window.Shopify;Shopify.shop;cdn.shopify.com;/cdn/shop/;shopify_core_js;shopify-section;header:shopify-complexity-score,False,False,7,phone:+91;currency:INR,,,REJECTED_NON_INDIA,Lacks strong Indian business location evidence,0,0,0,0,,,,True,
https://dudeme.com,https://www.dudeme.in/,200,True,28,window.Shopify;Shopify.shop;cdn.shopify.com;/cdn/shop/;shopify_core_js;shopify-section;header:shopify-complexity-score,False,True,14,address_city:coimbatore;phone:+91;indian_payment_gateway;currency:INR,address_city,address_city_coimbatore,ACCEPTED,,4,2,0,6,jsonld_or_dom_img,keyword_heuristics,metadata_or_headings,True,
https://wooum.com,https://wooum.com,200,True,28,window.Shopify;Shopify.shop;cdn.shopify.com;/cdn/shop/;shopify_core_js;shopify-section;header:shopify-complexity-score,False,True,39,jsonld_india_address;state:Gujarat;address_state:Gujarat;address_pin:382405;address_city:ahmedabad;phone:+91;indian_payment_gateway;currency:INR,jsonld_address;address_state;address_pincode;address_city,json_ld_address,ACCEPTED,,1,1,1,3,jsonld_or_dom_img,keyword_heuristics,metadata_or_headings,True,
https://carkeychain.com,https://carkeychain.com,0,False,0,,False,False,0,,,,REJECTED_FETCH_ERROR,Timeout: ConnectTimeout,0,0,0,0,,,,True,Timeout: ConnectTimeout
https://bunavat.com,https://bunavat.com,200,True,28,window.Shopify;Shopify.shop;cdn.shopify.com;/cdn/shop/;shopify_core_js;shopify-section;header:shopify-complexity-score,False,True,17,address_state:Haryana;address_city:faridabad;phone:+91;currency:INR,address_state;address_city,address_state,ACCEPTED,,4,2,1,2,jsonld_or_dom_img,keyword_heuristics,metadata_or_headings,True,
https://corsicadesigns.com,https://corsicadesigns.com,0,False,0,,False,False,0,,,,REJECTED_FETCH_ERROR,NetworkError: ConnectError,0,0,0,0,,,,True,NetworkError: ConnectError
https://designer-mart.com,https://www.designer-mart.com/,200,True,30,window.Shopify;Shopify.shop;cdn.shopify.com;/cdn/shop/;shopify_core_js;shopify-section;shopify-payment-button;header:shopify-complexity-score,False,False,10,phone:+91;indian_payment_gateway;currency:INR,,,REJECTED_NON_INDIA,Lacks strong Indian business location evidence,4,0,0,0,,,,True,
https://nunmun.com,https://nunmun.com,200,False,0,,False,False,0,,,,REJECTED_NON_SHOPIFY,Shopify score 0 < threshold 5,0,0,0,0,,,,True,
https://dashanddot.com,https://www.dashanddot.com/,200,True,30,window.Shopify;Shopify.shop;cdn.shopify.com;/cdn/shop/;shopify_core_js;shopify-section;shopify-payment-button;header:shopify-complexity-score,False,True,28,jsonld_india_address;state:Uttar Pradesh;address_city:noida;phone:+91;indian_payment_gateway;currency:INR,jsonld_address;address_city,json_ld_address,ACCEPTED,,4,1,1,3,jsonld_or_dom_img,keyword_heuristics,metadata_or_headings,True,
https://kfeather.com,https://kfeather.com,0,False,0,,False,False,0,,,,REJECTED_FETCH_ERROR,NetworkError: ConnectError,0,0,0,0,,,,True,NetworkError: ConnectError
https://thelucknowstore.com,https://thelucknowstore.com,200,False,0,,False,False,0,,,,REJECTED_NON_SHOPIFY,Shopify score 0 < threshold 5,0,0,0,0,,,,True,
https://theclownfish.com,https://www.theclownfish.com/,200,True,28,window.Shopify;Shopify.shop;cdn.shopify.com;/cdn/shop/;shopify_core_js;shopify-section;header:shopify-complexity-score,False,True,25,address_state:Karnataka;address_pin:560102;address_city:bengaluru;phone:+91;indian_payment_gateway;currency:INR,address_state;address_pincode;address_city,address_state,ACCEPTED,,4,2,1,2,jsonld_or_dom_img,keyword_heuristics,metadata_or_headings,True,
https://anayafashion.com,https://anayafashion.com,0,False,0,,False,False,0,,,,REJECTED_FETCH_ERROR,Timeout: ConnectTimeout,0,0,0,0,,,,True,Timeout: ConnectTimeout
https://toy-shop.in,https://toy-shop.in,0,False,0,,False,False,0,,,,REJECTED_FETCH_ERROR,NetworkError: ConnectError,0,0,0,0,,,,True,NetworkError: ConnectError
https://thinredline.in,https://thinredline.in,0,False,0,,False,False,0,,,,REJECTED_FETCH_ERROR,NetworkError: ConnectError,0,0,0,0,,,,True,NetworkError: ConnectError
https://arisaa.com,https://www.arisaa.com/,200,False,0,,False,False,0,,,,REJECTED_NON_SHOPIFY,Shopify score 0 < threshold 5,0,0,0,0,,,,True,
https://pastau.com,https://www.pastau.com/,200,True,28,window.Shopify;Shopify.shop;cdn.shopify.com;/cdn/shop/;shopify_core_js;shopify-section;header:shopify-complexity-score,False,True,18,address_state:Jammu and Kashmir;address_pin:190002;phone:+91;currency:INR,address_state;address_pincode,address_state,ACCEPTED,,4,2,1,2,jsonld_or_dom_img,keyword_heuristics,metadata_or_headings,True,
https://apnaresume.com,https://apnaresume.com,200,False,0,,False,False,0,,,,REJECTED_NON_SHOPIFY,Shopify score 0 < threshold 5,0,0,0,0,,,,True,
https://thedecorcircle.com,https://www.thedecorcircle.com/,200,True,30,window.Shopify;Shopify.shop;cdn.shopify.com;/cdn/shop/;shopify_core_js;shopify-section;shopify-payment-button;header:shopify-complexity-score,False,True,25,address_state:Chandigarh;address_pin:160082;address_city:chandigarh;phone:+91;indian_payment_gateway;currency:INR,address_state;address_pincode;address_city,address_state,ACCEPTED,,4,2,2,2,jsonld_or_dom_img,keyword_heuristics,metadata_or_headings,True,
https://hydrotubes.com,https://hydrotubes.com,0,False,0,,False,False,0,,,,REJECTED_FETCH_ERROR,NetworkError: ConnectError,0,0,0,0,,,,True,NetworkError: ConnectError
https://onlineshoppingkerala.com,https://onlineshoppingkerala.com,0,False,0,,False,False,0,,,,REJECTED_FETCH_ERROR,NetworkError: ConnectError,0,0,0,0,,,,True,NetworkError: ConnectError
https://nyumi.com,https://nyumi.com,200,True,28,window.Shopify;Shopify.shop;cdn.shopify.com;/cdn/shop/;shopify_core_js;shopify-section;header:shopify-complexity-score,False,True,39,jsonld_india_address;state:Maharashtra;address_state:Maharashtra;address_pin:400098;address_city:mumbai;phone:+91;indian_payment_gateway;currency:INR,jsonld_address;address_state;address_pincode;address_city,json_ld_address,ACCEPTED,,4,2,1,4,jsonld_or_dom_img,keyword_heuristics,metadata_or_headings,True,
https://tictactoestore.com,https://www.tictactoestore.com/,200,False,0,,False,False,0,,,,REJECTED_NON_SHOPIFY,Shopify score 0 < threshold 5,0,0,0,0,,,,True,
https://bhumisutra.com,https://bhumisutra.com,200,True,28,window.Shopify;Shopify.shop;cdn.shopify.com;/cdn/shop/;shopify_core_js;shopify-section;header:shopify-complexity-score,False,False,5,indian_payment_gateway;currency:INR,,,REJECTED_NON_INDIA,India score 5 < threshold 7,4,0,0,0,,,,True,
https://tomsshoes.in,https://tomsshoes.in,0,False,0,,False,False,0,,,,REJECTED_FETCH_ERROR,NetworkError: ConnectError,0,0,0,0,,,,True,NetworkError: ConnectError
https://freshfromfarm.in,,0,False,0,,False,False,0,,,,,,0,0,0,0,,,,False,Robots.txt blocks homepage
https://goodnesstoyou.com,https://goodnesstoyou.com,0,False,0,,False,False,0,,,,REJECTED_FETCH_ERROR,NetworkError: ConnectError,0,0,0,0,,,,True,NetworkError: ConnectError
https://barn14.com,https://barn14.com,200,True,28,window.Shopify;Shopify.shop;cdn.shopify.com;/cdn/shop/;shopify_core_js;shopify-section;header:shopify-complexity-score,False,True,26,jsonld_india_address;state:West Bengal;phone:+91;indian_payment_gateway;currency:INR;city_mention:kolkata,jsonld_address,json_ld_address,ACCEPTED,,4,1,3,4,jsonld_or_dom_img,keyword_heuristics,metadata_or_headings,True,
https://lagah.in,https://lagah.in,200,True,28,window.Shopify;Shopify.shop;cdn.shopify.com;/cdn/shop/;shopify_core_js;shopify-section;header:shopify-complexity-score,False,True,17,address_pin:141001;address_city:ludhiana;phone:+91;currency:INR;domain:.in,address_pincode;address_city,pin_code_141001,ACCEPTED,,4,2,4,5,jsonld_or_dom_img,keyword_heuristics,metadata_or_headings,True,
https://thekaizer.com,https://www.thekaizer.com/,200,True,32,window.Shopify;Shopify.shop;cdn.shopify.com;/cdn/shop/;shopify_core_js;shopify-section;shopify-payment-button;shopify_meta_attribute;header:shopify-complexity-score,False,True,20,address_state:Delhi;address_city:delhi;phone:+91;indian_payment_gateway;currency:INR,address_state;address_city,address_state,ACCEPTED,,4,0,0,0,jsonld_or_dom_img,keyword_heuristics,metadata_or_headings,True,
https://hycoproducts.com,https://hycoproducts.com,0,False,0,,False,False,0,,,,REJECTED_FETCH_ERROR,NetworkError: ConnectError,0,0,0,0,,,,True,NetworkError: ConnectError
https://magper.com,https://magper.com,0,False,0,,False,False,0,,,,REJECTED_FETCH_ERROR,Timeout: ConnectTimeout,0,0,0,0,,,,True,Timeout: ConnectTimeout
https://opal-stone.com,https://opal-stone.com,200,True,30,window.Shopify;Shopify.shop;cdn.shopify.com;/cdn/shop/;shopify_core_js;shopify-section;shopify_meta_attribute;header:shopify-complexity-score,False,False,10,phone:+91;indian_payment_gateway;currency:INR,,,REJECTED_NON_INDIA,Lacks strong Indian business location evidence,0,0,0,0,,,,True,
https://shoefactorystore.com,,0,False,0,,False,False,0,,,,,,0,0,0,0,,,,False,Robots.txt blocks homepage
https://ignitedminds.co.in,https://ignitedminds.co.in,200,True,26,window.Shopify;Shopify.shop;cdn.shopify.com;/cdn/shop/;shopify_core_js;shopify-section,False,False,4,currency:INR;domain:.co.in,,,REJECTED_NON_INDIA,India score 4 < threshold 7,4,0,0,0,,,,True,
https://eddeliver.com,https://eddeliver.com,423,False,0,,False,False,0,,,,REJECTED_FETCH_ERROR,HTTP 423,0,0,0,0,,,,True,HTTP 423
https://yahvi.co.in,https://www.yahvi.co.in/,200,True,28,window.Shopify;Shopify.shop;cdn.shopify.com;/cdn/shop/;shopify_core_js;shopify-section;header:shopify-complexity-score,False,True,24,address_state:Delhi;address_pin:110020;address_city:delhi;phone:+91;currency:INR;domain:.co.in,address_state;address_pincode;address_city,address_state,ACCEPTED,,4,1,2,0,jsonld_or_dom_img,keyword_heuristics,metadata_or_headings,True,
https://katanweaves.com,https://www.katanweaves.com/,200,True,28,window.Shopify;Shopify.shop;cdn.shopify.com;/cdn/shop/;shopify_core_js;shopify-section;header:shopify-complexity-score,False,True,25,address_state:Delhi;address_pin:110025;address_city:delhi;phone:+91;indian_payment_gateway;currency:INR,address_state;address_pincode;address_city,address_state,ACCEPTED,,4,1,2,4,jsonld_or_dom_img,keyword_heuristics,metadata_or_headings,True,
https://lehenghacholi.com,https://lehenghacholi.com,0,False,0,,False,False,0,,,,REJECTED_FETCH_ERROR,NetworkError: ConnectError,0,0,0,0,,,,True,NetworkError: ConnectError
https://goodb.in,https://goodb.in,0,False,0,,False,False,0,,,,REJECTED_FETCH_ERROR,NetworkError: ConnectError,0,0,0,0,,,,True,NetworkError: ConnectError
https://filipdeals.com,https://filipdeals.com,0,False,0,,False,False,0,,,,REJECTED_FETCH_ERROR,NetworkError: ConnectError,0,0,0,0,,,,True,NetworkError: ConnectError
https://sarvda.com,https://www.sarvda.com/,200,True,28,window.Shopify;Shopify.shop;cdn.shopify.com;/cdn/shop/;shopify_core_js;shopify-section;header:shopify-complexity-score,False,True,21,address_state:Uttar Pradesh;address_pin:201010;phone:+91;indian_payment_gateway;currency:INR,address_state;address_pincode,address_state,ACCEPTED,,4,0,4,8,jsonld_or_dom_img,keyword_heuristics,metadata_or_headings,True,
https://rebootmyself.com,https://rebootmyself.com,403,False,0,,False,False,0,,,,REJECTED_FETCH_ERROR,HTTP 403,0,0,0,0,,,,True,HTTP 403
https://justrealdeal.com,https://justrealdeal.com,200,True,30,window.Shopify;Shopify.shop;cdn.shopify.com;/cdn/shop/;shopify_core_js;shopify-section;shopify-payment-button;header:shopify-complexity-score,False,True,12,jsonld_india_address;currency:INR;city_mention:kolkata,jsonld_address,,ACCEPTED,,4,1,1,0,jsonld_or_dom_img,keyword_heuristics,metadata_or_headings,True,
https://honobi.com,https://honobi.com,0,False,0,,False,False,0,,,,REJECTED_FETCH_ERROR,NetworkError: ConnectError,0,0,0,0,,,,True,NetworkError: ConnectError
https://zuclothing.com,https://www.zuclothing.com/,200,True,28,window.Shopify;Shopify.shop;cdn.shopify.com;/cdn/shop/;shopify_core_js;shopify-section;header:shopify-complexity-score,False,True,18,address_state:Dadra and Nagar Haveli and Daman and Diu;address_pin:641603;phone:+91;currency:INR,address_state;address_pincode,address_state,ACCEPTED,,2,0,1,5,jsonld_or_dom_img,keyword_heuristics,metadata_or_headings,True,
https://shoppers24.in,https://shoppers24.in,0,False,0,,False,False,0,,,,REJECTED_FETCH_ERROR,NetworkError: ConnectError,0,0,0,0,,,,True,NetworkError: ConnectError
https://nowinindia.in,https://nowinindia.in,0,False,0,,False,False,0,,,,REJECTED_FETCH_ERROR,NetworkError: ConnectError,0,0,0,0,,,,True,NetworkError: ConnectError
https://carousel.co.in,https://carousel.co.in,200,True,28,window.Shopify;Shopify.shop;cdn.shopify.com;/cdn/shop/;shopify_core_js;shopify-section;header:shopify-complexity-score,False,False,6,currency:INR;domain:.co.in;city_mention:mumbai,,,REJECTED_NON_INDIA,India score 6 < threshold 7,4,0,0,0,,,,True,
https://cosmix.in,https://cosmix.in,200,True,28,window.Shopify;Shopify.shop;cdn.shopify.com;/cdn/shop/;shopify_core_js;shopify-section;header:shopify-complexity-score,False,True,36,jsonld_india_address;state:Karnataka;address_state:Karnataka;address_pin:562112;phone:+91;indian_payment_gateway;currency:INR;domain:.in,jsonld_address;address_state;address_pincode,json_ld_address,ACCEPTED,,4,2,1,6,jsonld_or_dom_img,keyword_heuristics,metadata_or_headings,True,
https://matruayurveda.com,https://www.matruayurveda.com/,200,True,30,window.Shopify;Shopify.shop;cdn.shopify.com;/cdn/shop/;shopify_core_js;shopify-section;shopify-payment-button;header:shopify-complexity-score,False,True,22,address_state:Karnataka;address_pin:560030;address_city:bengaluru;phone:+91;currency:INR,address_state;address_pincode;address_city,address_state,ACCEPTED,,4,2,2,3,jsonld_or_dom_img,keyword_heuristics,metadata_or_headings,True,
https://baharhijab.com,https://baharhijab.com,0,False,0,,False,False,0,,,,REJECTED_FETCH_ERROR,NetworkError: ConnectError,0,0,0,0,,,,True,NetworkError: ConnectError
https://oldharbortea.com,https://oldharbortea.com,200,True,28,window.Shopify;Shopify.shop;cdn.shopify.com;/cdn/shop/;shopify_core_js;shopify-section;header:shopify-complexity-score,False,True,25,address_state:Maharashtra;address_pin:400057;address_city:mumbai;phone:+91;indian_payment_gateway;currency:INR,address_state;address_pincode;address_city,address_state,ACCEPTED,,4,2,1,5,jsonld_or_dom_img,keyword_heuristics,metadata_or_headings,True,
https://shopmebest.com,https://shopmebest.com,0,False,0,,False,False,0,,,,REJECTED_FETCH_ERROR,NetworkError: ConnectError,0,0,0,0,,,,True,NetworkError: ConnectError
https://gaiapottery.net,https://www.gaiapottery.net/,200,True,5,cdn.shopify.com,False,False,7,phone:+91;currency:INR,,,REJECTED_NON_INDIA,Lacks strong Indian business location evidence,4,0,0,0,,,,True,
https://bybreed.com,https://bybreed.com,0,False,0,,False,False,0,,,,REJECTED_FETCH_ERROR,Timeout: ConnectTimeout,0,0,0,0,,,,True,Timeout: ConnectTimeout
https://mizz.in,https://mizz.in,0,False,0,,False,False,0,,,,REJECTED_FETCH_ERROR,NetworkError: ConnectError,0,0,0,0,,,,True,NetworkError: ConnectError
https://ashimafashion.com,https://ashimafashion.com,200,True,28,window.Shopify;Shopify.shop;cdn.shopify.com;/cdn/shop/;shopify_core_js;shopify-section;header:shopify-complexity-score,False,True,30,gstin:32AQXPS1476M1ZZ;address_state:Kerala;address_pin:682036;address_city:cochin;phone:+91;currency:INR,gstin;address_state;address_pincode;address_city,gstin_code_32,ACCEPTED,,4,2,5,0,jsonld_or_dom_img,keyword_heuristics,metadata_or_headings,True,
https://attitudist.com,,0,False,0,,False,False,0,,,,,,0,0,0,0,,,,False,Robots.txt blocks homepage
https://myoho.in,https://www.myoho.in/,200,True,28,window.Shopify;Shopify.shop;cdn.shopify.com;/cdn/shop/;shopify_core_js;shopify-section;header:shopify-complexity-score,False,False,10,phone:+91;currency:INR;domain:.in;city_mention:mumbai,,,REJECTED_NON_INDIA,Lacks strong Indian business location evidence,4,0,0,0,,,,True,
https://easyclickmart.com,https://easyclickmart.com,0,False,0,,False,False,0,,,,REJECTED_FETCH_ERROR,NetworkError: ConnectError,0,0,0,0,,,,True,NetworkError: ConnectError
https://mypepr.com,https://mypepr.com,200,True,30,window.Shopify;Shopify.shop;cdn.shopify.com;/cdn/shop/;shopify_core_js;shopify-section;shopify-payment-button;header:shopify-complexity-score,False,True,19,address_pin:400705;address_city:mumbai;phone:+91;indian_payment_gateway;currency:INR,address_pincode;address_city,pin_code_400705,ACCEPTED,,4,2,1,2,jsonld_or_dom_img,keyword_heuristics,metadata_or_headings,True,
https://greendigo.com,,0,False,0,,False,False,0,,,,,,0,0,0,0,,,,False,Robots.txt blocks homepage
https://sindasun.com,https://sindasun.com/password,200,False,0,,False,False,0,,,,REJECTED_INACTIVE,Redirects to /password,0,0,0,0,,,,True,Redirects to /password
https://vinosupraja.com,https://vinosupraja.com,200,True,28,window.Shopify;Shopify.shop;cdn.shopify.com;/cdn/shop/;shopify_core_js;shopify-section;header:shopify-complexity-score,False,False,7,phone:+91;currency:INR,,,REJECTED_NON_INDIA,Lacks strong Indian business location evidence,4,0,0,0,,,,True,
https://theurbangreens.com,https://theurbangreens.com,0,False,0,,False,False,0,,,,REJECTED_FETCH_ERROR,NetworkError: ConnectError,0,0,0,0,,,,True,NetworkError: ConnectError
https://vastramjaipur.com,https://vastramjaipur.com,0,False,0,,False,False,0,,,,REJECTED_FETCH_ERROR,NetworkError: ConnectError,0,0,0,0,,,,True,NetworkError: ConnectError
https://topshelfwarehouse.com,https://topshelfwarehouse.com,0,False,0,,False,False,0,,,,REJECTED_FETCH_ERROR,NetworkError: ConnectError,0,0,0,0,,,,True,NetworkError: ConnectError
https://elsura.com,https://elsura.com,0,False,0,,False,False,0,,,,REJECTED_FETCH_ERROR,NetworkError: ConnectError,0,0,0,0,,,,True,NetworkError: ConnectError
https://rkessentialoil.com,https://rkessentialoil.com,200,False,0,,False,False,0,,,,REJECTED_NON_SHOPIFY,Shopify score 0 < threshold 5,0,0,0,0,,,,True,
https://esiddhi.com,https://www.esiddhi.com/,200,True,28,window.Shopify;Shopify.shop;cdn.shopify.com;/cdn/shop/;shopify_core_js;shopify-section;header:shopify-complexity-score,False,True,24,jsonld_india_address;state:Karnataka;phone:+91;indian_payment_gateway;currency:INR,jsonld_address,json_ld_address,ACCEPTED,,4,3,1,3,jsonld_or_dom_img,keyword_heuristics,metadata_or_headings,True,
https://bougainvillea.co.in,https://bougainvillea.co.in,0,False,0,,False,False,0,,,,REJECTED_FETCH_ERROR,NetworkError: ConnectError,0,0,0,0,,,,True,NetworkError: ConnectError
https://wanderx.com,https://wanderx.com,200,True,28,window.Shopify;Shopify.shop;cdn.shopify.com;/cdn/shop/;shopify_core_js;shopify-section;header:shopify-complexity-score,False,False,7,phone:+91;currency:INR,,,REJECTED_NON_INDIA,Lacks strong Indian business location evidence,4,0,0,0,,,,True,
https://orgbite.com,https://orgbite.com,200,False,0,,False,False,0,,,,REJECTED_NON_SHOPIFY,Shopify score 0 < threshold 5,0,0,0,0,,,,True,
https://sageandsaffron.com,https://www.sageandsaffron.com/,200,True,28,window.Shopify;Shopify.shop;cdn.shopify.com;/cdn/shop/;shopify_core_js;shopify-section;header:shopify-complexity-score,False,True,16,address_pin:400011;address_city:mumbai;phone:+91;currency:INR,address_pincode;address_city,pin_code_400011,ACCEPTED,,4,1,2,2,jsonld_or_dom_img,keyword_heuristics,metadata_or_headings,True,
https://zedblack.in,https://www.zedblack.com/,200,True,28,window.Shopify;Shopify.shop;cdn.shopify.com;/cdn/shop/;shopify_core_js;shopify-section;header:shopify-complexity-score,False,True,16,address_pin:452010;phone:+91;indian_payment_gateway;currency:INR;domain:.in,address_pincode,pin_code_452010,ACCEPTED,,4,1,1,6,jsonld_or_dom_img,keyword_heuristics,metadata_or_headings,True,
https://temptindia.com,https://temptindia.com,200,True,28,window.Shopify;Shopify.shop;cdn.shopify.com;/cdn/shop/;shopify_core_js;shopify-section;header:shopify-complexity-score,False,True,39,jsonld_india_address;state:Delhi;address_state:Delhi;address_pin:110027;address_city:delhi;phone:+91;indian_payment_gateway;currency:INR,jsonld_address;address_state;address_pincode;address_city,json_ld_address,ACCEPTED,,4,1,1,5,jsonld_or_dom_img,keyword_heuristics,metadata_or_headings,True,
https://noigra.com,https://www.noigra.com/,200,True,28,window.Shopify;Shopify.shop;cdn.shopify.com;/cdn/shop/;shopify_core_js;shopify-section;header:shopify-complexity-score,False,True,20,address_state:Delhi;address_city:delhi;phone:+91;indian_payment_gateway;currency:INR,address_state;address_city,address_state,ACCEPTED,,4,1,1,6,jsonld_or_dom_img,keyword_heuristics,metadata_or_headings,True,
https://theteashelf.com,https://theteashelf.com,200,True,32,window.Shopify;Shopify.shop;cdn.shopify.com;/cdn/shop/;shopify_core_js;shopify-section;shopify-payment-button;shopify_meta_attribute;header:shopify-complexity-score,False,False,12,phone:+91;indian_payment_gateway;currency:INR;city_mention:delhi,,,REJECTED_NON_INDIA,Lacks strong Indian business location evidence,4,0,0,0,,,,True,
https://greenorchidindia.com,https://greenorchidindia.com,200,False,0,,False,False,0,,,,REJECTED_NON_SHOPIFY,Shopify score 0 < threshold 5,0,0,0,0,,,,True,
https://thejovi.com,https://thejovi.com,200,True,28,window.Shopify;Shopify.shop;cdn.shopify.com;/cdn/shop/;shopify_core_js;shopify-section;header:shopify-complexity-score,False,True,24,gstin:09AABFR3788F1ZX;address_pin:282001;address_city:agra;phone:+91;currency:INR,gstin;address_pincode;address_city,gstin_code_09,ACCEPTED,,4,2,1,0,jsonld_or_dom_img,keyword_heuristics,metadata_or_headings,True,
https://shopzee.co,https://shopzee.co,0,False,0,,False,False,0,,,,REJECTED_FETCH_ERROR,NetworkError: ConnectError,0,0,0,0,,,,True,NetworkError: ConnectError
https://roxanne.in,https://roxanne.in,0,False,0,,False,False,0,,,,REJECTED_FETCH_ERROR,NetworkError: ConnectError,0,0,0,0,,,,True,NetworkError: ConnectError
https://satat.in,https://satat.in,200,True,28,window.Shopify;Shopify.shop;cdn.shopify.com;/cdn/shop/;shopify_core_js;shopify-section;header:shopify-complexity-score,False,True,26,address_state:Uttar Pradesh;address_pin:221001;address_city:varanasi;phone:+91;indian_payment_gateway;currency:INR;domain:.in,address_state;address_pincode;address_city,address_state,ACCEPTED,,4,1,1,4,jsonld_or_dom_img,keyword_heuristics,metadata_or_headings,True,
https://ireeya.in,https://ireeya.in,200,False,0,,False,False,0,,,,REJECTED_NON_SHOPIFY,Shopify score 0 < threshold 5,0,0,0,0,,,,True,
https://1.ohailakhan.com,https://1.ohailakhan.com,200,True,28,window.Shopify;Shopify.shop;cdn.shopify.com;/cdn/shop/;shopify_core_js;shopify-section;header:shopify-complexity-score,False,True,25,address_state:Maharashtra;address_pin:400050;address_city:mumbai;phone:+91;indian_payment_gateway;currency:INR,address_state;address_pincode;address_city,address_state,ACCEPTED,,4,5,2,2,jsonld_or_dom_img,keyword_heuristics,metadata_or_headings,True,
https://babysafe.co,https://babysafe.co,0,False,0,,False,False,0,,,,REJECTED_FETCH_ERROR,Timeout: ConnectTimeout,0,0,0,0,,,,True,Timeout: ConnectTimeout
https://school-kit.com,https://school-kit.com,0,False,0,,False,False,0,,,,REJECTED_FETCH_ERROR,NetworkError: ConnectError,0,0,0,0,,,,True,NetworkError: ConnectError
https://kuppanna.com,https://kuppanna.com,200,True,28,window.Shopify;Shopify.shop;cdn.shopify.com;/cdn/shop/;shopify_core_js;shopify-section;header:shopify-complexity-score,False,True,25,jsonld_india_address;address_state:Tamil Nadu;address_pin:550055;address_city:bengaluru;currency:INR,jsonld_address;address_state;address_pincode;address_city,address_state,ACCEPTED,,2,1,23,3,jsonld_or_dom_img,keyword_heuristics,metadata_or_headings,True,
https://urbanquirk.com,https://www.urbanquirk.com/,200,False,0,,False,False,0,,,,REJECTED_NON_SHOPIFY,Shopify score 0 < threshold 5,0,0,0,0,,,,True,
https://bbcmj.com,https://bbcmj.com,200,True,28,window.Shopify;Shopify.shop;cdn.shopify.com;/cdn/shop/;shopify_core_js;shopify-section;header:shopify-complexity-score,False,False,7,phone:+91;currency:INR,,,REJECTED_NON_INDIA,Lacks strong Indian business location evidence,4,0,0,0,,,,True,
https://chefboss.com,,0,False,0,,False,False,0,,,,,,0,0,0,0,,,,False,Robots.txt blocks homepage
https://bringithome.in,https://bringithome.in,0,False,0,,False,False,0,,,,REJECTED_FETCH_ERROR,NetworkError: ConnectError,0,0,0,0,,,,True,NetworkError: ConnectError
https://makemehero.com,https://makemehero.com,200,True,30,window.Shopify;Shopify.shop;cdn.shopify.com;/cdn/shop/;shopify_core_js;shopify-section;shopify-payment-button;header:shopify-complexity-score,False,True,22,address_state:West Bengal;address_pin:700015;address_city:kolkata;phone:+91;currency:INR,address_state;address_pincode;address_city,address_state,ACCEPTED,,4,1,0,3,jsonld_or_dom_img,keyword_heuristics,metadata_or_headings,True,
https://boo-tee.com,https://boo-tee.com,0,False,0,,False,False,0,,,,REJECTED_FETCH_ERROR,NetworkError: ConnectError,0,0,0,0,,,,True,NetworkError: ConnectError
https://lucknowchikanemporium.com,https://lucknowchikanemporium.com,200,True,28,window.Shopify;Shopify.shop;cdn.shopify.com;/cdn/shop/;shopify_core_js;shopify-section;header:shopify-complexity-score,False,True,22,address_state:Uttar Pradesh;address_pin:226003;address_city:lucknow;phone:+91;currency:INR,address_state;address_pincode;address_city,address_state,ACCEPTED,,4,2,3,0,jsonld_or_dom_img,keyword_heuristics,metadata_or_headings,True,
https://nowyouwish.com,https://nowyouwish.com,404,False,0,,False,False,0,,,,REJECTED_FETCH_ERROR,HTTP 404,0,0,0,0,,,,True,HTTP 404
https://hathkala.com,https://hathkala.com,0,False,0,,False,False,0,,,,REJECTED_FETCH_ERROR,Timeout: ConnectTimeout,0,0,0,0,,,,True,Timeout: ConnectTimeout
https://mud-works.com,https://mud-works.com,0,False,0,,False,False,0,,,,REJECTED_FETCH_ERROR,NetworkError: ConnectError,0,0,0,0,,,,True,NetworkError: ConnectError
https://swisse.co.in,https://swisse.co.in,200,True,30,window.Shopify;Shopify.shop;cdn.shopify.com;/cdn/shop/;shopify_core_js;shopify-section;shopify-payment-button;header:shopify-complexity-score,False,True,35,jsonld_india_address;address_state:Karnataka;address_pin:560001;address_city:bengaluru;phone:+91;indian_payment_gateway;currency:INR;domain:.co.in,jsonld_address;address_state;address_pincode;address_city,address_state,ACCEPTED,,4,3,1,4,jsonld_or_dom_img,keyword_heuristics,metadata_or_headings,True,
https://monkeybar.in,https://monkeybar.in,200,True,28,window.Shopify;Shopify.shop;cdn.shopify.com;/cdn/shop/;shopify_core_js;shopify-section;header:shopify-complexity-score,False,True,25,gstin:27ABDFM9057B2Z9;address_pin:400072;address_city:mumbai;phone:+91;currency:INR;domain:.in,gstin;address_pincode;address_city,gstin_code_27,ACCEPTED,,4,2,1,4,jsonld_or_dom_img,keyword_heuristics,metadata_or_headings,True,
https://dodocare.com,https://dodocare.com,0,False,0,,False,False,0,,,,REJECTED_FETCH_ERROR,Timeout: ConnectTimeout,0,0,0,0,,,,True,Timeout: ConnectTimeout
https://subhamjewellery.com,https://subhamjewellery-com.l.ink/,200,False,0,,False,False,0,,,,REJECTED_NON_SHOPIFY,Shopify score 0 < threshold 5,0,0,0,0,,,,True,
https://tikitoro.com,https://tikitoro.com,200,True,30,window.Shopify;Shopify.shop;cdn.shopify.com;/cdn/shop/;shopify_core_js;shopify-section;shopify-payment-button;header:shopify-complexity-score,False,True,25,address_state:Tamil Nadu;address_pin:600032;address_city:chennai;phone:+91;indian_payment_gateway;currency:INR,address_state;address_pincode;address_city,address_state,ACCEPTED,,4,2,4,4,jsonld_or_dom_img,keyword_heuristics,metadata_or_headings,True,
https://enryca.in,https://enryca.in,200,False,0,,False,False,0,,,,REJECTED_NON_SHOPIFY,Shopify score 0 < threshold 5,0,0,0,0,,,,True,
https://trollbeads.in,https://international.trollbeads.com/,200,True,28,window.Shopify;Shopify.shop;cdn.shopify.com;/cdn/shop/;shopify_core_js;shopify-section;header:shopify-complexity-score,False,False,11,phone:+91;indian_payment_gateway;currency:INR;domain:.in,,,REJECTED_NON_INDIA,Lacks strong Indian business location evidence,4,0,0,0,,,,True,
https://prabhubhakti.com,https://prabhubhakti.com,200,True,28,window.Shopify;Shopify.shop;cdn.shopify.com;/cdn/shop/;shopify_core_js;shopify-section;header:shopify-complexity-score,False,True,19,address_pin:122019;address_city:gurgaon;phone:+91;indian_payment_gateway;currency:INR,address_pincode;address_city,pin_code_122019,ACCEPTED,,4,1,4,0,jsonld_or_dom_img,keyword_heuristics,metadata_or_headings,True,
https://aksobha.com,https://aksobha.com,200,True,28,window.Shopify;Shopify.shop;cdn.shopify.com;/cdn/shop/;shopify_core_js;shopify-section;header:shopify-complexity-score,False,True,11,address_city:bangalore;phone:+91;currency:INR,address_city,address_city_bangalore,ACCEPTED,,4,1,1,3,jsonld_or_dom_img,keyword_heuristics,metadata_or_headings,True,
https://boxaf.com,https://boxaf.com,0,False,0,,False,False,0,,,,REJECTED_FETCH_ERROR,Timeout: ConnectTimeout,0,0,0,0,,,,True,Timeout: ConnectTimeout
https://dryfruitvala.com,,0,False,0,,False,False,0,,,,,,0,0,0,0,,,,False,Robots.txt blocks homepage
https://justcolorme.com,https://justcolorme.com,200,True,28,window.Shopify;Shopify.shop;cdn.shopify.com;/cdn/shop/;shopify_core_js;shopify-section;header:shopify-complexity-score,False,True,17,address_state:Delhi;address_city:delhi;phone:+91;currency:INR,address_state;address_city,address_state,ACCEPTED,,4,3,1,0,jsonld_or_dom_img,keyword_heuristics,metadata_or_headings,True,
https://thembstore.com,https://thembstore.com,200,True,28,window.Shopify;Shopify.shop;cdn.shopify.com;/cdn/shop/;shopify_core_js;shopify-section;header:shopify-complexity-score,False,True,15,address_pin:125050;phone:+91;indian_payment_gateway;currency:INR,address_pincode,pin_code_125050,ACCEPTED,,4,1,1,0,jsonld_or_dom_img,keyword_heuristics,metadata_or_headings,True,
https://siddhbali.com,https://siddhbali.com,0,False,0,,False,False,0,,,,REJECTED_FETCH_ERROR,NetworkError: ConnectError,0,0,0,0,,,,True,NetworkError: ConnectError
https://bookonama.com,https://bookonama.com,0,False,0,,False,False,0,,,,REJECTED_FETCH_ERROR,NetworkError: ConnectError,0,0,0,0,,,,True,NetworkError: ConnectError
https://classicshub.com,https://classicshub.com,0,False,0,,False,False,0,,,,REJECTED_FETCH_ERROR,Timeout: ConnectTimeout,0,0,0,0,,,,True,Timeout: ConnectTimeout
https://balanceayurveda.in,https://balanceayurveda.in,200,True,28,window.Shopify;Shopify.shop;cdn.shopify.com;/cdn/shop/;shopify_core_js;shopify-section;header:shopify-complexity-score,False,True,26,address_state:Haryana;address_pin:121004;address_city:faridabad;phone:+91;indian_payment_gateway;currency:INR;domain:.in,address_state;address_pincode;address_city,address_state,ACCEPTED,,4,1,2,3,jsonld_or_dom_img,keyword_heuristics,metadata_or_headings,True,
https://vikrambooks.com,https://www.vikrambooks.com/,200,True,32,window.Shopify;Shopify.shop;cdn.shopify.com;/cdn/shop/;shopify_core_js;shopify-section;shopify-payment-button;shopify_meta_attribute;header:shopify-complexity-score,False,True,13,address_state:Andhra Pradesh;phone:+91;currency:INR,address_state,address_state,ACCEPTED,,4,2,2,4,jsonld_or_dom_img,keyword_heuristics,metadata_or_headings,True,
https://belovedcustom.com,https://belovedcustom.com,404,False,0,,False,False,0,,,,REJECTED_FETCH_ERROR,HTTP 404,0,0,0,0,,,,True,HTTP 404
https://conceptkart.com,https://conceptkart.com,200,True,28,window.Shopify;Shopify.shop;cdn.shopify.com;/cdn/shop/;shopify_core_js;shopify-section;header:shopify-complexity-score,False,True,39,jsonld_india_address;state:Delhi;address_state:Delhi;address_pin:110028;address_city:delhi;phone:+91;indian_payment_gateway;currency:INR,jsonld_address;address_state;address_pincode;address_city,json_ld_address,ACCEPTED,,4,2,1,4,jsonld_or_dom_img,keyword_heuristics,metadata_or_headings,True,
https://rabitat.com,https://www.rabitat.com/,200,True,28,window.Shopify;Shopify.shop;cdn.shopify.com;/cdn/shop/;shopify_core_js;shopify-section;header:shopify-complexity-score,False,False,10,phone:+91;indian_payment_gateway;currency:INR,,,REJECTED_NON_INDIA,Lacks strong Indian business location evidence,4,0,0,0,,,,True,
https://shivaorganic.com,https://shivaorganic.com,200,True,28,window.Shopify;Shopify.shop;cdn.shopify.com;/cdn/shop/;shopify_core_js;shopify-section;header:shopify-complexity-score,False,True,25,address_state:Rajasthan;address_pin:302026;address_city:mumbai;phone:+91;indian_payment_gateway;currency:INR,address_state;address_pincode;address_city,address_state,ACCEPTED,,4,4,4,6,jsonld_or_dom_img,keyword_heuristics,metadata_or_headings,True,
https://florenz.in,https://florenz.in,0,False,0,,False,False,0,,,,REJECTED_FETCH_ERROR,NetworkError: ConnectError,0,0,0,0,,,,True,NetworkError: ConnectError
https://printfloyd.com,https://www.printfloyd.com/,200,True,28,window.Shopify;Shopify.shop;cdn.shopify.com;/cdn/shop/;shopify_core_js;shopify-section;header:shopify-complexity-score,False,True,17,address_state:Delhi;address_pin:110009;address_city:delhi;currency:INR,address_state;address_pincode;address_city,address_state,ACCEPTED,,4,1,1,2,jsonld_or_dom_img,keyword_heuristics,metadata_or_headings,True,
https://tatsat.co.in,https://tatsat.co.in,200,True,28,window.Shopify;Shopify.shop;cdn.shopify.com;/cdn/shop/;shopify_core_js;shopify-section;header:shopify-complexity-score,False,True,27,address_state:Delhi;address_pin:110016;address_city:delhi;phone:+91;indian_payment_gateway;currency:INR;domain:.co.in,address_state;address_pincode;address_city,address_state,ACCEPTED,,4,5,1,4,jsonld_or_dom_img,keyword_heuristics,metadata_or_headings,True,
https://habbada.com,https://www.habbada.com/,200,True,28,window.Shopify;Shopify.shop;cdn.shopify.com;/cdn/shop/;shopify_core_js;shopify-section;header:shopify-complexity-score,False,True,19,address_pin:600122;address_city:chennai;phone:+91;indian_payment_gateway;currency:INR,address_pincode;address_city,pin_code_600122,ACCEPTED,,4,1,1,3,jsonld_or_dom_img,keyword_heuristics,metadata_or_headings,True,
https://vatsyayanplus.com,https://vatsyayanplus.com,200,False,0,,False,False,0,,,,REJECTED_NON_SHOPIFY,Shopify score 0 < threshold 5,0,0,0,0,,,,True,
https://sasarts.com,https://sasarts.com,0,False,0,,False,False,0,,,,REJECTED_FETCH_ERROR,NetworkError: ConnectError,0,0,0,0,,,,True,NetworkError: ConnectError
https://littlecoolthings.com,https://littlecoolthings.com,0,False,0,,False,False,0,,,,REJECTED_FETCH_ERROR,NetworkError: ConnectError,0,0,0,0,,,,True,NetworkError: ConnectError
https://mountainmanonline.com,https://mountainmanonline.com,0,False,0,,False,False,0,,,,REJECTED_FETCH_ERROR,NetworkError: ConnectError,0,0,0,0,,,,True,NetworkError: ConnectError
https://customergoods.com,https://customergoods.com,0,False,0,,False,False,0,,,,REJECTED_FETCH_ERROR,NetworkError: ConnectError,0,0,0,0,,,,True,NetworkError: ConnectError
https://kwayzee.com,https://kwayzee.com,0,False,0,,False,False,0,,,,REJECTED_FETCH_ERROR,NetworkError: ConnectError,0,0,0,0,,,,True,NetworkError: ConnectError
https://akiiko.com,https://akiiko.com,200,True,30,window.Shopify;Shopify.shop;cdn.shopify.com;/cdn/shop/;shopify_core_js;shopify-section;shopify-payment-button;header:shopify-complexity-score,False,True,32,gstin:33AHGPG6636D1ZO;jsonld_india_address;state:Tamil Nadu;phone:+91;indian_payment_gateway;currency:INR,gstin;jsonld_address,gstin_code_33,ACCEPTED,,4,6,3,3,jsonld_or_dom_img,keyword_heuristics,metadata_or_headings,True,
https://buyandbrag.in,https://buyandbrag.in,0,False,0,,False,False,0,,,,REJECTED_FETCH_ERROR,NetworkError: ConnectError,0,0,0,0,,,,True,NetworkError: ConnectError
https://flatdeals.in,https://flatdeals.in,0,False,0,,False,False,0,,,,REJECTED_FETCH_ERROR,NetworkError: ConnectError,0,0,0,0,,,,True,NetworkError: ConnectError
https://instaoutlook.com,https://instaoutlook.com,0,False,0,,False,False,0,,,,REJECTED_FETCH_ERROR,NetworkError: ConnectError,0,0,0,0,,,,True,NetworkError: ConnectError
https://rickrogue.com,https://rickrogue.com,0,False,0,,False,False,0,,,,REJECTED_FETCH_ERROR,NetworkError: ConnectError,0,0,0,0,,,,True,NetworkError: ConnectError
https://poloring.com,https://poloring.com,0,False,0,,False,False,0,,,,REJECTED_FETCH_ERROR,NetworkError: ConnectError,0,0,0,0,,,,True,NetworkError: ConnectError
https://sindhisweets.com,https://www.sindhisweets.com/,200,True,28,window.Shopify;Shopify.shop;cdn.shopify.com;/cdn/shop/;shopify_core_js;shopify-section;header:shopify-complexity-score,False,True,17,address_state:Chandigarh;address_city:chandigarh;phone:+91;currency:INR,address_state;address_city,address_state,ACCEPTED,,4,1,1,2,jsonld_or_dom_img,keyword_heuristics,metadata_or_headings,True,
https://bombaydiva.com,https://bombaydiva.com,0,False,0,,False,False,0,,,,REJECTED_FETCH_ERROR,NetworkError: ConnectError,0,0,0,0,,,,True,NetworkError: ConnectError
https://getvyte.com,https://getvyte.com,200,False,0,,False,False,0,,,,REJECTED_NON_SHOPIFY,Shopify score 0 < threshold 5,0,0,0,0,,,,True,
https://ruraltreasures.com,,0,False,0,,False,False,0,,,,,,0,0,0,0,,,,False,Robots.txt blocks homepage
https://bitspace.co.in,https://bitspace.co.in,200,True,28,window.Shopify;Shopify.shop;cdn.shopify.com;/cdn/shop/;shopify_core_js;shopify-section;header:shopify-complexity-score,False,True,27,address_state:Maharashtra;address_pin:410210;address_city:mumbai;phone:+91;indian_payment_gateway;currency:INR;domain:.co.in,address_state;address_pincode;address_city,address_state,ACCEPTED,,4,1,1,4,jsonld_or_dom_img,keyword_heuristics,metadata_or_headings,True,
https://shoeshine.in,https://shoeshine.in,200,True,28,window.Shopify;Shopify.shop;cdn.shopify.com;/cdn/shop/;shopify_core_js;shopify-section;header:shopify-complexity-score,False,True,23,address_state:Rajasthan;address_pin:302019;address_city:jaipur;phone:+91;currency:INR;domain:.in,address_state;address_pincode;address_city,address_state,ACCEPTED,,4,1,1,0,jsonld_or_dom_img,keyword_heuristics,metadata_or_headings,True,
https://shirthub.in,https://shirthub.in,0,False,0,,False,False,0,,,,REJECTED_FETCH_ERROR,NetworkError: ConnectError,0,0,0,0,,,,True,NetworkError: ConnectError
https://shop7.in,https://shop7.in,0,False,0,,False,False,0,,,,REJECTED_FETCH_ERROR,NetworkError: ConnectError,0,0,0,0,,,,True,NetworkError: ConnectError
https://believebuy.com,https://believebuy.com,200,False,0,,False,False,0,,,,REJECTED_NON_SHOPIFY,Shopify score 0 < threshold 5,0,0,0,0,,,,True,
https://byzantic.com,https://byzantic.com,200,True,28,window.Shopify;Shopify.shop;cdn.shopify.com;/cdn/shop/;shopify_core_js;shopify-section;header:shopify-complexity-score,False,True,25,address_state:Maharashtra;address_pin:401105;address_city:thane;phone:+91;indian_payment_gateway;currency:INR,address_state;address_pincode;address_city,address_state,ACCEPTED,,4,2,2,8,jsonld_or_dom_img,keyword_heuristics,metadata_or_headings,True,
https://priyaodisha.com,https://priyaodisha.com,200,True,28,window.Shopify;Shopify.shop;cdn.shopify.com;/cdn/shop/;shopify_core_js;shopify-section;header:shopify-complexity-score,False,True,39,gstin:21AABFP5880E1ZI;jsonld_india_address;state:Odisha;address_state:Odisha;address_city:bhubaneswar;phone:+91;currency:INR,gstin;jsonld_address;address_state;address_city,gstin_code_21,ACCEPTED,,4,1,1,5,jsonld_or_dom_img,keyword_heuristics,metadata_or_headings,True,
https://nargistea.com,https://nargistea.com,200,True,28,window.Shopify;Shopify.shop;cdn.shopify.com;/cdn/shop/;shopify_core_js;shopify-section;header:shopify-complexity-score,False,True,25,address_state:West Bengal;address_pin:700027;address_city:kolkata;phone:+91;indian_payment_gateway;currency:INR,address_state;address_pincode;address_city,address_state,ACCEPTED,,4,1,1,3,jsonld_or_dom_img,keyword_heuristics,metadata_or_headings,True,
https://accessoriesplaza.in,https://accessoriesplaza.in,0,False,0,,False,False,0,,,,REJECTED_FETCH_ERROR,NetworkError: ConnectError,0,0,0,0,,,,True,NetworkError: ConnectError
https://moonfy.com,https://www.moonfy.com/,200,True,28,window.Shopify;Shopify.shop;cdn.shopify.com;/cdn/shop/;shopify_core_js;shopify-section;header:shopify-complexity-score,False,True,25,address_state:Tamil Nadu;address_pin:641008;address_city:coimbatore;phone:+91;indian_payment_gateway;currency:INR,address_state;address_pincode;address_city,address_state,ACCEPTED,,4,3,3,3,jsonld_or_dom_img,keyword_heuristics,metadata_or_headings,True,
https://infiiniti.com,https://infiiniti.com,0,False,0,,False,False,0,,,,REJECTED_FETCH_ERROR,NetworkError: ConnectError,0,0,0,0,,,,True,NetworkError: ConnectError
https://bulletautoparts.com,https://bulletautoparts.com,0,False,0,,False,False,0,,,,REJECTED_FETCH_ERROR,NetworkError: ConnectError,0,0,0,0,,,,True,NetworkError: ConnectError
https://sadhuram.in,https://berikut.id/,200,False,0,,False,False,0,,,,REJECTED_NON_SHOPIFY,Shopify score 0 < threshold 5,0,0,0,0,,,,True,
https://tygrtygr.com,https://tygrtygr.com,0,False,0,,False,False,0,,,,REJECTED_FETCH_ERROR,NetworkError: ConnectError,0,0,0,0,,,,True,NetworkError: ConnectError
https://drvedas.com,https://drvedas.com,200,False,0,,False,False,0,,,,REJECTED_NON_SHOPIFY,Shopify score 0 < threshold 5,0,0,0,0,,,,True,
https://natxtra.com,https://natxtra.com,200,True,30,window.Shopify;Shopify.shop;cdn.shopify.com;/cdn/shop/;shopify_core_js;shopify-section;shopify-payment-button;header:shopify-complexity-score,False,True,29,gstin:32AACCZ5150H1ZH;address_state:Kerala;address_pin:682016;phone:+91;indian_payment_gateway;currency:INR,gstin;address_state;address_pincode,gstin_code_32,ACCEPTED,,4,1,4,5,jsonld_or_dom_img,keyword_heuristics,metadata_or_headings,True,
https://thesadarbazaar.com,https://thesadarbazaar.com,200,False,0,,False,False,0,,,,REJECTED_NON_SHOPIFY,Shopify score 0 < threshold 5,0,0,0,0,,,,True,
https://mymattressclub.com,https://mymattressclub.com,200,True,30,window.Shopify;Shopify.shop;cdn.shopify.com;/cdn/shop/;shopify_core_js;shopify-section;shopify-payment-button;header:shopify-complexity-score,False,False,12,phone:+91;indian_payment_gateway;currency:INR;city_mention:kochi,,,REJECTED_NON_INDIA,Lacks strong Indian business location evidence,4,0,0,0,,,,True,
https://galeriabox.com,https://galeriabox.com,0,False,0,,False,False,0,,,,REJECTED_FETCH_ERROR,NetworkError: ConnectError,0,0,0,0,,,,True,NetworkError: ConnectError
https://mysticshop.in,https://mysticshop.in,0,False,0,,False,False,0,,,,REJECTED_FETCH_ERROR,NetworkError: ConnectError,0,0,0,0,,,,True,NetworkError: ConnectError
https://begumshop.com,https://begumshop.com,200,True,28,window.Shopify;Shopify.shop;cdn.shopify.com;/cdn/shop/;shopify_core_js;shopify-section;header:shopify-complexity-score,False,True,22,address_state:Delhi;address_pin:110015;address_city:delhi;phone:+91;currency:INR,address_state;address_pincode;address_city,address_state,ACCEPTED,,4,1,1,1,jsonld_or_dom_img,keyword_heuristics,metadata_or_headings,True,
https://opticnest.com,https://www.opticnest.com/,200,False,0,,False,False,0,,,,REJECTED_NON_SHOPIFY,Shopify score 0 < threshold 5,0,0,0,0,,,,True,
https://smartcraft.in,https://smartcraft.in,200,True,32,window.Shopify;Shopify.shop;cdn.shopify.com;/cdn/shop/;shopify_core_js;shopify-section;shopify-payment-button;shopify_meta_attribute;header:shopify-complexity-score,False,True,12,address_pin:560043;address_city:bangalore;currency:INR;domain:.in,address_pincode;address_city,pin_code_560043,ACCEPTED,,4,1,1,4,jsonld_or_dom_img,keyword_heuristics,metadata_or_headings,True,
https://cherrybeauties.com,https://cherrybeauties.com,200,False,0,,False,False,0,,,,REJECTED_NON_SHOPIFY,Shopify score 0 < threshold 5,0,0,0,0,,,,True,
https://artifie.com,https://artifie.com,0,False,0,,False,False,0,,,,REJECTED_FETCH_ERROR,Timeout: ConnectTimeout,0,0,0,0,,,,True,Timeout: ConnectTimeout
https://artsidecor.com,https://artsidecor.com,0,False,0,,False,False,0,,,,REJECTED_FETCH_ERROR,NetworkError: ConnectError,0,0,0,0,,,,True,NetworkError: ConnectError
https://myorchids.in,https://myorchids.in,200,True,28,window.Shopify;Shopify.shop;cdn.shopify.com;/cdn/shop/;shopify_core_js;shopify-section;header:shopify-complexity-score,False,True,19,address_state:Tamil Nadu;address_pin:642001;phone:+91;currency:INR;domain:.in,address_state;address_pincode,address_state,ACCEPTED,,4,1,2,1,jsonld_or_dom_img,keyword_heuristics,metadata_or_headings,True,
https://iriscosmetics.biz,https://www.iriscosmetics.biz/,200,True,30,window.Shopify;Shopify.shop;cdn.shopify.com;/cdn/shop/;shopify_core_js;shopify-section;shopify-payment-button;header:shopify-complexity-score,False,True,19,address_pin:380015;address_city:ahmedabad;phone:+91;indian_payment_gateway;currency:INR,address_pincode;address_city,pin_code_380015,ACCEPTED,,4,1,1,5,jsonld_or_dom_img,keyword_heuristics,metadata_or_headings,True,
https://windmillbaby.com,https://windmillbaby.com,200,True,30,window.Shopify;Shopify.shop;cdn.shopify.com;/cdn/shop/;shopify_core_js;shopify-section;shopify-payment-button;header:shopify-complexity-score,False,False,10,phone:+91;indian_payment_gateway;currency:INR,,,REJECTED_NON_INDIA,Lacks strong Indian business location evidence,4,0,0,0,,,,True,
https://esupli.com,https://esupli.com,200,False,0,,False,False,0,,,,REJECTED_NON_SHOPIFY,Shopify score 0 < threshold 5,0,0,0,0,,,,True,
https://aahanna.com,https://aahanna.com,0,False,0,,False,False,0,,,,REJECTED_FETCH_ERROR,NetworkError: ConnectError,0,0,0,0,,,,True,NetworkError: ConnectError
https://mymobilecases.com,https://mymobilecases.com,0,False,0,,False,False,0,,,,REJECTED_FETCH_ERROR,NetworkError: ConnectError,0,0,0,0,,,,True,NetworkError: ConnectError
https://bodylavish.com,https://bodylavish.com,0,False,0,,False,False,0,,,,REJECTED_FETCH_ERROR,NetworkError: ConnectError,0,0,0,0,,,,True,NetworkError: ConnectError
https://bored.co.in,https://bored.co.in,200,False,0,,False,False,0,,,,REJECTED_NON_SHOPIFY,Shopify score 0 < threshold 5,0,0,0,0,,,,True,
https://thepawtisserie.com,https://thepawtisserie.com,200,True,28,window.Shopify;Shopify.shop;cdn.shopify.com;/cdn/shop/;shopify_core_js;shopify-section;header:shopify-complexity-score,False,True,22,address_state:Chandigarh;address_pin:160002;address_city:chandigarh;phone:+91;currency:INR,address_state;address_pincode;address_city,address_state,ACCEPTED,,4,2,2,2,jsonld_or_dom_img,keyword_heuristics,metadata_or_headings,True,
https://mysilkbox.com,https://mysilkbox.com,0,False,0,,False,False,0,,,,REJECTED_FETCH_ERROR,NetworkError: ConnectError,0,0,0,0,,,,True,NetworkError: ConnectError
https://onlinestoreroom.com,https://onlinestoreroom.com,200,True,30,window.Shopify;Shopify.shop;cdn.shopify.com;/cdn/shop/;shopify_core_js;shopify-section;shopify-payment-button;header:shopify-complexity-score,False,False,5,indian_payment_gateway;currency:INR,,,REJECTED_NON_INDIA,India score 5 < threshold 7,4,0,0,0,,,,True,
https://wiseted.com,https://www.wiseted.com/,200,True,28,window.Shopify;Shopify.shop;cdn.shopify.com;/cdn/shop/;shopify_core_js;shopify-section;header:shopify-complexity-score,False,True,25,address_state:Haryana;address_pin:560048;address_city:bengaluru;phone:+91;indian_payment_gateway;currency:INR,address_state;address_pincode;address_city,address_state,ACCEPTED,,4,1,1,2,jsonld_or_dom_img,keyword_heuristics,metadata_or_headings,True,
https://indiacuisine.net,https://indiacuisine.net,200,True,28,window.Shopify;Shopify.shop;cdn.shopify.com;/cdn/shop/;shopify_core_js;shopify-section;header:shopify-complexity-score,False,True,20,address_state:West Bengal;address_pin:700055;address_city:kolkata;indian_payment_gateway;currency:INR,address_state;address_pincode;address_city,address_state,ACCEPTED,,4,1,1,3,jsonld_or_dom_img,keyword_heuristics,metadata_or_headings,True,
https://mumdaughter.com,https://mumdaughter.com,200,True,28,window.Shopify;Shopify.shop;cdn.shopify.com;/cdn/shop/;shopify_core_js;shopify-section;header:shopify-complexity-score,False,True,13,address_state:Rajasthan;phone:+91;currency:INR,address_state,address_state,ACCEPTED,,4,2,0,1,jsonld_or_dom_img,keyword_heuristics,metadata_or_headings,True,
https://aevum.in,https://www.aevum.in/,200,True,28,window.Shopify;Shopify.shop;cdn.shopify.com;/cdn/shop/;shopify_core_js;shopify-section;header:shopify-complexity-score,False,False,8,phone:+91;currency:INR;domain:.in,,,REJECTED_NON_INDIA,Lacks strong Indian business location evidence,1,0,0,0,,,,True,
https://houseofmiko.com,,0,False,0,,False,False,0,,,,,,0,0,0,0,,,,False,Robots.txt blocks homepage
https://bhartiyashilp.com,https://bhartiyashilp.com,0,False,0,,False,False,0,,,,REJECTED_FETCH_ERROR,NetworkError: ConnectError,0,0,0,0,,,,True,NetworkError: ConnectError
https://rocheeswatches.com,https://rocheeswatches.com,0,False,0,,False,False,0,,,,REJECTED_FETCH_ERROR,NetworkError: ConnectError,0,0,0,0,,,,True,NetworkError: ConnectError
https://nivaahjewels.com,https://nivaahjewels.com,200,True,28,window.Shopify;Shopify.shop;cdn.shopify.com;/cdn/shop/;shopify_core_js;shopify-section;header:shopify-complexity-score,False,True,16,address_pin:302021;address_city:jaipur;phone:+91;currency:INR,address_pincode;address_city,pin_code_302021,ACCEPTED,,4,1,1,2,jsonld_or_dom_img,keyword_heuristics,metadata_or_headings,True,
https://winkandwish.com,https://winkandwish.com,200,True,28,window.Shopify;Shopify.shop;cdn.shopify.com;/cdn/shop/;shopify_core_js;shopify-section;header:shopify-complexity-score,False,True,19,address_pin:226023;address_city:lucknow;phone:+91;indian_payment_gateway;currency:INR,address_pincode;address_city,pin_code_226023,ACCEPTED,,4,1,1,1,jsonld_or_dom_img,keyword_heuristics,metadata_or_headings,True,
https://lavishgiftz.com,https://www.lavishgiftz.com/,200,True,28,window.Shopify;Shopify.shop;cdn.shopify.com;/cdn/shop/;shopify_core_js;shopify-section;header:shopify-complexity-score,False,True,17,address_state:Karnataka;address_city:bangalore;phone:+91;currency:INR,address_state;address_city,address_state,ACCEPTED,,4,1,1,0,jsonld_or_dom_img,keyword_heuristics,metadata_or_headings,True,
https://biocule.com,https://biocule.com,200,True,28,window.Shopify;Shopify.shop;cdn.shopify.com;/cdn/shop/;shopify_core_js;shopify-section;header:shopify-complexity-score,False,True,25,address_state:Haryana;address_pin:122022;address_city:gurgaon;phone:+91;indian_payment_gateway;currency:INR,address_state;address_pincode;address_city,address_state,ACCEPTED,,4,1,1,5,jsonld_or_dom_img,keyword_heuristics,metadata_or_headings,True,
https://honeybeebasket.com,https://honeybeebasket.com,0,False,0,,False,False,0,,,,REJECTED_FETCH_ERROR,NetworkError: ConnectError,0,0,0,0,,,,True,NetworkError: ConnectError
https://solutionforever.com,https://solutionforever.com,200,False,0,,False,False,0,,,,REJECTED_NON_SHOPIFY,Shopify score 0 < threshold 5,0,0,0,0,,,,True,
https://homenrugs.com,https://homenrugs.com,0,False,0,,False,False,0,,,,REJECTED_FETCH_ERROR,NetworkError: ConnectError,0,0,0,0,,,,True,NetworkError: ConnectError
https://thesilkstory.com,https://thesilkstory.com,200,True,28,window.Shopify;Shopify.shop;cdn.shopify.com;/cdn/shop/;shopify_core_js;shopify-section;header:shopify-complexity-score,False,True,25,gstin:19AAACU5161F1ZD;address_state:West Bengal;address_city:kolkata;phone:+91;currency:INR,gstin;address_state;address_city,gstin_code_19,ACCEPTED,,4,1,1,5,jsonld_or_dom_img,keyword_heuristics,metadata_or_headings,True,
https://growpire.com,https://growpire.com,0,False,0,,False,False,0,,,,REJECTED_FETCH_ERROR,Timeout: ConnectTimeout,0,0,0,0,,,,True,Timeout: ConnectTimeout
https://milletbowl.com,https://milletbowl.com,200,False,0,,False,False,0,,,,REJECTED_NON_SHOPIFY,Shopify score 0 < threshold 5,0,0,0,0,,,,True,
https://badmaash.com,,0,False,0,,False,False,0,,,,,,0,0,0,0,,,,False,Robots.txt blocks homepage
https://hausofhandmade.com,https://www.hausofhandmade.com/,200,True,30,window.Shopify;Shopify.shop;cdn.shopify.com;/cdn/shop/;shopify_core_js;shopify-section;shopify-payment-button;header:shopify-complexity-score,False,True,26,jsonld_india_address;state:Uttar Pradesh;phone:+91;indian_payment_gateway;currency:INR;city_mention:noida,jsonld_address,json_ld_address,ACCEPTED,,4,2,2,2,jsonld_or_dom_img,keyword_heuristics,metadata_or_headings,True,
https://shoppingly.in,https://shoppingly.in,0,False,0,,False,False,0,,,,REJECTED_FETCH_ERROR,NetworkError: ConnectError,0,0,0,0,,,,True,NetworkError: ConnectError
https://citygirl.co.in,https://citygirls.co.in,200,False,0,,False,False,0,,,,REJECTED_NON_SHOPIFY,Shopify score 0 < threshold 5,0,0,0,0,,,,True,
https://ambedkari.com,https://ambedkari.com,0,False,0,,False,False,0,,,,REJECTED_FETCH_ERROR,NetworkError: ConnectError,0,0,0,0,,,,True,NetworkError: ConnectError
https://tamrac.in,https://tamrac.in,0,False,0,,False,False,0,,,,REJECTED_FETCH_ERROR,NetworkError: ConnectError,0,0,0,0,,,,True,NetworkError: ConnectError
https://didikart.com,https://didikart.com,0,False,0,,False,False,0,,,,REJECTED_FETCH_ERROR,NetworkError: ConnectError,0,0,0,0,,,,True,NetworkError: ConnectError
https://pinkharvest.com,https://pinkharvest.com,200,True,32,window.Shopify;Shopify.shop;cdn.shopify.com;/cdn/shop/;shopify_core_js;shopify-section;shopify-payment-button;shopify_meta_attribute;header:shopify-complexity-score,False,False,10,phone:+91;indian_payment_gateway;currency:INR,,,REJECTED_NON_INDIA,Lacks strong Indian business location evidence,4,0,0,0,,,,True,
https://cluemi.com,https://cluemi.com,0,False,0,,False,False,0,,,,REJECTED_FETCH_ERROR,NetworkError: ConnectError,0,0,0,0,,,,True,NetworkError: ConnectError
https://dealsguru.co.in,https://dealsguru.co.in,0,False,0,,False,False,0,,,,REJECTED_FETCH_ERROR,NetworkError: ConnectError,0,0,0,0,,,,True,NetworkError: ConnectError
https://besimple.co.in,,0,False,0,,False,False,0,,,,,,0,0,0,0,,,,False,Robots.txt blocks homepage
https://tearbird.com,https://tearbird.com,200,False,0,,False,False,0,,,,REJECTED_NON_SHOPIFY,Shopify score 0 < threshold 5,0,0,0,0,,,,True,
https://bathrobe.in,https://bathrobe.in,200,True,28,window.Shopify;Shopify.shop;cdn.shopify.com;/cdn/shop/;shopify_core_js;shopify-section;header:shopify-complexity-score,False,True,17,address_pin:302004;address_city:jaipur;phone:+91;currency:INR;domain:.in,address_pincode;address_city,pin_code_302004,ACCEPTED,,4,3,1,4,jsonld_or_dom_img,keyword_heuristics,metadata_or_headings,True,
https://amrapali.info,https://amrapali.info,200,False,0,,False,False,0,,,,REJECTED_NON_SHOPIFY,Shopify score 0 < threshold 5,0,0,0,0,,,,True,
https://thepillowcompany.com,https://thepillowcompany.com,200,True,28,window.Shopify;Shopify.shop;cdn.shopify.com;/cdn/shop/;shopify_core_js;shopify-section;header:shopify-complexity-score,False,False,10,phone:+91;indian_payment_gateway;currency:INR,,,REJECTED_NON_INDIA,Lacks strong Indian business location evidence,4,0,0,0,,,,True,
https://justpowerup.com,https://justpowerup.com,200,True,28,window.Shopify;Shopify.shop;cdn.shopify.com;/cdn/shop/;shopify_core_js;shopify-section;header:shopify-complexity-score,False,True,17,address_state:Delhi;address_pin:110020;address_city:delhi;currency:INR,address_state;address_pincode;address_city,address_state,ACCEPTED,,4,1,0,2,jsonld_or_dom_img,keyword_heuristics,metadata_or_headings,True,
https://vmlexports.com,https://vmlexports.com,200,True,28,window.Shopify;Shopify.shop;cdn.shopify.com;/cdn/shop/;shopify_core_js;shopify-section;header:shopify-complexity-score,False,True,12,address_pin:636102;phone:+91;currency:INR,address_pincode,pin_code_636102,ACCEPTED,,2,1,2,0,jsonld_or_dom_img,keyword_heuristics,metadata_or_headings,True,
https://exploringindia.org,https://exploringindia.org,0,False,0,,False,False,0,,,,REJECTED_FETCH_ERROR,NetworkError: ConnectError,0,0,0,0,,,,True,NetworkError: ConnectError
https://omfabs.com,https://omfabs.com,200,True,30,window.Shopify;Shopify.shop;cdn.shopify.com;/cdn/shop/;shopify_core_js;shopify-section;shopify-payment-button;header:shopify-complexity-score,False,True,22,address_state:Haryana;address_pin:122008;address_city:gurugram;phone:+91;currency:INR,address_state;address_pincode;address_city,address_state,ACCEPTED,,4,1,2,2,jsonld_or_dom_img,keyword_heuristics,metadata_or_headings,True,
https://thelinenlibrary.com,https://thelinenlibrary.com,0,False,0,,False,False,0,,,,REJECTED_FETCH_ERROR,NetworkError: ConnectError,0,0,0,0,,,,True,NetworkError: ConnectError
https://kraftybear.com,https://kraftybear.com,0,False,0,,False,False,0,,,,REJECTED_FETCH_ERROR,NetworkError: ConnectError,0,0,0,0,,,,True,NetworkError: ConnectError
https://thequickcart.com,https://thequickcart.com,0,False,0,,False,False,0,,,,REJECTED_FETCH_ERROR,NetworkError: ConnectError,0,0,0,0,,,,True,NetworkError: ConnectError
https://uberplast.com,https://uberplast.com,200,True,28,window.Shopify;Shopify.shop;cdn.shopify.com;/cdn/shop/;shopify_core_js;shopify-section;header:shopify-complexity-score,False,True,36,jsonld_india_address;state:Andhra Pradesh;address_state:Andhra Pradesh;address_pin:600018;address_city:chennai;phone:+91;currency:INR,jsonld_address;address_state;address_pincode;address_city,json_ld_address,ACCEPTED,,1,2,1,0,jsonld_or_dom_img,keyword_heuristics,metadata_or_headings,True,
https://woofkart.com,,0,False,0,,False,False,0,,,,,,0,0,0,0,,,,False,Robots.txt blocks homepage
https://chacha420.com,https://chacha420.com,0,False,0,,False,False,0,,,,REJECTED_FETCH_ERROR,NetworkError: ConnectError,0,0,0,0,,,,True,NetworkError: ConnectError
https://bestsaree.com,https://bestsaree.com,403,False,0,,False,False,0,,,,REJECTED_FETCH_ERROR,HTTP 403,0,0,0,0,,,,True,HTTP 403
https://zodiz.com,https://www.zodiz.com/,200,True,28,window.Shopify;Shopify.shop;cdn.shopify.com;/cdn/shop/;shopify_core_js;shopify-section;header:shopify-complexity-score,False,True,22,address_state:Tamil Nadu;address_pin:600034;address_city:chennai;phone:+91;currency:INR,address_state;address_pincode;address_city,address_state,ACCEPTED,,2,1,1,3,jsonld_or_dom_img,keyword_heuristics,metadata_or_headings,True,
https://mozomart.in,https://mozomart.in,0,False,0,,False,False,0,,,,REJECTED_FETCH_ERROR,NetworkError: ConnectError,0,0,0,0,,,,True,NetworkError: ConnectError
https://bhawnarao.com,https://bhawnarao.com,200,True,28,window.Shopify;Shopify.shop;cdn.shopify.com;/cdn/shop/;shopify_core_js;shopify-section;header:shopify-complexity-score,False,True,22,address_state:Haryana;address_pin:122001;address_city:gurugram;phone:+91;currency:INR,address_state;address_pincode;address_city,address_state,ACCEPTED,,4,5,1,4,jsonld_or_dom_img,keyword_heuristics,metadata_or_headings,True,
https://weby2.com,https://weby2.com,200,True,30,window.Shopify;Shopify.shop;cdn.shopify.com;/cdn/shop/;shopify_core_js;shopify-section;shopify-payment-button;header:shopify-complexity-score,False,True,19,address_pin:380006;address_city:ahmedabad;phone:+91;indian_payment_gateway;currency:INR,address_pincode;address_city,pin_code_380006,ACCEPTED,,4,1,1,3,jsonld_or_dom_img,keyword_heuristics,metadata_or_headings,True,
https://hellokart.com,https://hellokart.com,200,False,0,,False,False,0,,,,REJECTED_NON_SHOPIFY,Shopify score 0 < threshold 5,0,0,0,0,,,,True,
https://a1cells.com,,0,False,0,,False,False,0,,,,,,0,0,0,0,,,,False,Robots.txt blocks homepage
https://sunshinefmcg.com,https://sun24.co.in/,200,True,28,window.Shopify;Shopify.shop;cdn.shopify.com;/cdn/shop/;shopify_core_js;shopify-section;header:shopify-complexity-score,False,True,12,address_pin:416008;phone:+91;currency:INR,address_pincode,pin_code_416008,ACCEPTED,,4,2,1,1,jsonld_or_dom_img,keyword_heuristics,metadata_or_headings,True,
https://designerlehengacholi.com,https://designerlehengacholi.com,200,False,0,,False,False,0,,,,REJECTED_NON_SHOPIFY,Shopify score 0 < threshold 5,0,0,0,0,,,,True,
https://buxaz.com,https://buxaz.com,0,False,0,,False,False,0,,,,REJECTED_FETCH_ERROR,NetworkError: ConnectError,0,0,0,0,,,,True,NetworkError: ConnectError
https://trendoye.com,https://trendoye.com,200,True,28,window.Shopify;Shopify.shop;cdn.shopify.com;/cdn/shop/;shopify_core_js;shopify-section;header:shopify-complexity-score,False,True,25,jsonld_india_address;state:Maharashtra;address_city:thane;phone:+91;currency:INR,jsonld_address;address_city,json_ld_address,ACCEPTED,,4,1,1,2,jsonld_or_dom_img,keyword_heuristics,metadata_or_headings,True,
https://trianglestars.com,https://www.trianglestars.com/,200,True,32,window.Shopify;Shopify.shop;cdn.shopify.com;/cdn/shop/;shopify_core_js;shopify-section;shopify-payment-button;shopify_meta_attribute;header:shopify-complexity-score,False,False,10,phone:+91;indian_payment_gateway;currency:INR,,,REJECTED_NON_INDIA,Lacks strong Indian business location evidence,4,0,0,0,,,,True,
https://italica.com,https://italica.com,200,True,28,window.Shopify;Shopify.shop;cdn.shopify.com;/cdn/shop/;shopify_core_js;shopify-section;header:shopify-complexity-score,False,True,22,address_state:Dadra and Nagar Haveli and Daman and Diu;address_pin:313031;address_city:udaipur;phone:+91;currency:INR,address_state;address_pincode;address_city,address_state,ACCEPTED,,4,2,1,4,jsonld_or_dom_img,keyword_heuristics,metadata_or_headings,True,
https://littlebitgypsy.com,https://littlebitgypsy.com,0,False,0,,False,False,0,,,,REJECTED_FETCH_ERROR,NetworkError: ConnectError,0,0,0,0,,,,True,NetworkError: ConnectError
https://mireyaonline.com,https://mireyaonline.com,0,False,0,,False,False,0,,,,REJECTED_FETCH_ERROR,NetworkError: ConnectError,0,0,0,0,,,,True,NetworkError: ConnectError
https://info-b2b.com,https://info-b2b.com,0,False,0,,False,False,0,,,,REJECTED_FETCH_ERROR,NetworkError: ConnectError,0,0,0,0,,,,True,NetworkError: ConnectError
https://picok.net,,0,False,0,,False,False,0,,,,,,0,0,0,0,,,,False,Robots.txt blocks homepage
https://hybrixx.com,https://www.hybrixx.com/,200,False,0,,False,False,0,,,,REJECTED_NON_SHOPIFY,Shopify score 0 < threshold 5,0,0,0,0,,,,True,
https://jattboot.com,https://jattboot.com,0,False,0,,False,False,0,,,,REJECTED_FETCH_ERROR,NetworkError: ConnectError,0,0,0,0,,,,True,NetworkError: ConnectError
https://ayinat.com,,0,False,0,,False,False,0,,,,,,0,0,0,0,,,,False,Robots.txt blocks homepage
https://mayukhtea.com,https://www.mayukhtea.com/,200,True,28,window.Shopify;Shopify.shop;cdn.shopify.com;/cdn/shop/;shopify_core_js;shopify-section;header:shopify-complexity-score,False,False,10,phone:+91;indian_payment_gateway;currency:INR,,,REJECTED_NON_INDIA,Lacks strong Indian business location evidence,4,0,0,0,,,,True,
https://mannatgupta.com,https://mannatgupta.com,200,False,0,,False,False,0,,,,REJECTED_NON_SHOPIFY,Shopify score 0 < threshold 5,0,0,0,0,,,,True,
https://craftydecors.com,https://craftydecors.com,0,False,0,,False,False,0,,,,REJECTED_FETCH_ERROR,NetworkError: ConnectError,0,0,0,0,,,,True,NetworkError: ConnectError
https://ga611.com,https://ga611.com,0,False,0,,False,False,0,,,,REJECTED_FETCH_ERROR,Timeout: ConnectTimeout,0,0,0,0,,,,True,Timeout: ConnectTimeout
https://sareedeal.in,https://sareedeal.in,0,False,0,,False,False,0,,,,REJECTED_FETCH_ERROR,NetworkError: ConnectError,0,0,0,0,,,,True,NetworkError: ConnectError
https://a2zsellers.com,https://a2zsellers.com,0,False,0,,False,False,0,,,,REJECTED_FETCH_ERROR,NetworkError: ConnectError,0,0,0,0,,,,True,NetworkError: ConnectError
https://akayshop.com,https://akayshop.com,200,False,0,,False,False,0,,,,REJECTED_NON_SHOPIFY,Shopify score 0 < threshold 5,0,0,0,0,,,,True,
https://le15.com,https://le15.com,200,True,32,window.Shopify;Shopify.shop;cdn.shopify.com;/cdn/shop/;shopify_core_js;shopify-section;shopify-payment-button;shopify_meta_attribute;header:shopify-complexity-score,False,True,25,address_state:Maharashtra;address_pin:400012;address_city:mumbai;phone:+91;indian_payment_gateway;currency:INR,address_state;address_pincode;address_city,address_state,ACCEPTED,,4,3,1,2,jsonld_or_dom_img,keyword_heuristics,metadata_or_headings,True,
https://hansamart.com,https://hansamart.com,0,False,0,,False,False,0,,,,REJECTED_FETCH_ERROR,NetworkError: ConnectError,0,0,0,0,,,,True,NetworkError: ConnectError
https://mehfyl.com,https://mehfyl.com,200,True,30,window.Shopify;Shopify.shop;cdn.shopify.com;/cdn/shop/;shopify_core_js;shopify-section;shopify-payment-button;header:shopify-complexity-score,False,True,30,gstin:07ABHCS2122C2ZT;address_state:Delhi;address_pin:110070;address_city:delhi;phone:+91;currency:INR,gstin;address_state;address_pincode;address_city,gstin_code_07,ACCEPTED,,4,1,1,1,jsonld_or_dom_img,keyword_heuristics,metadata_or_headings,True,
https://dharmikstore.com,,0,False,0,,False,False,0,,,,,,0,0,0,0,,,,False,Robots.txt blocks homepage
https://forthylove.com,https://forthylove.com,0,False,0,,False,False,0,,,,REJECTED_FETCH_ERROR,NetworkError: ConnectError,0,0,0,0,,,,True,NetworkError: ConnectError
https://choomantarr.com,https://choomantarr.com,0,False,0,,False,False,0,,,,REJECTED_FETCH_ERROR,NetworkError: ConnectError,0,0,0,0,,,,True,NetworkError: ConnectError
https://finesilverjewels.com,https://finesilverjewels.com,200,True,28,window.Shopify;Shopify.shop;cdn.shopify.com;/cdn/shop/;shopify_core_js;shopify-section;header:shopify-complexity-score,False,True,39,jsonld_india_address;state:Rajasthan;address_state:Rajasthan;address_pin:302016;address_city:jaipur;phone:+91;indian_payment_gateway;currency:INR,jsonld_address;address_state;address_pincode;address_city,json_ld_address,ACCEPTED,,4,1,2,4,jsonld_or_dom_img,keyword_heuristics,metadata_or_headings,True,
https://studionexx.com,https://www.studionexx.com/,200,True,28,window.Shopify;Shopify.shop;cdn.shopify.com;/cdn/shop/;shopify_core_js;shopify-section;header:shopify-complexity-score,False,True,39,jsonld_india_address;state:Gujarat;address_state:Gujarat;address_pin:382443;address_city:ahmedabad;phone:+91;indian_payment_gateway;currency:INR,jsonld_address;address_state;address_pincode;address_city,json_ld_address,ACCEPTED,,4,3,1,2,jsonld_or_dom_img,keyword_heuristics,metadata_or_headings,True,
https://sstringz.com,https://sstringz.com,200,False,0,,False,False,0,,,,REJECTED_NON_SHOPIFY,Shopify score 0 < threshold 5,0,0,0,0,,,,True,
https://yourwish.in,https://yourwish.in,200,False,0,,False,False,0,,,,REJECTED_NON_SHOPIFY,Shopify score 0 < threshold 5,0,0,0,0,,,,True,
https://whatiff.in,https://www.whatiff.in/,200,False,0,,False,False,0,,,,REJECTED_NON_SHOPIFY,Shopify score 0 < threshold 5,0,0,0,0,,,,True,
https://memoirsandstories.com,https://memoirsandstories.com,0,False,0,,False,False,0,,,,REJECTED_FETCH_ERROR,NetworkError: ConnectError,0,0,0,0,,,,True,NetworkError: ConnectError
https://picobeans.com,https://picobeans.com,0,False,0,,False,False,0,,,,REJECTED_FETCH_ERROR,NetworkError: ConnectError,0,0,0,0,,,,True,NetworkError: ConnectError
https://lapaws.com,https://lapaws.com,200,False,0,,False,False,0,,,,REJECTED_NON_SHOPIFY,Shopify score 0 < threshold 5,0,0,0,0,,,,True,
https://jaibros.com,https://www.jaibros.com/,200,True,30,window.Shopify;Shopify.shop;cdn.shopify.com;/cdn/shop/;shopify_core_js;shopify-section;shopify-payment-button;header:shopify-complexity-score,False,True,25,address_state:Delhi;address_pin:110083;address_city:delhi;phone:+91;indian_payment_gateway;currency:INR,address_state;address_pincode;address_city,address_state,ACCEPTED,,4,1,1,6,jsonld_or_dom_img,keyword_heuristics,metadata_or_headings,True,
https://thedatehouse.com,,0,False,0,,False,False,0,,,,,,0,0,0,0,,,,False,Robots.txt blocks homepage
https://shinetoy.com,https://shinetoy.com,0,False,0,,False,False,0,,,,REJECTED_FETCH_ERROR,NetworkError: ConnectError,0,0,0,0,,,,True,NetworkError: ConnectError
https://greenhabit.in,https://www.greenhabit.in/,200,True,28,window.Shopify;Shopify.shop;cdn.shopify.com;/cdn/shop/;shopify_core_js;shopify-section;header:shopify-complexity-score,False,True,17,address_pin:400080;address_city:mumbai;phone:+91;currency:INR;domain:.in,address_pincode;address_city,pin_code_400080,ACCEPTED,,4,1,1,2,jsonld_or_dom_img,keyword_heuristics,metadata_or_headings,True,
https://peacasso.com,https://peacasso.com,0,False,0,,False,False,0,,,,REJECTED_FETCH_ERROR,NetworkError: ConnectError,0,0,0,0,,,,True,NetworkError: ConnectError
https://32nd.com,https://32nd.com,200,False,0,,False,False,0,,,,REJECTED_NON_SHOPIFY,Shopify score 0 < threshold 5,0,0,0,0,,,,True,
https://artpalace.co,https://artpalaceindia.com/?shpxid=6c45a163-3fc6-45c8-b279-b096d173a3ec,200,True,28,window.Shopify;Shopify.shop;cdn.shopify.com;/cdn/shop/;shopify_core_js;shopify-section;header:shopify-complexity-score,False,True,33,jsonld_india_address;address_state:Rajasthan;address_pin:302001;address_city:jaipur;phone:+91;indian_payment_gateway;currency:INR,jsonld_address;address_state;address_pincode;address_city,address_state,ACCEPTED,,4,2,2,4,jsonld_or_dom_img,keyword_heuristics,metadata_or_headings,True,
https://khushee.in,https://khushee.in,0,False,0,,False,False,0,,,,REJECTED_FETCH_ERROR,NetworkError: ConnectError,0,0,0,0,,,,True,NetworkError: ConnectError
https://lussolifestyle.com,https://lussolifestyle.com,200,True,30,window.Shopify;Shopify.shop;cdn.shopify.com;/cdn/shop/;shopify_core_js;shopify-section;shopify-payment-button;header:shopify-complexity-score,False,True,19,address_pin:400004;address_city:mumbai;phone:+91;indian_payment_gateway;currency:INR,address_pincode;address_city,pin_code_400004,ACCEPTED,,4,2,3,3,jsonld_or_dom_img,keyword_heuristics,metadata_or_headings,True,
https://cuddlemydog.com,https://cuddlemydog.com,0,False,0,,False,False,0,,,,REJECTED_FETCH_ERROR,NetworkError: ConnectError,0,0,0,0,,,,True,NetworkError: ConnectError
https://priyankasinghdesigns.com,https://priyankasinghdesigns.com,200,True,28,window.Shopify;Shopify.shop;cdn.shopify.com;/cdn/shop/;shopify_core_js;shopify-section;header:shopify-complexity-score,False,True,17,address_state:Delhi;address_city:delhi;phone:+91;currency:INR,address_state;address_city,address_state,ACCEPTED,,3,1,0,0,jsonld_or_dom_img,keyword_heuristics,metadata_or_headings,True,
https://rippleshome.com,https://rippleshome.com,200,True,28,window.Shopify;Shopify.shop;cdn.shopify.com;/cdn/shop/;shopify_core_js;shopify-section;header:shopify-complexity-score,False,True,16,address_pin:201305;address_city:noida;phone:+91;currency:INR,address_pincode;address_city,pin_code_201305,ACCEPTED,,4,1,2,2,jsonld_or_dom_img,keyword_heuristics,metadata_or_headings,True,
https://zonixa.com,https://zonixa.com,200,False,0,,False,False,0,,,,REJECTED_NON_SHOPIFY,Shopify score 0 < threshold 5,0,0,0,0,,,,True,
https://icannindia.com,https://icannindia.com,0,False,0,,False,False,0,,,,REJECTED_FETCH_ERROR,NetworkError: ConnectError,0,0,0,0,,,,True,NetworkError: ConnectError
https://sneakare.com,https://sneakare.com,200,True,30,window.Shopify;Shopify.shop;cdn.shopify.com;/cdn/shop/;shopify_core_js;shopify-section;shopify-payment-button;header:shopify-complexity-score,False,True,21,address_state:Haryana;address_pin:131028;phone:+91;indian_payment_gateway;currency:INR,address_state;address_pincode,address_state,ACCEPTED,,4,1,1,6,jsonld_or_dom_img,keyword_heuristics,metadata_or_headings,True,
https://truthfab.com,https://truthfab.com,200,True,30,window.Shopify;Shopify.shop;cdn.shopify.com;/cdn/shop/;shopify_core_js;shopify-section;shopify-payment-button;header:shopify-complexity-score,False,True,11,address_city:varanasi;phone:+91;currency:INR,address_city,address_city_varanasi,ACCEPTED,,4,1,2,4,jsonld_or_dom_img,keyword_heuristics,metadata_or_headings,True,
https://thequincelife.com,https://www.thequincelife.com/,200,True,28,window.Shopify;Shopify.shop;cdn.shopify.com;/cdn/shop/;shopify_core_js;shopify-section;header:shopify-complexity-score,False,True,33,gstin:06AESPA7846L1ZY;address_state:Haryana;address_pin:122101;address_city:gurgaon;phone:+91;indian_payment_gateway;currency:INR,gstin;address_state;address_pincode;address_city,gstin_code_06,ACCEPTED,,4,3,1,4,jsonld_or_dom_img,keyword_heuristics,metadata_or_headings,True,
https://thetablefable.com,https://www.thetablefable.com/,200,True,30,window.Shopify;Shopify.shop;cdn.shopify.com;/cdn/shop/;shopify_core_js;shopify-section;shopify-payment-button;header:shopify-complexity-score,False,False,10,phone:+91;indian_payment_gateway;currency:INR,,,REJECTED_NON_INDIA,Lacks strong Indian business location evidence,4,0,0,0,,,,True,
https://earringsly.com,https://earringsly.com,0,False,0,,False,False,0,,,,REJECTED_FETCH_ERROR,NetworkError: ConnectError,0,0,0,0,,,,True,NetworkError: ConnectError
https://mailchimpalternative.com,https://mailchimpalternative.com,200,False,0,,False,False,0,,,,REJECTED_NON_SHOPIFY,Shopify score 0 < threshold 5,0,0,0,0,,,,True,
https://thepurecraft.com,https://thepurecraft.com,0,False,0,,False,False,0,,,,REJECTED_FETCH_ERROR,NetworkError: ConnectError,0,0,0,0,,,,True,NetworkError: ConnectError
https://quadxdrones.com,https://www.quadxdrones.com/,200,True,28,window.Shopify;Shopify.shop;cdn.shopify.com;/cdn/shop/;shopify_core_js;shopify-section;header:shopify-complexity-score,False,True,33,gstin:29ECDPR4239B1ZK;address_state:Maharashtra;address_pin:576120;address_city:bengaluru;phone:+91;indian_payment_gateway;currency:INR,gstin;address_state;address_pincode;address_city,gstin_code_29,ACCEPTED,,4,5,3,5,jsonld_or_dom_img,keyword_heuristics,metadata_or_headings,True,
https://thesimplebrew.com,https://www.thesimplebrew.com/,200,True,28,window.Shopify;Shopify.shop;cdn.shopify.com;/cdn/shop/;shopify_core_js;shopify-section;header:shopify-complexity-score,False,True,19,address_pin:400050;address_city:mumbai;phone:+91;indian_payment_gateway;currency:INR,address_pincode;address_city,pin_code_400050,ACCEPTED,,4,1,1,2,jsonld_or_dom_img,keyword_heuristics,metadata_or_headings,True,
https://freshclub.co.in,https://freshclub.co.in,0,False,0,,False,False,0,,,,REJECTED_FETCH_ERROR,NetworkError: ConnectError,0,0,0,0,,,,True,NetworkError: ConnectError
https://homepixi.com,https://homepixi.com,200,False,0,,False,False,0,,,,REJECTED_NON_SHOPIFY,Shopify score 0 < threshold 5,0,0,0,0,,,,True,
https://joans.in,https://joans.in,200,True,30,window.Shopify;Shopify.shop;cdn.shopify.com;/cdn/shop/;shopify_core_js;shopify-section;shopify-payment-button;header:shopify-complexity-score,False,True,17,address_state:Kerala;phone:+91;indian_payment_gateway;currency:INR;domain:.in,address_state,address_state,ACCEPTED,,4,1,2,4,jsonld_or_dom_img,keyword_heuristics,metadata_or_headings,True,
https://fab4ever.com,https://fab4ever.com,200,False,0,,False,False,0,,,,REJECTED_NON_SHOPIFY,Shopify score 0 < threshold 5,0,0,0,0,,,,True,
https://concretecraft.in,https://concretecraft.in,0,False,0,,False,False,0,,,,REJECTED_FETCH_ERROR,NetworkError: ConnectError,0,0,0,0,,,,True,NetworkError: ConnectError
https://nicemaple.com,https://nicemaple.com,200,False,0,,False,False,0,,,,REJECTED_INACTIVE,Parked or for-sale domain,0,0,0,0,,,,True,Parked or for-sale domain
https://kartiksmithai.com,https://www.kartiksmithai.com/,200,True,32,window.Shopify;Shopify.shop;cdn.shopify.com;/cdn/shop/;shopify_core_js;shopify-section;shopify-payment-button;shopify_meta_attribute;header:shopify-complexity-score,False,True,16,address_pin:560038;address_city:bengaluru;phone:+91;currency:INR,address_pincode;address_city,pin_code_560038,ACCEPTED,,1,1,1,2,jsonld_or_dom_img,keyword_heuristics,metadata_or_headings,True,
https://siddheshchauhan.com,https://siddheshchauhan.com,200,True,30,window.Shopify;Shopify.shop;cdn.shopify.com;/cdn/shop/;shopify_core_js;shopify-section;shopify-payment-button;header:shopify-complexity-score,False,True,22,address_state:Gujarat;address_pin:380058;address_city:ahmedabad;phone:+91;currency:INR,address_state;address_pincode;address_city,address_state,ACCEPTED,,4,1,2,2,jsonld_or_dom_img,keyword_heuristics,metadata_or_headings,True,
https://butterflyayurveda.com,https://akshisbutterflyayurveda.com/,200,True,28,window.Shopify;Shopify.shop;cdn.shopify.com;/cdn/shop/;shopify_core_js;shopify-section;header:shopify-complexity-score,False,True,19,address_pin:122002;address_city:gurgaon;phone:+91;indian_payment_gateway;currency:INR,address_pincode;address_city,pin_code_122002,ACCEPTED,,2,1,3,6,jsonld_or_dom_img,keyword_heuristics,metadata_or_headings,True,
https://unhide.in,https://unhide.in,200,False,0,,False,False,0,,,,REJECTED_NON_SHOPIFY,Shopify score 0 < threshold 5,0,0,0,0,,,,True,
https://a2zwheels.com,https://a2zwheels.com,200,False,0,,False,False,0,,,,REJECTED_NON_SHOPIFY,Shopify score 0 < threshold 5,0,0,0,0,,,,True,
https://vividled.com,https://www.vividled.co.in/,200,False,0,,False,False,0,,,,REJECTED_NON_SHOPIFY,Shopify score 0 < threshold 5,0,0,0,0,,,,True,
https://aapkisakhi.com,https://aapkisakhi.com,200,True,28,window.Shopify;Shopify.shop;cdn.shopify.com;/cdn/shop/;shopify_core_js;shopify-section;header:shopify-complexity-score,False,True,25,address_state:Odisha;address_pin:751007;address_city:bhubaneswar;phone:+91;indian_payment_gateway;currency:INR,address_state;address_pincode;address_city,address_state,ACCEPTED,,4,2,1,4,jsonld_or_dom_img,keyword_heuristics,metadata_or_headings,True,
https://thelightpole.com,https://thelightpole.com,200,False,0,,False,False,0,,,,REJECTED_NON_SHOPIFY,Shopify score 0 < threshold 5,0,0,0,0,,,,True,
https://giftsofdiamond.com,https://giftsofdiamond.com,0,False,0,,False,False,0,,,,REJECTED_FETCH_ERROR,NetworkError: ConnectError,0,0,0,0,,,,True,NetworkError: ConnectError
https://nobordersshop.com,https://nobordersshop.com,200,True,28,window.Shopify;Shopify.shop;cdn.shopify.com;/cdn/shop/;shopify_core_js;shopify-section;header:shopify-complexity-score,False,True,15,gstin:29AALCK6497M1ZF;phone:+91;currency:INR,gstin,gstin_code_29,ACCEPTED,,4,1,0,1,jsonld_or_dom_img,keyword_heuristics,metadata_or_headings,True,
https://inkaye.com,https://www.inkaye.com/,200,False,0,,False,False,0,,,,REJECTED_NON_SHOPIFY,Shopify score 0 < threshold 5,0,0,0,0,,,,True,
https://made-in-kashmir.com,https://made-in-kashmir.com,200,True,30,window.Shopify;Shopify.shop;cdn.shopify.com;/cdn/shop/;shopify_core_js;shopify-section;shopify_meta_attribute;header:shopify-complexity-score,False,True,37,gstin:01EFKPM0942C1ZY;jsonld_india_address;state:Jammu and Kashmir;address_pin:193502;phone:+91;indian_payment_gateway;currency:INR,gstin;jsonld_address;address_pincode,gstin_code_01,ACCEPTED,,4,1,1,5,jsonld_or_dom_img,keyword_heuristics,metadata_or_headings,True,
https://mitracanteen.com,https://mitracanteen.com,0,False,0,,False,False,0,,,,REJECTED_FETCH_ERROR,NetworkError: ConnectError,0,0,0,0,,,,True,NetworkError: ConnectError
https://royalstache.com,https://royalstache.com,200,True,28,window.Shopify;Shopify.shop;cdn.shopify.com;/cdn/shop/;shopify_core_js;shopify-section;header:shopify-complexity-score,False,True,7,address_pin:311001;currency:INR,address_pincode,pin_code_311001,ACCEPTED,,4,1,1,0,jsonld_or_dom_img,keyword_heuristics,metadata_or_headings,True,
https://sashions.com,https://sashions.com,404,False,0,,False,False,0,,,,REJECTED_FETCH_ERROR,HTTP 404,0,0,0,0,,,,True,HTTP 404
https://theindianmoon.com,https://theindianmoon.com,0,False,0,,False,False,0,,,,REJECTED_FETCH_ERROR,NetworkError: ConnectError,0,0,0,0,,,,True,NetworkError: ConnectError
https://teerend.com,https://teerend.com,200,False,0,,False,False,0,,,,REJECTED_NON_SHOPIFY,Shopify score 0 < threshold 5,0,0,0,0,,,,True,
https://quicpik.com,https://quicpik.com,0,False,0,,False,False,0,,,,REJECTED_FETCH_ERROR,NetworkError: ConnectError,0,0,0,0,,,,True,NetworkError: ConnectError
https://toothfullyyours.in,https://toothfullyyours.in,200,True,28,window.Shopify;Shopify.shop;cdn.shopify.com;/cdn/shop/;shopify_core_js;shopify-section;header:shopify-complexity-score,False,True,20,address_pin:411057;address_city:pune;phone:+91;indian_payment_gateway;currency:INR;domain:.in,address_pincode;address_city,pin_code_411057,ACCEPTED,,4,1,1,3,jsonld_or_dom_img,keyword_heuristics,metadata_or_headings,True,
https://sundarisaree.com,https://www.sundarisaree.com/,200,True,28,window.Shopify;Shopify.shop;cdn.shopify.com;/cdn/shop/;shopify_core_js;shopify-section;header:shopify-complexity-score,False,True,19,address_pin:700019;address_city:kolkata;phone:+91;indian_payment_gateway;currency:INR,address_pincode;address_city,pin_code_700019,ACCEPTED,,4,1,1,4,jsonld_or_dom_img,keyword_heuristics,metadata_or_headings,True,
https://stooshi.com,https://stooshi.com,0,False,0,,False,False,0,,,,REJECTED_FETCH_ERROR,NetworkError: ConnectError,0,0,0,0,,,,True,NetworkError: ConnectError
https://perfectoptics.in,https://perfectoptics.in,200,True,28,window.Shopify;Shopify.shop;cdn.shopify.com;/cdn/shop/;shopify_core_js;shopify-section;header:shopify-complexity-score,False,False,8,phone:+91;currency:INR;domain:.in,,,REJECTED_NON_INDIA,Lacks strong Indian business location evidence,4,0,0,0,,,,True,
https://basssanskriti.com,https://basssanskriti.com,200,True,28,window.Shopify;Shopify.shop;cdn.shopify.com;/cdn/shop/;shopify_core_js;shopify-section;header:shopify-complexity-score,False,False,4,currency:INR;city_mention:hyderabad,,,REJECTED_NON_INDIA,India score 4 < threshold 7,2,0,0,0,,,,True,
https://kitabay.com,https://kitabay.com,200,True,28,window.Shopify;Shopify.shop;cdn.shopify.com;/cdn/shop/;shopify_core_js;shopify-section;header:shopify-complexity-score,False,True,14,address_city:jaipur;phone:+91;indian_payment_gateway;currency:INR,address_city,address_city_jaipur,ACCEPTED,,4,1,0,3,jsonld_or_dom_img,keyword_heuristics,metadata_or_headings,True,
https://australianfashionreview.com,https://australianfashionreview.com,0,False,0,,False,False,0,,,,REJECTED_FETCH_ERROR,NetworkError: ConnectError,0,0,0,0,,,,True,NetworkError: ConnectError
https://petone.in,https://petone.in,200,False,0,,False,False,0,,,,REJECTED_NON_SHOPIFY,Shopify score 0 < threshold 5,0,0,0,0,,,,True,
https://inkarto.com,https://inkarto.com,200,True,30,window.Shopify;Shopify.shop;cdn.shopify.com;/cdn/shop/;shopify_core_js;shopify-section;shopify-payment-button;header:shopify-complexity-score,False,True,29,gstin:27AACHA1185L1ZB;address_state:Maharashtra;address_pin:416416;phone:+91;indian_payment_gateway;currency:INR,gstin;address_state;address_pincode,gstin_code_27,ACCEPTED,,4,2,2,4,jsonld_or_dom_img,keyword_heuristics,metadata_or_headings,True,
https://moortiz.com,https://moortiz.com,0,False,0,,False,False,0,,,,REJECTED_FETCH_ERROR,NetworkError: ConnectError,0,0,0,0,,,,True,NetworkError: ConnectError
https://kinshuktheartist.com,https://kinshuktheartist.com,200,True,28,window.Shopify;Shopify.shop;cdn.shopify.com;/cdn/shop/;shopify_core_js;shopify-section;header:shopify-complexity-score,False,False,2,currency:INR,,,REJECTED_NON_INDIA,India score 2 < threshold 7,0,0,0,0,,,,True,
https://cinderellaherbals.com,https://cinderellaherbals.com,0,False,0,,False,False,0,,,,REJECTED_FETCH_ERROR,NetworkError: ConnectError,0,0,0,0,,,,True,NetworkError: ConnectError
https://fabhealth.com,https://barofab.com/,200,False,0,,False,False,0,,,,REJECTED_NON_SHOPIFY,Shopify score 0 < threshold 5,0,0,0,0,,,,True,
https://dring.in,https://dring.in,200,True,30,window.Shopify;Shopify.shop;cdn.shopify.com;/cdn/shop/;shopify_core_js;shopify-section;shopify-payment-button;header:shopify-complexity-score,False,True,26,address_state:Delhi;address_pin:110092;address_city:delhi;phone:+91;indian_payment_gateway;currency:INR;domain:.in,address_state;address_pincode;address_city,address_state,ACCEPTED,,4,0,0,10,jsonld_or_dom_img,keyword_heuristics,metadata_or_headings,True,
https://quasivegan.com,https://quasivegan.com,0,False,0,,False,False,0,,,,REJECTED_FETCH_ERROR,Timeout: ConnectTimeout,0,0,0,0,,,,True,Timeout: ConnectTimeout
https://max-payments.com,https://max-payments.com,0,False,0,,False,False,0,,,,REJECTED_FETCH_ERROR,Timeout: ConnectTimeout,0,0,0,0,,,,True,Timeout: ConnectTimeout
https://snugsnhugs.com,,0,False,0,,False,False,0,,,,,,0,0,0,0,,,,False,Robots.txt blocks homepage
https://vidran.com,https://vidran.com,0,False,0,,False,False,0,,,,REJECTED_FETCH_ERROR,Timeout: ConnectTimeout,0,0,0,0,,,,True,Timeout: ConnectTimeout
https://greytheory.in,https://greytheory.in,200,True,28,window.Shopify;Shopify.shop;cdn.shopify.com;/cdn/shop/;shopify_core_js;shopify-section;header:shopify-complexity-score,False,False,6,indian_payment_gateway;currency:INR;domain:.in,,,REJECTED_NON_INDIA,India score 6 < threshold 7,4,0,0,0,,,,True,
https://whoopdeal.com,https://whoopdeal.com,0,False,0,,False,False,0,,,,REJECTED_FETCH_ERROR,Timeout: ConnectTimeout,0,0,0,0,,,,True,Timeout: ConnectTimeout
https://arthindia.com,https://arthindia.com,200,False,0,,False,False,0,,,,REJECTED_NON_SHOPIFY,Shopify score 0 < threshold 5,0,0,0,0,,,,True,
https://imperialtara.com,https://imperialtara.com,409,False,0,,False,False,0,,,,REJECTED_FETCH_ERROR,HTTP 409,0,0,0,0,,,,True,HTTP 409
https://anvicreations.in,https://anvicreations.in,200,True,28,window.Shopify;Shopify.shop;cdn.shopify.com;/cdn/shop/;shopify_core_js;shopify-section;header:shopify-complexity-score,False,True,20,address_pin:226016;address_city:lucknow;phone:+91;indian_payment_gateway;currency:INR;domain:.in,address_pincode;address_city,pin_code_226016,ACCEPTED,,4,3,1,5,jsonld_or_dom_img,keyword_heuristics,metadata_or_headings,True,
https://naturevature.com,https://naturevature.com,0,False,0,,False,False,0,,,,REJECTED_FETCH_ERROR,NetworkError: ConnectError,0,0,0,0,,,,True,NetworkError: ConnectError
https://suparab.com,https://suparab.com,0,False,0,,False,False,0,,,,REJECTED_FETCH_ERROR,NetworkError: ConnectError,0,0,0,0,,,,True,NetworkError: ConnectError
https://doricdecors.com,https://doricdecors.com,0,False,0,,False,False,0,,,,REJECTED_FETCH_ERROR,NetworkError: ConnectError,0,0,0,0,,,,True,NetworkError: ConnectError
https://yellowdealz.com,https://yellowdealz.com,0,False,0,,False,False,0,,,,REJECTED_FETCH_ERROR,NetworkError: ConnectError,0,0,0,0,,,,True,NetworkError: ConnectError
https://ethnicadda.com,,0,False,0,,False,False,0,,,,,,0,0,0,0,,,,False,Robots.txt blocks homepage
https://bsevarsity.com,,0,False,0,,False,False,0,,,,,,0,0,0,0,,,,False,Robots.txt blocks homepage
https://chotamota.com,https://chotamota.com,200,True,32,window.Shopify;Shopify.shop;cdn.shopify.com;/cdn/shop/;shopify_core_js;shopify-section;shopify-payment-button;shopify_meta_attribute;header:shopify-complexity-score,False,True,19,address_pin:560062;address_city:bengaluru;phone:+91;indian_payment_gateway;currency:INR,address_pincode;address_city,pin_code_560062,ACCEPTED,,4,1,1,4,jsonld_or_dom_img,keyword_heuristics,metadata_or_headings,True,
https://silverfiligree.in,https://silverfiligree.in,0,False,0,,False,False,0,,,,REJECTED_FETCH_ERROR,NetworkError: ConnectError,0,0,0,0,,,,True,NetworkError: ConnectError
https://mehakmurpana.com,https://mehakmurpana.com,200,True,28,window.Shopify;Shopify.shop;cdn.shopify.com;/cdn/shop/;shopify_core_js;shopify-section;header:shopify-complexity-score,False,True,27,gstin:27BMGPM5138Q1ZD;address_pin:400050;address_city:mumbai;phone:+91;indian_payment_gateway;currency:INR,gstin;address_pincode;address_city,gstin_code_27,ACCEPTED,,4,1,1,2,jsonld_or_dom_img,keyword_heuristics,metadata_or_headings,True,
https://laxikon.com,https://laxikon.com,0,False,0,,False,False,0,,,,REJECTED_FETCH_ERROR,NetworkError: ConnectError,0,0,0,0,,,,True,NetworkError: ConnectError
https://theartarium.com,https://artarium.com/,200,True,28,window.Shopify;Shopify.shop;cdn.shopify.com;/cdn/shop/;shopify_core_js;shopify-section;header:shopify-complexity-score,False,True,14,address_city:gurugram;phone:+91;indian_payment_gateway;currency:INR,address_city,address_city_gurugram,ACCEPTED,,4,1,2,6,jsonld_or_dom_img,keyword_heuristics,metadata_or_headings,True,
https://krazykart.in,https://krazykart.in,200,False,0,,False,False,0,,,,REJECTED_NON_SHOPIFY,Shopify score 0 < threshold 5,0,0,0,0,,,,True,
https://himalayawellness.in,https://himalayawellness.in,200,True,28,window.Shopify;Shopify.shop;cdn.shopify.com;/cdn/shop/;shopify_core_js;shopify-section;header:shopify-complexity-score,False,True,20,address_pin:562162;address_city:bengaluru;phone:+91;indian_payment_gateway;currency:INR;domain:.in,address_pincode;address_city,pin_code_562162,ACCEPTED,,4,1,6,4,jsonld_or_dom_img,keyword_heuristics,metadata_or_headings,True,
https://parisdeboutique.com,https://www.parisdeboutique.com/,200,True,28,window.Shopify;Shopify.shop;cdn.shopify.com;/cdn/shop/;shopify_core_js;shopify-section;header:shopify-complexity-score,False,True,22,address_state:Kerala;address_pin:682032;address_city:kochi;phone:+91;currency:INR,address_state;address_pincode;address_city,address_state,ACCEPTED,,4,1,2,4,jsonld_or_dom_img,keyword_heuristics,metadata_or_headings,True,
https://ethnicandaaz.com,https://ethnicandaaz.com,0,False,0,,False,False,0,,,,REJECTED_FETCH_ERROR,NetworkError: ConnectError,0,0,0,0,,,,True,NetworkError: ConnectError
https://quecy.com,,0,False,0,,False,False,0,,,,,,0,0,0,0,,,,False,Robots.txt blocks homepage
https://thefootballfrenzy.com,https://www.thefootballfrenzy.com/,200,True,28,window.Shopify;Shopify.shop;cdn.shopify.com;/cdn/shop/;shopify_core_js;shopify-section;header:shopify-complexity-score,False,False,10,phone:+91;indian_payment_gateway;currency:INR,,,REJECTED_NON_INDIA,Lacks strong Indian business location evidence,4,0,0,0,,,,True,
https://hrisikesh.com,https://www.hrisikesh.com/,200,True,28,window.Shopify;Shopify.shop;cdn.shopify.com;/cdn/shop/;shopify_core_js;shopify-section;header:shopify-complexity-score,False,False,9,phone:+91;currency:INR;city_mention:delhi,,,REJECTED_NON_INDIA,Lacks strong Indian business location evidence,4,0,0,0,,,,True,
https://downloadantivirus.in,https://downloadantivirus.in,0,False,0,,False,False,0,,,,REJECTED_FETCH_ERROR,NetworkError: ConnectError,0,0,0,0,,,,True,NetworkError: ConnectError
https://laadlee.com,https://laadlee.com,200,True,28,window.Shopify;Shopify.shop;cdn.shopify.com;/cdn/shop/;shopify_core_js;shopify-section;header:shopify-complexity-score,False,False,10,phone:+91;indian_payment_gateway;currency:INR,,,REJECTED_NON_INDIA,Lacks strong Indian business location evidence,4,0,0,0,,,,True,
https://romanarsinghani.com,https://romanarsinghani.com,200,True,30,window.Shopify;Shopify.shop;cdn.shopify.com;/cdn/shop/;shopify_core_js;shopify-section;shopify-payment-button;header:shopify-complexity-score,False,True,17,gstin:27AEVPN6436Q1ZC;phone:+91;currency:INR;city_mention:mumbai,gstin,gstin_code_27,ACCEPTED,,4,1,1,0,jsonld_or_dom_img,keyword_heuristics,metadata_or_headings,True,
https://downalley.com,https://downalley.com,200,True,30,window.Shopify;Shopify.shop;cdn.shopify.com;/cdn/shop/;shopify_core_js;shopify-section;shopify-payment-button;header:shopify-complexity-score,False,False,12,phone:+91;indian_payment_gateway;currency:INR;city_mention:kolkata,,,REJECTED_NON_INDIA,Lacks strong Indian business location evidence,4,0,0,0,,,,True,
https://globalshoppingmarket.com,https://globalshoppingmarket.com,0,False,0,,False,False,0,,,,REJECTED_FETCH_ERROR,NetworkError: ConnectError,0,0,0,0,,,,True,NetworkError: ConnectError
https://kalaaniketan.com,https://www.kalaaniketan.com/,200,True,28,window.Shopify;Shopify.shop;cdn.shopify.com;/cdn/shop/;shopify_core_js;shopify-section;header:shopify-complexity-score,False,True,22,address_state:Maharashtra;address_pin:401107;address_city:mumbai;phone:+91;currency:INR,address_state;address_pincode;address_city,address_state,ACCEPTED,,4,1,1,0,jsonld_or_dom_img,keyword_heuristics,metadata_or_headings,True,
https://gemscloset.com,https://gemscloset.com,0,False,0,,False,False,0,,,,REJECTED_FETCH_ERROR,NetworkError: ConnectError,0,0,0,0,,,,True,NetworkError: ConnectError
https://mecnex.com,https://mecnex.com,200,True,30,window.Shopify;Shopify.shop;cdn.shopify.com;/cdn/shop/;shopify_core_js;shopify-section;shopify-payment-button;header:shopify-complexity-score,False,True,18,gstin:07AATCM5129J1ZY;phone:+91;indian_payment_gateway;currency:INR,gstin,gstin_code_07,ACCEPTED,,4,2,1,3,jsonld_or_dom_img,keyword_heuristics,metadata_or_headings,True,
https://allthatjazzshop.com,https://allthatjazzshop.com,200,True,28,window.Shopify;Shopify.shop;cdn.shopify.com;/cdn/shop/;shopify_core_js;shopify-section;header:shopify-complexity-score,False,True,11,address_city:mumbai;phone:+91;currency:INR,address_city,address_city_mumbai,ACCEPTED,,4,1,1,3,jsonld_or_dom_img,keyword_heuristics,metadata_or_headings,True,
https://capitalmarts.com,https://capitalmarts.com,0,False,0,,False,False,0,,,,REJECTED_FETCH_ERROR,NetworkError: ConnectError,0,0,0,0,,,,True,NetworkError: ConnectError
https://dirtyhubs.com,https://dirtyhubs.com,0,False,0,,False,False,0,,,,REJECTED_FETCH_ERROR,NetworkError: ConnectError,0,0,0,0,,,,True,NetworkError: ConnectError
https://gloryinlife.com,https://gloryinlife.com,0,False,0,,False,False,0,,,,REJECTED_FETCH_ERROR,NetworkError: ConnectError,0,0,0,0,,,,True,NetworkError: ConnectError
https://eraani.com,https://eraani.com,0,False,0,,False,False,0,,,,REJECTED_FETCH_ERROR,NetworkError: ConnectError,0,0,0,0,,,,True,NetworkError: ConnectError
https://buyblynk.com,,0,False,0,,False,False,0,,,,,,0,0,0,0,,,,False,Robots.txt blocks homepage
https://wrapcart.com,https://www.wrapcart.com/,200,True,32,window.Shopify;Shopify.shop;cdn.shopify.com;/cdn/shop/;shopify_core_js;shopify-section;shopify-payment-button;shopify_meta_attribute;header:shopify-complexity-score,False,True,27,gstin:27AAWFG4250G1Z4;address_pin:400615;address_city:thane;phone:+91;indian_payment_gateway;currency:INR,gstin;address_pincode;address_city,gstin_code_27,ACCEPTED,,4,1,0,3,jsonld_or_dom_img,keyword_heuristics,metadata_or_headings,True,
https://theoremindia.com,https://www.theoremindia.com/,200,True,32,window.Shopify;Shopify.shop;cdn.shopify.com;/cdn/shop/;shopify_core_js;shopify-section;shopify-payment-button;shopify_meta_attribute;header:shopify-complexity-score,False,True,25,address_state:Delhi;address_pin:110049;address_city:delhi;phone:+91;indian_payment_gateway;currency:INR,address_state;address_pincode;address_city,address_state,ACCEPTED,,4,0,0,2,jsonld_or_dom_img,keyword_heuristics,metadata_or_headings,True,
https://adacart.com,https://adacart.com,0,False,0,,False,False,0,,,,REJECTED_FETCH_ERROR,Timeout: ConnectTimeout,0,0,0,0,,,,True,Timeout: ConnectTimeout
https://honeybeewax.com,https://www.honeybeewax.com/,200,True,28,window.Shopify;Shopify.shop;cdn.shopify.com;/cdn/shop/;shopify_core_js;shopify-section;header:shopify-complexity-score,False,True,18,address_state:Haryana;address_pin:131029;phone:+91;currency:INR,address_state;address_pincode,address_state,ACCEPTED,,4,2,1,2,jsonld_or_dom_img,keyword_heuristics,metadata_or_headings,True,
https://veersons.com,https://www.veersons.com/,200,True,28,window.Shopify;Shopify.shop;cdn.shopify.com;/cdn/shop/;shopify_core_js;shopify-section;header:shopify-complexity-score,False,True,11,address_pin:226001;address_city:lucknow;currency:INR,address_pincode;address_city,pin_code_226001,ACCEPTED,,4,2,2,2,jsonld_or_dom_img,keyword_heuristics,metadata_or_headings,True,
https://wowkarts.com,https://wowkarts.com,0,False,0,,False,False,0,,,,REJECTED_FETCH_ERROR,NetworkError: ConnectError,0,0,0,0,,,,True,NetworkError: ConnectError
https://arunidesigns.com,https://arunidesigns.com,200,True,28,window.Shopify;Shopify.shop;cdn.shopify.com;/cdn/shop/;shopify_core_js;shopify-section;header:shopify-complexity-score,False,True,17,address_state:Delhi;address_city:delhi;phone:+91;currency:INR,address_state;address_city,address_state,ACCEPTED,,4,1,3,0,jsonld_or_dom_img,keyword_heuristics,metadata_or_headings,True,
https://orangesandlemons.in,https://orangesandlemons.in,200,True,28,window.Shopify;Shopify.shop;cdn.shopify.com;/cdn/shop/;shopify_core_js;shopify-section;header:shopify-complexity-score,False,False,10,phone:+91;currency:INR;domain:.in;city_mention:mumbai,,,REJECTED_NON_INDIA,Lacks strong Indian business location evidence,4,0,0,0,,,,True,
https://elregalos.com,https://expireddomains.com/domain/elregalos.com?utm_source=redi,200,False,0,,False,False,0,,,,REJECTED_NON_SHOPIFY,Shopify score 0 < threshold 5,0,0,0,0,,,,True,
https://ethnict.com,https://ethnict.com,200,True,30,window.Shopify;Shopify.shop;cdn.shopify.com;/cdn/shop/;shopify_core_js;shopify-section;shopify-payment-button;header:shopify-complexity-score,False,True,24,gstin:06KDEPS9379M1ZC;address_state:Haryana;phone:+91;indian_payment_gateway;currency:INR,gstin;address_state,gstin_code_06,ACCEPTED,,4,2,3,2,jsonld_or_dom_img,keyword_heuristics,metadata_or_headings,True,
https://fourleggedbabies.com,https://www.fourleggedbabies.com/,200,True,28,window.Shopify;Shopify.shop;cdn.shopify.com;/cdn/shop/;shopify_core_js;shopify-section;header:shopify-complexity-score,False,True,25,address_state:Haryana;address_pin:122016;address_city:gurgaon;phone:+91;indian_payment_gateway;currency:INR,address_state;address_pincode;address_city,address_state,ACCEPTED,,4,2,1,3,jsonld_or_dom_img,keyword_heuristics,metadata_or_headings,True,
https://eternalforyou.com,https://eternalforyou.com,200,False,0,,False,False,0,,,,REJECTED_NON_SHOPIFY,Shopify score 0 < threshold 5,0,0,0,0,,,,True,
https://mcleodrussel.co,https://www.mcleodrussel.co/,200,True,32,window.Shopify;Shopify.shop;cdn.shopify.com;/cdn/shop/;shopify_core_js;shopify-section;shopify-payment-button;shopify_meta_attribute;header:shopify-complexity-score,False,True,13,address_state:West Bengal;phone:+91;currency:INR,address_state,address_state,ACCEPTED,,4,1,1,3,jsonld_or_dom_img,keyword_heuristics,metadata_or_headings,True,
https://rajwadaarts.com,https://rajwadaarts.com,0,False,0,,False,False,0,,,,REJECTED_FETCH_ERROR,NetworkError: ConnectError,0,0,0,0,,,,True,NetworkError: ConnectError
https://nutraoption.com,https://nutraoption.com,0,False,0,,False,False,0,,,,REJECTED_FETCH_ERROR,NetworkError: ConnectError,0,0,0,0,,,,True,NetworkError: ConnectError
https://sumitmanchanda.com,https://sumitmanchanda.com,409,False,0,,False,False,0,,,,REJECTED_FETCH_ERROR,HTTP 409,0,0,0,0,,,,True,HTTP 409
https://yonkx.com,https://yonkx.com,200,True,28,window.Shopify;Shopify.shop;cdn.shopify.com;/cdn/shop/;shopify_core_js;shopify-section;header:shopify-complexity-score,False,True,16,address_pin:400066;address_city:mumbai;phone:+91;currency:INR,address_pincode;address_city,pin_code_400066,ACCEPTED,,4,2,1,0,jsonld_or_dom_img,keyword_heuristics,metadata_or_headings,True,
https://lacasaindia.com,,0,False,0,,False,False,0,,,,,,0,0,0,0,,,,False,Robots.txt blocks homepage
https://kanchanfashion.com,https://www.kanchanfashion.com/,200,True,30,window.Shopify;Shopify.shop;cdn.shopify.com;/cdn/shop/;shopify_core_js;shopify-section;shopify-payment-button;header:shopify-complexity-score,False,True,24,jsonld_india_address;state:Delhi;phone:+91;indian_payment_gateway;currency:INR,jsonld_address,json_ld_address,ACCEPTED,,4,1,1,5,jsonld_or_dom_img,keyword_heuristics,metadata_or_headings,True,
https://muvazo.com,https://www.muvazo.com/,200,True,28,window.Shopify;Shopify.shop;cdn.shopify.com;/cdn/shop/;shopify_core_js;shopify-section;header:shopify-complexity-score,False,True,36,jsonld_india_address;state:Haryana;address_state:Haryana;address_pin:121003;address_city:delhi;phone:+91;currency:INR,jsonld_address;address_state;address_pincode;address_city,json_ld_address,ACCEPTED,,4,2,1,7,jsonld_or_dom_img,keyword_heuristics,metadata_or_headings,True,
https://karizmajewels.in,https://karizmajewels.in,200,True,30,window.Shopify;Shopify.shop;cdn.shopify.com;/cdn/shop/;shopify_core_js;shopify-section;shopify-payment-button;header:shopify-complexity-score,False,False,11,phone:+91;indian_payment_gateway;currency:INR;domain:.in,,,REJECTED_NON_INDIA,Lacks strong Indian business location evidence,4,0,0,0,,,,True,
https://the7thgalaxy.com,https://www.the7thgalaxy.com/,200,True,28,window.Shopify;Shopify.shop;cdn.shopify.com;/cdn/shop/;shopify_core_js;shopify-section;header:shopify-complexity-score,False,True,20,address_state:Delhi;address_city:bangalore;phone:+91;indian_payment_gateway;currency:INR,address_state;address_city,address_state,ACCEPTED,,4,4,0,0,jsonld_or_dom_img,keyword_heuristics,metadata_or_headings,True,
https://a3h.in,https://a3h.in,500,False,0,,False,False,0,,,,REJECTED_FETCH_ERROR,HTTP 500,0,0,0,0,,,,True,HTTP 500
https://sprice.in,https://sprice.in,0,False,0,,False,False,0,,,,REJECTED_FETCH_ERROR,Timeout: ConnectTimeout,0,0,0,0,,,,True,Timeout: ConnectTimeout
https://avio.co.in,https://avio.co.in,200,False,0,,False,False,0,,,,REJECTED_NON_SHOPIFY,Shopify score 0 < threshold 5,0,0,0,0,,,,True,
https://saptrishiindia.com,https://saptrishiindia.com,0,False,0,,False,False,0,,,,REJECTED_FETCH_ERROR,NetworkError: ConnectError,0,0,0,0,,,,True,NetworkError: ConnectError
https://nidhitholia.com,https://www.nidhitholia.com/,200,True,28,window.Shopify;Shopify.shop;cdn.shopify.com;/cdn/shop/;shopify_core_js;shopify-section;header:shopify-complexity-score,False,True,16,address_pin:302001;address_city:mumbai;phone:+91;currency:INR,address_pincode;address_city,pin_code_302001,ACCEPTED,,4,1,8,2,jsonld_or_dom_img,keyword_heuristics,metadata_or_headings,True,
https://nimoniq.com,https://nimoniq.com,0,False,0,,False,False,0,,,,REJECTED_FETCH_ERROR,NetworkError: ConnectError,0,0,0,0,,,,True,NetworkError: ConnectError
https://karishmashahdesign.com,https://karishmashahdesign.com,200,True,28,window.Shopify;Shopify.shop;cdn.shopify.com;/cdn/shop/;shopify_core_js;shopify-section;header:shopify-complexity-score,False,True,19,address_pin:380054;address_city:ahmedabad;phone:+91;indian_payment_gateway;currency:INR,address_pincode;address_city,pin_code_380054,ACCEPTED,,4,2,1,0,jsonld_or_dom_img,keyword_heuristics,metadata_or_headings,True,
https://mobgears.com,https://mobgears.com,200,True,21,window.Shopify;Shopify.shop;cdn.shopify.com;shopify_core_js;header:shopify-complexity-score,False,False,5,indian_payment_gateway;currency:INR,,,REJECTED_NON_INDIA,India score 5 < threshold 7,0,0,0,0,,,,True,
https://wearduds.com,https://www.wearduds.com/,200,True,30,window.Shopify;Shopify.shop;cdn.shopify.com;/cdn/shop/;shopify_core_js;shopify-section;shopify-payment-button;header:shopify-complexity-score,False,True,20,address_state:Delhi;address_city:delhi;phone:+91;indian_payment_gateway;currency:INR,address_state;address_city,address_state,ACCEPTED,,4,1,2,4,jsonld_or_dom_img,keyword_heuristics,metadata_or_headings,True,
https://kraftixdigital.com,https://kraftixdigital.com,0,False,0,,False,False,0,,,,REJECTED_FETCH_ERROR,NetworkError: ConnectError,0,0,0,0,,,,True,NetworkError: ConnectError
https://g2gfashion.com,https://g2gfashion.com,0,False,0,,False,False,0,,,,REJECTED_FETCH_ERROR,NetworkError: ConnectError,0,0,0,0,,,,True,NetworkError: ConnectError
https://iron-kettle.com,https://iron-kettle.com,200,True,30,window.Shopify;Shopify.shop;cdn.shopify.com;/cdn/shop/;shopify_core_js;shopify-section;shopify-payment-button;header:shopify-complexity-score,False,True,39,jsonld_india_address;state:Karnataka;address_state:Karnataka;address_pin:560001;address_city:bengaluru;phone:+91;indian_payment_gateway;currency:INR,jsonld_address;address_state;address_pincode;address_city,json_ld_address,ACCEPTED,,4,3,1,6,jsonld_or_dom_img,keyword_heuristics,metadata_or_headings,True,
https://deckup.com,https://www.deckup.com/,200,True,28,window.Shopify;Shopify.shop;cdn.shopify.com;/cdn/shop/;shopify_core_js;shopify-section;header:shopify-complexity-score,False,True,22,address_state:Telangana;address_pin:500003;address_city:secunderabad;phone:+91;currency:INR,address_state;address_pincode;address_city,address_state,ACCEPTED,,4,1,1,4,jsonld_or_dom_img,keyword_heuristics,metadata_or_headings,True,
https://incare.in,https://www.incare.in/,200,True,28,window.Shopify;Shopify.shop;cdn.shopify.com;/cdn/shop/;shopify_core_js;shopify-section;header:shopify-complexity-score,False,True,26,address_state:Maharashtra;address_pin:400703;address_city:mumbai;phone:+91;indian_payment_gateway;currency:INR;domain:.in,address_state;address_pincode;address_city,address_state,ACCEPTED,,4,2,4,4,jsonld_or_dom_img,keyword_heuristics,metadata_or_headings,True,
https://innofur.com,https://www.innofur.com/,200,True,30,window.Shopify;Shopify.shop;cdn.shopify.com;/cdn/shop/;shopify_core_js;shopify-section;shopify-payment-button;header:shopify-complexity-score,False,True,19,address_pin:411062;address_city:pune;phone:+91;indian_payment_gateway;currency:INR,address_pincode;address_city,pin_code_411062,ACCEPTED,,4,1,1,2,jsonld_or_dom_img,keyword_heuristics,metadata_or_headings,True,
https://segasy.com,https://segasy.com,0,False,0,,False,False,0,,,,REJECTED_FETCH_ERROR,NetworkError: ConnectError,0,0,0,0,,,,True,NetworkError: ConnectError
https://classybands.com,https://classybands.com,0,False,0,,False,False,0,,,,REJECTED_FETCH_ERROR,Timeout: ConnectTimeout,0,0,0,0,,,,True,Timeout: ConnectTimeout
https://blanc9.com,https://blanc9.com,200,True,28,window.Shopify;Shopify.shop;cdn.shopify.com;/cdn/shop/;shopify_core_js;shopify-section;header:shopify-complexity-score,False,False,10,phone:+91;indian_payment_gateway;currency:INR,,,REJECTED_NON_INDIA,Lacks strong Indian business location evidence,4,0,0,0,,,,True,
https://stoneessential.com,https://stoneessential.com,200,True,28,window.Shopify;Shopify.shop;cdn.shopify.com;/cdn/shop/;shopify_core_js;shopify-section;header:shopify-complexity-score,False,True,25,address_state:Rajasthan;address_pin:302020;address_city:jaipur;phone:+91;indian_payment_gateway;currency:INR,address_state;address_pincode;address_city,address_state,ACCEPTED,,4,1,1,2,jsonld_or_dom_img,keyword_heuristics,metadata_or_headings,True,
https://prodkart.com,https://prodkart.com,0,False,0,,False,False,0,,,,REJECTED_FETCH_ERROR,Timeout: ConnectTimeout,0,0,0,0,,,,True,Timeout: ConnectTimeout
https://namratakumar.com,https://namratakumar.com,404,False,0,,False,False,0,,,,REJECTED_FETCH_ERROR,HTTP 404,0,0,0,0,,,,True,HTTP 404
https://priyankaraajiv.com,https://priyankaraajiv.com,200,True,28,window.Shopify;Shopify.shop;cdn.shopify.com;/cdn/shop/;shopify_core_js;shopify-section;header:shopify-complexity-score,False,True,25,address_state:Maharashtra;address_pin:411006;address_city:pune;phone:+91;indian_payment_gateway;currency:INR,address_state;address_pincode;address_city,address_state,ACCEPTED,,4,1,2,5,jsonld_or_dom_img,keyword_heuristics,metadata_or_headings,True,
https://riverafoods.com,https://riverafoods.com,200,True,28,window.Shopify;Shopify.shop;cdn.shopify.com;/cdn/shop/;shopify_core_js;shopify-section;header:shopify-complexity-score,False,False,7,phone:+91;currency:INR,,,REJECTED_NON_INDIA,Lacks strong Indian business location evidence,4,0,0,0,,,,True,
https://celebrationhut.com,,0,False,0,,False,False,0,,,,,,0,0,0,0,,,,False,Robots.txt blocks homepage
https://gauricreation.in,,0,False,0,,False,False,0,,,,,,0,0,0,0,,,,False,Robots.txt blocks homepage
https://essho.com,https://essho.com,0,False,0,,False,False,0,,,,REJECTED_FETCH_ERROR,Timeout: ConnectTimeout,0,0,0,0,,,,True,Timeout: ConnectTimeout
https://steenbok.com,,0,False,0,,False,False,0,,,,,,0,0,0,0,,,,False,Robots.txt blocks homepage
https://gooddeals.co.in,https://gooddeals.co.in,200,False,0,,False,False,0,,,,REJECTED_NON_SHOPIFY,Shopify score 0 < threshold 5,0,0,0,0,,,,True,
https://aahwan.in,https://www.aahwan.in/,200,True,28,window.Shopify;Shopify.shop;cdn.shopify.com;/cdn/shop/;shopify_core_js;shopify-section;header:shopify-complexity-score,False,True,17,address_pin:394210;address_city:surat;phone:+91;currency:INR;domain:.in,address_pincode;address_city,pin_code_394210,ACCEPTED,,2,1,1,2,jsonld_or_dom_img,keyword_heuristics,metadata_or_headings,True,
https://gleanstudio.com,https://gleanstudio.com,0,False,0,,False,False,0,,,,REJECTED_FETCH_ERROR,NetworkError: ConnectError,0,0,0,0,,,,True,NetworkError: ConnectError
https://sensygifts.com,https://sensygifts.com,0,False,0,,False,False,0,,,,REJECTED_FETCH_ERROR,Timeout: ConnectTimeout,0,0,0,0,,,,True,Timeout: ConnectTimeout
https://33crores.com,https://33crores.com,200,False,0,,False,False,0,,,,REJECTED_NON_SHOPIFY,Shopify score 0 < threshold 5,0,0,0,0,,,,True,
https://ebuyindia.in,,0,False,0,,False,False,0,,,,,,0,0,0,0,,,,False,Robots.txt blocks homepage
https://justcameras.in,https://justcameras.in,200,True,32,window.Shopify;Shopify.shop;cdn.shopify.com;/cdn/shop/;shopify_core_js;shopify-section;shopify-payment-button;shopify_meta_attribute;header:shopify-complexity-score,False,True,23,address_state:Delhi;address_pin:110024;address_city:delhi;phone:+91;currency:INR;domain:.in,address_state;address_pincode;address_city,address_state,ACCEPTED,,2,0,1,0,jsonld_or_dom_img,keyword_heuristics,metadata_or_headings,True,
https://chiffon.co.in,https://chiffon.co.in,0,False,0,,False,False,0,,,,REJECTED_FETCH_ERROR,NetworkError: ConnectError,0,0,0,0,,,,True,NetworkError: ConnectError
https://crystalcraftworld.com,https://crystalcraftworld.com,200,True,28,window.Shopify;Shopify.shop;cdn.shopify.com;/cdn/shop/;shopify_core_js;shopify-section;header:shopify-complexity-score,False,True,17,gstin:07ACEPM8129Q1ZY;phone:+91;currency:INR;city_mention:mumbai,gstin,gstin_code_07,ACCEPTED,,4,1,1,5,jsonld_or_dom_img,keyword_heuristics,metadata_or_headings,True,
https://totemgoods.com,https://www.totemgoods.com/,200,True,30,window.Shopify;Shopify.shop;cdn.shopify.com;/cdn/shop/;shopify_core_js;shopify-section;shopify-payment-button;header:shopify-complexity-score,False,True,25,address_state:Karnataka;address_pin:560017;address_city:bangalore;phone:+91;indian_payment_gateway;currency:INR,address_state;address_pincode;address_city,address_state,ACCEPTED,,4,1,0,4,jsonld_or_dom_img,keyword_heuristics,metadata_or_headings,True,
https://hustlebush.com,https://hustlebush.com,0,False,0,,False,False,0,,,,REJECTED_FETCH_ERROR,NetworkError: ConnectError,0,0,0,0,,,,True,NetworkError: ConnectError
