domain_url,all_contacts,socials,category,tagline_description,logo,state
https://snitch.co.in,,https://facebook.com/snitch.co.in;https://in.pinterest.com/snitchclothing/_created;https://instagram.com/snitch.co.in;https://linkedin.com/company/snitch-co-in;https://twitter.com/snitchindia;https://youtube.com/@SNITCH-IT,other,We are now www.snitch.com. Please click on our home page banner to move to an upgraded new experience.,https://www.snitch.co.in/cdn/shop/files/SNITCH_LOGO_NEW_BLACK.png?v=1721457834,
https://bluorng.com,legal@bluorng.com;ordersupport@bluorng.com;+918448441388;+919266866286;+919266866296;+919599191998;+919599198004;+919599199537;+919667657795;+919958952988,https://instagram.com/bluorng;https://linkedin.com/company/bluorng;https://youtube.com/@BluorngYouTube,apparel & fashion,"BLUORNG, a premium streetwear brand in India. Shop the latest unisex styles from this premium Indian streetwear brand for a bold, trend-setting look.",https://bluorng.com/cdn/shop/files/logo_2.png?v=1614299608&width=500,Maharashtra
https://bombayshirts.com,grievances@bombayshirts.com;support@bombayshirts.com;+919439780974;+919513446201,https://facebook.com/bombaytshirtco;https://instagram.com/bombaytshirtco;https://youtube.com/@bombaytshirtco,apparel & fashion,Buy New Branded Shirts For Men Online ★ Shop For The Best Tailored Shirts From A Wide Range Of Premium Made To Measure Shirts To Men's Tailored Fit Shirts…,https://bombayshirts.com/logo.png,Maharashtra
https://powerlook.in,support@powerlook.in;+919696333000,https://facebook.com/powerlookofficial;https://instagram.com/powerlookofficial;https://youtube.com/@powerlook6252,apparel & fashion,"Shop the latest men's fashion online at Powerlook. Discover oversized t-shirts, Linen shirts, Korean pants, denim jeans, polos, and trending styles designed for modern men.",https://www.powerlook.in/cdn/shop/files/pl-logo.png?v=1748948999&width=500,Maharashtra
https://veirdo.in,info@awesomefab.in,https://instagram.com/veirdo.in;https://linkedin.com/company/veirdo?originalSubdomain=in;https://twitter.com/Veirdooffical,apparel & fashion,"Online Shopping Store for trending fashions for Men’s at Veirdo. Buy Best T-shirts, Sweatshirts, Shorts, Joggers, Jackets & Hoodies online in India.",https://cdn.shopify.com/s/files/1/1982/7331/files/veirdologotrans_180x.png,Karnataka
https://citizenwatches.co.in,onlinestore@citizenwatches.co.in,https://facebook.com/CitizenWatchIndia;https://in.pinterest.com/citizenwatchindia/;https://instagram.com/citizenwatchindia/;https://youtube.com/@citizenwatchesindia,other,"Citizen Watches India - Official Online Store. Experience the precision and innovation of Citizen. Shop the latest collection of watches for men and women.",https://cdn.shopify.com/s/files/1/0384/2373/files/Citizen_logo_for_website_use.png?v=1732658247&width=500,Maharashtra
https://bunai.com,+917599976000;+918800174972,https://facebook.com/bunaai;https://in.pinterest.com/shopbunaai;https://instagram.com/bunaai;https://linkedin.com/company/bunaai-official;https://youtube.com/channel/UC1WbP_7Zz0BkdBc-KOZnR-Q,apparel & fashion,"Ethnic Wear Online : Buy Designer Ethnic & Western Wear for Women, Girl & Ladies at Bunaai. Buy from stunning collections of Suit Sets, Sharara Sets, Lehenga Sets, Dresses, Sarees and Many More. Free Shipping COD available.",https://cdn.shopify.com/s/files/1/0105/8881/5418/files/logo_a5ffe935-a804-459a-b9ee-94f9a2b2b544.png?v=1741874395,Rajasthan
https://karagiri.com,brandkaragiri@gmail.com;help@karagiri.com;+919311749215;+919611719459,https://facebook.com/karagirii;https://in.pinterest.com/karagiriEthnic;https://instagram.com/karagiri_ethnic;https://twitter.com/karagiri2;https://youtube.com/channel/UC7zcruPYUf0YV2xXkK2fu4Q;https://youtube.com/watch?v=IhQ2dcSLorU&t=3s,apparel & fashion,"Karagiri has beautiful collections of Indian Ethnic wear online in India. Explore a wide range of products like Sarees, Lehenga Cholis, and Anarkalis at best price. Shop now!",https://www.karagiri.com/cdn/shop/files/Image_320x2x_1753700818956_640x.png?v=1753702173,Karnataka
https://libas.in,+919899990772,https://facebook.com/libasindia;https://in.pinterest.com/libas_india;https://instagram.com/libasindia;https://mobile.twitter.com/LibasIndia;https://youtube.com/channel/UCD78_clPwFhkWTUv-R_yl8g,apparel & fashion,"Browse from a wide range of Women's Clothing Online on Libas. Buy Indian Wear for Women like Kurtas, Dresses, Suits and more in best price ✯ COD ✯ Easy Returns",https://www.libas.in/cdn/shop/files/purple_Libas-Logo_1_1.png?v=1716187208&width=260,Uttar Pradesh
https://chidiyaa.com,hello@chidiyaa.com;+919284457051,https://facebook.com/chidiyaaonline;https://in.pinterest.com/chidiyaaonline/_created;https://instagram.com/chidiyaaonline;https://twitter.com/ChidiyaaOnline;https://youtube.com/@chidiyaaonline5318,apparel & fashion,"Beautiful handcrafted clothing for Women. Exclusive ajrakh and dabu hand block printed cotton sarees, kurtis, kurta sets, palazzo, pants, dupattas and dress available at Chidiyaa.",https://chidiyaa.com/cdn/shopifycloud/storefront/assets/no-image-2048-a2addb12_500x500.gif,Maharashtra
https://fablestreet.com,care@fablestreet.com;careers@fablestreet.com;+911143078400,https://facebook.com/fablestreet;https://in.linkedin.com/company/fslife;https://in.pinterest.com/fablestreetofficial;https://instagram.com/fable.street;https://youtube.com/@FableStreet,apparel & fashion,"Shop Premium Western Wear for Women Online in India at FableStreet. Buy your favourite tops, dresses, trousers & more with Premium Fabric, Easy Returns & Exchanges, Free Shipping, COD Available.",https://cdn.shopify.com/s/files/1/0486/0634/7416/files/Logo_,Haryana
https://sugarcosmetics.com,grievance.officer@sugarcosmetics.com;hello@sugarcosmetics.com,https://facebook.com/trySUGAR;https://in.linkedin.com/company/sugar-cosmetics;https://instagram.com/trysugar;https://x.com/trysugar;https://youtube.com/@SUGARCosmetics,beauty & skincare,"Shop SUGAR Cosmetics' premium makeup & beauty products online. Browse lipsticks, foundations, kajal & more with free shipping across India.",https://www.sugarcosmetics.com/cdn/shop/files/SugarCosmetics-Logo_SC-Logo-H-Transparent_56fde146-25cb-454c-969e-a03e840cce6a.png?v=1751454357&width=661,Maharashtra
https://plumgoodness.com,grievance.officer@teampureplay.com;hello@plumgoodness.com;+917506496604,https://instagram.com/plumgoodness;https://youtube.com/channel/UC6tQtwAuADVKuxIRKfwMZfw,beauty & skincare,"India's first 100% vegan beauty brand. Get best offers on Skincare, Haircare, Bodycare, Makeup & more at Plum Goodness.",https://plumgoodness.com/cdn/shop/files/RGB_Plum_Chemistry_Logo_2nd.png?v=1729503727&width=4500,Maharashtra
https://mcaffeine.com,,,beauty & skincare,mCaffeine - India's first caffeinated brand for personal care. Give your hair and skin the best care with coffee-based vegan products. ✓ 5 million Happy Customers ✓ 4.7+ Rating ✓ SLS Free Products,https://cdn.shopify.com/s/files/1/1454/5188/files/logo_2x_80cda01b-05d6-421c-b260-fff9774a0c98.png?v=1742290610,Goa
https://dotandkey.com,care@dotandkey.com;+911744710057;+911745323515;+911752664207;+911755090118;+911766572313;+911768387906;+911768561550;+911772446737;+911772454016;+911773549636;+911775644619;+911780569547;+911781243494;+911784205186;+911784205327;+911784638633;+911784641926;+911786364860;+911786364909;+911786364995;+911786365085;+911786365091;+911787570382;+911787663165;+911788342046;+911788342206;+911788348730;+911788593783;+911788593804;+911788593944;+911788760305;+911789649901;+911789728010;+913340100916,https://facebook.com/dotandkey;https://instagram.com/dotandkey.skincare;https://youtube.com/channel/UCD7U0EUBYg9YlL-zVZjkjfA,beauty & skincare,Explore natural & clinically proven skincare solutions at Dot & Key. Say goodbye to skin issues with our gentle yet effective products,https://www.dotandkey.com/cdn/shop/files/Vector_5.svg?v=1720438003&width=450,
https://juicychemistry.com,hello@juicychemistry.com;info@juicychemistry.com;sales@juicychemistry.com;+914222472852,https://facebook.com/JuicyChemistry;https://instagram.com/juicy_chemistry;https://linkedin.com/company/juicy-chemistry;https://twitter.com/chemistry_juicy;https://youtube.com/channel/UCNkBtAfx0b2Gs4_eMXE6qcw/featured,baby & kids,"Shop certified organic skincare, hair care, body care and baby care from Juicy Chemistry, made with traceable ingredients and science-led formulations.",https://juicychemistry.com/cdn/shop/files/JC_New_Style_Logo-03_-_Copy.png?v=1737773012&width=1635,Tamil Nadu
https://earthrhythm.com,business@earthrhythm.com;support@earthrhythm.com;+919667797376,https://facebook.com/theearthrhythm;https://instagram.com/theearthrhythm;https://linkedin.com/company/earth-rhythm/mycompany;https://x.com/theearthrhythm;https://youtube.com/c/EarthRhythm,beauty & skincare,Earth Rhythm is India’s 1st homegrown brand for smart and safe skincare. Visit and order today for the best skincare cosmetics by Earth Rhythm.,https://earthrhythm.com/cdn/shop/files/41_google_er_logo.png?v=1664526818&width=400,Haryana
https://foxtale.in,privacypolicy@foxtale.in;+918976715867,https://facebook.com/foxtaleskin;https://instagram.com/foxtaleskin;https://x.com/foxtaleskin;https://youtube.com/c/FoxtaleSkin,beauty & skincare,"Skincare that targets the root cause, not just the surface. Discover Foxtale's bestselling face masks, serums, moisturizers & sunscreens. Shop Now.",https://cdn.shopify.com/s/files/1/0609/6096/4855/files/foxtale-logo.avif?v=1768397507&width=768&quality=60,Maharashtra
https://arata.in,grc@arata.in;hr@arata.in;info@arata.in;marketing@arata.in;+9118001035572,https://instagram.com/arata.in;https://linkedin.com/company/aratahairandscalp;https://linkedin.com/in/dhruv-bhasin-906b4438;https://linkedin.com/in/dhruv-madhok-arata;https://linkedin.com/in/kushal-sharma-020ba22b;https://linkedin.com/in/puneet-kolthe-6b28297;https://linkedin.com/in/rheabhatia94;https://youtube.com/channel/UCbuKpT07bPUdLlg8m5TEiyQ,beauty & skincare,"Explore Arata's most trusted & dermat-approved haircare solutions for Indian hair. Shop for anti-dandruff shampoo, conditioner, hair growth serum, hair cream & more.",https://cdn.shopify.com/s/files/1/0082/7300/2573/files/New-Arata-Black-Logo.svg,Delhi
https://bluetokaicoffee.com,emandate@bluetokaicoffee.com;getcoffee@bluetokaicoffee.com;+919606047077,https://facebook.com/bluetokaicoffee;https://instagram.com/bluetokaicoffee;https://twitter.com/bluetokaicoffee,food & beverages,"Blue Tokai Coffee brings you fresh single estate 100% Arabica coffee beans, roasted with care, from the best farms across India. Order yours online now!",https://bluetokaicoffee.com/cdn/shop/files/logo-footer.png?v=1688108473&width=190,
https://sleepyowl.co,arman@sleepyowl.co;business@sleepyowl.co;events@sleepyowl.co;help@sleepyowl.co;jobs@sleepyowl.co;marketing@sleepyowl.co;subscription@sleepyowl.co;+917303829900,https://facebook.com/sleepyowlcoffee;https://instagram.com/sleepyowlcoffee;https://linkedin.com/company/sleepy-owl-coffee;https://twitter.com/sleepyowlcoffee;https://youtube.com/channel/UCOC4AAvD10lxvVdnkFW51KQ,food & beverages,Buy Instant coffee powder in India from the best coffee store. Sleepy Owl is a homegrown Indian Instant Coffee brand that offers flavored Instant Coffee online. Our coffee products include ✓Cold Brew ✓Hot Brew ✓Ready to Drink Cold Brew Bottles ✓Latte ✓Classic Filter Coffee ✓Merchandise. Shop now!,https://cdn.shopify.com/s/files/1/1308/0907/files/logo_107a2c0c-7f30-46ef-b852-05b27807f310_110x@2x.png?v=1629351406,Delhi
https://indianartvilla.in,care1@indianartvilla.in;+911414005890;+918094254611,https://facebook.com/indianartvilla;https://in.pinterest.com/indianartvilla;https://instagram.com/indianartvilla;https://twitter.com/indianartvilla;https://youtube.com/c/IndianArtVilla,home decor,"Buy pure copper & brass utensils online from India's leading manufacturer. 10 lakh+ customers, handcrafted in India. Shop drinkware, cookware & gifting.",https://www.indianartvilla.in/cdn/shop/files/bold_logo_png_1_5fb1d908-d349-401b-9ccf-d10de93b5c5b_150x.png?v=1757072080,Rajasthan
https://thedecorkart.com,info@thedecorkart.com;+919811338191;+919811536888,https://facebook.com/thedecorkart;https://in.pinterest.com/thedecorkart;https://instagram.com/p/CCoDpDSB50h;https://instagram.com/p/CRoEkpIt6it;https://instagram.com/p/CVpdSMXLk8-;https://instagram.com/reel/CabXgqTjCvr;https://instagram.com/s/aGlnaGxpZ2h0OjE4MDM3OTQzMjc4MDMwMTA2?story_media_id=2450890306737018695;https://instagram.com/thedecorkart;https://youtube.com/@TheDecorKartOfficial;https://youtube.com/shorts/CMccbXHBs5U?si=bryptOm9YXyH5q80,home decor,"Buy home decor items Online at affordable price in India. Check out home decorative items online from a wide range of home decorative items, interior decoration, home decor, vintage decor to buy from top home decor websites India. The Decor Kart offers a premium collection of home decor items online in India.",https://thedecorkart.com/cdn/shop/files/TDK_logo_2.png?v=1758192155&width=500,Delhi
https://ellementry.com,care@ellementry.com;corporate@ellementry.com;international@ellementry.com;+917424888999,https://facebook.com/ellementryhome;https://instagram.com/ellementryhome;https://pinterest.com/ellementryhome;https://youtube.com/@ellementry,home decor,"ellementry offers a variety of handmade home decors, kitchenware, tableware, furniture and lighting products. Our products are microwave and food safe. Enjoy pre-festive offer up to 70% off. Enjoy ✓Free Shipping ✓Easy return ✓COD",https://www.ellementry.com/cdn/shop/files/ellementry-logo-2nd-new.png?v=1708170314&width=500,Karnataka
https://chumbak.com,bulk-orders@chumbak.in;help@chumbak.in;+918046800250,https://facebook.com/Chumbak;https://instagram.com/chumbak;https://instagram.com/p/DFCt2YRI3a-,accessories,"Choose from a wide range of products across the categories like Furniture, Bed & Furnishing, Decor, Kitchen & Dining under Home and Bags & Wallet, Watches and Beauty & Fragrance under Lifestyle.",https://www.chumbak.com/cdn/shop/files/9-1.png?v=1693220644&width=400,Karnataka
https://mokobara.com,amn.pun@mokobara.com;aph.ind@mokobara.com;avn.del@mokobara.com;blk.del@mokobara.com;brd.blr@mokobara.com;bsm.pat@mokobara.com;bta.bmi@mokobara.com;bulkorders@mokobara.com;careers@mokobara.com;cgr.ahm@mokobara.com;cpl.del@mokobara.com;dlf.noida@mokobara.com;dmt.nag@mokobara.com;gdr.sur@mokobara.com;gm.hyd@mokobara.com;hello@mokobara.com;hlp.galleria@mokobara.com;hlt.clt@mokobara.com;hmt.hyd@mokobara.com;hsr.blr@mokobara.com;ind.blr@mokobara.com;kbg.del@mokobara.com;khm.del@mokobara.com;knk.chn@mokobara.com;ljp.del@mokobara.com;lrd.mum@mokobara.com;lul.lck@mokobara.com;m5e.blr@mokobara.com;mdt.jld@mokobara.com;mgf.ggn@mokobara.com;mgr.pun@mokobara.com;moa.blr@mokobara.com;mom.pun@mokobara.com;nem.chd@mokobara.com;nxs.amr@mokobara.com;nxs.mum@mokobara.com;obr.mum@mokobara.com;ori.blr@mokobara.com;pld.ahm@mokobara.com;pld.mum@mokobara.com;pmc.blr@mokobara.com;pmc.chn@mokobara.com;pmc.kur@mokobara.com;pvn.pun@mokobara.com;rct.mum@mokobara.com;sec19.chd@mokobara.com;smt.del@mokobara.com;srt.hyd@mokobara.com;support@mokobara.com;sxt.del@mokobara.com;t2.mum@mokobara.com;trb.pun@mokobara.com;vai.jpr@mokobara.com;veg.blr@mokobara.com;wma.del@mokobara.com;zsq.knp@mokobara.com;+916364978283;+916364979192;+916366948651;+917204181516;+917204183303;+917204183311;+917204184001;+917204184007;+917204306893;+917259766464;+917259774647;+917337774065;+917338196792;+917349782156;+917349782157;+917349782158;+917349782159;+917411716510;+917619518101;+917795058273;+917899251807;+917975298840;+918050412908;+918050418462;+918123323645;+918123345231;+918130870054;+918147129932;+918197087071;+918867945802;+918904396784;+918904396890;+918904397014;+918904397017;+918904892471;+918904892616;+918951358920;+918951384919;+918951395766;+918971692365;+918971694692;+918971697583;+919036010921;+919036010922;+919036010923;+919036010924;+919036010925;+919036010926;+919036010927;+919036010928;+919036010929;+919036010930;+919036010931;+919036010932,,accessories,"Elevate the joy of travel with Mokobara. Shop thoughtfully designed luggage & suitcase bags, travel bags, duffels, and backpacks. Made for modern travel.",https://mokobara.com/cdn/shop/files/Mokobara-logo-R.png?v=1693389220&width=1920,Karnataka
https://shumee.in,business@shumee.in;care@shumee.in;+919148581222,https://facebook.com/shumee.in;https://instagram.com/shumeetoys;https://youtube.com/channel/UClw92m6aetoIOm62fgUJTDA;https://youtube.com/watch?v=7tv-lsO-cjw&feature=youtu.be,baby & kids,"Buy educational & fun toys for kids online from India's most trusted toy store, Shumee. Designed by experts. Non-toxic, and 100% child-safe.",https://www.shumee.in/cdn/shop/files/logo_svg.svg?v=1705841368&width=500,Karnataka
https://smartivity.in,info@smartivity.in;+918130949966,https://facebook.com/SmartivityToys;https://instagram.com/smartivitytoys;https://twitter.com/smartivitylabs,baby & kids,"Buy DIY STEAM Fun Toys for 1 to 14-Year-Old Kids Online. STEM DIY Educational & Learning Toys, Science Chemistry Experiments Kits, Mechanical Toys, Engineering Projects, and Construction-Based Activities & Games for Kids. Perfect Art & Craft And Hobby Kits, Great Birthday Gifts For Ki...",https://www.smartivity.in/cdn/shop/files/Website_logo_170x52_718812ec-6219-4cbb-875c-000fd6105da5.png?v=1672645372&width=300,Delhi
https://superbottoms.com,resolutions@superbottoms.com;+917977852646;+919702314940,https://facebook.com/superbottoms;https://instagram.com/superbottoms;https://linkedin.com/company/superbottoms;https://x.com/Superbottoms?s=20;https://youtube.com/@SuperbottomsClothDiapersIndia,baby & kids,"Shop SuperBottoms for Reusable Cloth Diapers, Padded Underwear, Baby Essentials & more. Soft, sustainable & trusted by 20L+ Indian parents.",https://superbottoms.com/cdn/shop/files/Main-logo-dec_fe2c3657-79ca-4a37-9faf-aeb6c7732808_2.png?crop=center&height=79&v=1786170766&width=240,Maharashtra
https://skoolkid.myshopify.com,,,other,,,
https://hammeronline.in,info@hammeronline.in;+919991108081,https://facebook.com/HammerLifestyle;https://in.linkedin.com/company/hammer-audio;https://instagram.com/hammerlifestyle_;https://twitter.com/HammerLifestyle;https://youtube.com/channel/UC_mxCd3tf3VshVQiSuALgGQ/videos?view_as=subscriber,electronics,"Buy truly wireless earbuds, bluetooth calling smartwatch, headphones and electric toothbrushes. Get upto 80% discount on HAMMER true wireless earbuds, smartwatches and headphones.",https://hammeronline.in/cdn/shop/files/hAMMER_lOGO_GOOOGLE.png?v=1641298293&width=280,Haryana
https://portronics.com,+919555245245,https://facebook.com/Portronics.India;https://in.linkedin.com/company/portronics-digital-pvt-ltd;https://instagram.com/portronics.india;https://twitter.com/portronics;https://youtube.com/c/portronicsdigital,electronics,"Shop from the latest collection of speakers, headphones, smart watches, USB hubs, chargers & other portable smart gadgets from India's most loved brand - Portronics.",https://www.portronics.com/cdn/shop/files/logo_f6f5e2d7-11ef-46f4-b9b8-4d4c99fe098f.png?v=1707295711&width=600,Delhi
https://crossbeats.com,support@crossbeats.com;+919611293293,https://facebook.com/crossbeatsindia;https://instagram.com/crossbeats.in;https://linkedin.com/company/crossbeats/mycompany;https://twitter.com/crossbeatsind;https://youtube.com/channel/UCLZxmhHHKhytA4PjJaSGtAQ,electronics,"Shop Crossbeats for India's best Smartwatches, ANC TWS Earbuds, Soundbars, Dashcams & Smart Projectors. Get 12-Month Warranty & Free Shipping. Buy Online!",https://crossbeats.com/cdn/shop/files/Logo_White_4604bc1d-2f59-4713-9a82-c29a957afb72.png?v=1674192312,Karnataka
https://giva.co,+916290031216;+919228837724,https://facebook.com/GIVA.official;https://instagram.com/giva.co;https://linkedin.com/company/giva-co/mycompany;https://youtube.com/c/GIVAOfficial,jewelry,"Shop BIS Hallmark Gold, 925 Silver & Certified Lab Grown Diamond Jewellery at GIVA. Latest designs ✓ Best Offers ✓ Easy Returns ✓ Pan India Delivery",https://www.giva.co/cdn/shop/files/logo__3.png,Karnataka
https://voylla.com,help@voylla.com;+917230066750;+917240035551,https://facebook.com/voylla;https://in.pinterest.com/voylla;https://instagram.com/voylla;https://twitter.com/voyllafashion;https://youtube.com/channel/UChTK7n617vBWm8uVMr50lXA,jewelry,"Shop the latest imitation, artificial & fashion jewellery online at Voylla. Explore earrings, necklaces, bangles & more in stylish designs at best prices.",https://cdn.shopify.com/s/files/1/0610/9472/3750/files/Make-in-India-Logo-PNG-HD.png?v=1671526773,Rajasthan
https://palmonas.com,corporate@palmonas.com;franchise@palmonas.com;legalteam@palmonas.com;peopleandculture@palmonas.com;pr@palmonas.com;+919175008322,https://facebook.com/palmonas;https://instagram.com/palmonas_official;https://linkedin.com/company/palmonas;https://youtube.com/@palmonas/videos,jewelry,"Shop for Demifine® collection pieces for your everyday use from PALMONAS. Bracelets, necklaces, rings, earrings, mangalsutras and much more. waterproof, anti tarnish and hypoallergenic jewellery. Affordable luxury jewellery for everyday. Shop for alternative to real gold jewellery at PALMONAS",https://cdn.shopify.com/s/files/1/0613/1400/7297/files/LOGO-01-01_170x.png?v=1643713043,Maharashtra
https://neemans.com,+919059938941,https://facebook.com/NeemansOfficial;https://in.linkedin.com/company/neemans;https://instagram.com/neemansofficial;https://linkedin.com/company/neemans/posts?feedView=all,footwear,"Footwear for Men & Women - Explore the wide range of stylish Sneakers, Slip Ons, Slippers & Loafers for men & women online at Neemans. Buy Now!",https://neemans.com/cdn/shopifycloud/storefront/assets/no-image-100-2a702f30_small.gif,Karnataka
https://ledflashlights.in,marketing@lightmen.in;sales@lightmen.in;service.lightmen@gmail.com;+919849000777;+919849004777,https://facebook.com/lightmenindia;https://instagram.com/lightmen.in;https://twitter.com/lightmenindia;https://youtube.com/c/EDCIndia-LightMen,jewelry,"LightMen is a premium flashlights store dealing in Torches and Searchlights, Catering to diverse needs ranging from personal, outdoor, and professional use. With a strong focus on innovation and reliability, One stop shop for Quality Rechargeable Torches India - Long Range Torch, Spotlights Searchlights",https://ledflashlights.in/cdn/shop/files/logo_08176d57-0ea2-418b-a339-34defafd47b3_200x.png?v=1669398181,Telangana
https://ooberpad.com,+912230808050;+919167386570,https://facebook.com/ooberpad;https://instagram.com/ooberpad;https://twitter.com/ooberpad;https://youtube.com/channel/UCfH3pnadPJPDYCYeXcZwd8g;https://youtube.com/watch?v=mDXlhL0z8Gw,electronics,"Shop at Ooberpad for premium home theatre packages, luxury audio systems, and smart home solutions. Enjoy personalised service, expert recommendations, and elite brands.",https://www.ooberpad.com/files/Ooberpad_Main_logo.png,Karnataka
https://purayati.com,support@purayati.com;+919380080931,https://facebook.com/purayatisupplements;https://instagram.com/purayati,health & wellness,"Shop Online from the latest collections of Vitamins, Multivitamins & Health Supplements at Best Prices! Healthy Lifestyle begins with Purayati.",https://purayati.com/cdn/shop/files/2_70789724-4297-4d1c-8c41-842e6d64c7c7.png?v=1681208592&width=1440,
https://weaverstory.com,care@weaverstory.com;payments@travellingtrunk.in;+919810552115;+919810646345,https://facebook.com/WeaverStorydelhi;https://in.pinterest.com/weaverstory;https://instagram.com/real_weaverstory;https://linkedin.com/company/weaverstory;https://linkedin.com/company/weaverstory?originalSubdomain=in;https://twitter.com/weaverstory2015,apparel & fashion,"WeaverStory is the house of India’s finest handloom—sarees, dupattas, lehengas, suits & menswear. Banarasi, Kanjivaram, Patola, Pashmina—pure, handmade, unmatched",https://weaverstory.com/cdn/shop/files/Logo_2_1.png?v=1686396701&width=1078,Delhi
https://fashor.com,care@fashor.com;+911790431450;+911790435801;+911790435802;+911790436165;+911790436428;+911790436723;+911790437080;+911790438087;+911790438466;+911790438860;+911790438861;+911790439153;+911790439154;+911790439420;+919884222300,https://facebook.com/myfashor;https://instagram.com/fashor_com;https://youtube.com/channel/UCTFavVcS2dlsKyr-cag7pzg,apparel & fashion,"Fashor is your one-stop destination for the finest ethnic wear, offering a carefully curated collection of trendy kurtis, kurta sets, dresses, gowns, bottoms, Indo-western outfits, and occasion wear. With over 3000+ exclusive styles and new launches everyday, we showcase only the most unique and fashionable outfits.",https://fashor.com/cdn/shop/files/logo.svg?v=1702528391&width=500,Tamil Nadu
https://theblacksteel.com,clientrelations@theblacksteel.com;hello@theblacksteel.com;+918383991484;+919650333411;+919810007837,https://facebook.com/theblacksteeldecor;https://in.pinterest.com/theblacksteel?actingBusinessId=30399503643218444;https://instagram.com/theblacksteel.studio,home decor,"Shop Decorative Lamps Online | Modern Industrial Homes Blog | Industrial Lamps | Nordic Scandinavian Style Vintage Decor | Mid-Century Interiors | Home Decor Trend | Loft Design Lighting | Interior Ideas India | Modern Pendant Light Fixtures | Edison Filament Bulbs | Preferred Suppliers, Wholesale and Manufacturers",https://www.theblacksteel.com/cdn/shop/t/26/assets/logo.png?v=35666,Delhi
https://ajieshoberoi.com,hello@ajieshoberoi.com;+919711173339,https://facebook.com/ajieshoberoiofficial;https://instagram.com/ajieshoberoiofficial,apparel & fashion,Ajiesh Kaur,https://ajieshoberoi.com/cdn/shop/files/Ajiesh_Post.png?v=1718953953&width=1080,Delhi
https://eurekalabs.in,hello@eurekalabs.in;+918130705856,https://facebook.com/eurekalabs;https://instagram.com/eurekalabsltd;https://twitter.com/eurekalabs,health & wellness,Eureka Labs Limited is quality manufacturer of herbal products since 1989. Ayurvedic products like Healthup Weight Gainer Capsule help people increase weight gain by improving digestion. Triphala capsule with Natural Vitamin C helps to remove constipation and act as AntiOxidant. Tri Aloe Body fine capsule purify blood.,https://smart-seo-new-api.sherpas.design/files/2670,Delhi
https://keyaseth.com,help@keyaseth.com;+918334886871,https://facebook.com/keyasethcosmetics?view_public_for=103084188287691;https://in.pinterest.com/keyasetharomatherapy;https://instagram.com/keyaseth.aromatherapy;https://linkedin.com/company/keyaseth;https://youtube.com/channel/UCLs2Wm8dQ_gXdjTu7hvCiYQ,beauty & skincare,"Enhance your life with natural products from Keya Seth. Select from a wide range of aromatherapy essential oils, organic skincare and haircare products perfect for any home. Experience the power of nature!",https://www.keyaseth.com/cdn/shop/files/Keya_Seth_Logo.png?v=1750778121&width=600,West Bengal
https://leatherworldonline.net,,https://facebook.com/leatherworldonline?mibextid=ZbWKwL;https://instagram.com/leatherworldonline,jewelry,"Leather World, the leading online store offering the best Leather and non-leather products perfectly designed to fit your daily and occasional needs. Leather World holds the experience of more than twenty-three years in the Indian Leather Market.",https://www.leatherworldonline.net/cdn/shop/files/WhatsApp_Image_2023-01-25_at_9.38.23_PM-removebg-preview.png?v=1674703535&width=500,
https://kraftedwithhappiness.com,+918587072730,https://facebook.com/kraftedwithhappiness;https://in.pinterest.com/ShopKrafted;https://instagram.com/https://www.instagram.com/kraftedwithhappiness,jewelry,"Online shopping store in India for quirky jewellery, bohemian accessories, clothing, comfortable footwear at best price. Shop affordable latest fashion trend, summer dresses, handmade tassel jewelry, wedding gota patti, Indian earrings, necklaces, rings, bridal maang tikkas, designer tops Free shipping Cash on Delivery",https://https://kraftedwithhappiness.com/cdn/shop/files/Website_Header_250b0187-ba46-403d-abf4-f1f946f32c8f_600x.jpg?v=1660637660,
https://littlethingstudio.com,studio.littlethings@gmail.com,https://instagram.com/littlethingstudio?igsh=N3lmcDBpZmxwbGl4,other,"LITTLE THINGS STUDIO is a design label that celebrates luxury in a contemporary, fresh and edgy aesthetic while being mindful of the people and the environment.",https://www.littlethingstudio.com/cdn/shop/files/LTS_LOGO_WHITE.svg?v=1739099762&width=500,Delhi
https://monkstory.com,support@monkstory.com;+914446310766,https://facebook.com/monkstoryofficial;https://instagram.com/monkstoryofficial;https://youtube.com/@monkstory7730,accessories,"Shop online for India's best designer formal and casual non leather shoes. Fashion accessories like wallets, belts, bags. All India delivery. Pay cash on delivery.",https://customers.seomanager.com/knowledgegraph/logo/monkstory_myshopify_com_logo.jpg,Tamil Nadu
https://gulal.in,+917307937956,https://facebook.com/gulalbanaras;https://instagram.com/gulalbanaras;https://youtube.com/@gulalbanaras,other,"Discover Gulal for handcrafted laptop sleeves, and personalized gifts made with love and minimal waste. Every piece is customizable and built to last - perfect for gifting or treating yourself. Free shipping across India.",https://www.gulal.in/cdn/shop/files/logo-1.png?v=1687089999&width=500,Rajasthan
https://helpusgreen.com,hello@helpusgreen.com;marketing@helpusgreen.com;+918953047858,https://youtube.com/@helpusgreen868?si=lE835_wLXSOfqs4-,other,"HelpUsGreen – Shop natural incense sticks, agarbatti, dhoop cones & eco gift hampers made from waste flowers. Chemical free, handcrafted & sustainable. Shop now!",https://www.helpusgreen.com/cdn/shop/files/Hug_Updated_Logo_2.svg?v=1785921688&width=500,Karnataka
https://ecott.in,info@ecott.in;+919626262492,https://facebook.com/ecott.clothing;https://instagram.com/ecott_brands,apparel & fashion,"Alphaknit Textiles Pvt Ltd is a trusted apparel manufacturer from Tirupur, India, offering premium men’s innerwear and clothing through Private Label, OEM, and bulk order services. We cater to domestic and export markets with a strong focus on quality, customization, and timely worldwide delivery.",https://ecott.in/cdn/shop/files/new_logo_final_3_ce98ad33-eea9-419c-9993-20f82111ab17_2022x.jpg?v=1698155464,Tamil Nadu
https://maliniahuja.com,info@maliniahuja.com,https://instagram.com/maliniahuja,other,"As you slip into a Malini outfit, you’ll get a sense of timeless elegance. So what are you waiting for?",,
https://devotedstore.com,support@devotedstore.com;+919311727267;+919403890422,https://facebook.com/devotedwear;https://instagram.com/devotedwear;https://instagram.com/s/aGlnaGxpZ2h0OjE3ODk1Mzg0NzYzOTI4NTY4?story_media_id=2534021976957595626_5355569443;https://instagram.com/stories/highlights/17895384763928568,jewelry,"Experience true craftsmanship with Devoted - Your premier destination for pure nappa leather jackets and accessories. Each piece is handmade to order from the finest hides,ensuring timeless quality, comfort and sophistication that lasts ages, all sizes available including big sizes like 3XL, 4XL, 5XL, 6XL, 7XL, 8XL etc",https://nbg1.your-objectstorage.com/seolab/jsonld-images/v6poOTVgjqLoQFScoTtAmydjK1SvHSPkU08GVqjE.png,Delhi
https://thinpc.online,kolkatta@thinpc.net;+912228592822;+912249674331;+912428518061;+919664480006,https://facebook.com/thinpc.online;https://instagram.com/thinpc_;https://x.com/Thinpc3;https://youtube.com/@ThinPCTech,other,ThinPC Deals into Thin Clients | Mini PC | Digital Signage | Touch Screen | Kiosk | Mini ITX Motherboard | Mini ITX Casing | POS Terminal Solutions,https://thinpc.online/cdn/shop/t/18/assets/logo.png?v=2697,Maharashtra
https://themessycorner.in,support@themessycorner.com;+918879680635,,accessories,"Buy personalised gifts at The Messy Corner. Choose from our range of customizable products made from high quality vegan leather, Unique and best idea for gifting. Free Shipping.",https://www.themessycorner.in/cdn/shop/files/Logo_1200_X_1200_2_32c843e4-6cfb-4fad-934b-e087f5e9f1d1.png?v=1666849336&width=1200,Karnataka
https://shriandsam.com,info@shriandsam.com;+918199898904,https://facebook.com/OfficialShriandSam;https://instagram.com/shriandsam;https://youtube.com/channel/UC0NQSHx9bK_viKYNUf-X3cA,kitchen,"Shri & Sam, India's leading premium brand in kitchenware products. Buy online kitchenware products @ best price - cutlery, cookware | Best DIWALI gifts...",https://shriandsam.com/cdn/shop/files/shri_and_sam_logo_280_by_80.png?v=1693306723&width=280,Haryana
https://vaadiherbals.in,hr@vaadiherbals.com;media@vaadiherbals.com;support@vaadiherbals.in;+919643088274,https://facebook.com/vaadiherbals;https://instagram.com/vaadiherbal,health & wellness,,https://vaadiherbals.in/cdn/shop/files/herbals.png?v=1749721887&width=500,Delhi
https://singhvijewels.in,info@singhvijewels.com;+911141009902,,jewelry,,https://www.singhvijewels.in/cdn/shop/files/Logo_320x320_copy-1_390x_8df39056-8dcf-4e22-94b0-b6d7fa72e524_390x.png?v=1613545594,Delhi
https://contrastliving.com,,https://facebook.com/contrastlivingdotcom;https://instagram.com/contrastlivingdotcom;https://linkedin.com/company/contrastlivingdotcom,home decor,"At Contrast Living, we believe in filling your home with pieces that feel truly special. From handcrafted rugs and unique cushion covers to wooden boxes, decor accents, and furniture, every item is made with care and artistry. Let us help you create a home that feels warm, stylish, and authentically you.",https://contrastliving.com/cdn/shop/files/CL_Logo.png?v=1753952147&width=4500,Rajasthan
https://brawnybear.com,contact@brawnybear.com;+919324254427,https://facebook.com/brawnybearnutritionhttps://www.facebook.com/brawnybearnutrition;https://instagram.com/brawnybearnutrition;https://linkedin.com/company/brawny-bear-nutrition,health & wellness,The healthiest spreads and powders in town.,https://brawnybear.com/cdn/shop/files/logo_main_desktop.png?v=1747381017&width=550,Maharashtra
https://mycutemini.com,info@mycutemini.in;+9118002741500;+918610241025;+919551904831,https://facebook.com/mycutemini;https://instagram.com/mycutemini,other,"We do Custom Hand-sculpted 3D Selfie Miniature Replica Figurine Dolls of People from Photographs that are 100% Handmade ❤A beautiful and memorable gift to your loved ones for birthdays, weddings, anniversary, thanks-giving, homecoming and all other special occasions.Call 1800 274 1500 | WhatsApp +919551904831 Surprise your loved ones with a cute 3D miniature doll of themselves today! ☺️ The best gift forever☺️ ~ Handmade Human Clone Dolls | 3D Selfie | 3D Miniature | 3D Figurines | Wedding Cake...",https://mycutemini.com/cdn/shop/t/4/assets/logo.png?v=177247945597575600651567570282,Tamil Nadu
https://happywagon.com,hello@happywagon.com;+917976485952,,apparel & fashion,"Your one stop shop for the best stationery, custom and designer gifting, apparel, home decor, t-shirts and more! Find products that have been carefully created by our talented illustrators and Artists.",https://www.happywagon.com/cdn/shop/files/happywagon-logo_fb695332-a2ef-41ed-ac5c-9271608df7d2.png?v=1659625501&width=337,Karnataka
https://riddhika.com,blinger@riddhika.com;contact@riddhika.com,https://facebook.com/riddhikajesranijewelry;https://instagram.com/riddhikajesranijewelry;https://twitter.com/riddhikajesrani,jewelry,"Fun, and funny fashion jewelry line based out of Mumbai, India. Beaded statement necklaces, India's first biodegradable 3D printed jewelry, to acrylic jewelry, to handcrafted constellations, this accessory line has something for everyone.",https://riddhika.com/cdn/shop/t/41/assets/logo.png?v=143,Maharashtra
https://yantralay.com,info@yantralay.com;+919867150670,https://facebook.com/yantralay;https://in.linkedin.com/in/nisarg-koladia-38a26b1a6;https://instagram.com/yantralay;https://youtube.com/@yantralay5919,electronics,"Shop Action Camera Accessories, selfie sticks, mounts, tripods and creator essentials for DJI, Insta360, GoPro and more at Yantralay.",https://nbg1.your-objectstorage.com/seolab/jsonld-images/BbDqzAJ1zIwJWU812AuGfp4qRc16rJnI4VITTX5T.png,Maharashtra
https://queensvanity.com,,https://facebook.com/queensvanity60;https://instagram.com/queensvanity60;https://youtube.com/@QueensVanity-m1q,other,,https://queensvanity.com/cdn/shop/files/WhatsApp_Image_2026-09-23_at_20.12.05-removebg-preview.png?v=1790180047&width=500,
https://delhipoetryslam.com,info@delhipoetryslam.com,https://instagram.com/delhipoetryslam;https://twitter.com/delhipoetryslam;https://youtube.com/channel/UCuv7kk9fhHwKtIjK2Nta6qQ,other,Delhi Poetry Slam is the largest online group of poets from all over India.,,Delhi
https://melissaindia.com,,https://facebook.com/melissashoesindia;https://instagram.com/melissashoesindia;https://instagram.com/p/CuluoSQtxgo;https://instagram.com/p/Cv2ooZ3yX2E;https://instagram.com/p/CvmKceayM5U;https://instagram.com/p/CvmLDLdSx5i;https://instagram.com/p/CvxTpt-SFfQ;https://instagram.com/p/CxItKbbSuVA;https://instagram.com/p/CxXZQIwS8Kx;https://youtube.com/channel/UClHv5lioDA23coDXz0KMCaw,footwear,"Best quality women shoes online at Melissa India. Choose from a wide range of footwear for lifestyle, party, birthday gift, weddings and more occasions. Ladies and Kids shoes",https://melissaindia.com/cdn/shop/files/logo_100x.png?v=1613168433,
https://thedesigncart.com,contact@thedesigncart.com;+918882251201,https://facebook.com/thedesigncart;https://in.linkedin.com/company/the-design-cart;https://in.pinterest.com/thedesigncart/_saved;https://instagram.com/thedesigncart;https://instagram.com/thedesigncart?igsh=MTQ2ZGxjaWdycmxrbA%3D%3D;https://twitter.com/thedesigncart?lang=en;https://youtube.com/@thedesigncartindia,apparel & fashion,"The Design Cart is an online supplier of Beads online, Embroidery Material, Buttons, Sequins, Fabric online and Jewelry making material for Fashion Designers. Buy Beading Supplies, Threads, Embroidery Material, Borders and Laces, Stones, Dabka, Zari, Beads, Fabric online for fashion and jewelry design. Buy Cotton,Silk.",https://cdn.shopify.com/s/files/1/1950/2653/files/TDC_Logo_Black.png,Delhi
https://kaisori.com,orders@kaisori.com;writetokaisori@gmail.com;+919964042996;+919964500996,https://facebook.com/Kaisoriindia;https://in.pinterest.com/Kaisoriindia;https://instagram.com/kaisoriindia;https://youtube.com/@kaisoriindia7145,footwear,"Kaisori offers a range of handmade products that include sarees, duppattas, stoles, shoes, jewellery, cushion covers, carpets, paintings, artifacts, soaps, etc. lovingly made by artisans from across India who practice traditional crafts.",https://kaisori.com/cdn/shop/files/Logo_dc4100fe-ee81-4133-bb6d-1350cfe73baa.png?v=1733843730&width=500,Karnataka
https://igridstore.com,+918801000110,https://facebook.com/igridstore;https://instagram.com/igrid_for_you;https://linkedin.com/company/igridstore-com/posts?feedView=all&viewAsMember=true;https://twitter.com/igridstore,electronics,Home of iGRiD range of products. iGRiD offers a large range of products of highest quality at a great price range. iGRiD product range includes Bluetooth earphones and headphones | vacuum Cleaners | health products | Beauty products | Consumer Electronics products in India.,https://www.igridstore.com/cdn/shop/files/iGridLogo_new_8f281ce5-7100-4f1f-9410-69c7803c44ba_1024x1024.png?v=1613710582,Maharashtra
https://sanskriti777.com,+919718161345,https://instagram.com/sanskriti0777,accessories,"Sanskriti777, a fairtrade company, is boho soul of India, offering amazing handmade products - specializing in bohemian Bags.",https://sanskriti777.com/cdn/shop/files/transparent_logo.png?v=1613697503&width=500,Uttar Pradesh
https://traditions4u.com,sales@traditions4u.in;+919330267784,https://instagram.com/traditions4u,home decor,"Handcrafted rakhis for brother, bhaiya bhabhi & kids — plus rakhi hampers, gat narial, soon & festive gifting. Made in India, ships India & worldwide.",https://traditions4u.com/cdn/shop/files/IMG_2749-removebg-preview_0b12ea1a-6e3e-429a-8902-674369e67196.png?v=1654248766&width=500,West Bengal
https://petwale.com,hello@petwale.com,https://facebook.com/atpetwale;https://instagram.com/petwale;https://twitter.com/atpetwale;https://youtube.com/channel/UCsmu10wQOEny3LbqTA7h2ow,pets,"Pet products made keeping in mind the quality, ease of use, comfort for the pet and their humans and visually impressive to all. Free shipping across India.",https://www.petwale.com/cdn/shop/files/PetWale_Logo_1080x.png?v=1621956819,Maharashtra
https://dressesforwomen.in,+919346761783,,apparel & fashion,"Find wide range of pochampally, Kalamkari, Mangalagiri, Ikat sarees Dress material for affordable prices. Search for bed sheet and many more at Dresses for Women. ✓ Free Shipping ✓ Cash on Delivery ✓ Easy Returns",https://dressesforwomen.in/cdn/shop/files/xpressbee-psh-logo.png?v=1707826149&width=500,Telangana
https://kashmirloom.com,+919266577005;+919810511952,https://facebook.com/KashmirLoom;https://instagram.com/kashmirloom;https://youtube.com/@kashmirloom,other,"Founded by Jenny Housego and Asaf Ali, Kashmir Loom with its artisan community has infused a modern soul into the heritage textile crafts from the Kashmir valley. Discover a collection of Kani weave, Sozni embroidery and versatile contemporary shawls.",https://kashmirloom.com/cdn/shop/files/kashmir_loom_logo_CTP_1b723991-9dc8-40a3-b645-d24f62280c87_x20.png?v=1668847655,Delhi
https://thebabytrunk.com,care@thebabytrunk.com;info@triburgretail.com;+919718815338,https://facebook.com/byTheBabyTrunk;https://instagram.com/the_baby_trunk,baby & kids,"Looking for newborn baby gifts online, The Baby Trunk is leading baby products store with wide ranges of baby items like unique gifts sets, garments, toys and accessories.",https://www.thebabytrunk.com/cdn/shop/files/TBT_logo_21bdf931-018b-4fb5-8415-3e835400d668.jpg?v=1643957900&width=280,Haryana
https://zevaramaze.com,care@zevaramaze.com;+919137690196,https://instagram.com/zevaramaze,jewelry,"Buy Silver Jewellery Online : Certified Jewellery, Free Refinishing, Lifetime Exchange, Free Shipping, Cod Available, Express Delivery. Ideal For Gifting",https://zevaramaze.com/cdn/shop/files/Dawn_Logo.png?v=1773722861&width=600,West Bengal
https://sixbuttonsdown.com,sixbuttonsdown@gmail.com;+918971906636,https://facebook.com/sixbuttonsdown;https://instagram.com/sixbuttonsdown,apparel & fashion,"Six Buttons Down is more than a brand, it is an idea of an unprejudiced society, a growing sound of liberation, a celebration of meaningful empowerment and a symbol of women's right to choose through confidence and style. We craft designer power dressing clothing for women with a fine attention to style and quality.",https://www.sixbuttonsdown.com/cdn/shop/files/logo_300x300.png?v=1613161324,Karnataka
https://blushingcouture.com,blushingcouturebyshafali@gmail.com;shafali.grover@gmail.com;+919711845015,https://facebook.com/Blushingcouture;https://facebook.com/settings?tab=ads;https://in.pinterest.com/blushingcouture;https://instagram.com/blushingcouturebyshafali;https://youtube.com/@blushingcouture2294,apparel & fashion,Buy beautiful bohemian outfits for Indian wedding and festivities. Handmade with lot of love to give a positive vibe in every ensemble-blushingcouture.com,https://blushingcouture.com/cdn/shop/files/BC_-_logo_main.jpg?v=1712515033&width=500,Haryana
https://artisannsnest.com,hello@artisannsnest.com;patch@patchintopalette.com;+919650269129,https://facebook.com/artisannsnest;https://instagram.com/artisanns_nest;https://youtube.com/watch?v=CxIUG49VBh0,books & stationery,"Artisanns Nest is a sustainable home décor and lifestyle brand which carries ecofriendly home accessories, stationery items as well as house décor items which helps in making your interior space planet friendly.",https://cdn.shopify.com/s/files/1/2107/5343/files/FINAL_LOGOww_180x.jpg?v=1592915411,Delhi
https://ethnicrajasthan.com,,https://facebook.com/ethnicrajasthan;https://instagram.com/ethnicrajasthan;https://youtube.com/@ethnicrajasthan3145,home decor,"Discover ethnic rajasthani home furnishings and lifestyle products at the best prices. Best collection of bedsheets, blankets, cushions and many more.",https://www.ethnicrajasthan.com/cdn/shop/files/logo.png?v=1619086910&width=1982,Rajasthan
https://chimpaaanzee.com,chimpaaanzeecare@gmail.com;+919725722110,https://facebook.com/Chimpaaanzee;https://instagram.com/Chimpaaanzee;https://instagram.com/chimpaaanzee;https://twitter.com/Chimpaaanzee,other,,https://www.chimpaaanzee.com/cdn/shop/t/10/assets/logo.png?v=4420,Gujarat
https://studioradical.in,radhika@studioradical.in;+919831836772,https://facebook.com/studioradical1;https://instagram.com/studioradical,apparel & fashion,"Radical is a pret womens wear designer label HQ'd in Kolkata. We make wearable, stylish, fuss-free clothes and use pure silk fabrics only.",https://www.studioradical.in/cdn/shop/files/logo.PNG?v=1615922364&width=500,West Bengal
https://thelagaadi.com,care@thelagaadi.com;+919116665818,https://facebook.com/thelagaadi;https://in.pinterest.com/thelagaadi1;https://instagram.com/thelagaadi;https://twitter.com/ThelaGaadi,accessories,"Welcome to Thela Gaadi – your destination for unique and thoughtfully crafted socks, handkerchiefs, eye masks, tote bags, and gift boxes. Discover high-quality, stylish essentials designed to add a touch of charm to everyday life and make perfect gifts for any occasion.",https://thelagaadi.com/cdn/shop/files/Thelagaadi_High_Resolution_Logo.png?v=1686551890&width=280,West Bengal
https://funlittleones.com,pwn@pwnclothing.in;+919820216497,https://facebook.com/profile.php?id=100088861874901;https://in.pinterest.com/pawandeept/funlittleonescom;https://instagram.com/funlittleones_kidswear;https://youtube.com/@PWNClothing,apparel & fashion,"Fun Little Ones – a brand created exclusively for kids. We design unique ethnic wear that is adorable, comfortable, and effortlessly classy. Each piece is thoughtfully crafted to bring together tradition, style, and ease — so your little ones can shine at every celebration while feeling free and comfortable.",https://www.funlittleones.com/cdn/shop/files/Fun_Little_Ones_03.png?v=1655376954&width=1081,Maharashtra
https://laasasports.com,laasasports@gmail.com,https://facebook.com/laasasports;https://in.pinterest.com/Laasasports;https://instagram.com/laasasports;https://twitter.com/laasa_sports;https://youtube.com/@laasasports,sports & fitness,"Shop women's activewear at Laasa Sports, including sports bras, leggings, co-ord sets, gym wear, joggers and more. Discover stylish, comfortable and performance-ready workout wear for every active lifestyle.",https://laasasports.com/cdn/shop/files/laasa_logo_B..png?v=1744021483&width=2790,
https://chicbuddy.com,support@chicbuddy.com;+919795745678,,baby & kids,baby care products diaper bags potty chairs charts teethers food feeders pacifiers feeding spoons nursing covers and strollers,https://www.chicbuddy.com/cdn/shop/files/Brand_Logo-Photoroom.png?v=1786027474&width=500,Telangana
https://thecaistore.com,customercare@thecaistore.com;poojarane@thecaistore.com;+912249689513;+918591237531,https://facebook.com/caishoes;https://instagram.com/thecaistore;https://youtube.com/@caistore6835,footwear,"Women Footwear - Buy Handmade Designer Footwear Online in India. Explore a huge range of heels, stylish shoes for women, boots & more Footwear for Women at The CAI Store.",https://thecaistore.com/cdn/shop/files/cai_logo_110x.jpg?v=1675935459,Maharashtra
https://ayushcare.in,support@ayushcare.in;+919487221811,,health & wellness,"Shop trusted Ayurvedic, Siddha & Unani brands at Ayush Care. Doctor consultation, prescription support & free shipping over ₹999.",https://ayushcare.in/__l5e/assets-v1/e0c4a06b-e845-4522-ae8f-2108f350a156/ayush-care-logo.png,Tamil Nadu
https://drmonga.in,+919811224442;+919811321234,https://facebook.com/drmonga;https://instagram.com/drmongaopticians;https://twitter.com/docmonga,accessories,"Experienced Opticians in Rajouri Garden, West Delhi and Golf course road, Gurgaon for most Professional Eye Testing, Widest Range of Frames,Sunglasses and all Brands of Contact Lenses.",https://drmonga.in/cdn/shop/files/Croped_Logo_230x.png?v=1644222980,Delhi
https://vivarang.com,info@vivarang.com;+919550289380,https://facebook.com/settings?tab=ads;https://facebook.com/vivarangindia;https://in.pinterest.com/vivarangindia;https://instagram.com/vivarang;https://youtube.com/@vivarangIndia,home decor,"At Vivarang, every creation tells a story of culture, region, and human touch. Our collections showcase a wide range of Indian artforms and weaves including Ajrakh, Batik, Bhujodi, Chikankari,Gadwal, Ikat, Kantha, Kutchwork, Madhubani, Maheshwari, Kalamkari, Pattchitra and Pichwai - classy dailywear, rich occasionwear.",https://www.vivarang.com/cdn/shop/files/Vivarang_Logo_PNG.png?v=1777804175&width=500,Telangana
https://bornflash.com,hi@bornflash.com;neha.sagar@gmail.com;+919818559303,https://facebook.com/bornflash;https://instagram.com/studioaccessories,other,Love the craftsmanship and designs of bornflash. Miya Rastogi. Dare to be different . Masoom Minawala. only words that come from my mouth after using ..,https://www.bornflash.com/cdn/shop/files/Bornflash_golden_logo_with_black_shadow.png?v=1772717889&width=500,Delhi
https://adrisya.in,sales@adrisya.in;shabnam@adrisya.in;+919673022410,https://facebook.com/adrisya.jewellery;https://in.pinterest.com/adrisyajewels;https://instagram.com/adrisyajewels;https://linkedin.com/in/shabnam-bhojwani;https://youtube.com/channel/UCKDcKBULgjjMtAL6kcgQvGA,jewelry,"Bespoke IGI-certified lab-grown diamond jewelry by award-winning designer Shabnam Bhojwani. Custom engagement rings, fine jewelry in 14K/18K gold and silver. Made to order, shipped worldwide from Dubai and India.",https://adrisya.in/cdn/shop/files/adrisya_logo_2.png?v=1772081260&width=500,Maharashtra
https://backdropsource.in,privacy@backdropsource.com;support@backdropsource.in;+17708008073;+917708008073,https://facebook.com/BackDropSource;https://instagram.com/backdrop_source;https://pinterest.com/backdropsource;https://x.com/backdropsource;https://youtube.com/user/backdropsource,other,"We offer a wide range of custom backdrops and banners for your all needs. 100% high-quality material. Made in India. We Print your own designs at lowest price. Free delivery in Bengaluru, Mumbai, Delhi, Chennai, Kolkata & other places",https://www.backdropsource.in/cdn/shop/files/bds-logo.svg?v=1790158675&width=500,Karnataka
https://fugazee.com,care@fugazee.com;karnav@fugazee.com;support@fugazee.com;+918010231023;+919818490977,,apparel & fashion,"Fugazee.com is an online store for street style fashion at amazing prices. Checkout our latest collection of mens joggers, Denim, shorts, Bomber Jackets, Hoodies, Jog suits etc.",https://www.fugazee.com/cdn/shop/files/Fugazee_Logo_Transparent_BG_for_app_b699cd47-f998-4e99-8411-92528dfe45f8.png?v=1649147861&width=1833,Haryana
https://astore.in,info@astore.in;+917006333370;+918899924105,,electronics,"aStore.in | Online shopping site in India, Shop for Unique Gadgets, Mobile Phones, Antiques and more in India. Free Shipping & Cash on Delivery Available.",https://www.astore.in/cdn/shop/files/ChatGPT_Image_Feb_8_2026_04_03_28_PM_-_Edited.png?v=1770547248&width=140,Maharashtra
https://kairagiftworld.com,+918466993323,https://facebook.com/kairagiftworld;https://instagram.com/kairagiftworld;https://pinterest.com/kairagiftworld;https://youtube.com/kairagiftworld,home decor,"Traditional event decor & return gifts online from Kaira Gift World Hyderabad. Shop garlands, backdrop cloths, floor decor & more with worldwide shipping.",https://www.kairagiftworld.com/cdn/shop/t/4/assets/logo.png?v=2808,Telangana
https://asmitta.com,info@asmitta.com;nitin@asmitta.com;+919594442933,https://instagram.com/asmittajewellery,jewelry,"Shop latest necklace sets, earrings, bangles & bridal jewellery online at Asmitta. Affordable, elegant & delivered across India.",https://cdn.shopify.com/s/files/1/0801/9922/1553/files/Asmitta_Jewellery_Logo_Design_corel13_1.png?v=1692698771,
https://moringawhat.com,,https://facebook.com/MoringaWhat;https://instagram.com/moringawhat,beauty & skincare,We make food and beauty products that are better for you and better for farmers through extensive testing from soil to end product. Made in direct collaboration with small-holder farmers that are pioneers of regenerative farming across India.,https://www.moringawhat.com/cdn/shop/files/Beige_Minimal_Personal_Make_Up_Artist_Logo_8_x75.png?v=1675490848,Karnataka
https://towithfrom.com,services@unlike.in,https://instagram.com/towithfrom,food & beverages,"Objects and accessories for you and your home, designed and picked by the Unlike Design Co. team.",https://www.towithfrom.com/cdn/shop/files/logo.png?v=1613146648&width=500,Delhi
https://merakiessentials.com,essentials.meraki@gmail.com;+919599080825,https://facebook.com/MerakiEssentials;https://instagram.com/merakiessentials;https://twitter.com/merakiessentia1;https://youtube.com/@MerakiEssentials,other,"Meraki Essentials Oils is the most trustworthy, and highly rated Essential Oil brand in India. We offer pure & natural essential oils & Carrier oils. Order now!",https://merakiessentials.com/cdn/shop/files/Logo_PNG_410x_5be5cbeb-212f-4874-a4f4-540da3127615_600x200.png?v=1642506950,Maharashtra
https://swaarnim.com,store@swaarnim.com;+917313599088,https://facebook.com/swaarnimnaturescience;https://instagram.com/swaarnim,health & wellness,Discover the protective power of Swaarnim Ayurveda for your family's well-being.,https://swaarnim.com/cdn/shop/files/Swaarnim_Logo.png?v=1718784226&width=500,Madhya Pradesh
https://phool.co,anup@phool.co;hello@phool.co;+917408584112;+917709782012,https://facebook.com/phool.co;https://instagram.com/phool.co;https://linkedin.com/company/phool;https://twitter.com/reachouttophool,other,Charcoal-free incense sticks and incense cones made from temple waste | PHOOL - world’s first incense store solving the monumental ‘temple-waste’ problem,https://phool.co/cdn/shop/files/phool-logo.png,Uttar Pradesh
https://shoppingchalo.com,shopcare@shoppingchalo.com;+911123417311,https://facebook.com/shoppingchalo;https://instagram.com/shoppingchalo;https://pinterest.com/shoppingchalo;https://twitter.com/ShoppingChalo,home decor,shoppingchalo bon viveur pashmina stoles kashmir Pure Indian Pashmina Stoles Bon Viveur Pure Vietnamese Silk Scarves Indian Handicrafts for Tourists shopping,,Delhi
https://chictherapy.com,chictherapy@outlook.com;+919167773720,https://facebook.com/ChicTherapyAccessories;https://instagram.com/chic_therapy_,jewelry,Chic Therapy is the creative brainchild of designer Vandana Makhija brings to you contemporary line of jewellery & accessories.,https://chictherapy.com/cdn/shop/files/logo_50X50-02_3c304449-a4b1-4a72-bc7d-162a4bba0cfb.png?v=1749805654&width=500,Maharashtra
https://genuinebattery.com,admin@genuinebattery.com;+919429828662,https://facebook.com/genuinebattery;https://instagram.com/genuinebattery;https://pinterest.com/genuinebattery;https://twitter.com/genuinebattery,jewelry,"India's Largest Hearing Aid Battery Store, Exclusive Store for Lithium Batteries, Watch Batteries, Alkaline Batteries, Rechargeable Batteries, Zinc Air Batteries, Silver Oxide Batteries. Top Brands Available Like PowerOne, Siemens-Signia, Widex, Resound GN, Panasonic, Maxell, Renata, Seizaiken, Duracell, Sony, GP.",https://genuinebattery.com/cdn/shop/t/1/assets/logo.png?v=681,Gujarat
https://saaboo.com,,https://facebook.com/saaboocom;https://instagram.com/saaboo_com;https://twitter.com/saabooofficial,apparel & fashion,"SAABOO is an online shopping site for Personalized Phone Cases, Mobile Cases, Glass Cases, Silicone Cases, Gripper Cases, Name Cases, Transparent Cases, Tshirts, Sweatshirts, Hoodies, Fully Customized Products. We have more than 150000+ Happy customers all over the world.",,Karnataka
https://uptownie.com,customerservice@uptownie101.com;+919711887220,https://facebook.com/uptownie;https://in.pinterest.com/uptownie101;https://instagram.com/uptownie101;https://youtube.com/channel/UCAf6wFHps2YHEJcXKVrRy_Q,apparel & fashion,"Shop trendy women's clothing at Uptownie. Dresses, tops, co-ords & more starting ₹499. Free shipping on orders ₹999+. Made in India with love since 2015.",https://uptownie.com/cdn/shop/files/uptownie_logo_updated_v3_2880x.png?v=1652706765,West Bengal
https://prettyrandom.in,contact@prettyrandom.in;+919884464911,https://facebook.com/prettyrandomdesign;https://instagram.com/prettyrandomdesign,footwear,My staple footwear is a collection that I’ve bought over the years from pretty random designs. I’ve been a customer for over 5 years! I love that I can get the colours I want customised and the fact that they’re really soft !- Bhairavi They are the softest and sturdiest pair I own. I have been looking for a comfortable pair of juttis for a long time and have finally found these. They are stylish and one of a kind.- Samidha,https://www.prettyrandom.in/cdn/shop/t/2/assets/logo.png?v=120641757372977669361537974582,Tamil Nadu
https://brownsaltbakery.com,hello@brownsaltbakery.com;+917506540736,https://instagram.com/p/C-Agz_GydPQ,food & beverages,"Brownsalt Bakery is one of the best Online Bakery Shops in India. Selling delicious & lip-smacking cakes, granola, cookies & more online.",https://brownsaltbakery.com/cdn/shop/t/27/assets/logo.png?v=2911,Karnataka
https://carryyourbottle.com,contact@carryyourbottle.com;info@carryyourbottle.com;+919021072917;+919763730029,https://facebook.com/carryyourbottle;https://instagram.com/carryyourbottle;https://twitter.com/carryyourbottle;https://youtube.com/channel/UCtxlO5O4Ot0fyq3ZE_POzUQ?reload=9,home decor,"Stainless Steel Water Bottle, Copper Water Bottle, Copper Bottles, Reusable bottles, reduce plastic waste, cleaner earth, sustainability, sustainable products.",,Goa
https://glittergleam.com,glittergleampvtltd@gmail.com;info@glittergleam.com;+919838223339,https://facebook.com/GlitterGleam-107766086563463;https://facebook.com/glittergleam;https://instagram.com/glitter_gleam,apparel & fashion,"Glitter Gleam is an Online shopping store of designer fashion jewellery, saree, suits, dresses, traditional jewellery, handloom and handicraft . High quality designer outfits ( Sari, Lehenga, Kurti, Gowns, Anarkali ) at lowest price ; shipping worldwide. Cards, UPI and Wallet payments accepted.",https://glittergleam.com/cdn/shop/t/29/assets/logo.png?v=1909,Uttar Pradesh
https://mybonsoul.com,contactus@mybonsoul.com;sidd301111@gmail.com;+918025210089,,other,Bonsoul Body And Essential Oils - - Shop Online for Body And Essential Oils Store,,Karnataka
https://pnkishaarora.com,pnkishaarora@gmail.com;+919810170744,https://facebook.com/PNKIshaArora;https://instagram.com/pinkishaarora,apparel & fashion,"Custom dresses, gowns & partywear for girls aged 1–12. Trusted by 1,000+ families. Made to order in New Delhi NCR. Ships across India, UAE & Singapore.",https://pnkishaarora.com/cdn/shop/files/pnk_logo.png?v=1776709215&width=320,Delhi
https://stdvence.com,bonjour@stdvence.com;contact@stdvence.com;+918928206305,https://facebook.com/stdvence;https://instagram.com/stdvence;https://linkedin.com/company/stdvence;https://pinterest.com/stdvence;https://twitter.com/stdvence;https://youtube.com/user/stdvence,pets,"St. D'vencé is a luxurious and sophisticated bath and body brand that takes inspiration from the rolling hills, rich heritage and fragrant fields of St. Paul De Vence, France.",https://stdvence.com/cdn/shop/files/St_Dvence_Logo_white_-_Copy.png?v=1733594221,Rajasthan
https://moborr.com,shop@moborr.com;+918042042464,https://facebook.com/BrandMoborr;https://instagram.com/brand_moborr;https://youtube.com/@moborrnatural?si=ssZbnhNk6gkgicXx,apparel & fashion,"Seasonless women’s clothing crafted in India from handwoven organic cotton and natural dyes. Architectural shirts, timeless dresses, and refined sets for a modern wardrobe - designed to breathe, move, and last. Conscious luxury rooted in heritage craft. Zero waste philosophy. Worldwide shipping.",https://moborr.com/cdn/shop/files/final_moborr-2.png?v=1781504075&width=330,Karnataka
https://atinymistake.com,hi@atinymistake.com,https://facebook.com/atinymistake;https://instagram.com/atinymistake;https://twitter.com/a_tiny_mistake,home decor,"A Tiny Mistake is bespoke Indian Home Decor Brand specialising in handmade products. Our range of tables, planters, earthenware and organisers are simply eye catching & are sure to win you many compliments. Choose us as your gifting partners for birthdays, anniversaries, festivals or even weddings & corporate gifing.",https://atinymistake.com/cdn/shop/files/Logo_Master_-_WBG_BT_7b95fb37-e5d2-407a-9134-ce2ed88c58cd.png?v=1675313303&width=500,
https://getspexy.com,info@getspexy.com;+916364464836,https://facebook.com/Getspexy;https://instagram.com/getspexy;https://youtube.com/@getspexy,accessories,"Funky eyewear accessories, cases, spectacle holders, contact lenses boxes and more. Anything and everything to make your eye style look grand!",https://getspexy.com/cdn/shop/files/LOGO.png?v=1772706657&width=500,
https://skedio.fashion,,https://facebook.com/skedio.fashion;https://instagram.com/skedio.fashion,jewelry,,https://skedio.fashion/cdn/shop/files/WEB_LOGO.jpg?v=1613167496&width=500,Rajasthan
https://theveshticompany.com,operations@theveshticompany.com;+911715090565;+911715090603;+911715090610;+911715090615;+911715090621;+911715090628;+911715090641;+911715090643;+911715090647;+911715090653,,apparel & fashion,Harem Pants for Men and Women online in India – Be Dressponsible and Shop online for wide collection of Unisex Hippie Harem Pant / Hippy Bohemian Boho Pants / Palazzo / Baggy / Aladdin / Balloon Pant #BEDRESSPONSIBLE,https://theveshticompany.com/cdn/shop/files/TVCLOGO_2.png?v=1664299393&width=300,Tamil Nadu
https://papercoal.com,hey@papercoal.com,,other,Every big idea starts with paper & pen.,,Rajasthan
https://teakpark.com,care@teakpark.com;info@teakpark.com;raphel@teakpark.com;unsubsriber@teakpark.com;+919995153495,https://facebook.com/teakpark;https://twitter.com/InfoTeakpark;https://youtube.com/channel/UCv72IfJ4BF_NTubBOhzUnAA,home decor,"Online store for teak wood furniture,rosewood furniture,wooden furniture,cane furniture,indian handicrafts,screwpine leaf crafts,areca leaf plates,sculptures",https://www.teakpark.com/cdn/shop/files/teakpark_logo_registerd_final_png-01-01_330x.png?v=1614296494,Kerala
https://tgamestrong.com,info.tgamestrong@gmail.com;tgamestrong@icloud.com;+919930820407,,apparel & fashion,"Shop TGAMESTRONG® premium streetwear made in India. Oversized tees, polos, shirts and limited-drop pieces crafted in cotton fabrics with cut-and-sew detailing.",https://tgamestrong.com/cdn/shop/files/c068c220-ca62-4dbb-a60d-5b24e1e2d984_2.jpg?v=1721588918&width=500,Maharashtra
https://odikala.com,admin@odikala.com;info@odikala.com;support@odikala.com;+918456982309,https://facebook.com/odikala;https://instagram.com/odikala;https://pinterest.com/odikala;https://twitter.com/odikala_store;https://youtube.com/channel/UCisWiF6TYmHcgNRiIBq-D8A,apparel & fashion,"Shop Handloom Sambalpuri Sarees, Bomkai Dress Materials, Men's Clothing, Home Accessories, Deals and Discounts. 100% Genuine Handloom Products, Free Shipping.",https://www.odikala.com/cdn/shop/files/Untitled_design__5_-removebg-preview_120x@2x.png?v=1623577929,Odisha
https://homeplus.online,order@homeplus.online;sales@homeplus.online;+919500901050,https://instagram.com/homeplusretails,home decor,"Upgrade your home with Home Plus Retails. Shop premium home textiles direct from the manufacturer in Karur. Discover our range of 100% cotton bedsheets, stylish cushion covers, diwan sets, curtains, and kitchen linens. European quality at factory prices. Join 50,000+ happy customers.",https://homeplus.online/cdn/shop/files/Home_Plus_2026_Logo_250_x_100_px_1.svg?v=1769519551&width=400,Karnataka
https://ahistatea.com,info@ahistatea.com;orders@ahistatea.com;press@ahistatea.com;+918980208089,https://facebook.com/ahistatea;https://instagram.com/ahistatea;https://pinterest.com/ahistatea,home decor,"Specialists in Premium Teas and Custom Tableware. We elevate tea and dining experiences at Michelin-starred restaurants, cafes and boutique hotels. Wholesale Tea, White Label and Custom Gifting. Worldwide Shipping. Explore our Black Tea, Green Tea, Herbal Tea, White Tea, Chai Tea range.",https://cdn.shopify.com/s/files/1/1422/0558/files/Size_2-01_400x200.png?v=1518356195,West Bengal
https://swiftindi.com,info@swiftindi.com,https://facebook.com/SwiftIndi;https://instagram.com/swift.indi,other,,https://www.swiftindi.com/cdn/shop/files/Swift_Indi_.com_transp_Logo.png?v=1674761483&width=500,
https://ikichic.com,sales@ikichic.com;support@ikichic.com;+919205333481,https://facebook.com/officialikichic;https://in.pinterest.com/ikichic/_created;https://instagram.com/ikichic_official;https://linkedin.com/company/35882332/admin;https://twitter.com/ikichicofficial;https://youtube.com/channel/UCdvlV2M0rCxLKyf_kZ7FkDA,apparel & fashion,"Shop women’s western wear at Iki Chic—dresses, co-ord sets, jumpsuits, trousers, skirts & more. Stylish fits, premium quality & fast delivery.",https://ikichic.com/cdn/shop/files/Logo_2726_x_896_px_2_d1cc1109-996d-48ec-be12-33b93bdb9307_200x.png?v=1773032473,Delhi
https://moinatural.com,hello@moinatural.com;info@moinatural.com;ranu.tayal@gmail.com;+919836705300,https://facebook.com/moinatural;https://instagram.com/moi_natural;https://twitter.com/Moi_Natural,beauty & skincare,Nature in a Bottle Let your skin Glow Let your hair Flow,https://moinatural.com/cdn/shop/files/square-logo_180x.png?v=1668319502,West Bengal
https://qbfcoffee.com,info@qbfcoffee.com;+919999266545,https://facebook.com/qbfcoffee;https://instagram.com/qbfcoffee;https://twitter.com/qbfcoffee,food & beverages,"Single-estate, direct-trade specialty coffee roasted on order and delivered to your doorstep!",https://qbfcoffee.com/cdn/shop/files/Logo_170x.png?v=1613672322,Delhi
https://marketlanemadras.com,info@marketlanemadras.com;marketlanemadras@gmail.com;sales@marketlanemadras.com;+919940067932,https://facebook.com/Market-lane-madras-428691150800567;https://instagram.com/marketlanemadras,other,,,Tamil Nadu
https://leelathestore.com,hello@leelathestore.com;info@leelathestore.com;ridhhi_39@hotmail.com;+919599256900,https://facebook.com/leelathestore;https://instagram.com/shopleelathestore,home decor,"LईLA-LeelaTheStore Is Your One-Stop-Shop For All Things Home Decor. Home Decoratives, Trays, Candle Stands, Bar Products, Cushions, Candles",https://leelathestore.com/cdn/shop/files/Screenshot_2025-07-17_at_1.45.47_PM.png?v=1752740172&width=500,Uttarakhand
https://panashjewels.com,reconciliation.panash@gmail.com;+918920856166,https://facebook.com/panashjewels;https://instagram.com/panash.official,jewelry,Explore beautifully handcrafted imitation jewelry that embodies love and elegance. Shop for designer jewelry online at PANASH.,https://panashjewels.com/cdn/shop/files/PANASH_new_logo_1-fotor-20260603174624.png?v=1780489072&width=750,
https://moonrabbitlifestyle.com,,https://facebook.com/Moonrabbitlifestyle;https://instagram.com/moonrabbitlifestyle;https://youtube.com/channel/UCOvFOtxJ6jPhEq4adPu53-Q,accessories,"Discover sustainable luxury with our premium vegan leather bags and wallets. Shop online for our cruelty-free, faux leather accessories.",https://moonrabbitlifestyle.com/cdn/shop/files/moon_rabbit_logo_fill_oneline_black.png?v=1680527591&width=680,Maharashtra
https://justyuhi.com,feedback@bellegirlifestyle.com;feedback@bellegirllifestyle.com;help@bellegirllifestyle.com,https://facebook.com/BelleGirlLifeStyle;https://in.pinterest.com/bellegirllifestyle;https://instagram.com/justyuhi.store;https://x.com/bellegirlls;https://youtube.com/channel/UCt-gZb4eW5yYobND4e9FSFw,beauty & skincare,"Explore the Wide collection of Quality Perfumes, deodorant, attars & personal care products from Indian to Imported Brands at Pocket-friendly price.",https://justyuhi.com/cdn/shop/files/Just_Yuhi_Logo_1274_x_317_px.svg?v=1753024629&width=500,Uttar Pradesh
https://mittilifestyle.com,sumanyu@mittilifestyle.com;+918980995630,,jewelry,"Mitti is a sustainable lifestyle collective based in Ahmedabad, inspired by nature. Break the buy-use-throw cycle and switch to eco-friendly, handcrafted, and ethical essentials.",https://www.mittilifestyle.com/cdn/shop/files/Untitled_design_1.jpg?v=1740562484&width=600,West Bengal
https://soovos.com,care@soovos.com;ruchi@soovos.com;+919004268570,https://facebook.com/soovosdesigns;https://instagram.com/soovos_handlooms,apparel & fashion,"Soovos brings you the traditional creativity and craftsmanship of Indian artisans. Find the rich and diverse heritage of Indian Handloom from across the country right here. Handwoven Sarees, handmade jewellery, Fabric Jewellery ,Linens , Ajrakh Fabrics & sarees .",https://soovos.com/cdn/shop/files/hindisoovos_d8bff993-9d17-42dd-a4b2-8d7efc9bd688_300x300.jpg?v=1782663346,Uttar Pradesh
https://aquapurashop.com,aquapurab2b@akronhealthcare.in;aquapurashop@akronhealthcare.in;+911147057611,https://facebook.com/Aquapura-1954065594605822;https://instagram.com/aquapura_tablets,baby & kids,"Aquapura Water Purification Tablets, Foodsafe-Fruit and Vegetable Disinfection Tablets, Babysafe-Baby Bottle & Toys Sterilizing Tablets, Akrosept Surface & Objects Disinfection Tablets",https://aquapurashop.com/cdn/shop/files/aqua_logo_6e0513db-d483-4653-88b9-ad96cb8c025a_300x300.png?v=1613680239,Karnataka
https://bengalloomsindia.com,bengallooms@gmail.com;bengalloomsindia@gmail.com;+919830896362,https://facebook.com/bengalloomsindia;https://in.pinterest.com/bengalloomsindia;https://instagram.com/bengalloomsindia,apparel & fashion,"Buy Indian Sarees online from our wide range in reasonable prices. Saris for every occasion, different styles and wide variety of fabrics.Timely Delivery.",https://bengalloomsindia.com/cdn/shop/files/C_LOGO_6007_300x300.jpg?v=1788259749,Karnataka
https://shiningstarsstore.com,+918005882016,,apparel & fashion,"Shining Star's Store is online retail store, dedicated to fulfil all fashion needs for your little ones.",,
https://pawsncollars.com,+917619481666,https://facebook.com/pawsandcollars;https://instagram.com/pawsncollars;https://youtube.com/channel/UCY01p_YYbaEgVDqgdtQt9RQ,pets,Shop from India's best pet online store for Made in USA Dog and Cat products. PawsnCollars offers best human grade USDA certified organic food and treats sourced ethically for your pets well being. ✓Organic and Healthy Pet Food ✓ Pet Treats ✓ Premium Pet Shop Online ✓ Online Payment ✓ Cash on Delivery ✓ Free Shipping,https://pawsncollars.com/cdn/shop/files/PawsnCollars-Horizontal_Registered_Services_with_hotel.png?v=1705078922&width=1316,Karnataka
https://ethicattic.com,ethicattic.cafe@gmail.com,https://facebook.com/ethicattic;https://instagram.com/ethicattic;https://instagram.com/ethicattic.cafe;https://linkedin.com/in/pradeep-krishnappa-1979a862;https://linkedin.com/in/remasivaram;https://twitter.com/ethicattic,apparel & fashion,"Ethic Attic is a sustainable concept store in Bangalore, India. We believe in slow sustainable fashion. Here you will find clothing, accessories, homeware & skincare to start your sustainable lifestyle journey. We are a Fair Trade certified organization; all products are friendly to the planet and people who make them.",https://www.ethicattic.com/cdn/shop/files/Collective_Logo_Variations-_White_Cropped_300x.png?v=1770455122,Karnataka
https://nicciskincare.com,,https://facebook.com/Nicciforyourskin;https://instagram.com/nicciskincare;https://youtube.com/channel/UCIMqjVwn1sitoGB3LT3SdKQ,other,We believe in providing best hair & skin care products. Our products are free of Paraben and Sulfate. We offer problem solving products for skin and hair. Our aim is to enhance your well-being naturally through extraordinary products and extraordinary services.,https://nicciskincare.com/cdn/shop/files/NICCI_1800_x_1800_px.png?v=1680434329&width=500,
https://arcadiolifestyle.com,info@arcadiolifestyle.com;+919380408040,https://facebook.com/ArcadioLifestyle;https://instagram.com/arcadio.official;https://youtube.com/user/arcadioeyewear,apparel & fashion,"Visit ARCADIO Official website- The World's fastest growing luxury lifestyle brand! Get insights about unique ARCADIO products, offers and exiting contests. Be the first to flaunt latest fashion trends.",https://www.arcadiolifestyle.com/cdn/shop/files/ARCADIO_LOGO_2_220x.png?v=1665578780,Tamil Nadu
https://tuds.in,,https://facebook.com/TUDsLifestyle;https://instagram.com/tuds.in,other,,https://tuds.in/cdn/shop/files/TUDS_LOGO.png?v=1725443100&width=500,
https://cult91.com,support@cult91.com;+918484019423,https://facebook.com/cult91.in;https://instagram.com/cult91_;https://linkedin.com/company/99908191/admin/dashboard;https://youtube.com/channel/UCGHR_iE3uS9iEW3mTHgSvqw,apparel & fashion,"Shop Cult91 — India's handcrafted ethnic wear brand. Discover Chikankari kurtas, Chanderi suits, Bandhani sarees, wedding lehengas & more. Artisan-made, modern silhouettes.",https://cult91.com/cdn/shop/files/Logo_horizontal_original__1_-removebg-preview_1_5e6259dd-1faf-4750-9bf1-7054ae7e6ab2.png?v=1781173819&width=450,Maharashtra
https://dmodot.com,abhishek@dmodot.com;info@dmodot.com;+918383095736,https://facebook.com/dmodotofficial;https://instagram.com/dmodotofficial,footwear,"Shop luxury handcrafted leather shoes online at dmodot, India's homegrown brand. Explore a designer collection of handmade leather footwear for men & women. Shop now!",https://www.dmodot.com/cdn/shop/files/dmo_46806088-fc5b-437d-be40-7d73da3e0b3f.png?v=1630529230&width=120,Delhi
https://tamarachennai.com,+919841698438,https://instagram.com/tamarachennai,apparel & fashion,Curated online store for apparel and accessories.,https://tamarachennai.com/cdn/shop/files/Tamara_Logo_6d64b802-d7c8-4554-bdc0-9d4389e395d3_150x.png?v=1630543524,Tamil Nadu
https://amama.in,customercare@amama.in;+917042213669;+917982190311,https://facebook.com/amamaloves;https://instagram.com/amamajewels;https://linkedin.com/company/amama-jewellery;https://youtube.com/@amama_jewels,jewelry,Shop handcrafted jewellery at best prices online at Amama. Check out our selection of 6000+ handcrafted jewellery for women and men. From daily wear to festive wear find jewellery for every occasion.,https://www.amama.in/cdn/shop/files/Group_1.png?v=1776098945&width=177,Uttar Pradesh
https://svarasya.com,contact@svarasya.com;+919971321001,https://facebook.com/svarasyaselfcare;https://instagram.com/channel/AbbELrvn8IakamQ_?igsh=MWdkdm9sOG1xa3NxMw%3D%3D;https://instagram.com/svarasyaindia;https://youtube.com/@svarasya;https://youtube.com/watch?v=_HueyRVKHWw,beauty & skincare,"Svarasya is a self care brand with a focus on beauty inside-out with natural skin care & beauty super foods. Our natural skin care & beauty products are inspired by ancient Ayurveda, Japanese and Egyptian traditions.",https://www.svarasya.com/cdn/shop/files/Logo_Lockup_1_-_Clear_Back.png?v=1685416071&width=170,Uttar Pradesh
https://meirajewellery.com,contact@meirajewellery.com;tradersrajkamal@gmail.com;+916359579720,https://facebook.com/meirajewel;https://in.pinterest.com/MeiraJewellery;https://instagram.com/meirajewellery;https://youtube.com/@meirajewellery8933,jewelry,"Explore handcrafted Indian jewellery in rosegold, oxidised silver & anti-tarnish finishes. Premium designs at best prices. Shop online with Meira Jewellery today.",https://meirajewellery.com/cdn/shop/files/meira_jewellery_pink.png?v=1613513878&width=500,Karnataka
https://youngtrendz.in,,,apparel & fashion,"Online Shopping site for Women, Men & Couples in India at amazing prices. Shop T-shirts, Tops, Sweatshirts, Jackets, Vests, Joggers, Trackpants, Brief & Trunks, Panty, Women Nighty, Camisole & Matching Couple Tees.",https://youngtrendz.in/cdn/shop/files/Untitled_design_4_37a24f6d-0434-4a1e-8944-bb6a2097c53d.png?v=1731919387&width=1600,
https://bigbananaonline.com,care@bigbananaonline.com;+917982247187,https://facebook.com/ourbigbanana;https://instagram.com/ourbigbanana;https://x.com/ourbigbanana,apparel & fashion,"Shop Men's Plus Size Clothing India with the latest plus size men fashion. Discover 2XL–10XL t-shirts, shirts, jeans, joggers & more with perfect fit, COD, Free Shipping & Easy Returns.",https://bigbananaonline.com/cdn/shop/files/NEWS_1.webp?v=1775007188&width=800,West Bengal
https://teatrunk.in,hello@teatrunk.com;+917900195764,https://facebook.com/teatrunk;https://instagram.com/teatrunk;https://twitter.com/teatrunk?lang=en;https://youtube.com/@TeaTrunkGlobal,food & beverages,"Explore Tea Trunk's exquisite collection of small batch teas and teaware. Discover a world of flavours crafted with passion and expertise, including green tea, black tea, herbal infusions, white tea, and oolong.",https://teatrunk.in/cdn/shop/files/TT_Logo_1.png?v=1700587662&width=154,West Bengal
https://simba-02.myshopify.com,mail@example.com;support@example.com,,beauty & skincare,simba-02 (password: 1),https://simba-02.myshopify.com/cdn/shop/files/logo-new_300x300.png?v=1613152334,Tamil Nadu
https://gfashion.in,sales@gfashion.in;+919952286205,https://facebook.com/GFASHIONINDIA;https://instagram.com/gfashionindia,apparel & fashion,"Create unforgettable memories with matching customize t-shirts for your family and friends! Discover a wide range of trendy designs for every occasion, from casual outings to special events. Shop now and find the perfect match for your loved ones",,West Bengal
https://orangeliberty.com,support@orangeliberty.com,,footwear,"Shop men’s leather shoes online in India. Explore formal, casual, Derby and loafer styles in black, brown and tan at Orange Liberty.",https://orangeliberty.com/cdn/shop/files/Your_paragraph_text_1.png?v=1789531699&width=500,
https://daughter.earth,hello@daughter.earth;+911645556078;+911672326067;+911672326099;+911672340353;+911683279127;+911683279134;+911683279142;+911683550834;+911683550840;+911688473372;+911688569439;+911733201022;+911744213819;+911744213844;+911744359845;+911762508933;+911762509650;+911763300477;+911782476238;+911787567430;+911787567716;+911787574336;+919963807213,https://facebook.com/daughterearthofficial;https://instagram.com/daughterearthofficial;https://youtube.com/@daughterearthofficial,beauty & skincare,"Safe, Effective and Scientific Ayurvedic Skincare and Beauty. Daughter Earth Ayurvedic Skincare. Daughter Earth Natural Skincare. Natural Moisturiser. Ayurvedic Moisturiser. 100% Natural Face Serum. 100% Natural and Vegan Lip Balm. Herbal Face Wash. All Cruelty-free and Vegan Skincare Products. Daughter Earth Beauty.",https://daughter.earth/cdn/shop/t/2/assets/WEB_2.svg?v=24056485516411417871526975224,Telangana
https://pinkwoolf.com,hello@pinkwoolf.com;+918920568359,https://facebook.com/thepinkwoolf;https://instagram.com/thepinkwoolf;https://linkedin.com/company/pinkwoolf;https://pinterest.com/thePinkWoolf;https://twitter.com/PinkWoolf;https://youtube.com/c/PinkWoolf,furniture,"Discover traditional wet shaving products crafted for Indian men. Shop premium shaving creams, soaps, safety razors, brushes and after shaves from Pink Woolf for a closer, more comfortable shave.",https://pinkwoolf.com/cdn/shop/files/Pink_Woolf_Logo_Flat_Plate_f889ff5f-7b9d-468f-8679-6de2318a4aa4.png?v=1736318831&width=380,Karnataka
https://myindiamint.com,indiamint@hotmail.com;info@myindiamint.com;+919649022220,https://facebook.com/indiamint,other,Buy Stamps Online India - Stamps of India - Postage Stamps - India Stamps Collection - Dealer - Collector - Indian Stamp Prices - India - Foreign - Mint - Used - Miniature Sheets - First Day Covers - Setenant - Stamp India Post,https://myindiamint.com/cdn/shop/t/11/assets/logo.png?v=123004900360828616211527233812,Rajasthan
https://tweeinone.com,marketing@tweeinone.com;orders@tweeinone.com;support@tweeinone.com;+916260610328;+919827777737,https://facebook.com/TweeInOne;https://instagram.com/tweeinone;https://youtube.com/@tweeinone2254,apparel & fashion,"Explore the future of sustainable fashion with TWEE IN ONE's unique reversible and convertible clothing. Embrace eco-friendly, versatile designs that transform your style and reduce your carbon footprint. Our innovative collections for women and kids offer the perfect blend of functionality, style, and sustainability.",https://tweeinone.com/cdn/shop/files/tweeLogo.webp?v=1701245615&width=500,Maharashtra
https://onelinewellness.com,care@onelinewellness.co.in;care@onelinewellness.com;+918657438317,https://facebook.com/OnelineWellness-Pvt-Ltd-111482243548495;https://instagram.com/onelinewellness;https://twitter.com/OnelineSocial,health & wellness,"Since 2004, Oneline Wellness has offered exclusive European brands to premium Indian Salon and Spas. Online Wellness is the only authorized online destination for award winning brands. Now discover, learn and buy Remy Laure, Phytomer, B.LAB, Affinage and Omorovicza products directly from Oneline Wellness.",https://onelinewellness.com/cdn/shop/files/Online_Logo_Option_1_With_Tagline_3b7cd337-9843-4291-be4d-dc29cddd6918_85x.png?v=1630524787,Maharashtra
https://alayabystage3.com,care@alayabystage3.com;hello@alayabystage3.com;help@alayabystage3.com;zeenat@cosmobrands.in;+918448863937,https://facebook.com/AlayaByStage3Store;https://instagram.com/alayabystage3;https://x.com/Alaya_by_Stage3;https://youtube.com/@Alaya_By_Stage3,apparel & fashion,"Shop a trendy curation of Kurtas, Dresses, Tops, Bottoms, Saris & more styled by your favourite designer & influencers. COD Available. Free Shipping. Hassle-Free Returns.",https://alayabystage3.com/cdn/shop/files/Asset_4_55334a68-3270-441b-b644-a8723b89b01b.png?v=1732772946&width=1081,Delhi
https://themortalsoul.com,support@themortalsoul.com;+917494971431,https://facebook.com/themortalsoul;https://instagram.com/themortalsoulofficial,home decor,"Buy Paintings Online - Explore our online collection of best quality wall art and hand paintings. Our collection includes Boho Art, Canvas Paintings, Abstract Paintings, Music Album Posters, Movie Posters and more.",https://themortalsoul.com/cdn/shop/files/The_Mortal_Soul_Logo_ea4ae658-5acb-4293-9802-690a4772a818.png?v=1657631007&width=600,Maharashtra
https://bluetea.co.in,contact@bluetea.co.in;+917980116079;+917980528437,https://facebook.com/BlueTeaGlobal;https://in.pinterest.com/bluetea_global;https://instagram.com/blueteaindia;https://x.com/BlueTeaIndia;https://youtube.com/@BLUETEAIndia,health & wellness,"Choose from variety of Herbal Blue Tea, Butterfly Pea Flower, Purple Tea, Red Tea, Herbal Tea, Flower tea, Chamomile tea, hibiscus tea. Buy healthiest tea now & get a better sleep, amazing mornings",https://bluetea.co.in/cdn/shop/files/Logo_Blue_Variant_Rectangle_1.png?v=1749647288&width=500,Delhi
https://allfortechonline.com,allfortechonline@gmail.com;+911141618374;+919818454516,https://facebook.com/cctvdistributers;https://instagram.com/cctvdistributors;https://youtube.com/@cctvdistributers,electronics,"ALL FORTECH - CCTV Camera, IP Camera,HD Camera, DVR, NVR, Biometric Attendance Machine, Video Door Phone, Door Access Control, CCTV Cables, Hard Disk, 4G Routers, POE Switch, HIKVISION , CPPLUS, DAHUA, ESSL, ERD, REALTIME, Secureye, Western Digital, Seagate",https://allfortechonline.com/cdn/shop/files/all-fortech-new.png?v=1674002171&width=300,Delhi
https://lazychunks.com,support@lazychunks.com;+919782905313,https://facebook.com/LazyChunks,apparel & fashion,"Lazychunks.com Custom t-shirt , printed t shirts half-sleeves features a wide selection of mens t shirts for online shopping in India .Shop for trendy, Casual and POLO T-shirts, Half - Sleeveless T-shirts and Long Sleeve Tops. . Men's Black, Grey, White , blue olive green Round Neck Full Sleeve T-Shirt",https://www.lazychunks.com/cdn/shop/t/47/assets/logo.png?v=1443,Rajasthan
https://cultdesi.com,care@cultdesi.com;care@healthcult.in,https://facebook.com/joincultdesi;https://instagram.com/joincultdesi;https://youtube.com/channel/UC_tPZgwHeFFtMZd9xosHo_A,food & beverages,"Shop CultDesi for healthy snacks online – roasted chana, peanuts, millet puffs, dry fruits, bhuna chana & homemade achaar with no chemical preservatives. Delivered across India",https://cultdesi.com/cdn/shop/files/cultdesi_logo_2_x60.png?v=1718876010,Delhi
https://calenvie.com,,https://instagram.com/calenvie;https://instagram.com/satavisha_chakrabarty,apparel & fashion,"Mobile Covers, T-shirts, Posters, Stickers, Coasters, Zentangle, Doodle",https://cdn.shopify.com/s/files/1/1602/6231/files/calenvie_logo_wide_1_200x@2x.png,Karnataka
https://sewandyou.com,,https://facebook.com/shopsew;https://in.pinterest.com/sewandyou;https://instagram.com/shop_sew,apparel & fashion,"SEW offers a dynamic collection of understated sassy indian fashion that focuses on modern embroideries, artistic trims and laces and craftmanship with its tailoring effect. Our label has developed its own contemporary look that focuses on fit, quality, and timeless style.",https://sewandyou.com/cdn/shop/files/FullLogo_NoBuffer_5.png?v=1738928851&width=500,
https://viha.online,vihachennai@gmail.com;+918825861822,https://facebook.com/viha;https://youtube.com/@anithapushpavanamkuppusamyviha;https://youtube.com/watch?v=Q7cUlFKQqQ0&t=38s,jewelry,"Viha.online offers all pooja items, handmade organic soaps, traditional rice varieties, Jewelry Collection, Vastu Products, Karungali Products, Gomathi Chakra, Gift Articles and Home appliances at best price. We home deliver all Viha Online Products across the world from Viha Showroom at Raja Annamalai Puram, Chennai.",https://viha.online/cdn/shop/files/VIHA_FINAL_LOGO_2_2404x.jpg?v=1613739660,Tamil Nadu
https://boat-lifestyle.com,careers@imaginemarketingindia.com;grievance.officer@imaginemarketingindia.com;info@imaginemarketingindia.com;+912269181920,https://facebook.com/boat.lifestyle;https://instagram.com/boat.nirvana;https://linkedin.com/company/boat-lifestyle;https://twitter.com/RockWithboAt;https://youtube.com/channel/UCY3JXaO_v8H3E6hTYUp5qWQ;https://youtube.com/t/terms,electronics,"Check out the breathtaking collection of Earbuds, Headphones, Earphones & Wireless Speakers with contemporary designs and best features from India’s No.1 Earwear Audio Brand - boAt Lifestyle.",https://www.boat-lifestyle.com/cdn/shop/files/boAt_logo_black_24889e30-925c-4185-a028-9fef497a8e44.svg?v=1732879339,Maharashtra
https://oliveplanet.in,customerservice@oliveplanet.in;+917338188233,https://facebook.com/OlivePlanet;https://in.pinterest.com/oliveplanet;https://instagram.com/olive_planet;https://twitter.com/oliveplanet;https://youtube.com/channel/UCZjGxAzDOzwwdHvvapp3Tzg,apparel & fashion,"Shop military uniforms, caps, t-shirts, patches, tactical gear & more at Olive Planet—India’s trusted online army store. Perfect for armed forces & enthusiasts. Fast delivery with COD available nationwide.",https://oliveplanet.in/cdn/shop/files/OP_Mini_Logo_256x.png?v=1641296614,Karnataka
https://soxytoes.com,info@soxytoes.com,https://facebook.com/soxytoes;https://instagram.com/soxytoes;https://linkedin.com/company/soxytoes,health & wellness,"Explore printed, bamboo, diabetic, compression & athletic socks at Soxytoes. Made for Indian comfort, delivered direct from factory. Free shipping above Rs.499.",https://soxytoes.com/cdn/shop/files/Soxy_Logo_13f87179-0ae4-4832-830a-9e74c15101c7_1033x.png?v=1777455952,
https://ubyld.com,maker@ubyld.com;+919108299305;+919845736237,https://facebook.com/ubyld;https://in.pinterest.com/makeru/ubyld-products;https://instagram.com/ubylddiy;https://twitter.com/ubyldmaker;https://youtube.com/@ubyldaccounts,furniture,Home decor and custom furniture are essential elements in creating a personalized and aesthetically pleasing living space. Contact us for customization at 9108299305.,https://www.ubyld.com/cdn/shop/files/Logo_2.png?v=1772286677&width=527,Karnataka
https://dezirenatural.com,cs@dezirenatural.com,https://facebook.com/dezirenatural;https://instagram.com/dezirenatural,food & beverages,Dezire Natural Sugar Free Sweets and Health Foods,https://dezirenatural.com/cdn/shop/files/Dezire_Buddha_Logo.png?v=1739368972&width=500,Tamil Nadu
https://thebutternutcompany.com,gopal.khandelwal@globalbees.com;support@globalbees.com;+919625740740,,other,"Indulge in the creamy goodness of Peanut Butter, Hazelnut spread by The Butternut Co. Perfect for spreading on toast or adding to your favorite recipes.",https://www.thebutternutcompany.com/cdn/shop/files/The_Butternut_Co_122x.jpg?v=1714199197,Karnataka
https://themandirstore.com,info@themandirstore.com;+918600001491;+918600001497;+918600001498;+919370699879,https://facebook.com/profile.php?id=100064827376736;https://instagram.com/the_mandir_store_india;https://youtube.com/@themandirstore,home decor,"Wooden Mandir for Home | Designer Pooja Mandirs Online – The Mandir Store. Premium wooden mandir for home with storage, doors and LED lighting. Explore designer pooja mandirs delivered safely across India. Shop wooden mandir for home, wall hanging mandirs, cabinet storage & designer pooja units with premium finishes.",https://themandirstore.com/cdn/shop/files/tms-logo_flat_620x.png?v=1672989980,Maharashtra
https://aislingenterprises.com,kamoo@aislingenterprises.com,,other,"Aisling Enterprises from Pushkar India, Quality garments supplier in Pushkar India, Wholesale buying made easy",https://aislingenterprises.com/cdn/shop/files/aisling_logo_1.jpg?v=1759235000&width=500,Rajasthan
https://totsandmoms.com,info@totsandmoms.com;+918884447337;+91918884447337,https://facebook.com/totsandmoms;https://in.pinterest.com/totsandmoms;https://instagram.com/totsandmoms.hindi?igsi=MXBoNWRyMG4yZm12eQ%3D%3D;https://instagram.com/totsandmoms_;https://instagram.com/totsandmoms_/totsandmomsz;https://instagram.com/urbankannadati?igsi=MzV2cTJhYnF2Ymp6;https://youtube.com/@totsandmomshindi?si=glKWNKvnTZYAUPKm;https://youtube.com/@totsandmomsz;https://youtube.com/@totsandmomsz?si=CmKbpHibJIFhiAHk;https://youtube.com/@urbankannadati?si=cFqWXQl3ox3JgAo0;https://youtube.com/channel/UChwyt_s_yHXXTDe_fMOOjpg,baby & kids,"Nutritious Food for Baby, Toddlers, Kids and Moms. Find the perfect balance of taste and nutrition with our selection of healthy food products. Nourish Your Family with Nutritious and Wholesome Food Choices",https://www.totsandmoms.com/cdn/shop/files/Tots_Moms_White_logo_bab019bf-9326-481d-8603-6745d2e2e017.png?v=1786184290&width=500,Karnataka
https://joolry.in,info@joolry.in;+918450955932,https://facebook.com/karishma.joolry;https://in.pinterest.com/karishmamehra/joolry;https://instagram.com/karishma.joolry;https://instagram.com/p/B6qOA80BuUF?epik=dj0yJnU9M2pYMGlWZjNBazQybm4ySDY3bFlhSkp6SjFRcTVYdk8mcD0wJm49bm9lVXoyTGRjdkJvRUQtcF9ncWNVZyZ0PUFBQUFBR2piYk4w;https://instagram.com/p/CvTx2yYSdf_;https://instagram.com/reel/Cz8By28SPpz,jewelry,"JOOLRY is a 19 year old brand with a store in Mumbai discover 92.5% hallmarked sterling silver earrings, necklaces, rings & more. Buy jewellery loved by Bollywood celebs at great prices. Free Shipping Available.",https://joolry.in/cdn/shop/files/Joolry_Logo_160x.png?v=1661766461,Maharashtra
https://samoolam.com,support@samoolam.com;+919899872030;+919910574484,https://facebook.com/Samoolam;https://instagram.com/samoolam;https://youtube.com/@Samoolam,jewelry,"Discover the Finest Crochet Jewelry collection at Samoolam, Handcrafted with love and attention to detail. Add elegance to your outfit with our Crochet Jewelry.",https://samoolam.com/cdn/shop/files/Samoolam_Rectangle_Logo_310x.png?v=1664775930,Karnataka
https://jhapki.com,hello@jhapki.com;info@jhapki.com;+919592122205,,other,"Nightwear for women and men in floral, geometric and block prints made in pure cotton.",,Punjab
https://urshicollections.com,urshi.collections@gmail.com;+919535445000,https://facebook.com/urshi.collections;https://instagram.com/urshi.collections;https://youtube.com/@urshi.collections?si=fx3kQpr3YgjFnAMC,jewelry,,https://urshicollections.com/cdn/shop/files/logo_150x.png?v=1613510971,Karnataka
https://hippieshippie.com,+918657553397,https://facebook.com/hippieshippie;https://instagram.com/hippieshippie,apparel & fashion,"Hippieshippie' is your one-stop t-shirt shop. Check out our collection of original art, funky designs, trippy tees, handcrafted classics and lot more - Free shipping in India~COD option available~Free returns~SHOP now!",https://hippieshippie.com/cdn/shop/files/hs.png?v=1614289120&width=135,Maharashtra
https://thepinkpostinc.com,viphour@thepinkpostinc.com,,other,,https://thepinkpostinc.com/cdn/shop/files/TPPI_LOGO.png?v=1753776114&width=500,
https://giftpalace.in,giftpalace52@gmail.com;+918506879170,https://facebook.com/giftpalace52;https://instagram.com/giftpalacetoystore,baby & kids,"Shop 5,000+ premium toys & games online at Gift Palace — Delhi's most trusted toy store since 1964. 3 generations of the Gupta family handpicking the world's finest toys for India's families. Celebrity approved. 100% original products. Free shipping pan India. Find the perfect gift today.",https://sb.secomapp.com/images/artwork/sb_logo_116306_1775815781.png,Delhi
https://thesparescompany.com,support@thesparescompany.com;+919226548724;+919373508305,https://facebook.com/thesparescompany;https://instagram.com/thesparescompany,electronics,"Best online marketplace for Hero, Honda, TVS, Royal Enfield genuine motercycle spare parts & accessories. The spare company provides original motorcycle, car parts at best price.",https://thesparescompany.com/cdn/shop/t/27/assets/logo.png?v=90798,Maharashtra
https://geneslecoanethemant.com,sales@lecoanethemant.com;+919205952100;+919818249503,https://facebook.com/geneslecoanethemant;https://instagram.com/geneslecoanethemant;https://youtube.com/@geneslecoanethemant,apparel & fashion,"Shop India's premier luxury fashion brand Genes Lecoanet Hemant. Explore exclusive designer clothing for men & women. Premium craftsmanship, iconic style. Free Shipping on all orders.",https://www.geneslecoanethemant.com/cdn/shop/files/Info_Logo6.5X1.7.png?v=1705381845&width=1945,Maharashtra
https://ivyn.in,support@ivyn.in;+912919620444896;+919620444896,https://facebook.com/ivynshirts;https://instagram.com/ivynonline,apparel & fashion,"Shop IVYN's premium men's formal shirts, trousers & blazers. Comfort-first formalwear crafted for the modern Indian professional. Free shipping across India.",https://ivyn.in/cdn/shop/t/203/assets/logo.png?v=12116,Karnataka
https://tisoradesigns.com,-tisoradesigns@gmail.com;tisoradesigns@gmail.com;+919833693633,https://facebook.com/tisoradesigns;https://instagram.com/tisoradesigns,other,Tisora Designs is one of the leading bespoke accessory brand based in the heart of Mumbai.,https://tisoradesigns.com/cdn/shop/files/tisoradesigns-logo_210x.jpg?v=1613622625,Maharashtra
https://nilgiriaroma.com,cosmetzen@exampledemo.com;info@nilgiriaroma.com;+918884865568;+919986649719,https://facebook.com/nilgiriaromas;https://instagram.com/nilgiriaromas,beauty & skincare,"Discover Ayurvedic vegan skincare, hair care and essential oils made from pure, natural ingredients. Clean, conscious beauty rooted in ancient wisdom.",https://www.nilgiriaroma.com/cdn/shop/files/N-logo-web_f005c944-8d55-47e2-b785-9bf2be6dd915_250x.png?v=1666943253,Karnataka
https://escents.in,shop@escents.in;+919226898398,https://facebook.com/profile.php?id=100089192964406;https://instagram.com/escents.in;https://linkedin.com/company/escents-india?miniCompanyUrn=urn%3Ali%3Afs_miniCompany%3A92849067&lipi=urn%3Ali%3Apage%3Ad_flagship3_company_admin%3BnO5%2BImGmQ1WqgVobLnj4lg%3D%3D;https://youtube.com/channel/UCZ_owEMVuFdGFizTftCjqaA,beauty & skincare,"Escents is an affordable fragrance loved by many for an affordable price. Affordable but not cheap, our quality fragrances are designed to last. Shop now and discover the new fragrance of Escents.",,Maharashtra
https://sparewick.com,sparewick1992@gmail.com,,other,"Looking for high-quality motorcycle accessories? Visit Sparewick for the best selection of helmets, gloves, jackets, crash guards, and more. We offer fast shipping, easy returns, and secure payments. Shop now and ride with confidence!",https://sparewick.com/cdn/shop/files/logo.2.jpg?v=1614302038&width=500,Maharashtra
https://exclusiff.com,ecom@exclusiff.com;+917977609326,https://facebook.com/exclusiffseating;https://instagram.com/exclusiffseatingsystems,furniture,"Exclusiff Established in 1996 as a 15 employee company with a 2000 sq ft facility, we have since grown tremendously and expanded our reach across the country. Today with 300+ employees and more than 1,75,000 sq ft manufacturing unit we are India's largest OEM of Ergonomic Chair for office solutions.",https://exclusiff.com/cdn/shop/files/ezgif.com-gif-maker_15.png?v=1666271441,Karnataka
https://vaishaliscouture.com,+919321569218,,other,"VAISHALI S, an eponymous brand, is borne out of designer Vaishali Shadangule’s genuine affection and passion for the classic Indian weaves. Working with authentic hand woven textiles, perennially telling a culturally-rich tale about the country’s heritage.",https://www.vaishaliscouture.com/cdn/shop/files/logo_con_scritta_scura.svg?v=1694253209&width=3840,
https://moedbuille.com,moedbuille@gmail.com,https://facebook.com/moedbuille;https://instagram.com/moedbuille,jewelry,From Oxidised to Gold Plated Jewellery. Find everything handcrafted with Moedbuille. Your fav chandbalis to necklaces.,https://moedbuille.com/cdn/shop/files/Logomoedbuille_1.png?v=1738606524&width=400,Rajasthan
https://shopmiri.com,info@shopmiri.in;+919773547470,https://facebook.com/people/Shopmiri/100077316975247;https://instagram.com/shopmiriofficial,accessories,"MIRI talks of hand embroidered edgy bags, a gift to self—a thought that everyday is enough to be fashionable. Vegan and animal cruelty-free, MIRI is conviction to try, to continually change, to modify and to discover",https://shopmiri.com/cdn/shop/files/miri--logo-02.png?v=18333191799366639282,Goa
https://kidsmandi.com,,https://facebook.com/kidsmandi;https://instagram.com/kidsmandi,baby & kids,Kids Mandi is an Online store for Games & Toys. We celebrate childhood with our thoughtful products & convenient shopping options.,https://cdn.shopify.com/s/files/1/0719/7582/9809/files/KM_Logo_-_1200x628px.png?v=1731931948,West Bengal
https://curiocart.com,info@curiocart.com;+919810875144,https://facebook.com/curiocartofficial;https://in.pinterest.com/curiocartofficial;https://instagram.com/curiocart;https://linkedin.com/company/curiogroupofficial,home decor,"Curio Cart is a luxury home decor items online shopping store in India offering candle lighting, gifting items, crockery, and more. Shop now and get free shipping!",,
https://mspinkpanther.com,ms.pinkpantherjewel@gmail.com;ms.pinkpantherjewel@gmail.com.com;+91209585595689;+919585595689;+919585595869,https://instagram.com/mspinkpantherjewel,other,,https://mspinkpanther.com/cdn/shop/files/logoms.png?v=1669109734&width=759,Tamil Nadu
https://fabricpandit.com,help@fabricpandit.com;+912616770775;+912616770777;+91912616770775,,other,"India's premiere destination for natural cotton fabrics, handcrafted cotton linen face masks, printed & embroidered fabrics, pure scarves & stoles.",https://fabricpandit.com/cdn/shop/files/new_logo_square.svg?v=1775551928&width=500,Karnataka
https://stoleandyaarn.in,business@stoleandyaarn.in;care@stoleandyaarn.in;+919820596675,https://facebook.com/stoleandyaarn;https://instagram.com/stoleandyaarn,other,Stole & YarrnStole & Yarrn,,Maharashtra
https://organic-bazaar.in,,https://facebook.com/OBThiruvananthapuram,other,,https://organic-bazaar.in/cdn/shop/files/ob_logo_1919x.png?v=1613735931,Kerala
https://cationclothing.com,info@cationclothing.com;+919711098719,https://facebook.com/Cationclothing;https://instagram.com/cation.clothing,apparel & fashion,"Discover the latest fashion trends at Cation Clothing online. Shop Dresses, Tops, Tunics, Jumpsuits Online at Best Prices in India.",https://www.cationclothing.com/cdn/shop/files/logosite.png?v=1691572823&width=500,Delhi
https://therepairhub.com,info@therepairhub.com;+919429691177,https://instagram.com/therepairhub.india,other,The Repair Hub,https://therepairhub.com/cdn/shop/files/therepairhublogo_1d66e384-cbaa-43c0-91f3-cdef771aa987.png?v=1683707808&width=824,Delhi
https://dealsplant.com,care@dealsplant.com,https://facebook.com/dealsplant;https://instagram.com/dealsplant,electronics,"Online Shopping site in India. Wide range of iPhones and refurbished phones, laptops, Computers, LED lights & Car Accessories. Lowest price than any other sites in India.",https://www.dealsplant.com/cdn/shop/files/dealsplant16_9_140x@2x.png?v=1663999120,
https://suwasthi.com,info@suwasthi.com;+917303989992;+919999966766,https://facebook.com/SuwasthiGroup;https://instagram.com/suwasthiofficial,other,,https://suwasthi.com/cdn/shop/files/Suwasthi_Logo_512.png?v=1787995762,Uttar Pradesh
https://shop2india.com,support@shop2india.com;+917045154621;+918369829789,https://facebook.com/order2india,other,Shop2India is your tool to access unique products from abroad to Indian consumers.,https://shop2india.com/cdn/shop/files/PNG-01-01_140x.png?v=1613522763,Maharashtra
https://arjunkhanna.com,info@arjunkhanna.com;+91982092022710;+919820922710,https://facebook.com/ArjunKhanna.Store;https://instagram.com/arjunkhannaofficial,apparel & fashion,"Shop for the latest collection of Mens Designer Jackets, Designer Men Kurta Sets, Mens Designer Clothes, Designer Sherwanis Explore their new collection online here.",,Maharashtra
https://madhubanipaints.com,gubbaro@gmail.com;madhpaints@gmail.com,https://facebook.com/madhubanipaints;https://instagram.com/madhubanipaints,apparel & fashion,"Story to You, Story to Your Heart! Headed by national awardee Smt. Asha Jha. Made by team of more than 150 rural artisans of Bihar. Handainted Madhubani Painting Saris, Dupatta, Blouses, Suits and paintings from the heart of Mithila. Made on 100% handloom Fabrics.",,Bihar
https://aashirs.com,support@aashirs.com;+912025112507;+919916472705,https://facebook.com/AashirsStores;https://in.pinterest.com/ashirbaniroy;https://instagram.com/AashirsStores;https://linkedin.com/company/aashirs-lifestyle,jewelry,"Exclusive handcrafted Imitation jewellery | Shop Latest Collection of Designer , Modern, Ethnic & fusion jewellery | One-stop-shop for all Artificia jewellery needs | Fashion wear at affordable prices | Terracotta, fabric, Stone studs, Metal, Oxidized, Party wear, Daily wear Jewelry. Latest Handcrafted Fashion Jewelry",https://aashirs.com/cdn/shop/files/aashirs_white.png?v=1690203473&width=500,Karnataka
https://fibologic.com,fibologic@gmail.com;+918088018742;+918770186261;+919579629971,https://facebook.com/fibologic?mibextid=ZbWKwL;https://instagram.com/fibologic;https://youtube.com/@fibologic,pets,"Fibologic leads the technical advancements and provide customised, user friendly solution in Namebell and Smart Switches category!",https://fibologic.com/cdn/shop/files/Asset_3_72x-8_414x.png?v=1680326264,Maharashtra
https://dakshinamsarees.in,info@dakshinamsarees.in;+917010546668,https://in.pinterest.com/Dakshinamsarees;https://instagram.com/dakshinam_sarees;https://youtube.com/@dakshinamsarees4417,apparel & fashion,"Dakshinam Sarees was conceived with the intention of sharing the beauty of handcrafted sarees from the Southern states with the rest of the country. Dakshinam Sarees now supports 28 artisanal communities sourcing handcrafted sarees that employ the traditional practice in principle, unique to a particular type of saree.",https://www.dakshinamsarees.in/cdn/shop/files/DS_LOGO2_PNG.png?v=1747718571&width=320,Karnataka
https://scrapshala.com,scrapshala@gmail.com;+917411079110,https://facebook.com/scrapshala;https://instagram.com/scrapshala;https://linkedin.com/company/scrapshala;https://youtube.com/c/Scrapshala,home decor,"Shop sustainable corporate gifts, eco-friendly home decor & festival, handcrafted goods and upcycled creations at Scrapshala. Discover unique souvenirs, lifestyle products and custom gifting solutions made from upcycled materials, supporting artisans and promoting circular, zero-waste living.",https://scrapshala.com/cdn/shop/files/scrapshala-green-logo.webp?v=1745327698&width=500,Rajasthan
https://casadecorshop.com,hello@casadecorshop.com;+919530308866,https://facebook.com/casadecorshopcom;https://in.pinterest.com/casadecorshop;https://instagram.com/casadecorshop;https://linkedin.com/company/casa-decor-shop;https://twitter.com/@casadecorshop;https://twitter.com/casadecorshop,furniture,"Buy the most exotic export furniture crafted by traditional Indian craftsmen and designed for modern homes by designers in Italy & USA. Gets the best of both worlds right here with a selection of distinct bone inlay patterns, and minimal designs in marble, agate and terrazzo. We also do custom furniture.",https://casadecorshop.com/cdn/shop/files/casa_decor_shop_logo_ps500_75x.jpg?v=1676129555,Rajasthan
https://podolite.com,,,other,Buy Podiatrist recommended comfortable footwear by Podolite. A common issue such as foot pain can be tackled simply by changing your footwear to MCR / MCP infused footwear. 7 out of 10 Orthopedic suggest to use Podolite.,,
https://elorafashion.com,wecare@elorafashion.com;+919737315005,https://facebook.com/eloracouture;https://instagram.com/eloracouture;https://linkedin.com/company/eloracouture;https://twitter.com/eloracouture?s=08;https://youtube.com/channel/UCCZhDKIF_qqnchnm6V2QAfQ,apparel & fashion,"Buy the finest handcrafted silk sarees online on Elora. Shop for Wedding sarees like Banarasi saree, Kanjivaram saree, Paithani, Patola saree, lehengas and more. Get designer Ethnic wear online at the best prices from biggest saree brand of India with Free Shipping Worldwide, cash on delivery and easy return policy.",https://www.elorafashion.com/cdn/shop/files/fs_{width}x.png?v=1691336131,Gujarat
https://glassesindia.com,cs@valueplusmarketing.in;+918169394813,https://facebook.com/Glasses-India-103984134714965;https://instagram.com/glassesindiaonline;https://pinterest.com/glassesindia;https://twitter.com/GlassesIndia;https://youtube.com/channel/UCGh1I5mfq_hcCUd4lTUVe9w,accessories,"Glasses India is India's specialist in sports glasses with power & safety glasses with power. Also offering swimming goggles with power, eyelid support glasses, wind & dust protection, anti-pollen & anti-fog eyewear. Explore night driving, progressive reading, blue light & designer rimless glasses. Ship Worldwide",https://www.glassesindia.com/cdn/shop/files/Glasses_India_Logo2_0617a5af-c93d-435b-95fe-e88e54716210.png?v=1665046979&width=500,West Bengal
https://blissclub.com,grievanceofficer@myblissclub.in;hi@myblissclub.in;+917996000781;+918150001492;+918150001493;+918150001494;+918150941113;+918884299466;+918884299766;+918884310110;+918884622011;+919071083484;+919964020925;+919979973393,https://facebook.com/myblissclub;https://instagram.com/myblissclub;https://twitter.com/myblissclub;https://youtube.com/channel/UC-xTA_bW6pyEqK3byfbwWww,apparel & fashion,"Blissclub is an Indian functional apparel brand engineering thoughtfully designed clothing for women and men - built for comfort, performance, and movement.",https://blissclub.com/cdn/shop/files/blissclub_logos.png?v=1739193704&width=5760,Karnataka
https://studioshringaar.com,hi@studioshringaar.com;hi@studioshringaar.in;+917700952740,,jewelry,,https://studioshringaar.com/cdn/shop/files/SS_Logo_Final-02.png?v=1696675100&width=500,Maharashtra
https://rasagola.com,info@rasagola.com;+918050012424;+918095706834;+919380529303,https://facebook.com/myrasagola;https://instagram.com/rasagola2021,food & beverages,"Rasagola - your one stop for desserts and snacks from eastern India. Odisha, West Bengal",https://rasagola.com/cdn/shop/files/Logo_with_phone_1_510x.png?v=1684477551,Karnataka
https://vmuthuswamysilks.com,contact@vmuthuswamysilks.com;hello@vmuthuswamysilks.com;+919952100000,https://facebook.com/vmuthuswamysilks;https://instagram.com/vmuthuswamysilks,apparel & fashion,"Manufacturers of handwoven soft silk sarees from Sirumugai, Tamilnadu, India",https://vmuthuswamysilks.com/cdn/shop/t/31/assets/logo.png?v=3945,Tamil Nadu
https://purenatureessentials.com,jojisemail@gmail.com;+919645792249,https://facebook.com/purenature.essentials;https://instagram.com/purenature.essential,apparel & fashion,"Pure Nature Essentials curates an extensive collection of home linen that constantly evolves to fit our customers’ needs. To ensure our inventory is top of the line, we collaborate with the best brands and designers in the industry. Once you find what you’re looking for, we guarantee a smooth checkout and delivery .",https://purenatureessentials.com/cdn/shop/files/308477111_511206827683843_637173837957238772_n-removebg-preview.png?v=1689577604&width=500,
https://purelyyours.com,care@purelyyours.com;+919810036584,https://facebook.com/purelyyoursofficial;https://instagram.com/purelyyoursayurveda;https://youtube.com/@purelyyoursofficial,health & wellness,Nurturing holistic well being through the science of Ayurveda. Blending age old Ayurveda with modern science,https://purelyyours.com/cdn/shop/files/PY_logo_R-01_e47d3ee1-ba9d-4b19-a4c2-ebcd27b9ecc1.webp?v=1749632545&width=500,Uttar Pradesh
https://d125.co,info@microgenindia.co;+91180089647;+912228320335,,other,,,Maharashtra
https://a47.in,a47@blackwhiteorange.in;+917900003978;+918291267521;+919967235979,https://instagram.com/a47merch;https://instagram.com/a47merch/%20%7C;https://x.com/a47merch,apparel & fashion,"India’s only homegrown pop culture brand with official merch from the Armed Forces, ISRO & Indian cinema — crafted to honour national pride. Shop proudly made-in-India apparel and accessories for men and women",https://a47.in/cdn/shop/files/logo-black.png?v=1780560533&width=500,Maharashtra
https://mymy.co.in,info@mymyfootwear.co.in;+916391021946,https://facebook.com/MyMyFootwear;https://instagram.com/mymy_officiale,footwear,"Buy latest footwears & designer sandals for Women Online in India. Explore a huge range of flats, heels, casual shoes, boots & more footwears for ladies at MyMy.",https://mymy.co.in/cdn/shop/files/mymy-logo4.png?v=1727180712&width=500,Uttar Pradesh
https://beigeindia.com,beigetextile2019@gmail.com;sales@beigeindia.com;+917518604210,https://facebook.com/BEIGE-838030629628979;https://instagram.com/adroit_adworld;https://instagram.com/beige.india,apparel & fashion,,https://beigeindia.com/cdn/shop/files/3_441x.png?v=1640352000,
https://theikatstory.com,info@theikatstory.com,https://facebook.com/settings?tab=ads;https://facebook.com/theikatstory;https://instagram.com/p/CMlyWuvJkdT;https://instagram.com/p/CfYFtLaIWME;https://instagram.com/p/ChrBsZCPtdI;https://instagram.com/p/CjR6IFeqrUn;https://instagram.com/theikatstory,apparel & fashion,"Top Ethical Clothing Brand - The Ikat Story is one of a kind designer clothing that is easy, empowering, and awe-inspiringly nonchalant. Shop bikini tops and bomber jackets for when you’re headed towards the shore, with sand between your toes.",https://www.theikatstory.com/cdn/shop/files/Ikat_png_logo_414355b2-06c4-4de9-9b34-18ea187cbe4a_165x.png?v=1632995929,Telangana
https://nithyaamirtham.com,feedback@nithyaamirtham.com;+914423722902;+914424791101;+914426530029;+914427660142;+914428534905;+914442014172;+914442821020;+914443556802;+914443591021;+914443592744;+914447760504;+914447871275;+914449573774;+917305057844;+917338951114;+917358521113;+917358576128;+917397246628;+917418501444;+917418644435;+917418704440;+91741897120444;+917418971444;+917539962555;+917550020038;+917845845273;+917845847921;+918056164927;+918056167327;+918438802906;+918754401444;+918925355531;+918925878571;+918925878572;+918925884390;+918925912855;+918925912856;+918925912860;+918925943938;+918925943939;+919825878570,https://facebook.com/NithyaAmirthamVeg;https://instagram.com/nithya.amirtham;https://youtube.com/@Nithyaamirtham,food & beverages,"Discover the best sweets and snacks in Chennai at Nithya Amirtham. From traditional sweets to tasty snacks, visit us for fresh, delicious, and authentic flavors",,Tamil Nadu
https://fusionfurnishing.com,ananyaverma@gmail.com;info@fusionfurnishing.com;+917300035009;+919358506263,https://facebook.com/fusionfurnishing;https://in.pinterest.com/fusionfurnishing;https://instagram.com/fusionfurnishing;https://youtube.com/@FusionFurnishing,home decor,Buy Luxury Home Decor Online in India at Fusion Furnishing. It is the perfect destination for home decor online at the most reasonable prices with great quality.,https://fusionfurnishing.com/cdn/shop/files/Fusion_Furnishing.png?v=1756463730&width=2000,Karnataka
https://baghindia.com,info@baghindia.com;manan@baghindia.com;marketing@baghindia.com;+917490034251,https://facebook.com/baghindia;https://instagram.com/baghindia,apparel & fashion,"Shop online seasons ethnic wear for men and women across India and globe. We have a wide range of collections for Kurtas/Kurtis, Dresses, Palazzos, Shirts, Jackets, Kaftans, Pants, and Solids. Visit the site and check out our collection online.",https://baghindia.com/cdn/shop/files/Website_motifs-01_105x.png?v=1649917623,Delhi
https://thesourceindia.net,thesourceindia.hkv@gmail.com;+919711378646,https://in.pinterest.com/thesourceindiahkv/_created;https://instagram.com/thesource.in;https://m.facebook.com/The-Source-India-Online-100851562788994;https://youtube.com/channel/UCnF9Xyt6gR7eip1z3oIzmXg,home decor,"The Source India is an Indian Handicraft, Home Decor, Furnishing and Textiles Store. Based out of Hauz Khas Village New Delhi, each piece is carefully procured to allow the enhancement of India's Culture.",https://thesourceindia.net/cdn/shop/files/thesourceindialogo.png?v=1652976794&width=500,Delhi
https://groceryfarm.com,,,jewelry,"Grocery Farm brings the best quality nuts from around the world to your doorstep. Our products are sourced directly from their origin in India, Chile, Afghanistan, Africa, and the US. In the end, we want to nourish you with the scrummiest and healthiest bites. Join our community to snack smarter and live healthier!",https://groceryfarm.com/cdn/shop/files/GF_Logo_-_Taste_Authentic_Quality_9_1.png?v=1746102052&width=500,
https://soundify.in,support@soundify.in;+919354915395,,furniture,"Discover Soundify's unique collection of musical greeting cards and religious mantra boxes, perfect for birthdays, anniversaries, and special occasions. Elevate your celebrations with heartwarming melodies and create unforgettable memories with loved ones. Shop now and add a harmonious touch to every event.",https://soundify.in/cdn/shop/files/Asset_3.svg?v=1679313647&width=500,Delhi
https://trendinneed.com,info@trendinneed.com;+91208421944305;+918421944305;+919511675301,https://facebook.com/trendinneed07;https://in.pinterest.com/trendinneed07;https://instagram.com/trendinneed;https://twitter.com/adornthemes;https://youtube.com/@trendinneed4425,apparel & fashion,"Buy authentic Kota Doria sarees, cotton sarees, special silk sarees, Banarasi, linen and ethnic sarees online at Trend In Need. Also explore dress materials and dupattas in traditional Indian weaves.",https://www.trendinneed.com/cdn/shop/files/logo-11_small.png?v=1739780883,Karnataka
https://archerslounge.com,contact@archerslounge.com;orders@archerslounge.com;+917356123412,https://instagram.com/archers_lounge_designers?igsh=MW5yejEwMDJxYm51bw%3D%3D,apparel & fashion,Archers Lounge is best known for its opulent and intricately embroidered apparels and is the first choice of many of the high-profile customers in Kerala including Indian Actor Mohanlal.,https://archerslounge.com/cdn/shop/files/ARCHERSLOUNGE_8f00fbe3-2ff7-4217-950f-4a22c826c4f8.png?v=1754930464&width=420,Kerala
https://himaira.com,info@himaira.com,https://facebook.com/himaira-global;https://in.pinterest.com/himairaglobal;https://instagram.com/himairag;https://linkedin.com/company/himaira;https://youtube.com/@himairag,beauty & skincare,"Looking for the best skincare brand in India? Himaira is India’s trusted skincare brand, where you can buy skincare products online with ease.",https://www.himaira.com/cdn/shop/t/50/assets/logo.png?v=6787,
https://purplepitara.com,onnect@purplepitara.com;+918793556426,https://facebook.com/purplepfashion;https://instagram.com/purple.pitara,apparel & fashion,"Purple Pitara - A fashion brand that brings together the best of traditional Indian design and modern cuts, creating unique and handcrafted clothing for the stylish, culturally-conscious woman.",https://purplepitara.com/cdn/shop/files/aaasc_e15d41f4-987f-4ff7-90a7-d19a96715bd9.png?v=1693862380,Maharashtra
https://rodamo.com,cs@rodamo.com;+917827686394,https://facebook.com/rodamodenims;https://instagram.com/rodamodenims;https://youtube.com/@rodamo,apparel & fashion,"Shop Rodamo Jeans for Men at Rodamo Online Store with best offers and deals. Get exclusive offers on men's jeans, shirts, tops, jackets, pants , shorts, sneakers many more.",https://www.rodamo.com/cdn/shop/files/Logo.jpg?v=1673092722&width=500,Delhi
https://gehen.in,,https://instagram.com/gehen_saree,apparel & fashion,"Discover Gehen, your destination for exquisite sarees from India. Shop our curated collection of timeless classics and contemporary designs. Authenticity and elegance delivered to your doorstep.",https://gehen.in/cdn/shop/files/gehen.png?v=1696699809&width=305,West Bengal
https://riyaash.com,support@riyaash.com;+918130061271,https://facebook.com/people/Riyash-Chaandi/61554305320639;https://instagram.com/riyash_chaandi;https://twitter.com/riyaash_chaandi;https://youtube.com/@riyashchaandi,jewelry,"Explore Riyaash Silver's exclusive collection of handcrafted silver products, including photo frames, home decor, and gifting essentials.",https://riyaash.com/cdn/shop/files/chaandi_logo_1.png?v=1735226642&width=500,
https://kalangan.co.in,,https://in.pinterest.com/kalangancontact?actingBusinessId=823103406804717224;https://instagram.com/kalanganhome?igsh=Mmx2NWxpaXkwOXFr;https://youtube.com/@designwithaayushi,apparel & fashion,Kalangan is the brain child of Aayushi Gupta who graduated from National Institute Of Fashion Technology in 2017 where she specialized in Textile Design. Her interest in Indian crafts and an urge to uplift the rural artisans led her to the foundation of this company.,https://www.kalangan.co.in/cdn/shop/files/Logo_Full.png?v=1778146740&width=500,Uttarakhand
https://avroha.com,avrohamanufacturingllp@gmail.com;+96876946200,https://facebook.com/profile.php?id=100088795846964&mibextid=ZbWKwL;https://instagram.com/avroha.official;https://linkedin.com/company/avroha;https://youtube.com/@avrohahairoil,health & wellness,"Experience the age-old secret of Kerala's forest with our Herbal Hair Oil. Say goodbye to hair fall and dandruff with our proven natural remedy. Made from centuries-old ingredients, our oil is a trusted solution for healthy, lustrous hair. Enjoy the assurance of a 60-day refund guarantee.",https://www.avroha.com/cdn/shop/files/Group.svg?v=1727174848&width=500,Kerala
https://riantas.com,info@riantas.com;+918375879631,https://in.pinterest.com/riantaofficial;https://instagram.com/riantasofficial,apparel & fashion,"Discover the finest luxury wear in Gurugram at Rianta's Store. Explore exquisite designer wear, stunning bridal lehengas, and elegant wedding wear in Gurgaon",https://riantas.com/files/Untitled_design_-_2024-09-28T130152.216.png,Haryana
https://ayoniza.com,+918902827387,https://facebook.com/studioayoniza;https://instagram.com/studioayoniza,apparel & fashion,"Timeless | Sustainable | Effortless - Ayoniza is a sustainable clothing label which creates effortless, chic and comfortable clothing with artful details",,West Bengal
https://thomsen-india.com,info@thomsen-india.com;info@www.thomsen-india.com;+918968692838,https://facebook.com/profile.php?id=61557906455936&sk=followers;https://instagram.com/thomsencomfort,other,,https://thomsen-india.com/cdn/shop/files/thomsen.png?v=1672042153&width=500,Uttar Pradesh
https://brmchemicals.com,brmchemicals@gmail.com;+919205884719,https://facebook.com/brmchemicals1983;https://instagram.com/brmchemicals,health & wellness,"BRM Chemicals, a trusted supplier of high-quality chemicals, herbal extracts, essential oils, soap bases, and more. Place bulk orders online in India.",https://brmchemicals.com/cdn/shop/files/Brm_Logo_Final_copy.png?v=1649835061&width=1000,Delhi
https://qbmen.com,support@qbmen.com;+9118005551234;+919799719450;+919799774000,https://facebook.com/QB.MEN;https://instagram.com/qb.men;https://youtube.com/channel/UCTSrxPfLqifpb_eDQdXvfBw,apparel & fashion,"Shop premium men's fashion at QB Men. Explore Designer Kurtas, Printed Shirts, Nehru Jackets & Co-ord Sets crafted for weddings, travel, and luxury styling. Elevate your wardrobe with timeless elegance!",https://www.qbmen.com/cdn/shop/files/QB_-_Logo_1000x.png?v=1614303684,West Bengal
https://earthan.in,hello@earthan.in;+919772882309,https://facebook.com/earthan.in;https://instagram.com/earthan.in,home decor,"Shop handmade ceramics, block print home textiles & silver jewellery from Jaipur. Small batch, artisan made. Free shipping across India.",https://cdn.shopify.com/s/files/1/0587/3978/5878/files/Earthan_logo.png?v=1746033280,Rajasthan
https://nirasceramics.com,info@nirasceramics.com;support@nirasceramics.com;+918511198033,https://facebook.com/nirasceramics;https://instagram.com/nirasceramics,other,"Earth, water, fire and love come together at Nira’s, where we strive to encourage potters and give them a platform to create beautiful handmade ceramics.",,Gujarat
https://peppermint.in,customercare@peppermint.in;+917768022449;+918263873819;+918411002333,https://facebook.com/PeppermintKids;https://instagram.com/peppermintkids;https://linkedin.com/company/peppermint-kids;https://twitter.com/peppermint_kids,baby & kids,"Shop Online Clothing for baby girls at best prices. Buy dresses for Infants, Toddlers, Kids and Youth at Peppermint. ✯ COD ✯ Fast Delivery ✯ Free Shipping.",https://peppermint.in/cdn/shop/files/Peppermint-Brand_240x.png?v=1627303431,Maharashtra
https://sugercandy.com,+918109707918,https://instagram.com/sugarcandy.india?igsh=MTlpbmlwcDgzc3Flbw%3D%3D,apparel & fashion,"Sugercandy offers stylish and trendy womens' clothing and accessories globally with top-notch quality and fit .Shop the latest dresses, tops, chunky cardigans ,sweaters and many more.",https://sugercandy.com/cdn/shop/files/02FC67BD-6A41-4245-9526-52280E4FD5FA.png?v=1783362607&width=500,
https://tufkote.in,support@tufkote.in;+914666666667;+914833333333;+919987799050,https://facebook.com/tufkote.auto;https://instagram.com/tufkotedinitrol;https://twitter.com/tufkote;https://youtube.com/c/TufkoteDinitrol,other,"Shop tuf-kote® for premium rust prevention, underbody coating, sound deadening & car care products. Trusted by 20+ years of automotive expertise. Free shipping on select orders.",https://tufkote.in/cdn/shop/files/TufKote_R_PNG.png?v=1684479153&width=500,
https://magnetismfashion.com,magnetism1618@gmail.com;support@magnetismfashion.com;+917669265355,https://facebook.com/search/top?q=magnetism;https://in.pinterest.com/magnetism_fashion;https://instagram.com/magnetism.fashion;https://youtube.com/@magnetismfashion,apparel & fashion,Magnetism is committed for woman apparels in a more innovative way. With a wide range of styles created and crafted by talented team of women's.,https://www.magnetismfashion.com/cdn/shop/files/magnetism_banner.png?v=1747225629&width=500,Delhi
https://robojunkies.com,robojunkiesindia@gmail.com;+919326358698,https://facebook.com/robojunkies;https://instagram.com/robojunkies;https://youtube.com/@robojunkies,pets,"RoboJunkies - Your Ultimate Resource for Robotics Education and Innovation. Explore tutorials, high-quality robot kits, and engaging events. Join us and unlock your creative potential in the world of robotics.""",https://www.robojunkies.com/cdn/shop/files/RJ_LogoSvg_2.svg?v=1684679347&width=500,Karnataka
https://mapland.in,support@mapland.in;+919315453215,https://facebook.com/mapland.homedecor/about;https://instagram.com/mapland_homedecor;https://youtube.com/@maplandhomedecor?si=mdHNxgi0XM2zEXv5,home decor,"Shop curated home decor for Indian homes: vases, ceramic cups, planters, cushion covers and thoughtful gifts. Free shipping across India.",https://mapland.in/cdn/shop/files/Mapland_Logo_transparent.png?v=1773573070&width=600,Haryana
https://julywear.com,info@julynightwear.com;+918828118096;+919971726525,https://facebook.com/julynightwear;https://instagram.com/julywear.official;https://linkedin.com/in/neha-bajaj-ba4076238?originalSubdomain=in,apparel & fashion,"Shop at July Wear for the latest in stylish women's clothing. Online shopping for trendy tops, dresses, jeans, and more is offered. Improve your wardrobe right now.",https://julywear.com/cdn/shop/files/July_Logo__Colors_2074x.png?v=1673261179,Maharashtra
https://phalwala.com,care@phalwala.com,,food & beverages,,https://www.phalwala.com/cdn/shop/files/Original_Logo.png?v=1667748659&width=336,Delhi
https://foreverjewelsindia.com,+919324751764,https://facebook.com/ForeverJewelsIndia;https://in.pinterest.com/foreverjewelsindia;https://instagram.com/foreverjewelsindia;https://youtube.com/@foreverjewelsindia8920,jewelry,"Designer Fashion Jewellery in Kundan, AD, Moissanite, Polki and Doublet. Destination Wedding and Festive Jewellery.",https://www.foreverjewelsindia.com/cdn/shop/files/fji_logo.png?v=1687415357&width=500,Maharashtra
https://villain.in,hi@villain.com;hi@villain.in;+919099170088,https://facebook.com/villainlife.official;https://instagram.com/villainlife.official?igsh=MWV0Ymt1djI5NGN3MA%3D%3D;https://youtube.com/@villainlife.official?si=dQ_nKf4Kl0Uqktg_,beauty & skincare,"Best long lasting perfume for men, perfect for every occasion. 6 to 8 hours of wear, IFRA certified fragrance, tuned for Indian skin and Indian heat",https://www.villain.in/cdn/shop/files/by_BRN.ME.webp?v=1779958348&width=500,Karnataka
https://totallyhomecooked.com,,https://facebook.com/THConFB;https://instagram.com/THConIG;https://x.com/THConX;https://youtube.com/@THConYT,apparel & fashion,Walk away from cookie-cutter t-shirts. Come to handcrafted inhouse designs you will find nowhere else and celebrate culture expression you can relate to.,https://totallyhomecooked.com/cdn/shop/files/THC_H_B.png?v=1682392166&width=500,
https://petvetcare.in,petvetcare.sukadev@gmail.com;sukadev.animalcare@gmail.com;+914222526702;+917708755088,https://facebook.com/Petvetcareindia;https://instagram.com/petvetcareindia,health & wellness,"Buy pet supplements, veterinary products and poultry products online in India. Quality dog, cats, birds and livestock vitamins, nutrition, medicines, vaccines and health care products at trusted price from petvetcare.in",https://cdn.shopify.com/s/files/1/0568/4772/8691/files/pluginseo_structuredDataLogo.png?v=1776326044,Tamil Nadu
https://paramountclothingco.com,customercare@paramountclothingco.com;+914447775511;+914449501316;+917395970603;+919962705716,,apparel & fashion,"Welcome to our online clothing store, where fashion meets convenience. We offer a wide range of stylish apparel for men and women, including tops, bottoms, dresses, and accessories. Our collection features the latest trends and timeless classics, designed to enhance your wardrobe and express your personal style. With e",https://paramountclothingco.com/cdn/shop/files/clothing_co_logo.png?v=1769778425&width=500,Tamil Nadu
https://pentabee.com,help@pentabee.com,,other,,https://pentabee.com/cdn/shop/files/Remove_background_project.png?v=1733153625&width=223,Uttar Pradesh
https://thesugarandspice.com,info@crsinvestment.com;+919910115577,https://facebook.com/Sugarandspice.india;https://instagram.com/sugarandspice.india,food & beverages,,https://www.thesugarandspice.com/cdn/shop/files/Sugar_Spice_Horizontal_Logo_on_White-01_2.png?v=1658493743&width=3506,Delhi
https://shreenathfoods.com,onlinesales@shreenathfoods.com;+919885019299,https://facebook.com/shreenathfoods;https://instagram.com/wokieeshopify,food & beverages,"Welcome to our e-commerce website, your one-stop solution for all your global food and beverage ingredient needs! Our extensive inventory offers a wide range of products that cater to different cuisines and beverages from around the world.",https://shreenathfoods.com/cdn/shop/files/logo-new_200x.png?v=1727266611,Telangana
https://gharnish.com,contact@gharnish.com;support@gharnish.com;+919059276667,https://facebook.com/GharnishIndia;https://facebook.com/settings?tab=ads;https://instagram.com/gharnishindia;https://pinterest.com/GharnishOfficial;https://x.com/GharnishIndia;https://youtube.com/channel/UCPxUY8EV8WpPikzYq0UivgQ,furniture,"Restaurant and Cafe Furniture Manufacture and Wholesale Furniture Store in Hyderabad and Bengaluru. We make restaurant/cafe chairs, sofas, hotel beds, lounger sofas, Office chairs, reception sofas, banquet chairs, banquet hall sofas and more. We also import luxury dining chairs for premium hotels and restaurants.",https://cdn.shopify.com/s/files/1/0509/4640/8602/files/gharnish-logo.png,Karnataka
https://ostilos.com,+6580258063,,apparel & fashion,"Ositilos premium western wear clothing for men & women. Shop stylish fashion apparel online from a modern, sustainable clothing brand.",,Gujarat
https://bajaao.com,+912242035353,https://facebook.com/bajaao;https://instagram.com/bajaao;https://x.com/bajaao;https://youtube.com/c/bajaao;https://youtube.com/watch?v=0xxeRFEP1Y4;https://youtube.com/watch?v=2Pkg-OrIMr0;https://youtube.com/watch?v=FmrISmF6O3I&t=132s;https://youtube.com/watch?v=LY0GrAtEk4U;https://youtube.com/watch?v=aAJ3Gi3UKAE;https://youtube.com/watch?v=ufWWaIoKprk,electronics,"Get your gear from Bajaao.com India's largest music instrument, studio and audio equipment superstore. Your one stop online music store for your musical needs.",https://www.bajaao.com/cdn/shop/files/bajaao-website-header_f52b8a2e-2cf1-4d7b-907f-745854589b7f.png?v=1738663229&width=400,Maharashtra
https://headphonezone.in,,https://facebook.com/HeadphoneZone;https://instagram.com/headphonezone;https://twitter.com/Headphone_Zone;https://youtube.com/@headphone_zone?sub_confirmation=1,electronics,"For people who choose music. 6,00,000+ Audiophiles served over 15 years. The best IEMs, headphones, DACs and amps from 100+ curated brands, plus our Headphone Zone Collabs.",https://www.headphonezone.in/cdn/shop/files/Headphone-Zone-Logo-Focal.png?v=1642160550&width=280,Tamil Nadu
https://tanotis.com,sales@tanotis.com;support@tanotis.com;+919686001001;+919686002002,https://facebook.com/tanotis;https://instagram.com/tanotis;https://linkedin.com/company/tanotis;https://twitter.com/Tanotis,electronics,"Tanotis.com is an Imported Electronics Store with Wholesale Prices. Business & Industrial Electronics & DIY Kits, Camera & Photography, Consumer Electronics etc",https://www.tanotis.com/cdn/shop/t/41/assets/Tanotis_Logo_SVG.svg?v=153418573322379978841588158743,Karnataka
https://postergully.com,help@postergully.com;requests@postergully.com;+912025112507,,books & stationery,"Create beautifully designed custom photo books from your travels, memories, and special moments. Premium coffee table books printed in India. Museum-Quality Paper & Canvas Available. India's largest and oldest print store online.Buy Now!",https://www.postergully.com/cdn/shop/files/postergully_logo.png?v=1687424374&width=500,Karnataka
https://rdklu.com,exchanges@rdklu.com;+919818522318;+919871514378,https://facebook.com/Radklyou;https://instagram.com/rdklu,apparel & fashion,The Alt. Clothing Store ! // Sizes From XS TO 12XL // 10 Days Return Policy,https://www.rdklu.com/cdn/shop/files/RDKLU_17.png?v=1771312364&width=720,Haryana
https://sukkhi.com,care@sukkhi.com;+918657025071;+918657025072;+918657025073;+918657025074;+918767778791,https://facebook.com/sukkhijewellery;https://in.pinterest.com/sukkhijewellery;https://instagram.com/sukkhi_jewellery,jewelry,"Sukkhi Fashion Jewellery- Buy Indian Ethnic and Fashion Jewellery Online- Buy Tempel Jewellery, Necklace Sets, Bangles, Rings, Mangalsutras, Earrings Online",https://sukkhi.com/cdn/shop/files/Sukkhi_Logo_White.png?v=1768551415&width=1961,Maharashtra
https://bonorganik.in,info@bonorganik.com;+918951717202,https://facebook.com/bonorganikindia;https://instagram.com/bonorganik,apparel & fashion,"Buy Just Like Dad,Just Like Mom,Super Siblings and Family Clothing. India's Top Site for Matching Clothing and Gifts",https://bonorganik.in/cdn/shop/files/Bonorganik_web_logo.png?v=1752747795,Karnataka
https://in.imbesharam.com,hello@imbesharam.com;info@imbesharam.com;+13236962347;+912248931870,https://facebook.com/IMbesharam;https://instagram.com/imbesharam;https://instagram.com/raj55;https://instagram.com/reel/CumH-yZsuu2;https://instagram.com/reel/CumH-yZsuu2?igsh=MzRlODBiNWFlZA%3D%3D;https://linkedin.com/company/imbesharam-com/mycompany;https://linkedin.com/in/anish-ahamad-5981061a3;https://linkedin.com/in/ashwani-sharma-a02404249;https://linkedin.com/in/fatimahagverdiyeva;https://linkedin.com/in/heena-sheik-623879114;https://linkedin.com/in/ievgeniia;https://linkedin.com/in/manpreetbedi;https://linkedin.com/in/marco-ragogna;https://linkedin.com/in/pulkitgoel89;https://linkedin.com/in/rajarmani;https://linkedin.com/in/rizvan-alif;https://linkedin.com/in/salim-rajan-07399a97;https://linkedin.com/in/vishal-agarwal-32920622;https://linkedin.com/in/yuliia-mykhailychenko-525b441b5;https://linkedin.com/posts/rajarmani_headlines-bombayhc-bombayhighcourt-activity-7176796554362540032-Htpx;https://twitter.com/imbesharam;https://youtube.com/@imbesharamdotcom,baby & kids,"IMbesharam is India's #1 Sex Toys Store showcasing 200+ Premium Brands of Sex Toys for Men & Women. With over 1 Million orders delivered, 110,000+ real verified reviews and over 400k + social proof, we continue to win hearts and make you scream. Always Safe Shopping, Discreet Packaging & FAST & FREE Delivery.",https://cdn.shopify.com/s/files/1/0165/3114/files/imbesharam-logo.png?v=1615319761,Delhi
https://itokri.com,helloji@itokri.com;+911784728014;+911790604960;+9118001201269;+916031112298;+917514012029;+917773897774;+917869002255;+917869003388;+917869955644;+917869957726,https://facebook.com/itokri;https://in.pinterest.com/itokri;https://instagram.com/itokri;https://x.com/itokri;https://youtube.com/user/itokri,home decor,"Trusted online store in India to buy original fabric, authentic dress material, ethnic wear, women accessories in various crafts by Indian Artisans.",https://itokri.com/cdn/shop/files/Group_1458_2x_95f81960-e86c-4e73-a9e2-9b93370be915.png?v=1660109560&width=120,Madhya Pradesh
https://srstore.in,hello@srstore.in;+912248905455,https://facebook.com/srstore9;https://instagram.com/srstore09,apparel & fashion,"SR Store the only online fashion store in India to shop latest, trendy, Stylish women clothes at affordable prices, 24 Hours Express Shipping across India",https://cdn.shopify.com/s/files/1/0752/8399/t/22/assets/logo_800x800.png?17598946529244354464,Maharashtra
https://woodgeekstore.com,hello@woodgeekstore.com;info@woodgeekstore.com;+916289495478;+917428091996;+919073674583,https://facebook.com/woodgeekstore;https://in.pinterest.com/woodgeekstore;https://instagram.com/woodgeekstore;https://twitter.com/woodgeekstore;https://youtube.com/user/saikeee,books & stationery,"Personalized engraved wooden gifts and handmade wooden products customized in the Woodgeek workshop for you. Handmade wooden drinking glasses, dinner plates, wooden bowls, and personalized wooden notebooks, engraved wooden posters, and personalized signs and wooden nameplates and office and desk accessories.",https://www.woodgeekstore.com/cdn/shop/files/BROWN_LOGO_HORIZONTAL_256x256_d30cf22a-bd96-4d2b-b11b-36f74f8ef994_256x.png?v=1614356633,West Bengal
https://fullyfilmy.in,,https://facebook.com/fullyfilmy.in;https://instagram.com/fullyfilmy;https://twitter.com/fullyfilmy_offl;https://youtube.com/channel/UCkcat7kqDsxCiuFQL1ujRiA,apparel & fashion,"Fully Filmy is an Online Shopping Site for cool, funny T-shirts, Hoodies, Kids tshirts inspired by your favourite actors, TV shows and movies.We also extend and offer you amazing accessories such as keychains, mugs, notebooks, stickers, posters, wallets and backpacks to choose from.",https://fullyfilmy.in/cdn/shop/files/fully-filmy.webp?v=1740819163&width=120,West Bengal
https://thestiffcollar.com,feedback@thestiffcollar.com;+919167230467;+919769642283,https://facebook.com/TheStiffCollar;https://instagram.com/thestiffcollarofficial,apparel & fashion,"The Stiff Collar offers high-quality men's shirts that combine classic style with modern comfort. Discover our collection of elegant and versatile shirts, crafted with care from the finest material. Shop now for the perfect shirts. At The Stiff Collar we believe that a good shirt is expression of style and confidence.",https://www.thestiffcollar.com/cdn/shop/files/logo_df6bac53-15b1-4049-92a9-3226fb34b871.png?v=1760101661&width=956,West Bengal
https://trustbasket.com,support@trustbasket.com;+918792959210;+919686432432,https://facebook.com/TrustBasket;https://instagram.com/trustbasket;https://youtube.com/user/TrustBasket,kitchen,"Garden Items Online - TrustBasket is an Online Gardening Store | Free delivery on seeds, pots and all gardening items| Cheaper than local nurseries and garden centers.",https://cdn.shopify.com/s/files/1/0663/9613/files/Trustbasket-Logo-Color-Size-10.png?v=1614323808,Karnataka
https://insaraf.com,furniture@insaraf.com;+918067414797,https://facebook.com/furniture.saraf;https://in.pinterest.com/insaraf;https://instagram.com/saraf_furniture;https://twitter.com/saraffurniture;https://youtube.com/channel/UCchhSPXtU8DQA-9DL04OBhQ,furniture,"Shop wooden furniture online at Saraf Furniture. Explore solid wood beds, sofas, dining sets, bookshelves & more, crafted for Indian homes. Shop now!",https://www.insaraf.com/cdn/shop/files/Logo_Aug_2022_Variation_3_480x.png?v=1786877896,Karnataka
https://soxco.com,info@soxco.com;+914134210077;+919840746534,https://facebook.com/soxco.fb;https://instagram.com/soxco.insta,other,India's #1 Online Socks Store. The socks company makes socks using cutting edge technology and design techniques to deliver superior fit and best-in-class comfort. FREE shipping. Cash on Delivery (COD) available. Buy now!,https://www.soxco.com/cdn/shop/t/30/assets/blitsoz-banner-logo_1296x.png?v=44006386192617664381659697062,
https://highnoteperformance.com,info@highnoteperformance.com;+911165029010;+919953705220,https://facebook.com/highnoteperformance;https://instagram.com/highnoteperformance;https://youtube.com/@HighNotePerformance,footwear,"High Note Performance offers branded motorcycle jackets, motorcycle gear, boots, gloves, helmets & other accessories online in India. Order now.",https://www.highnoteperformance.com/cdn/shop/files/HNP_Logo_Icon-01.png?v=1711619084&width=2084,Delhi
https://maaticrafts.com,maaticrafts@gmail.com;orders@maaticrafts.com;+919167250942;+919820303448,https://facebook.com/maaticrafts;https://instagram.com/maaticrafts;https://pinterest.com/maaticrafts;https://twitter.com/maaticrafts,apparel & fashion,"Shop Mughal-inspired Clothing, Jumpsuits, Kurtis, Anarkalis, Dresses, Anghrakhas, Blouses, Pants, Palazzos, Sarees, Dupattas & much more. 100% Handmade in India by Artisans. Free Shipping & Cash on Delivery. Easy Returns/ Exchanges. Shop Now!",https://www.maaticrafts.com/cdn/shop/files/maati-logo-15_years_update.png?v=1726143323,Maharashtra
https://india1001.com,support@india1001.com;+919972167424,,apparel & fashion,"House of Indian textiles, Sarees, Blouses, dupattas, dress material, fabrics, ready to wear, dresses, jewellery.. Indian weaves, Indian crafts, made in India",https://www.india1001.com/cdn/shop/files/Site-logo_300px.png?v=1694253305&width=500,Karnataka
https://millioncases.in,support@millioncases.com;+9118008906602;+917717303197,https://facebook.com/millioncases;https://instagram.com/millioncases;https://youtube.com/c/millioncases,accessories,"Shop India’s first premium store for high-quality phone cases, Apple Watch bands, and MacBook sleeves. 1000+ unique designs, shockproof protection, and free shipping nationwide. Elevate your tech today!",https://millioncases.in/cdn/shop/files/Logo-in-Black.jpg?v=1757330562&width=500,Punjab
https://bigbrandbox.in,info@bigbrandbox.in;+917208664400,https://br.pinterest.com/BigBrandBox;https://facebook.com/bigbrandboxindia;https://instagram.com/bigbrandbox_india;https://twitter.com/meetbbb;https://youtube.com/channel/UC6xqdTe8Fq-2FlaiKupJYXg,other,"Shop Best Home Cleaning in India @Bigbrandbox.in. Select all kinds of home kitchen Products like Cleaners , Detergents , Repellent , Mukhwas , Mouth Freshner , Syrup Squash , Cocktail , Cordial , Mocktails etc",https://www.bigbrandbox.in/cdn/shop/files/logo_dfcee623-a2d8-4f10-9900-96b3ce780faa_300x.png?v=1709467616,Delhi
https://sundayrest.com,hello@sundayrest.com;+918047494649,https://facebook.com/MySundayRest;https://instagram.com/mysundayrest;https://pinterest.com/MySundayRest;https://twitter.com/sundaybeds;https://youtube.com/c/SundayRest,furniture,"At Sunday®, we spent 12 months researching the perfect bed mattress. We believe we have cracked it. Made in India, using the latest technology and exceptional materials. Try our bed today!",https://www.sundayrest.com/cdn/shop/t/223/assets/Logo_White-01.svg?v=127586549169308848931742447686,Karnataka
https://cottonworld.net,customercare@cottonworld.net;partners@cottonworld.net;support@cottonworld.net,https://facebook.com/cottonworld;https://instagram.com/cottonworldlive;https://x.com/CottonworldLive,apparel & fashion,"Cotton & Linen Clothing for Men & Women. Buy Cotton & Linen clothes at best price in India at Cottonworld. Natural Clothing, Shop Now!",https://cottonworld.net/cdn/shop/files/CW-Logo.png?v=1776677229&width=500,Karnataka
https://thepostbox.in,care@thepostbox.in;corporate@thepostbox.in;postusanemail@thepostbox.in;+917845378175;+919884502289,https://facebook.com/thepostbox.in;https://instagram.com/thepostbox.in;https://pinterest.com/thepostbox,accessories,Timeless Products made with premium materials and the finest craftsmanship. Shop for a range of products from Laptop Bags to Wallets to Totes from India's most credible everyday essential brand.,https://www.thepostbox.in/cdn/shop/files/BLACK_TPB_LOGO.png?v=1614299354&width=460,Tamil Nadu
https://banarasee.in,buyatbanarasee@gmail.com;+917755001985,https://facebook.com/banarasee;https://instagram.com/buyatbanarasee;https://youtube.com/@_banarasee,apparel & fashion,"Shop online for banarasi sari, banarasi pure silk, bridal saree,beautiful bridal lehenga, sari, designer, dupatta, suit, chaniya choli - Buy Banarasi Online",https://www.banarasee.in/cdn/shop/files/banarasee_logo.png?v=1680148862,Uttar Pradesh
https://tripmachinecompany.com,mail@tripmachinecompany.com;+919416869778;+919560030305,https://facebook.com/tripmachinecompany;https://in.pinterest.com/tripmachineco;https://instagram.com/tripmachineco;https://youtube.com/@TripMachine,furniture,every inch of a trip machine company product is immaculately handcrafted for the love of motorcycling using the finest vegetable tanned leather.,https://tripmachinecompany.com/cdn/shop/files/Transparent_BG_Logo.png?v=1730803060&width=520,Haryana
https://dappershoes.in,support@dappershoes.in;+919205418400,https://facebook.com/dappershoes;https://instagram.com/dappershoes.co;https://instagram.com/p/DWyFTcGjx0l?img_index=1,footwear,"Dapper shoes is an online store which provides brown shoes, black leather shoes for men, online shoes shopping for flexible rates in India.",https://dappershoes.in/cdn/shop/files/dapper_logo_white.png,Delhi
https://bighaat.com,info@bighaat.com;+91180030002434;+91208050797979;+918050797979,https://facebook.com/BigHaat.India;https://in.linkedin.com/company/bighaat-india?original_referer=https%3A%2F%2Fwww.bighaat.com%2F;https://instagram.com/bighaatindia;https://twitter.com/bighaatindia;https://youtube.com/@BigHaatTV;https://youtube.com/@BigHaatTVHindi;https://youtube.com/@BigHaatTVKannada;https://youtube.com/@BigHaatTVTamil;https://youtube.com/@BigHaatTVTelugu,jewelry,"Buy Agricultural Products and Machinery Online at BigHaat. We Offering broad range of Seeds, Plant Nutrition, Plant Protection and Agri Implements. CASH ON Delivery(COD) IS NOW AVAILABLE ACROSS INDIA.",https://media.bighaat.com/appicons/bighaat-logo.png,Karnataka
https://albertotorresi.com,customercare@albertotorresi.com;+917088401110,https://facebook.com/AlbertoTorresiShoes;https://in.pinterest.com/AlbertoTorresi/_created;https://instagram.com/albertotorresi;https://twitter.com/AlbertoTorresiS;https://youtube.com/user/albertotorresishoes,footwear,"Buy Men & Women Casual Shoes, Formal Shoes, Boots, Sandals, Slippers, Derby, Brogues, Sneakers, Slip Ons, Flyknit, Espadrilles Online At Best Prices in India.",https://www.albertotorresi.com/cdn/shop/files/logoat_600x_740aa664-607e-4c37-b96b-4bf4face6228.png?v=1613736164&width=226,Uttar Pradesh
https://hobbytoys.co,adhaarun@gmail.com;ladhaarun@gmail.com;+919845471770,https://facebook.com/hobbytoys.co;https://instagram.com/hobtoys;https://youtube.com/@Hobbytoysonline,baby & kids,"Hobbytoys Diecast Scale Model Toy Store Online. Buy Diecast Model Cars, Trucks, Airplanes, Helicopters from top model car brands Maisto, Bburago, Welly, AUTOart",https://www.hobbytoys.co/cdn/shop/files/checkout_logo_5_360x_bcc28e9a-d208-4f6d-aed9-4c4934552bdd.avif?v=1771351314&width=500,Karnataka
https://littlemuffet.com,support@littlemuffet.com;+919819405205,https://facebook.com/littlemuffet.india;https://instagram.com/little_muffet;https://youtube.com/@little_muffet,apparel & fashion,"Embrace the joy of growing up in our curated collection of enchanting Indian ethnic and party wear for kids aged 0-15. Crafted with care in India, loved by families worldwide.",https://littlemuffet.com/cdn/shop/files/LittleMuffet_logo_horizontal_RGB_799x.png?v=1663470975,
https://maxayurveda.in,support@zeeayurveda.com;+917087530004;+918288964305,https://facebook.com/pg/wahmusli1;https://in.pinterest.com/wahayurveda1;https://instagram.com/wahayurveda1;https://linkedin.com/company/13317593;https://twitter.com/wahayurveda1,health & wellness,"Max Ayurveda is spreading happiness in your married life by improving your Vigor, Vitality & Stamina.",https://www.maxayurveda.in/cdn/shop/files/8_cfce237e-ed3a-4482-b289-71854cae8bf5_280x.png?v=1703503378,Chandigarh
https://teez.in,,,apparel & fashion,Shop at Teez.in for top-quality printed t-shirts & hoodies! Featuring catchy slogans & cool graphics for both men & women. Click & find your perfect fit now,,Tamil Nadu
https://memeraki.com,wecare@memeraki.com;+919217010464;+919971593574,https://facebook.com/memerakicom;https://instagram.com/me_meraki;https://linkedin.com/in/yosha;https://pinterest.com/MeMerakiArt;https://twitter.com/memerakisocial;https://youtube.com/@me_meraki,home decor,"On MeMeraki’s store you can buy paintings online from India. The store features various types of Indian art paintings and learns about different states of India. We are reimagining the future of the artisan creator economy. MeMeraki hosts a plethora of workshops, masterclasses and paintings.",https://www.memeraki.com/cdn/shop/files/logo_full_400x.png,Maharashtra
https://yogabars.in,hello@yogabars.co.in;hello@yogabars.in;+919606030616,https://facebook.com/yogabars;https://in.linkedin.com/company/yoga-bar;https://instagram.com/yogabars.in,sports & fitness,"India's most loved nutrition-led food company. Muesli, Protein Bars, Energy Bars, Peanut Butters, and Gluten Free Oats that are friggin' delicious. All natural. No preservatives. Loaded with protein and fibre. Social Distancing from processed food and sugar. Free and Fast Delivery in India. Buy Now!",https://www.yogabars.in/cdn/shop/files/Group_1244831766_2.png?v=1782282537&width=500,Karnataka
https://blinglane.com,care@blinglane.com;gandhi@blinglane.com;hello@blinglane.ca;saurabh@blinglane.com;+14254645263,https://facebook.com/BlinglaneInc;https://facebook.com/blinglaneinc;https://in.linkedin.com/in/vikas-sharma-ba80b082;https://instagram.com/blinglane;https://linkedin.com/company/blinglane;https://linkedin.com/in/saurabhgandhi1;https://linkedin.com/in/shikhathakursingh;https://pinterest.com/blinglane;https://youtube.com/@Blinglane,jewelry,Discover the finest minimal 925 sterling silver jewellery and fashion accessories at Blinglane India online website 🤩 Elegant imported jewellery for every day wear ✔Premium quality ✔Free shipping ✔Skin safe,https://blinglane.com/cdn/shop/files/Blinglane_Logo_Final_500X500.jpg,Delhi
https://casedodo.com,help@casedodo.com;hey@casedodo.com,https://facebook.com/casedodo;https://instagram.com/casedodo;https://twitter.com/casedodo,accessories,"9 years of styling and protecting your iPhone, Apple Watch and more",https://casedodo.com/cdn/shop/files/DODO-Logo-Orange.png?v=1760484362,Rajasthan
https://goldentipstea.in,info@goldentipstea.in;+911141609835;+911141609836;+913322830029;+913322830030;+913346025681;+919319938822,https://facebook.com/goldentipstea;https://in.pinterest.com/goldentips0132;https://instagram.com/goldentipsindia;https://linkedin.com/company/9415229;https://twitter.com/GoldenTipsTea;https://youtube.com/channel/UCDZg8O-cFahvhlg5mzOfouQ?view_as=subscriber,food & beverages,"Shop the widest collection of the world's finest teas from pure & fresh Organic Loose Darjeeling Teas to Green matcha tea powder from Japan, oolong from China & more.",https://cdn.shopify.com/s/files/1/0291/9381/files/logo-new_480x.jpg,Delhi
https://musicalbazaar.com,,,other,"At Musical Bazaar, you can buy Indian musical instruments online. Buy tabla online in India. Buy harmonium online india.",https://www.musicalbazaar.com/cdn/shop/t/6/assets/logo.png?v=89873354269006815111438513895,
https://superherotoystore.com,devesh@superherotoystore.com;deveshc@superherotoystore.com;+917304020923,https://facebook.com/superherotoystore;https://in.pinterest.com/superherotoys;https://instagram.com/superherotoystore;https://twitter.com/super_herotoys,baby & kids,"Collectibles, Toys, Posters and more of Batman, Superman, Ironman, Hulk, Wolverine, Captain America, Game of Thrones, Breaking Bad, Green Lantern, Flash, Arrow.",https://customers.seomanager.com/knowledgegraph/logo/super-hero-toy-store_myshopify_com_logo.png?cache=4574,Maharashtra
https://bombayshirts-india-prod.myshopify.com,grievances@bombayshirts.com;support@bombayshirts.com;+917865343212;+918452887740;+918879621003;+918928774101;+919439780974;+919513446201,https://facebook.com/BombayShirts;https://instagram.com/bombayshirts;https://youtube.com/channel/UCMd8a7hw8z9zDIplp4HKKzQ,apparel & fashion,Buy New Branded Shirts For Men Online ★ Shop For The Best Tailored Shirts From A Wide Range Of Premium Made To Measure Shirts To Men's Tailored Fit Shirts Online On Bombayshirts.com.,https://cdn.shopify.com/s/files/1/0536/3594/0515/files/Asset_1_new.svg?v=1770096835,Karnataka
https://artisera.com,concierge@artisera.com;info@artisera.com;partners@artisera.com;+917899882277,https://facebook.com/Artisera-1456563794644492/timeline;https://instagram.com/artisera,other,"An online-first gallery for fine art and collectibles with a physical gallery space in Bangalore, India. Discover contemporary Indian art by some of India's finest artists, including painting, sculpture, prints, photography and digital art, along with traditional Indian art, and one of a kind old collectibles.",https://www.artisera.com/cdn/shop/t/93/assets/logo.png?v=115410028698292208971774846359,Karnataka
https://jewelove.in,wecare@jewelove.in;+919828012999,https://facebook.com/Jewelove;https://pinterest.com/suranas;https://youtube.com/jeweloveindia,jewelry,"India's #1 Platinum Jewellery Brand - One stop destination for Authentic Platinum Jewellery, Diamond & Gold Jewellery online ✔Customized jewellery ✔100% Certified",https://www.jewelove.in/cdn/shop/files/Jewelove_Black_Logo_Cropped_FInal_540x.jpg?v=1738881680,Rajasthan
https://thedapperman.in,info@thedapperman.in;+919990995764,https://facebook.com/TheDapperManIN;https://instagram.com/thedapperman.in,apparel & fashion,"The Dapper Man is a lifestyle and menswear brand India providing handcrafted luxury shoes, men's accessories, neck ties, bow ties, lapel flower pin, pocket squares Best quality men's shoes in India, Handcrafted leather shoes India, Best men's accessories India, men's tie India, Men's neck tie India",https://thedapperman.in/cdn/shop/t/61/assets/logo.png?v=6198,Haryana
https://mayori.in,info@mayori.in;+919521251679;+919529439495,https://facebook.com/mayori.in;https://instagram.com/mayoriconsciousclothing,apparel & fashion,"Mayori Conscious Clothing is an exclusive women's clothing brand offering modern dresses, kaftan, co-ord sets, shirts, ethnic wear, lehenga, kurtas, bottoms, maternity dresses, and night dresses, made from sustainable fabrics.",https://www.mayori.in/cdn/shop/files/Mayuri_Logo_4.1_260a772f-71e1-4be8-ba3b-017fb5c9dffd.svg?v=1685681091&width=500,Delhi
https://thejodilife.com,orders@thejodilife.com;+918169663898;+919172790033;+919266887123,https://facebook.com/thejodilife;https://instagram.com/thejodilife;https://pinterest.com/thejodilife,apparel & fashion,"At JODI, we create sustainable fashion and offer products rooted in Indian tradition and design. Buy handcrafted clothing, accessories, art, and homeware.",https://thejodilife.com/cdn/shop/files/Jodi_White-Logo.png?v=1779947375&width=1250,Maharashtra
https://fizzygoblet.com,abhinavmehra@me.com;info@fizzygoblet.com;rumana@fizzygoblet.com;vidhya@fizzygoblet.com;+917715810514;+917795378173;+917892820321;+918287306357;+918368622805;+918446801853;+918688957319;+918712372689;+918971145497;+919041608336;+919137670169;+919324959680;+919398603497;+919871050384;+919920720239,https://facebook.com/fizzygoblet;https://in.pinterest.com/pinfizzygoblet;https://instagram.com/fizzygoblet,footwear,"Explore handcrafted footwear and bags at Fizzy Goblet. Shop designer ethnic juttis, mojaris, and loafers for women, men, and kids, blending style with comfort.",https://cdn.shopify.com/s/files/1/0215/3436/files/Logo_150x150_492fa74a-9127-40a2-9ac4-df8681b31398_500x.png,Karnataka
https://tredyfoods.com,customercare@tredyfoods.com;+919787266666,https://facebook.com/TredyFoods;https://in.pinterest.com/tredyfoods;https://instagram.com/tredyfoods;https://twitter.com/Tredyfoods;https://youtube.com/channel/UCW-ZGrR5HMql--XFVGjaQKQ,food & beverages,"Online store with variety of sweets, snacks, savouries, biscuits and cookies including fruits like mangoes and cookwares like cast iron cookware and also kitchenware.",https://www.tredyfoods.com/cdn/shop/t/111/assets/logo_small.png?v=17642,Tamil Nadu
https://taraash.com,demo@gmail.com;support@taraash.com;+91200987654321;+912235216596;+912235216797;+917045411414,https://facebook.com/TaraashSilver;https://instagram.com/taraashjewellery;https://x.com/taraashsilver,jewelry,Taraash was established to offer quality sterling silver jewellery for modern women. Exquisite online collection of silver jewellery available exclusively here.,https://www.taraash.com/cdn/shop/files/Taraash_Logo.jpg?crop=center&height=748&v=1748426550&width=4409,Maharashtra
https://thealternate.in,exchange@thealternate.in;info@thealternate.in;+919042605134,https://facebook.com/TheAlternateInd;https://instagram.com/thealternateindia;https://youtube.com/@thealternate486/featured,footwear,"The Alternate offers vegan fashion accessories for the quintessential modern man.Designer non-leather shoes & bags. Shop online for the finest of vegan men’s shoes, bags.",https://www.thealternate.in/cdn/shop/files/logo_00e95f7e-485f-4a0b-bd5c-266d612f05f5.png?v=1728585875&width=500,Tamil Nadu
https://holyweaves.com,support@holyweaves.com;+917347734773,https://facebook.com/holyweaves;https://instagram.com/holyweaves;https://pinterest.com/holyweaves;https://twitter.com/holy_weaves,apparel & fashion,"Shop Luxury Handwoven Sarees, Shawls, Scarves, Pocket Squares, and Fabrics made in-house at our Banaras atelier. Visit our studio to see live weaving by master artisans. Biggest manufacturers and exporters of handwoven textiles—contact us for bulk export orders and collaborations.",https://www.holyweaves.com/cdn/shop/files/Logo-HOLYWEAVES_BENARES-White_a76f71eb-0c46-4df6-9544-b517031f92ec.png?v=1730898391&width=1392,Uttar Pradesh
https://sunshineboulevard.in,info@sunshineboulevard.in;support@sunshineboulevard.in;+918041309583,https://facebook.com/SunshineBoulevardBlr?_rdc=1;https://instagram.com/sunshine_boulevard,home decor,"Discover Sunshine Boulevard, Bangalore’s leading home décor destination offering premium lighting, antique & modern furniture, garden décor, pots, planters, wall art, and unique accessories. Elevate your space with handcrafted designs blending comfort, creativity, and timeless elegance. Manufacturer Bengaluru, India.",,Karnataka
https://thebleulabel.com,support@thebleulabel.com;+919500055578,https://facebook.com/TheBleuLabel;https://instagram.com/thebleulabelindia;https://twitter.com/TheBleuLabel,apparel & fashion,"A New Age Shirt brand for Men, designed and crafted with the smoothest and finest fabric.",https://www.thebleulabel.com/cdn/shop/files/tbl_1255af79-248b-47d9-836d-d3dbc5fd3580.png?v=1672931505&width=500,Tamil Nadu
https://decorze.com,sales@decorze.com,https://facebook.com/Decorze;https://pinterest.com/decorze;https://twitter.com/decorze,home decor,"Decorze wall Stencils are beautiful and easy to use and DIY Stencils, these stencils are reusable and used to decor living room wall, bedroom wall with wide range of coll",https://www.decorze.com/cdn/shop/t/8/assets/logo.png?v=56763672078942219551401442352,Karnataka
https://kayfashions.in,info@kayfashions.in;+914442155740;+919884261611,https://facebook.com/kayfashions;https://instagram.com/kay_annanagar,apparel & fashion,Online Shopping - Sarees Bridal Lehenga Choli Gowns Party wear Salwar suits Anarkali Fusion wear Kurti Tunics,https://kayfashions.in/cdn/shop/files/kaylogo_7aff8403-e11a-47de-bcd5-a1ba310f51a2_120x.png?v=1613733922,Tamil Nadu
https://greenthemap.com,greenthemap@gmail.com;+911129544678,https://facebook.com/greenthemap;https://pinterest.com/greenthemap;https://twitter.com/greenthemap,apparel & fashion,"Discover a world of sustainable materials, eco friendly products, and ethical solutions at Green The Map. Explore our wide range of green products, including organic food, slow fashion, and upcycled gifting options. With a focus on sustainable development and business ethics, we offer fair trade products for SDGs.",https://www.greenthemap.com/cdn/shop/files/logo-unit-png_134x134_crop_center_2x_1ca9d289-bf07-43f4-9ba2-551961a0fd6e_1024x1024.png?v=1613724106,Delhi
https://fashionous.in,,https://facebook.com/Fashionous;https://instagram.com/fashionous.in;https://pinterest.com/fashionous.in;https://youtube.com/fashionous,apparel & fashion,"Online store offering niche products and services of best fashion jewellery & apparel designers, tailors & consultants.",https://fashionous.in/cdn/shop/files/Fashionous_logo_R.png?v=1676285639&width=500,Tamil Nadu
https://fabbox.in,info@fabbox.in;support@fabbox.in;+919819422433,https://facebook.com/fabboxindia;https://instagram.com/fabbox.in;https://x.com/fabbox_in?lang=en;https://youtube.com/channel/UCkrOquJGL4WXrDggkAGPdsQ/featured,food & beverages,"Craving healthy snacks? FabBox offers delicious, guilt-free options like makhanas, nut mixes, and millet snacks – perfect for every mindful munch!",https://www.fabbox.in/cdn/shop/files/logo1-1_300x300.png?v=1641186573,Maharashtra
https://blingvine.com,service@blingvine.com;support@blingvine.com;+918482888951,https://facebook.com/BlingVine;https://instagram.com/blingvine;https://twitter.com/blingvine;https://youtube.com/c/Blingvine,jewelry,Fashion Jewellery- Shop for exquisite designer jewellery online only at Blingvine India. Explore from the curated collection of stylish jewellery sets at best price. Free shipping.,https://cdn.shopify.com/s/files/1/1223/0734/files/192.jpg?v=1583609841,Maharashtra
https://therugrepublic.in,support@therugrepublic.in;support@trrhome.com;+917617656777,https://in.pinterest.com/the_rug_republic;https://instagram.com/the_rug_republic;https://twitter.com/TheRugRepublic;https://youtube.com/watch?v=3FsWH61YewQ,home decor,"Latest trends in handmade Rugs, Pillows, Poufs & Benches. On time delivery. 30 years of expertise. Shop online Now!",https://www.therugrepublic.in/cdn/shop/files/HLogoBG_156be452-593a-4d73-9522-82a8d510a6ce.png?v=1692004370&width=500,Delhi
https://thekojewelleryshop.myshopify.com,bharat.revankar@gmail.com;care@thekojewelleryshop.com;priya@thekojewelleryshop.com;radhika@thekojewelleryshop.com;+919113951814,https://facebook.com/TheKOShop;https://instagram.com/thekojewelleryshop;https://pinterest.com/KOJewellery,jewelry,KO Jewellery Buy Pure 92.5 Silvery Jewellery Online. Exclusive collection of Best 92.5 Silver and 22KT Gold plated jewellery.,https://thekojewelleryshop.myshopify.com/cdn/shop/files/KO_Jewellery_final_logo.png?v=1715061216&width=320,Karnataka
https://getmycouch.com,care@teakandtorch.com;hello@getmycouch.com;+917011289722;+919310802805,https://facebook.com/TandTsocial;https://facebook.com/shopify;https://instagram.com/shopify;https://instagram.com/teakandtorch;https://pinterest.com/shopify;https://twitter.com/shopify,home decor,"Get My Couch- Shop for premium furniture, home decor & various other homeware products online. Get Upto 60% off on your orders along with Free Delivery. Shop Now!",https://www.getmycouch.com/cdn/shop/t/49/assets/logo.png?v=67303306459749693531789286974,Delhi
https://yogue-activewear.com,contact@yogue-activewear.com;+918800679900,https://facebook.com/yogue.activewear;https://instagram.com/yogue_activewear;https://twitter.com/YogueActivewear,apparel & fashion,Buy yoga pants / tights / joggers / shorts / trackpants / hoodies / jackets / t-shirts / tank tops from Yogue Activewear. Finest quality workout wear.,https://www.yogue-activewear.com/cdn/shop/t/28/assets/logo.png?v=11717950479250612451667908867,Delhi
https://rifeindia.com,sales@ergoshopping.com;sales@rifeindia.com;support@rifeindia.com;+440111044833;+85298226451;+919811014571;+919899250704,,health & wellness,"Rife Technologies provides smart lockers, charging carts, medical workstations, RFID inventory systems, AI vision solutions, monitor arms and workplace automation products for hospitals, schools, offices and industries.",https://www.rifeindia.com/cdn/shop/files/logo_b6db5eb3-e39c-43e0-a20e-a86248fcfc5e.png?v=1614307811&width=600,Delhi
https://order2india.com,support@order2india.com;+911930491939;+919082726711,,jewelry,"Order2India, an online web store , was founded with the intention of bringing unique products from abroad to Indian consumers.",https://order2india.com/cdn/shop/files/blue_3_2_200x60_38cd7a5e-a146-494b-b0fa-23aa777bc3e5_140x@2x.png?v=1714462043,Maharashtra
https://tallengestore.com,support@tallenge.com;+917899345057,https://facebook.com/tallengestore;https://instagram.com/tallengestore;https://pinterest.com/tallengestore;https://twitter.com/TallengeStore,other,"Buy art and paintings online at affordable prices. Find art for homes, spaces & rooms; art by styles; art by styles; art by subjects etc. We sell prints of artworks from the periods of old and modern masters to current contemporary artists. We offer posters, canvas prints, framed prints and large size art. Our bestsellers include Vincent van Gogh, Krishna artworks, Buddha artworks, Art for Living Rooms etc. Free Shipping and Cash on Delivery available for buyers in India. Our art prints are as...",https://www.tallengestore.com/cdn/shop/t/11/assets/logo.png?v=26538645391530038521586313011,Karnataka
https://enthopia.com,ankit@enthopia.com;+919833301015;+919930309079,https://facebook.com/enthopia.official;https://in.pinterest.com/enthopiaofficial;https://instagram.com/enthopia,other,,https://www.enthopia.com/cdn/shop/files/checkout_logo_2_400x.png?v=1614246958,Maharashtra
https://tilfi.com,banaras@tilfi.com;mumbai@tilfi.com;orders@tilfi.com;stories@tilfi.com;+917303741333;+918291746806,https://facebook.com/tilfi;https://instagram.com/tilfi_banaras;https://pinterest.com/TilfiBanaras;https://youtube.com/channel/UClEDuOm8us7t3zeaGe91wog/videos,apparel & fashion,"The makers of the finest Banarasi handloom saris, dupattas and lehengas today. Shop our weaves in pure silk, cotton, koras, georgettes and more online.",https://tilfi.com/cdn/shop/files/TILFI_Logo_standard-_cropped_1600x.png?v=1683886030,Maharashtra
https://olie.co.in,olieliving@gmail.com;+916363138053,https://facebook.com/olieliving;https://in.pinterest.com/olieindia;https://instagram.com/olie_living_lighting;https://twitter.com/shopify,home decor,"An experimental lighting studio conjuring bridges between art, design and craft. Discover our online store and contact us at olieliving@gmail.com for bespoke commissions.",https://www.olie.co.in/cdn/shop/files/OLIE_LOGO_grey-01.png?v=1762853400&width=4484,Karnataka
https://chococraft.in,customerservice@chococraft.in;+16467625015;+919821669229,https://facebook.com/chococraftindia;https://instagram.com/chococraft_india;https://linkedin.com/company/chococraft;https://youtube.com/channel/UCalq3dLA7NaImEg_Dr6Y1gg,food & beverages,"Shop the best chocolate gifts—personalized photo chocolates in elegant gift boxes. Custom chocolates, free India-wide shipping, delivered in 3-7 days.",https://www.chococraft.in/cdn/shop/files/logo.webp?v=1747736181&width=300,Delhi
https://masilo.in,hello@masilo.in;+912262375037;+919819811293,https://facebook.com/masilo.in;https://in.linkedin.com/company/masilo.in;https://in.pinterest.com/masilobaby;https://instagram.com/masilo.in;https://youtube.com/channel/UCworpBluh-93ahq4C_enrpg,baby & kids,"Shop organic cotton baby blankets, quilts, cot sets, crib bedding, cushions, nursery decor, fabric storage baskets, bunting, baby gifts and baby shower hampers",https://masilo.in/cdn/shop/files/Updated-Masilo-Brand-Logo_500x500.png?v=1636610617,Maharashtra
https://devshoppe.com,devshoppe@gmail.com,https://facebook.com/devshoppe;https://in.pinterest.com/Devshoppe;https://instagram.com/devshoppe;https://youtube.com/c/devshoppe,other,"Shop 100% authentic Rudraksha, Yantras , Pooja items & Gemstones at DevShoppe. Energized , Lab-tested and delivered with trust since 2004",https://www.devshoppe.com/cdn/shop/files/DEVSHOPPE-LOGO.png?v=1778873383&width=700,Karnataka
https://lovetheworldtoday.in,hello@ltwt.in;+919372796580,https://facebook.com/LovetheWorldToday;https://instagram.com/lovetheworldtoday.in;https://twitter.com/hello_ltwt;https://youtube.com/channel/UCFB_ekcYuPNcpzQOr_ItjDg,baby & kids,"100% Sustainable clothing brand for children made in India in a socially & environmentally responsible way. Natural fabrics, 100% cotton, Organic cotton, Handwoven textiles handmade by Indian artisans. India's most loved kids wear brand for newborn baby, girls, boys. Twinning family options. Find out #whomademyclothes",https://www.lovetheworldtoday.in/cdn/shop/files/Instagram_Post_425_1_1_1_1558415d-4284-4a2e-8a1a-19fea9635861.png?v=1749818779&width=320,Maharashtra
https://giftsoflove.in,mail@giftsoflove.in;online@giftsoflove.in;+917303085224;+919220807535;+919810965535,https://facebook.com/giftsoflove.stores;https://instagram.com/giftsoflove.stores,books & stationery,"Range of Stationery, Gifts, Coffee Mugs, Greeting Cards, Notebooks and Home Accessories with options to Personalise. Great Design and Awesome Products at Gifts of Love.",https://giftsoflove.in/cdn/shop/files/GOL_Logo_Celebrate_PNG.png?v=1738643745&width=200,Haryana
https://baublelove.in,+917483555313,https://facebook.com/baubleloveofficial;https://instagram.com/baublelove;https://instagram.com/baublelove/followers/mutualOnly,apparel & fashion,Online Shopping For Women Fashion Accessories.,https://baublelove.in/cdn/shop/files/Untitled_design_298864e4-2787-438b-8fc6-d50fffb9a9e2.png?v=1655184070&width=500,Karnataka
https://sushiya.in,order@sushiya.in;+919312444086,https://facebook.com/sushiyaonline;https://instagram.com/sushiyaonline,other,"Sushiya delivers Sushi and Japanese food including some grocery items across Delhi, Gurgaon and Noida. We accept international card payments online or over a call on +91 9312 444 086",https://www.sushiya.in/cdn/shop/files/SUSHIYA_LOGO_since_2007_Black_3d08fac0-cb56-42e4-a8a3-28af45f375f9.png?v=1688104696&width=500,Maharashtra
https://21fools.com,+919167587469;+919783383304,,books & stationery,"Born in Rajasthan, 21Fools creates objects that hold stories - Furniture, bags, and stationery made with time, truth, and the quiet hope of lasting beyond us.",https://21fools.com/cdn/shop/files/Water_Color_21Fools_Logo_90x.png?v=1761744684,Rajasthan
https://darzaania.com,help@darzaania.com;+919650900036,https://facebook.com/darzaania;https://instagram.com/darzaania,apparel & fashion,"Discover Darzaania – your destination for handcrafted women’s wear in pure cotton. Featuring traditional handblock prints, natural dyes, and ethnic fusion styles, our collection is size-inclusive from S to 6XL. Shop timeless, sustainable, and elegant fashion, made with love in India.",https://darzaania.com/cdn/shop/files/darzaania-white-logo.png?v=1765882877&width=1343,Delhi
https://einaahluwalia.com,contact@einaahluwalia.com;+919831309125,https://facebook.com/einaahluwaliajewellery;https://instagram.com/einaahluwalia;https://youtube.com/channel/UCTiyhk-EHNlvnaIJSk6ZTfg,other,"Talismans & Totems for Lovers & Healers, Warriors & Visionaries, Explorers & Revolutionaries.",https://www.einaahluwalia.com/cdn/shop/files/EINA_2024_BRANDNAME_LOGO_ac4d941f-1ec7-425e-9ed1-64075b0c2871.png?v=1727200745&width=500,
https://vedgroup.net,+914047713368,,home decor,"Official Partner: Philips Lighting, Philips UV Lamps, Dr. Fischer Lamps, Atlas Specialty Excelitas/Cermax Xenon Lamps, Narva Airfield/Medical Lamps, DMC/Ideal Aerospace Tools, QSIL Quartz Glass, Raesch Quartz, Squall Quartz, BJB Lampholders, Lumberg Connectors, Weco Connectors, Peters Conformal Coating",https://www.vedgroup.net/cdn/shop/files/Ved_Logo_V2.png?v=1753749859&width=500,Telangana
https://ashimafashion.com,ashima.retail@gmail.com;ashimafst.sales@gmail.com;+914712439113;+914844044800;+919846355800,,apparel & fashion,"Buy Sarees online. Your one stop destination for Sarees online. Handpicked from weavers across india and curated by our team .Express shipping. COD facility available . Easy Returns and Refunds. Shop for Banarasis , Tussar Silk ,Organza , Cotton , Chanderi , Supernet Fancy kotas and more.",,Kerala
https://mybabybabbles.com,info@mybabybabbles.com;+919920771801,https://facebook.com/mybabybabbles;https://instagram.com/mybabybabbles;https://twitter.com/mybabybabbles;https://x.com/mybabybabbles,baby & kids,"My Baby Babbles offers premium personalized baby & kids products in India. Shop gift hampers and newborn essentials to nursery décor, accessories & more.",https://mybabybabbles.com/cdn/shop/files/MBB-Logo-new_colour.svg?v=1712399260&width=205,Maharashtra
https://uberurban.in,,https://facebook.com/uberurban.in;https://instagram.com/uberurban.in,apparel & fashion,"At Über Urban you can shop bed sheets, cushions, curtains, pillow covers, men's and women's wear at factory prices. Free shipping anywhere in India.",https://www.uberurban.in/cdn/shop/files/UberUrbanLOGO_150x150.jpg?v=1613746173,Gujarat
https://honeyandspice.in,hello@freshmilloils.com;hello@honeyandspice.in;+919945869813,https://facebook.com/HoneyandSpiceIndia;https://instagram.com/honeyandspiceindia;https://linkedin.com/company/honey-and-spice;https://youtube.com/@honeyandspice2715;https://youtube.com/watch?v=TnX4aPJwzJI,food & beverages,"Buy from Honey and Spice store, Premium Raw Honeys, Mono-floral Honeys, All-natural spices, A2 Desi Cow Ghee, Apple Cider vinegar, Honey Rose Gulkand, Premium freeze dried Coffee and many more straight from nature products. At Honey and Spice we travel across the country to bring you the best of Nature's produce.",https://cdn.shopify.com/s/files/1/0753/4441/2951/files/Amazon-Logo.png?v=1753965390,Karnataka
https://urbanmonkey.com,hello@urbanmonkey.com;+919702201195;+919702207553;+919967630898,https://instagram.com/urbanmonkeyindia;https://youtube.com/channel/UCLrkhsE1dSd3gsnUeYnxrmQ/featured,accessories,"Shop Urban Monkey's streetwear collection — caps, tees, hoodies, eyewear & bags. India's leading headwear brand. Free shipping & easy returns.",https://www.urbanmonkey.com/cdn/shop/files/Layer_1_1.svg?v=1778492624&width=160,Karnataka
https://timbercraft.in,+918008078579,https://facebook.com/settings?tab=ads,furniture,"Buy handcrafted teak wood furniture online at TimberCraft. Shop premium beds, sofas, & custom pieces. Delivered across India. Durable. Elegant. Made to Last.",https://timbercraft.in/cdn/shop/files/TimberCraft_LogoFinal_2.jpg?v=1710704070&width=360,Telangana
https://shamunsflowers.com,sales@shamunsflowers.com;+912026346156;+917722098792,https://facebook.com/shamunsflowers;https://in.pinterest.com/moiz0121;https://instagram.com/shamunsflowerspune,other,"Shamuns Flowers - Premium Pune florist for Online Flower Delivery in Pune. We also deliver in Mumbai , Delhi, Bangalore, Hyderabad & Chennai. Flowers for all occasions!",https://shamunsflowers.com/cdn/shop/files/imageedit_logo.png?v=1614311404,Karnataka
https://truefittandhill.in,feedback@truefittandhill.in;info@truefittandhill.in;+912262918111,https://facebook.com/TruefittAndHillIndia;https://instagram.com/truefittandhill_in;https://linkedin.com/showcase/truefitt-&-hill-india;https://youtube.com/channel/UC_li2vTtNppM7AyM64B-8uQ,beauty & skincare,"Discover Truefitt & Hill, the world's oldest barbershop and luxury grooming brand. Shop premium shaving, haircare, skincare, and fragrance products for men, crafted with excellence and tradition. Elevate your grooming routine with our refined selection of high-quality essentials",https://www.truefittandhill.in/cdn/shop/t/108/assets/logo.png?v=12874,Maharashtra
https://hotmuggs.com,info@hotmuggs.com;+919892285943,https://facebook.com/HotMuggs;https://in.pinterest.com/hotmuggs;https://instagram.com/hotmuggs;https://youtube.com/channel/UC0s6vzluXw8sKaulzZw6p-g;https://youtube.com/watch?v=W0nlbW7AcD8,kitchen,"Hot Muggs Official Website. Leading Drink ware Brand. Designers of the Most Awesome Bottles, Mugs, Cups and Coasters. Stainless Steel, Ceramic, Wood, Glass",https://hotmuggs.com/cdn/shop/files/Hotmuggs_logo_hd_black_transparent_3_1693x.png?v=1667378147,Maharashtra
https://silvertraq.com,care@silvertraq.com;info@silvertraq.com;+18782512951;+919892088888,https://instagram.com/explore/tags/madeinindia;https://instagram.com/silvertraq,jewelry,"Silvertraq's biggest sale is live up to 60% off sports bras, leggings, co-ords & more. Sizes XS to 3XL. Limited time only. Shop now at silvertraq.com.",https://www.silvertraq.com/cdn/shop/files/aenp9-uxmz4_360x.png?v=1724749017,Maharashtra
https://exoticflora.in,exoticflora2015@gmail.com;support@exoticflora.in;+919392785121,https://facebook.com/onlinenursery;https://instagram.com/exoticflora.in,other,Buy plants online at a very low cost. Spruce up your home with some refreshing indoor and outdoor plants. We also offer gift plants at a reasonable price,https://exoticflora.in/cdn/shop/files/Exotic_Flora.svg?v=1740639674,Andhra Pradesh
https://brainwavzaudio.in,help@yourbrainwavz.com;marketing@yourbrainwavz.com;+918040994441,https://facebook.com/brainwavzindia;https://instagram.com/brainwavzaudio;https://twitter.com/BrainwavzAudio;https://youtube.com/channel/UCHGGncLS_ZAUi9Vfqjfruww,electronics,Brainwavz Audio India,https://www.brainwavzaudio.in/cdn/shop/files/BWAVZ_AUDIO_LOGO_400x200_49a6228e-987e-4340-a874-b227b88121c3_410x.png?v=1613674036,
https://graphicurrystore.com,info@graphicurry.com;info@graphicurrystore.com;+917411479067;+919916158811;+919980130193,https://facebook.com/graphicurry;https://instagram.com/badhabits.official;https://instagram.com/giftwrap_2026?igsh=MWwyZHF2MTBkYXlsbQ%3D%3D;https://instagram.com/petitpeustore;https://instagram.com/prasadbhatart;https://instagram.com/thebobblestreet;https://youtube.com/user/Graphicurry,pets,"Custom hand-drawn digital caricatures by artist Prasad Bhat. Personalized portrait gifts for birthdays, anniversaries & weddings — delivered across India. Order yours today.",https://www.graphicurrystore.com/cdn/shop/files/Logo_Transparent.png?v=1729621586&width=500,Karnataka
https://goodwyntea.com,support@goodwyntea.com;+917604054444,https://facebook.com/goodwyntea;https://instagram.com/goodwyntea;https://x.com/goodwyntea;https://youtube.com/@goodwyntea-blendforgood6311,food & beverages,"Buy Best First Flush, Second Flush, Darjeeling, Assam, Loose Leaf, Tea Bags, Herbal Teas, Instant Tea Premix, CTC Milk Tea for Personal & Commercial Use, Home, Office, Hotel, Horeca, Resorts, Spa, Gifting, Events, Wholesale, Bulk, Private Label from Goodwyn Tea, a brand from Silver Leaf Tea Pvt Ltd with 3 tea estates",https://cdn.shopify.com/s/files/1/0790/2363/6779/files/1745481203023-goodwyn-square-logo-grey-background.jpg?v=1745481204,West Bengal
https://mahagro.com,+914517241379;+914571428571;+919885078151,https://facebook.com/MahaGro;https://facebook.com/mahagro;https://instagram.com/mahagro;https://pinterest.com/mahagro;https://twitter.com/trymahagro;https://youtube.com/mahagro,health & wellness,"Ditch the messy soil! MahaGro's clean & lightweight potting mix is easy to use & packed with 43 essential nutrients for vibrant plants. Order yours! Houseplant parents, rejoice! MahaGro's organic mix keeps your leafy friends thriving. Say goodbye to overwatering & hello to happy plants!.Grow healthier, tastier veggies",https://www.mahagro.com/cdn/shop/files/Mahagro_Logo_with_R.png?v=1614315463&width=500,Karnataka
https://chiaroscuro.in,feedback@chiaroscuro.in;info@chiaroscuro.in;+919811517699,https://facebook.com/chiaroscurobags;https://instagram.com/chiaroscurobags;https://instagram.com/p/Cf3pITaoRLE;https://instagram.com/reels/CpCw9ZyjLvV,accessories,Beautiful artisanal bags handmade with love using only the most carefully selected & outstandingly natural pure leather. Handcrafted In India. Shop Online,https://chiaroscuro.in/cdn/shop/files/11th-Anniversary-Logo-Final_100x.png?v=1778563713,Karnataka
https://theskinmantra.com,info@theskinmantra.com;sp@theskinmantra.com;+919321730295;+919930909884,https://facebook.com/theskinmantra;https://instagram.com/theskinmantra;https://pinterest.com/theskinmantra;https://twitter.com/theskinmantra;https://youtube.com/user/theskimantra,jewelry,"Your Place For Exclusive Customized / Personalized Merchandise. Buy Predesigned / Customized MacBook Sleeves, MacBook Skins, Laptop Sleeves, Laptop Skins, iPad Sleeve & iPad Sleeve in India.",https://www.theskinmantra.com/cdn/shop/files/THESKINMANTRA_LOGO_with_Tag_Line_70x.png?v=1613739747,
https://mogradesigns.com,contact@mogradesigns.com,https://facebook.com/mogradesigns;https://in.pinterest.com/mogradesigns;https://instagram.com/mogradesigns;https://linkedin.com/company/mogradesigns;https://twitter.com/mogradesigns;https://youtube.com/@mogradesigns,other,"Shop from an exclusive selection of bohemian fusion-wear made using traditional Indian handcrafted cotton, handloom, block printed and hand embroidered fabrics.",https://mogradesigns.com/cdn/shop/files/mograpink_logo_410x.png?v=1613670900,Karnataka
https://rforrabbit.com,affiliate@rforrabbit.com;customercare@rforrabbit.com;sales@rforrabbit.com;socialmedia@rforrabbit.com;vendor@rforrabbit.com;+917348340934;+917348349340,https://facebook.com/TheRforRabbit;https://in.pinterest.com/TheRforRabbitBabyCo;https://instagram.com/rforrabbitbaby;https://linkedin.com/company/r-for-rabbit;https://youtube.com/playlist?list=PLKAk2r3opfzuuYlG4RMQqTlkSAqLoPTTX;https://youtube.com/rforrabbit,baby & kids,"Visit us & Get the Most Innovative baby products like Baby Feather Diapers, Baby Wipes, Baby Strollers & Prams, Tricycle for Babies, Cots & Cradles, Baby Car Seat, Swing Car, Scooters, High Chairs, Baby Walkers.",https://rforrabbit.com/cdn/shop/files/website-logo-min_1_c52d3bc6-ca80-45ad-b07f-8a2da2c1c503.png?v=1686803159&width=200,Gujarat
https://techstore.co.in,sales@techstore.co.in;+918880012000,,furniture,"Buy Best Prices Laptops & Desktops Online from latest Brands Dell, Lenovo, HP, Acer, Asus and Apple Macbooks and we also provide Servicing/Repairs at Techstore Systems Private Limited",https://techstore.co.in/cdn/shop/files/Techstore_logo_2024.png?v=1737090468&width=500,Karnataka
https://maearthbotanicals.com,anaisha@maearthbotanicals.com;info@maearthbotanicals.com;+919811691710,https://instagram.com/maearthbotanicals,health & wellness,"Nature Inspired Wellness, Handcrafted with Love",https://maearthbotanicals.com/cdn/shop/files/logo_500x.png?v=1782191832,
https://metaphorracha.com,+919886036143,https://instagram.com/metaphorracha,other,"An authentic khadi brand from Karnataka working with artisans, spinners, and weavers. We create handspun & handwoven products that are natural, timeless, and mindfully made for everyday living.",https://metaphorracha.com/cdn/shop/files/logo_f050a362-3aa4-4772-84a9-ae32b956be65.png?v=1750838700&width=500,Karnataka
https://thefragrancepeople.com,info@thefragrancepeople.com;support4@thefragrancepeople.com;+919717750750,https://facebook.com/pages/The-Fragrance-People/370725687457;https://instagram.com/thefragrancepeople,home decor,"India's #1 Online Destination for Candles, Reed Diffusers, Incense, Fragrance Oils, Gifts, Home Decor and a lot more. Buy now and get it delivered anywhere in India! Fast Shipping Guarantee + Free Delivery over Rs 999",https://www.thefragrancepeople.com/cdn/shop/t/55/assets/logo.png?v=3433,Delhi
https://kidscity.in,hi@kidscity.in;hi@kookee.in;+918050009898,https://facebook.com/kidscity.in;https://instagram.com/kidscity.in;https://pinterest.com/kidscity.in;https://twitter.com/kidscity.in;https://x.com/kidscity.in;https://youtube.com/@in.KidsCity,baby & kids,Buy Baby Food Online in India & Buy Baby Food & Infant Formula at kidscity.in- an online shopping store for Feeding & Nursing products with ✓Free Shipping ✓COD options available.,https://kidscity.in/cdn/shop/files/KidsCity-final-logo2-R_46708e2a-17f3-47cf-a4ed-620e105945e2_4691x.png?v=1719477504,West Bengal
https://terraearthfood.com,+911661310109;+911661310164;+911661310307;+911687467178;+911688201122;+911688201255;+911688319347;+911688319605;+911690614977;+911690615010;+911693688486;+914442088800;+914442821088;+917463524481;+917463689537;+917463694337;+917463703041;+917463718785;+917463825665;+917463831169;+917492918913;+917492934593;+917511410881;+917592904257;+9176391723;+919176391723;+919551295577;+919551395522;+919551995512,https://facebook.com/TerraEarthFood,food & beverages,"Explore freshly made wide range of organically grown, gluten-free and vegan, millet-based snacks, sweets, mixes, baked goods, staples, shipped all over India.",https://www.terraearthfood.com/cdn/shop/t/13/assets/logo@2x.png?v=147212292397827271161472022662,Tamil Nadu
https://wintage.in,customerchampion@wintage.in;+919217291663,https://facebook.com/wintagefashion;https://instagram.com/wintageonline;https://pinterest.com/wintageonline;https://twitter.com/wintageonline;https://youtube.com/channel/UCpM1NUtTI5rJFyzA8U0pDVg,apparel & fashion,"Buy Trendiest Menswear Online - Trousers, Shirts, Suits, Blazers, Kurtas, Nehru Jackets & more online | Ready Sizes and Bespoke | Proudly made in Noida Factory and delivering worldwide | No Middleman, No Markups, Premium Clothing, Honest Pricing | 60+ Years Garmenting Experience | Free Shipping, COD, Easy Returns",https://smart-seo-new-api.sherpas.design/files/2803,Uttar Pradesh
https://kabliwalas.com,helps@kabliwalas.com;+911204261111;+911204262223;+919810607272,https://facebook.com/Kabliwalas;https://instagram.com/kabli.walas;https://twitter.com/kabliwalas,food & beverages,"Buy Dry Fruits Online. Trusted. Hassle-Free. Free Home Delivery. Badam, Pista, Kaju, Anjeer, Akhrot, Kishmish, Mukhwaas and much more.",https://kabliwalas.com/cdn/shop/files/logo_-kabuli_180x.png?v=1614308147,Delhi
https://truerevo.com,support@truerevo.com,https://facebook.com/TRUEREVO;https://instagram.com/truerevo;https://twitter.com/truerevo;https://youtube.com/Truerevo,sports & fitness,"The Official TRUEREVO Store - Running shorts with phone pockets, Innovative Gym Tshirts , Jogging Tshirts, Jackets, Leggings etc for men & women. Buy functional, high performance sportswear online. Run, play sport, or train. Kickstarter backed, trusted in over 50 countries.",https://www.truerevo.com/cdn/shop/files/Full-Logo.svg?v=1683209608&width=180,Manipur
https://tarababyshop.com,annu@tarababyshop.com;+919846389343,https://facebook.com/tara.babyshop.handmade;https://instagram.com/babyshoptara,baby & kids,"Tara is known for its hand embroidered children’s clothing ~ see our newborn tops, bloomers, smocking dresses, rompers, linen, and lovely maternity wear.",https://tarababyshop.com/files/Tara_logo.png,Delhi
https://seamstress.co.in,rasmi@thekaithariproject.org;+919686604640,https://facebook.com/seamstressindia;https://instagram.com/seamstress_india;https://pinterest.com/seamstressindia,other,"Seamstress is about clothes with stories. And so, we forever chase stories of our land, of forgotten weaves or of the artistry of handwoven. Go on, wear a story",https://seamstress.co.in/cdn/shop/files/logo_511x439.png?v=1755859717,Karnataka
https://eightaudio.in,admin@eightaudio.in;+916281849065,https://facebook.com/eightaudio;https://instagram.com/eightaudio;https://x.com/eightaudio;https://youtube.com/@eightaudio,electronics,"Discover Eight Audio premium speakers, amplifiers & home theater systems in India. Engineered for audiophiles with powerful, immersive sound.",https://cdn.shopify.com/s/files/1/0773/9074/1703/files/1775493472174-eight-audio.png?v=1775493473,Telangana
https://akrithi.com,info@akrithi.com;+9118005551234;+919176399074;+919962852464,https://facebook.com/akrithionline;https://in.pinterest.com/akrithionline;https://instagram.com/akrithionline;https://youtube.com/@akrithionline,apparel & fashion,"Buy best collection of fabrics in India. We are selling authentic pure silk fabrics like Raw silk, Crepe, Satin, Organza, Habuthai and also selling Embroidered and printed fabrics.",https://akrithi.com/cdn/shop/files/LogoColorTextBelow_200x.jpg?v=1630533568,Karnataka
https://valliyan.com,info@valliyan.com;+919322797331,https://facebook.com/ValliyanByNitya;https://instagram.com/valliyan,jewelry,"VALLIYAN is a Luxury Fashion Jewellery brand from India, established in 2008 by Nitya Arora who Graduated from Parsons School of Design, New York.",https://www.valliyan.com/cdn/shop/files/Valliyan_Logo_White_4500x.png?v=1738152506,Maharashtra
https://papadontpreach.com,business@papadontpreach.com;customercare@papadontpreach.com;digitalsales@papadontpreach.com;digitalsales@papadontreach.com;jobs@papadontpreach.com;press@papadontpreach.com;+917738334432;+917738334452;+918828831006;+919372091530,https://in.linkedin.com/company/papa-dont-preach---india;https://instagram.com/papadontpreachbyshubhika;https://youtube.com/channel/UCsZq0vBaPtCINfFDPksZ9qQ,apparel & fashion,"Papa Don't Preach by Shubhika is a homegrown luxury & designer label offering innovative handmade bridal lehengas, sarees, suits, Jewellery, Bags, Shoes and more online for women.",https://www.papadontpreach.com/cdn/shop/files/PDP_header_logo.png?v=1763045883&width=500,Maharashtra
https://laintimo.com,hello@laintimo.com;+919999816699,https://facebook.com/laintimo69;https://instagram.com/la_intimo;https://youtube.com/@laintimo69,other,"India's 1st premium intimate wear brand. Shop briefs, thongs, vests, camisoles & bras for men and women — crafted in-house since 2013. COD available.",https://laintimo.com/cdn/shop/files/freepik__background__3140.png?v=1763717769&width=500,West Bengal
https://fashionnation.in,+919830133311,https://facebook.com/FashionNation.in;https://in.pinterest.com/fashionnationin;https://instagram.com/FashionNation.in,apparel & fashion,"Fashion Nation is the top online Boutique Store for Latest Indian Ethnic Wear for Women & Festival Fashion. Buy best Indo Western, Gowns, Designer & Party Sarees, Lehengas, Salwar Suits, Anarkalis, online in India. Curated Collection of affordable Indian Wedding Bridalwear & Bollywood Fashion.",https://cdn.shopify.com/s/files/1/0252/9897/files/Fashion_Nation_Logo_with_curved_edges.png?v=1704348891,Karnataka
https://touchstonemedia.com,admin@touchstonemedia.com;info@yourwebsite.com;support@touchstonemedia.com;+918336916108;+919903998108,,books & stationery,"Touchstone Media publishes and distributes Vaisnava and Vedic Books and Media. Titles for all ages. Krishna stories for children, Ebooks, Audios, CDs, Arts, deities, narottama das, deity dress",https://www.touchstonemedia.com/cdn/shop/files/Logo3_a16159af-0936-4da0-978e-0054a1a5daec_210x@2x.png?v=1647872056,
https://yourlibaas.com,care@yourlibaas.com;+918071968666;+918630301299,https://facebook.com/yourlibaas;https://instagram.com/yourlibaas;https://linkedin.com/in/akram-tariq-khan;https://linkedin.com/in/khalid-raza-khan;https://linkedin.com/in/shahper-khan;https://pinterest.com/yourlibaas;https://twitter.com/yourlibaas;https://youtube.com/channel/UCtXDqfaz-TAYmd6bSvQkg1Q,apparel & fashion,"Shop Online for Lawn Suits, Kurtis, Wedding & Bridal Wear, Designer Lehengas, Salwar Kameez, Gharara Suits & More at YourLibaas.com. ✓ Cash On Delivery ✓ Free Shipping ✓ 100% Original Guaranteed.",https://cdn.shopify.com/s/files/1/0666/3041/files/YOURLIBAAS_LOGO_817002c1-f5d8-477a-bf11-d65abce88a39.png,
https://poshtik.in,care@poshtik.com;care@poshtik.in;munish@poshtik.in;rajivmadhok@gmail.com;support@poshtik.in;+918130609955;+919810131585,https://facebook.com/shopify;https://instagram.com/poshtik.in?stkn=ZDNlZDc0MzIxNw%3D%3D;https://twitter.com/shopify,food & beverages,Get freshly ground atta using the choicest grains. We use Sharbati wheat grains from MP & combine it with other grains to give you the highest nutrition value!,https://www.poshtik.in/cdn/shop/files/d7cba08c94612a3ff58522107c612c029ff918e6_d613de9d-190b-48da-b3b7-d742ad0020e4.png?v=1786011976&width=500,Delhi
https://serendipitydelhi.com,serendipitydelhi13@gmail.com;+919821076664,https://instagram.com/serendipitydelhi,home decor,"Travel inspired Lifestyle Store set in a beautifully restored Haveli, Serendipity Delhi curates Textiles, Furniture and Vintage finds ideal for home decor.",,Delhi
https://peacockride.com,support@peacockride.com;+916380541505,https://facebook.com/PeacockRide?fref=ts;https://instagram.com/peacockride;https://twitter.com/peacockride,other,"A brand to promote India's Uniqueness ,Traditions ,Tourist places and History through Art Decals and Posters!",https://www.peacockride.com/cdn/shop/t/15/assets/logo.png?v=158852629955060463571610432558,Tamil Nadu
https://privatelives.in,info@privatelives.in;onlinesales@privatelives.in;+918766317729,https://facebook.com/privatelivesnightwear;https://in.pinterest.com/privatelives1/_created;https://instagram.com/privatelives;https://linkedin.com/in/pulkit-kapoor-13200834,apparel & fashion,"Explore our exclusive collection of nightwear, loungewear, lingerie, beachwear, nightdress, and more. Elevate your comfort and style with Private Lives. Shop Now!",https://www.privatelives.in/cdn/shop/t/50/assets/logo.png?v=10093,Delhi
https://bestsourcenutrition.com,care@bestsourcenutrition.com;contact@the4studio.com;+918080870048;+919819784688,https://br.pinterest.com/bestsourcenutri;https://facebook.com/BSNsupplement;https://in.linkedin.com/company/bestsource-nutrition-private-limited;https://instagram.com/bestsourcenutrition;https://twitter.com/bestsourcenutri?lang=en;https://youtube.com/channel/UC6fh3FVztzSH6Cu3jZaMPcA,health & wellness,"Premium omega-3, phosphatidylserine, herbal wellness teas, nutritional supplements, and plant-based wellness support designed for brain health, fitness, recovery, stress balance, healthy aging, and modern lifestyles.",https://www.bestsourcenutrition.com/cdn/shop/files/Logo_1200_x_628_px.png?v=1641896291&width=130,Maharashtra
https://davidcompany.com,davidprinters@gmail.com;+919820088825,,books & stationery,"Shop wedding invitations online from David & Company, Mumbai—custom printing, proofs, and delivery across India. Wedding cards, Memorial/Obituary cards, Communion/Christening stationery, Bridal Gowns and Bridal Floral Packages—everything you need to celebrate Memorably",https://www.davidcompany.com/cdn/shop/files/logo_450x.png?v=1614308937,Maharashtra
https://springfit.com,care@springfit.com;+918010161016,https://facebook.com/springfitsleep;https://instagram.com/springfitsleep;https://x.com/springfitsleep;https://youtube.com/@SpringfitSleep,furniture,"Sleep better with Springfit mattresses. Trusted worldwide as a leading manufacturer, exporter, and retail brand for real comfort, reliable support, and lasting quality.",https://www.springfit.com/cdn/shop/files/springfit_logo.png?v=1729490569&width=500,Tamil Nadu
https://greenbrrew.com,support@greenbrrew.com,https://facebook.com/greenbrrew;https://instagram.com/greenbrrew;https://pinterest.com/greenbrrew;https://twitter.com/greenbrrew,food & beverages,Green coffee retains the essential compounds of coffee. It is time to go green in a new and refreshing way. Energize yourself with our all-new green coffee now.,https://greenbrrew.com/cdn/shop/files/logo12.png?v=1784638185&width=4964,Delhi
https://stahlkitchens.com,care@stahlkitchens.com;+918484018048,https://facebook.com/stahlindia;https://instagram.com/stahl_india;https://youtube.com/channel/UCWdLV3k4s7Fdkudn46QEHkA,kitchen,"Experience High Performance - Precision Engineered Cookware in Aesthetic Designs. Kadhais, Tawas, Saucepans, Frypans, Stock Pots, Pressure Cookers, Knives and more",https://stahlkitchens.com/cdn/shop/files/Logo_Mark_1_1571x.png?v=1786363586,Maharashtra
https://schmancy.in,support@schmancy.in,https://facebook.com/schmancypack;https://instagram.com/schmancypack;https://youtube.com/@schmancypack2203,accessories,"Buy eco-friendly bakery, home & lifestyle boxes & designer bags or customize them at affordable prices at schmancy.in. Shipping available all over India.",https://schmancy.in/cdn/shop/files/SCHMANCY_LOGO_150px.png?v=1660552577,West Bengal
https://johns.in,sales@johnsindia.com,https://in.pinterest.com/navimichm;https://instagram.com/johns_umbrella;https://youtube.com/channel/UCzxlhNOAxIa46lqF1kOGTrg,other,,https://www.johns.in/cdn/shop/files/3dgifmaker54811.gif?v=1769499476&width=500,Kerala
https://lawsuitsandmore.com,info@lawsuitsandmore.com;+919967144426,https://facebook.com/LawSuitsAndMore;https://instagram.com/lawsuits_and_more,apparel & fashion,"Curated legal décor, lawyer gifts, and advocate office accessories — handpicked for Indian chambers that command presence. Shop figurines, prints, wall art & more. India-wide delivery.",https://lawsuitsandmore.com/cdn/shop/files/LSMBLACK.png?v=1613679305&width=600,Maharashtra
https://bollywoodvinyl.in,sales@bollywoodvinyl.in;+919741406242,https://facebook.com/pages/Bollywoodvinylin/147401875299145;https://twitter.com/bollywoodvinyl,other,"Vinyl records online from Hindi Movies (including exciting albums from Kishore Kumar, RD Burman etc.), Tamil, Telugu, Kannada and Malayalam movies, English and Punjabi music vinyls. We deal with vinyl records in Indian classical, rock and Indian movie genres. Bollywoodvinyl is your one stop gramophone record shop.",https://bollywoodvinyl.in/cdn/shop/t/12/assets/logo.png?v=1184042146322523291787655303,Karnataka
https://freshmilloils.com,hello@freshmilloils.com;+919945869813,,other,"Made from the milk of an indigenous cow breed named Gir, this Ghee is highly medicinal and nutritious. The Ghee is made using the Bilona method which involves churning of the curd to make the Ghee. One liter of this Ghee is made from 28 liters of Gir cow milk. Our milk comes from a single farm that has purebred Gir cows from Gujarat. Our farms are 100% cruelty-free, we treat our cows with the utmost care and dignity. We ensure the cows are only fed natural fodder which makes the milk very...",https://freshmilloils.com/cdn/shop/files/FRESHMILL_OILS_LOGO_NEW_300x300_3fd5da03-9f92-42d1-8229-de159857906e.png?v=1729855743&width=500,Karnataka
https://peekaboopatterns.in,+919962430862,https://facebook.com/peekaboopatterns;https://in.pinterest.com/peekaboopatterns;https://instagram.com/peekaboopatterns;https://linkedin.com/posts/peekaboo-patterns-official_peekaboopatterns-website-newwebsite-activity-6958776454046265344-GoOZ?trk=public_profile_like_view&originalSubdomain=in,baby & kids,"Peekaboo Patterns a multi brand gift shop in Chennai for children. We Design manufacture and curate quality products like bedding, toys, gifts & smart clothing.",https://peekaboopatterns.in/cdn/shop/files/logo-eyes_9d00a082-b872-4543-a33e-77480d1009a6.gif?v=1665577218&width=1559,Tamil Nadu
https://soultree.in,international@soultree.in;wecare@soultree.in;+911142512157;+919711386545,https://facebook.com/Soultree.in;https://instagram.com/soultree.in;https://linkedin.com/company/soultree/posts?feedView=all;https://youtube.com/c/SoultreeIndia,beauty & skincare,"Soultree - India's best ayurvedic & natural beauty products store online. We offer organic products for skin, hair & body care. Buy Now!",https://www.soultree.in/cdn/shop/files/Logo-new_4e2471b3-eca0-46ef-bc10-fa6a8b065c71_953x.png?v=1722082609,Delhi
https://devsmusic.in,admissions@devsmusic.com;info@devsmusic.in;+61493062518;+919923561531;+919923577867,,pets,"Dev's Music Academy is more than just a Music Education Institute.It is a philosophy and Leading Training Institute in Guitar,Singing, Drums, Dance, Acting, Pia",https://www.devsmusic.in/cdn/shop/collections/DEVS_LOGO_480x480.jpg?v=1603189721,Maharashtra
https://drtrust.in,customercare@nureca.com;+917527013265;+917743002485,,health & wellness,"Your trusted destination for health and wellness products. Browse our range of reliable and affordable medical devices, personal care products, and home healthcare equipment. Get expert advice and fast, secure delivery. Shop now!",https://drtrust.in/cdn/shop/files/Dr_trust_logo_without_Doctor_R_-01s.png?v=1738663365&width=3113,Chandigarh
https://silverlinings.in,info@silverlinings.in;+917331176568;+918790711122,https://facebook.com/SilverLinings.in;https://in.pinterest.com/SilverLiningsIn;https://instagram.com/silverliningsindia;https://mobile.twitter.com/silverliningsin;https://youtube.com/channel/UC5mDiVvzKl_hmL3QVnE2Hiw,jewelry,"Buy Our Handmade GI Tagged Silver Jewellery in Tarakasi work from Cuttack Silverlinings. Find a Large collection of Silver Jewelry from Silver Filigree bangles, Earrings, Bangles, Necklaces, Pendants, Necklace, Home Decor, Odissi Dance Jewellery and more...",https://silverlinings.in/cdn/shop/files/Silver_Linings_Logo_22967d5a-51f8-4d3c-a539-f84d07322732.png?v=1688390342&width=1445,Odisha
https://aromatreasures.com,,https://facebook.com/AromaTreasuresIndia;https://in.linkedin.com/company/aroma-treasures-pvt-ltd;https://instagram.com/aroma_treasures;https://youtube.com/channel/UC5ERWgWIZ9p5VVYhiddB1cw,health & wellness,Aroma provide a wide range of Natural & Pure Aroma Therapy products at affordable prices Essential Oils | Carrier Oils | Blended Oils | Massage Oils | Skin Care Products | Hair Care Products | Signature Pouch Kits | Spa & Wellness Products.,https://aromatreasures.com/cdn/shop/files/Aroma_Treasures_180x.jpg?v=1742901131,
https://lathaputtanna.com,tiya@lathaputtanna.com;+918026567349,https://in.linkedin.com/in/latha-puttanna-22b66879;https://instagram.com/lathaputtanna;https://youtube.com/@lathaputtanna,apparel & fashion,enabling local artisans in creating luxury and sustainable textiles in fashion and clothing.,https://www.lathaputtanna.com/cdn/shop/files/Latha-Logo-Transparent-01_500x.png?v=1742485446,Karnataka
https://livtekindia.com,ecom@livtekindia.com;livtekbangalore@livtekindia.com;livtekdelhi@livtekindia.com;livtekkolkata@livtekindia.com;+911143656507;+912266227016;+913324198643;+919845003068;+919920258611,,books & stationery,,https://livtekindia.com/cdn/shop/files/2--livtek-logo.jpg?v=1744281536&width=500,Karnataka
https://moarmouz.com,info@moarmouz.com;support@moarmouz.com;+919911139555,https://facebook.com/moarmouz;https://instagram.com/shopmoarmouz;https://linkedin.com/company/moarmouz;https://x.com/moarmouz;https://youtube.com/@Moarmouz;https://youtube.com/c/Moarmouz,other,"Premium accessories for MacBook, iPad & iPhone — hardshell cases, screen protectors, sleeves & USB-C essentials. Free shipping across India.",https://cdn.shopify.com/s/files/1/0392/5045/files/schemaplus_organization_logo.png?v=1780550473,Delhi
https://worldtagin.com,sales@worldtagin.com;support@worldtagin.co;support@worldtagin.com;+912220854326;+919820554916,https://facebook.com/Worldtagin;https://in.linkedin.com/company/worldtagin;https://instagram.com/worldtagin;https://twitter.com/worldtagin,apparel & fashion,Bringing the world of ergonomics and fashion together with its first range of chairs. A series of innovations at the cusp of design & licensed art - Worldtagin.,https://worldtagin.com/cdn/shop/t/5/assets/logo_home.png?v=92390432416260242361466599876,Maharashtra
https://menorahcreatif.com,collabs@menorah.in;support@menorah.in;+918822282828,https://facebook.com/menorahcreatif;https://in.pinterest.com/menorahcreatif;https://instagram.com/menorahcreatif;https://linkedin.com/company/menorah;https://twitter.com/menorahcreatif;https://youtube.com/channel/UC9lTT_eNI-Uho52ddO2-muw,books & stationery,"Buy Handmade SKETCHBOOKS, Notebooks, Journals, SQUARE Sketch Book, Artist Sketchbook, watercolor Sketchbook, Sketch Pad, Bookmarks and other Office Products, Get FREE shipping across India.",https://menorahcreatif.com/cdn/shop/files/MENORAH-PNG_180x.png?v=1613776930,Tamil Nadu
https://cocooncarpets.com,bengaluru@cocooncarpets.com;delhi@cocooncarpets.com;digitalmarketing@cocooncarpets.com;hyderabad@cocooncarpets.com;jaipur@cocooncarpets.com;kolkata@cocooncarpets.com;mail@cocooncarpets.com;marketing@cocooncarpets.com;recruitments@cocooncarpets.com;+917838424258;+918905129298;+918928998703;+919137553130;+919321709166;+919321709190;+919324972584;+919326213461;+919831545402;+919930347133,https://facebook.com/CocoonFineRugs;https://instagram.com/cocoonfinerugs;https://linkedin.com/company/cocoon-fine-rugs;https://linkedin.com/in/ayush-choudhary-49a36357;https://linkedin.com/in/smriti-choudhary-70a5a5215;https://pinterest.com/cocooncarpets;https://youtube.com/channel/UCu2QNV1KThm1WUxHIwe4rFw,home decor,"Shop premium handmade rugs & carpets online at Cocoon Fine Rugs. Buy custom, classic & designer rugs at the best prices in India with easy home delivery.",https://www.cocooncarpets.com/cdn/shop/files/cocoon_logo_rectangle_200x.png?v=1651844273,Maharashtra
https://inoxjewelry.in,customercare@inoxjewelry.in;+917738859137,https://facebook.com/INOXJEWELRYIN;https://instagram.com/inoxjewelryin;https://instagram.com/p/CIr2mM4FpH9;https://instagram.com/p/CTCaXg-p-Iw;https://instagram.com/p/CfoYsfJpl2e;https://instagram.com/p/CgTYoB0hgw2;https://instagram.com/p/ChEOfZNOT-V;https://instagram.com/p/CsEHP7bvNIi;https://youtube.com/@inoxjewelryin,jewelry,"INOX Jewelry: Men's stainless steel, titanium, & meteorite jewelry. Shop rings, bracelets, pendants & more! Free shipping across India.",https://cdn.shopify.com/s/files/1/1383/5515/files/1737981920756-inox-jewelry-200-by-200-pixel---black-background.jpg?v=1737981922,Maharashtra
https://pranaybaidya.com,+912426283032;+913234363840;+913335373941,https://instagram.com/pranay_baidya,apparel & fashion,"Shop global ready-to-wear by Pranay Baidya. Discover contemporary co-ord sets and dresses crafted with artisanal Indian textiles and prints, featuring relaxed silhouettes, expressive colour, and everyday luxury designed for an international lifestyle.",https://pranaybaidya.com/cdn/shop/files/PRANAY_BAIDYA_wordmark_master_2_4f2e1d04-2c5e-4914-a409-1de62304a39b.svg?v=1769490285&width=500,Kerala
https://puregheedesigns.com,sales@puregheedesigns.com;sudhesh@puregheedesigns.com;+919810500280,https://facebook.com/puregheedesigns;https://instagram.com/puregheedesigns;https://twitter.com/puregheedesigns;https://youtube.com/channel/UC-MYi8vddKuUhR-fbdPJHOw,accessories,Handmade textile bags and accessories inspired by traditional Indian textiles. Embellished with silk flowers and hand painted wooden beads,,Karnataka
https://impresso.store,info@impresso.in;+919642222265,,other,"Natural wood Accessories for everyday carry, made from the exotic woods from sustainable plantations. each product is precisely cut and handcrafted in India.",https://impresso.store/cdn/shop/files/Impresso_Logo.png?v=1775565568&width=500,Telangana
https://smsaree.com,amit@smsaree.com;info@smsaree.com;+919674224115;+919674439477,https://facebook.com/shreemansasaree;https://in.pinterest.com/shreemansasaree;https://instagram.com/smsaree2021;https://twitter.com/smsarees,apparel & fashion,designer party stylish wear saree suit lahenga kurti bridal kolkata hand embroidery work gota pure georgette cash on delivery export zari dabka bullion zardoji,https://smsaree.com/cdn/shop/t/13/assets/logo.png?v=171652721442125760811650454120,West Bengal
https://bracevor.in,hello@bracevor.in;+918123812401,https://facebook.com/bracevor.in;https://instagram.com/bracevor.in;https://youtube.com/@bracevorsupport879,accessories,"Buy Premium Flip Covers, mobile phone Leather cases, Wallet Card holders, Laptop bags and accessories online at Bracevor : Free & Fast Shipping across India, COD available. Flip covers available for iPhone, Samsung, Oneplus, Redmi, Realme, Vivo, Oppo, Moto, iQoo and other brands",https://www.bracevor.in/cdn/shop/files/Brcvr_logo_2f3e0e32-417f-4b8d-bc67-f2f6ab70a856.jpg?v=1705401618&width=180,Maharashtra
https://zeezeezoo.com,hello@zeezeezoo.com,,apparel & fashion,"Personalised Organic cotton Onesies, Bodysuit, T-shirts, Baby Accessories, Flashcards. Design inspired from Bollywood, Cricket, Indian Festivals, Family. Online Personalised baby and kids apparels store, create your own bodysuit and tee from variety of color choices. Buy online Customized baby products.",https://zeezeezoo.com/cdn/shop/files/zeezeezoo_logo_large_5a3724ca-f0e1-4648-b219-623ff2322888_300x90.jpg?v=1613174906,Maharashtra
https://gottago.in,care@gottago.in;+919911010123,https://facebook.com/gottago.in;https://instagram.com/gottago.in;https://linkedin.com/company/gottago,apparel & fashion,"Buy Fragrances, Perfumes, Deodorants, Clothing for Men & Women, and Fashion Accessories online at best prices on GottaGo.in | Most Trusted | 100% Original Brands | Free & Fast Shipping | Secure Payments | Cash on Delivery | Easy Return & Exchange",https://gottago.in/cdn/shop/files/color_namelogo_transparent.png?v=1614292837&width=145,Delhi
https://ruchkar.in,info@ruchkar.in;+919821237947,https://facebook.com/ruchkarfood;https://instagram.com/ruchkar_charkop;https://twitter.com/Ruchkar1;https://youtube.com/channel/UCniL2qFgFEBMOx4fy65vhSg;https://youtube.com/watch?v=Q0wYWTaRQdc,food & beverages,Ruchkar a homemade food & snacks store situated in Mumbai. Having 300+ variety of option to choose from to reignite your taste buds with Indian delicacies...,https://www.ruchkar.in/cdn/shop/files/logo.png?v=1614327631&width=449,Maharashtra
https://silverstore.in,+91209924960202;+914333333333;+919924960202,https://facebook.com/silverstore.in;https://in.pinterest.com/silverstorein;https://instagram.com/silverstore.in;https://twitter.com/silverstore_in,jewelry,"We are manufacturer and wholesaler of Pure Silver Utensils, Silver Coins-Bars and 92.5 Sterling Silver Designer Jewelry with semi-precious stones.",https://silverstore.in/cdn/shop/files/logo.png?v=1748235753&width=500,West Bengal
https://aavarnam.com,+919911000948,https://instagram.com/label_aavarnambyrenu,apparel & fashion,"Explore AAVARNAM by RENU – Exclusive Indian designer outfits like shirt & lower sets, coord sets & dresses perfect for casual outings, brunch dates & more. Shop trendy, high-quality ethnic wear online.",,Maharashtra
https://kunchals.in,+917755806644;+919999226644,https://facebook.com/kunchalsdotin;https://instagram.com/kunchals,beauty & skincare,"Shop online at Kunchals for genuine branded products for makeup, skin care, beauty products, personal care and fragrances. We offer a wide selection of quality products from top brands like chanel, Lakme, Cetaphil, Bath & Bodyworks, la prairie, drunk elephant, burberry, paco rabanne, lancome paris, dior, Mont Blac etc",https://www.kunchals.in/cdn/shop/files/Logo_Kunchals_b612248c-99bc-4ced-879e-d6e84ae14cc6.png?v=1684133908&width=500,Delhi
https://deviopticians.in,info@deviopticians.com;+919388611622,https://facebook.com/deviopticalgroup,other,Devi Opticians Online Optical Store,https://www.deviopticians.in/cdn/shop/t/40/assets/logo.png?v=93958676475849820041774776217,Kerala
https://tasteofkashmir.com,+911400015000,https://facebook.com/tasteofkashmir,food & beverages,"Bringing the finest Saffron, Walnut, Honey, and Apricot directly from the picturesque vale of Kashmir. Experience unparalleled quality products at an exceptionally competitive price.",https://www.tasteofkashmir.com/cdn/shop/files/taste-of-kashmir---logo-WHITE_150x.png?v=1663822998,Telangana
https://fareenas.com,info@fareenas.com;+919911233446;+919997654222,https://facebook.com/fareenas.bridal;https://instagram.com/fareenas.bridal,other,"Fareenas Bridal offers luxury, handcrafted bridal and party wear in New Delhi. Each bespoke design reflects timeless craftsmanship. Book an appointment today.",,Delhi
https://poojajuneja.com,_____@poojajuneja.com;info@poojajuneja.com;+919810440619,https://facebook.com/PoojaJunejaSimplyCreativeDesignerJewellery?fref=ts;https://instagram.com/poojajuneja_jewellery;https://youtube.com/watch?v=T97mD4A1Vpo,other,,https://poojajuneja.com/cdn/shop/files/logo_5.jpg?v=1613512242,Delhi
https://jaggerybags.com,info@jaggery.co;+919560454900,https://facebook.com/jaggerybags;https://instagram.com/jaggerybags;https://linkedin.com/showcase/jaggerybags,other,Advancing Circularity in India by reimagining waste materials into high value added upcycled products and creating jobs for underserved communities.,https://www.jaggerybags.com/cdn/shop/files/jaggery_logo_1.png?v=1782437999&width=180,Maharashtra
https://greencarpet.in,sales@greencarpet.in;+917760032200;+919886067456,https://facebook.com/Green-Carpet-The-Garden-Centre-209791216178684?mibextid=LQQJ4d;https://instagram.com/greencarpet.in;https://linkedin.com/company/green-carpet;https://pinterest.com/greencarpetgarde16?invite_code=1bd7952a59b54e8490322da10cad3fcb&sender=714665172027046841;https://twitter.com/GreenCa87900452?s=20;https://youtube.com/@greencarpet-ht6ij,home decor,"Looking for a trusted garden center in Bangalore? Green Carpet is one of the leading suppliers of planters and plants, offering premium garden accessories, landscaping services, plant rentals, artificial plants, ceramic pots, fibre planters, and more for homes and businesses.",https://www.greencarpet.in/cdn/shop/files/green_carpet_-_logo_300x300.png?v=1613516574,Karnataka
https://ahika.in,,https://facebook.com/ahika.kurtis;https://in.pinterest.com/ahikakurtis;https://instagram.com/ahika.in;https://youtube.com/channel/UCe-oKlrtprsZE9lzWDRATGg,apparel & fashion,"Ahika is your ultimate destination to get an exclusive range of Indian ethnic wear for women at the best price. Get access to the finest quality, prints & designs.",https://ahika.in/cdn/shop/files/Ahika_Vine_color_Logo_-_1_1.png?v=1780034662&width=120,Gujarat
https://pinballstore.in,-pinballclothing@gmail.com;pinballclothing@gmail.com;+917353770562;+919632135692,https://facebook.com/PINBALLGEAR;https://instagram.com/pinballgear;https://twitter.com/PinballClothing,accessories,"Shop Premium Camera bags, Lens Cases, Waterproof Sling Bag for Sony, Canon, Nikon & Fujifilm, Jackets & Raincoat. Camera Bags & Jackets for photographers!",https://www.pinballstore.in/cdn/shop/files/Pin_Ball_Black_Logo.png?v=1720694452&width=500,Karnataka
https://onlymat.com,,https://facebook.com/Onlymatonline;https://instagram.com/onlymat_official;https://pinterest.com/onlymat;https://x.com/onlymatonline;https://youtube.com/channel/UCdNFS87Trpn4An6_FU6nmFA,home decor,"Step into the world of Travancore Cocotuft Pvt Ltd's Global Store, where the rich legacy of our Kerala artisans awaits you. With over 100 years of experience in the industry, our Tufted, Handmade, Eco-friendly, and Organic natural fibre mats have delighted five generations of satisfied customers, totaling over 500,000.",https://onlymat.com/cdn/shop/t/25/assets/logo-onlymat.png?v=49849013214650781321724241562,Kerala
https://rangriwaaz.com,info@rangriwaaz.com;+911244338646;+919958101577,https://facebook.com/rangriwaaz;https://instagram.com/rangriwaaz;https://twitter.com/rangriwaaz,pets,"Rang Riwaaz is an atelier dedicated to heirloom restoration, textile revival and couture‑grade craftsmanship. We restore vintage Banarasi, Kanjivaram saris, Gota and Zardosi work bridal ensembles and heritage garments with museum‑informed techniques that preserve memory, lineage and the stories woven into every thread.",https://rangriwaaz.com/cdn/shop/files/logo_2.png?v=1780405785&width=1024,Maharashtra
https://thebabyatelierco.com,info@thebabyatelierco.com;+917795282627;+918031532756,,baby & kids,"The Baby Atelier India designs organic baby bedding, hooded towel sets and nursery essentials crafted from premium natural fabrics for comfort, safety and thoughtful living.",https://www.thebabyatelierco.com/cdn/shop/t/49/assets/tba-logo-dark-desktop.svg?v=28088262549277413191749343586,Karnataka
https://styleaura.com,contact@styleaura.com;+918904069885,https://facebook.com/StyleAura.in;https://instagram.com/styleaura.in;https://twitter.com/styleaurain;https://youtube.com/c/Styleaura,jewelry,"StyleAura® offers a collection of an exclusive wide variety of natural pearls, hand-cut gemstones, healing crystals that are designed to beautify your inner and outer self. We bring you a wide array of contemporary, classic, designer gemstone embedded jewellery for women. Located in Bangalore, we ship anywhere in India",https://www.styleaura.com/cdn/shop/files/SA_Logo_Final_R-B_medium.png?v=1613179615,Karnataka
https://palsanijewels.com,palsanijewels@gmail.com;palsanijewles@gmail.com;+918610494328;+919841811512,https://facebook.com/sripalsanijewels;https://instagram.com/sripalsanijewels,jewelry,Online Jewellery Shopping Store India | Buy Gold & Diamond Jewellery | PalsaniJewels.com,https://www.palsanijewels.com/cdn/shop/t/10/assets/logo.png?v=171898371576077990041429173915,Tamil Nadu
https://teatreasure.in,info@teatreasure.in;+918800907893,https://facebook.com/teatreasure.in;https://instagram.com/teatreasure.in;https://linkedin.com/in/tea-treasure-69296514b;https://youtube.com/channel/UCpAvoWbh9lad4a3Hy1rdteg,food & beverages,"Huge Range of Loose Leaf Teas, Exotic Indian Teas, Buy Now! Blending Only the Finest tea blends developed by experts and tea lovers",https://www.teatreasure.in/cdn/shop/files/TT_1_1_3196x.png?v=1647321898,West Bengal
https://gulabs.in,cc@gulabs.in,https://instagram.com/greenredaj,other,"Gulabs-Tasty and Delicious Rich Quality Indian Snack with a variety of Khakhras, Sharbat, Masala Powder, Pickles and Ready-To-Cook Mix",https://gulabs.in/cdn/shop/t/25/assets/logo.png?v=5786,Karnataka
https://dancingleaftea.com,info@dancingleaftea.com;+9118001209060;+919821655443,https://facebook.com/dancingleafteas;https://instagram.com/dancingleafteas;https://instagram.com/p/DEhuD4SI2UM;https://twitter.com/dancingleafteas,health & wellness,"Elevate your tea ritual with Dancing Leaf's curated collection of premium wellness teas, rare Chinese & Japanese varietals, ceremonial matcha, elegant teaware, and artisan accessories. Discover exceptional quality.",https://www.dancingleaftea.com/cdn/shop/files/Final_Logo_Blue_1024x1024_a7167b5f-1e0d-48c9-a570-c0724a7be474.png?v=1657025158&width=600,Maharashtra
https://milkdesignshop.com,+918144645337,https://facebook.com/MilkDesignShop;https://instagram.com/milk_design_shop;https://pinterest.com/milkdesignshop,apparel & fashion,"Shop online from our range of luxury clothing for women online. Co-ord Sets, Dresses, Suits , Pants, Tops , blouses, divided skirts. Poplins ,cotton silk, mul-mul and muslin. Indian and fusion wear, kurta , dupatta, sarees in organza and lehngas. Cash On Delivery. Easy Returns & Exchange.",https://www.milkdesignshop.com/cdn/shop/files/logo_9c8c82b3-e237-4df9-9bbd-b77bc4ba53f6.png?v=1658989835&width=500,Odisha
https://kadambri.in,kadambritea@gmail.com,https://facebook.com/kadambritea;https://instagram.com/kadambriteas,food & beverages,Speciality loose leaf tea sourced directly from the finest estates of Assam and Darjeeling. Fifty years of tea expertise. Free shipping over Rs.499.,https://www.kadambri.in/cdn/shop/files/Kadambri_tea_logo.jpg?v=1779871768&width=500,Assam
https://letsannounce.com,hi@letsannounce.com;+917069999916;+919727637869,https://facebook.com/letsannounce;https://in.pinterest.com/letsannounce/_created;https://instagram.com/letsannounce;https://instagram.com/letsannounce_invitations;https://twitter.com/letsannounce;https://youtube.com/channel/UC2Squc-WZWIZaacLjt2ODEA;https://youtube.com/embed/-ooeaUkXlUg?autoplay=1;https://youtube.com/embed/4-jkthLGCFA?autoplay=1;https://youtube.com/embed/4Ohd3pAyMNA?autoplay=1;https://youtube.com/embed/58zWT6bVY30?list=PLEmnMwJJ6JiWicSblNlBCA8FobkbBdPsS&autoplay=1;https://youtube.com/embed/6u8j3ngTm5A?autoplay=1;https://youtube.com/embed/6xQ2_JFNMBo?si=nAXrKtIbGMdtGWn9&autoplay=1;https://youtube.com/embed/9d3HonfOnco?rel=0&autoplay=1;https://youtube.com/embed/CRp769wMVh4?si=PpmF47B9PtZWDzFD&autoplay=1;https://youtube.com/embed/GuoQB47Cbjk?si=hphO7x_Hqo0FTjiY&autoplay=1;https://youtube.com/embed/HdmrYhQQlGY?si=iXSPMGXcvDAegvHw&autoplay=1;https://youtube.com/embed/Inc50IZldcc?si=HuRbLfQHhMmOIeNs&autoplay=1;https://youtube.com/embed/Kx5OjezCfis?si=5-0F3nV-MbGuw7Ld&autoplay=1;https://youtube.com/embed/LbO_ynwWzZ4?list=PLEmnMwJJ6JiWicSblNlBCA8FobkbBdPsS&autoplay=1;https://youtube.com/embed/QA4j0TUw0d8?si=ZxkV6nEhZeGGVRUY&autoplay=1;https://youtube.com/embed/QxTWvSB5gSA?list=PLEmnMwJJ6JiWicSblNlBCA8FobkbBdPsS&autoplay=1;https://youtube.com/embed/S__EPXFK3ss?autoplay=1;https://youtube.com/embed/TM4C4_KVHXc?list=PLEmnMwJJ6JiWicSblNlBCA8FobkbBdPsS&autoplay=1;https://youtube.com/embed/UedVIguvAxk?list=PLEmnMwJJ6JiWicSblNlBCA8FobkbBdPsS&autoplay=1;https://youtube.com/embed/WABFhYTapCA?list=PLEmnMwJJ6JiWicSblNlBCA8FobkbBdPsS&autoplay=1;https://youtube.com/embed/X6Fhn6c-ZYA?autoplay=1;https://youtube.com/embed/YbD-00P-rEE?si=bErZcMlr5e6L1HSH&autoplay=1;https://youtube.com/embed/YumjbT_v1eU?autoplay=1;https://youtube.com/embed/_6bQsoQM03c?autoplay=1;https://youtube.com/embed/_TSS7OaJTJ4?autoplay=1;https://youtube.com/embed/aoy3v2-A-VA?si=kp1CEkI5WWikQQE3&autoplay=1;https://youtube.com/embed/cEWWY81UyX4?si=P-nyKgZDWBytzEsN&autoplay=1;https://youtube.com/embed/fXk8emFSM-4?autoplay=1;https://youtube.com/embed/pyeQe5rc_jg?list=PLEmnMwJJ6JiWicSblNlBCA8FobkbBdPsS&autoplay=1;https://youtube.com/embed/qyr1a8PKifc?autoplay=1;https://youtube.com/embed/rY6ifbXgZN8?autoplay=1;https://youtube.com/embed/thgv6Xzlpls?autoplay=1;https://youtube.com/embed/thgv6Xzlpls?si=Z7f2nqQJgf1A7SLg&autoplay=1;https://youtube.com/embed/vHMgpCKI1iI?rel=0&autoplay=1;https://youtube.com/embed/wvGF_ja7jM8?si=3sSqu36iQ26rp1n9&autoplay=1;https://youtube.com/results?search_query=%23digitalweddinginvite,other,"Buy creative video invite, wedding invite, Whatsapp invite, Video e-invite, animated invite, save the date, Engagement invite, unique wedding invite.",https://www.letsannounce.com/cdn/shop/files/Temp_Logo_Letsannounce_3f67aa52-b719-4f89-92d6-f85cedb270c0_410x.png?v=1622879561,West Bengal
https://chaani.in,vidyuth.tasara@gmail.com;+917338952022;+919940180018,,apparel & fashion,"Chaani explores the intersection of hand block printing and the digital economy. Discover ethically sourced textiles, artisan stories, and insights into sustainable fashion",https://chaani.in/cdn/shop/files/Chaani_logo_copy_87be3f2b-3add-48c1-872b-287a53021522.jpg?v=1685390707&width=500,Tamil Nadu
https://thelionandthefish.com,info@thelionandthefish.com;+917618791901,https://facebook.com/people/The-Lion-The-Fish/61550342792079;https://instagram.com/thelionandthefish,baby & kids,Kids dress collection - Shop the latest trends in kids wear online in India. Browse a wide range of trendy clothes for kids. Update their wardrobe today!,https://thelionandthefish.com/cdn/shop/files/Logo_horizontal.jpg?v=1742343142&width=1335,Maharashtra
https://spellboundbookstore.com,+912226718343;+919821072072;+919833672072;+919930972072,,books & stationery,"A Mumbai based kid's bookstore specializing in children's books, activity books and thinking skills books. Spellbound is the exclusive distributor of Letterland for India.",https://www.spellboundbookstore.com/cdn/shop/files/spellbound-logo-options_747x250.png?v=1689665939,Maharashtra
https://fivemorselspress.in,archana@fivemorselsoflove.com,,other,,https://www.fivemorselspress.in/cdn/shop/files/FM_web_press2_c54bd07b-bc06-4306-8689-42251aa7dfad_180x.png?v=1660975455,Delhi
https://notsoshabbyshop.com,letsmakehome@hotmail.com,https://instagram.com/notsoshabbyshop,home decor,Beautify your home with handmade functional home decor products.,https://www.notsoshabbyshop.com/cdn/shop/files/2019-03-08_04.39.49_2_ab401952-3268-4c7d-8a53-7f3f4d352f28.jpg?v=1610887809&width=600,Karnataka
https://hairdramacompany.com,contact@hairdramacompany.com;+917229032443,https://in.pinterest.com/hairdramaco;https://instagram.com/hairdramaco;https://m.facebook.com/hairdramacompany?__tn__=%2Cg;https://x.com/hairdramaco;https://youtube.com/@hairdramaco,apparel & fashion,"Hair Drama Co. is a unique hair fashion destination. Discover our limited edition of luxe hair accessories from the world of Barbie, Emily in Paris and Disney in India!",https://hairdramacompany.com/cdn/shop/files/HairDramaCo.png?v=1766125253,Gujarat
https://gulaalcreations.com,hello@gulaalcreations.com;+919001935555,https://facebook.com/pg/gulaalcreations/shop;https://in.pinterest.com/gulaalcreations;https://instagram.com/gulaalindia;https://youtube.com/channel/UC3Qv_hA9VFIlzFULb9EmeTg,apparel & fashion,"Discover Gulaal India — a homegrown fashion brand blending vibrant colors, comfort, and craftsmanship. Shop consciously crafted clothing inspired by Indian artistry and global trends. Feel-good fashion made with love and care.",https://www.gulaalcreations.com/cdn/shop/files/logo-desktop.png?v=1634795248,Rajasthan
https://absolutetea.in,absolutetea@outlook.com,https://instagram.com/teaabsolute;https://x.com/teaabsolute,food & beverages,"From the land of tea to your cups! Absolute Tea curates the Finest in Indian Tea from Legendary Gardens, Small Growers in Assam, Darjeeling & NorthEast ! ShopNow",,Delhi
https://rabbitoutofthehat.in,magicoffinding@gmail.com,,jewelry,Handcrafted vintage and contemporary silver jewellery from across the world,https://www.rabbitoutofthehat.in/cdn/shop/files/new_4434f551-20e5-464b-8344-153e475c5be1.jpg?v=1772033849&width=500,
https://mishcatco.com,studio@mishcatco.com;+447388135223;+919810083554;+919811183080,https://facebook.com/mishcatco;https://in.pinterest.com/mishcatco;https://instagram.com/mishcatco;https://twitter.com/mishcatmishcat,pets,"A boutique design atelier with one of a kind carpets. Made with love in little villages in Rajasthan, India. Shipping worldwide!",https://mishcatco.com/cdn/shop/t/16/assets/instagram-logo.png?v=62553400667081492151775807142,Delhi
https://churchillshoes.com,info@churchillshoes.com;+919711360184,https://facebook.com/churchillshoes;https://instagram.com/churchillshoes;https://linkedin.com/company/churchill-&-company;https://twitter.com/churchillshoes,footwear,"Create Your Perfect Pair Of Casual & Formal Handmade Leather Shoes Online At Churchill And Company. Free Shipping, Hassle Free Returns, 30-50% Off.",https://www.churchillshoes.com/cdn/shop/files/Curved_2017_Logo_Churchill_110x.png?v=1613764234,Punjab
https://loomsolar.com,sales@loomsolar.com;+918750778800;+918800021367;+918800162540,https://facebook.com/loomsolar;https://in.linkedin.com/company/loom-solar;https://instagram.com/loomsolar;https://twitter.com/loomsolar;https://youtube.com/loomsolar;https://youtube.com/watch?v=4Mn_hDK228M;https://youtube.com/watch?v=7RBXRU-ZvZk;https://youtube.com/watch?v=sBSEyuw7JZM&t=100s,other,"Buy solar panel, battery and inverter for home, business, agriculture, DIY projects, and more. from 10 watts -100kW from Loom Solar - India's No. 1 solar company. Choose from solar panels, inverters, lithium batteries, charge controllers to solar installation kit. We provide solar finance for rooftop solar installation",https://www.loomsolar.com/cdn/shop/files/Loom_logo_f50a89a5-291b-4c15-9a87-303dc061554e_140x@2x.png?v=1752208604,Karnataka
https://bigsmall.in,corporate@bigsmall.in;support@bigsmall.in;+911166763875,https://facebook.com/thebigsmallstore;https://in.pinterest.com/bigsmallin;https://instagram.com/bigsmall.in;https://x.com/bigsmallstore;https://youtube.com/channel/UCE3VbyxBbcr_zbFUt7B-WOA;https://youtube.com/channel/UCE3VbyxBbcr_zbFUt7B-WOA?sub_confirmation=1,home decor,"Bigsmall is known for its special and unique gift collections in India. Explore the best gifts for birthdays, anniversaries, or corporate gifting. Free On-time Delivery!",https://www.bigsmall.in/cdn/shop/files/bigsmall_logo-dsk.png?v=1725185762&width=400,Delhi
https://elegantautoretail.com,support@elegantauto.net;support@elegantautoretail.com;+919716262626,https://facebook.com/elegantauto;https://in.pinterest.com/autoretail/pins;https://instagram.com/elegant_auto;https://instagram.com/p/C24kNR5Pctv;https://instagram.com/p/C9FJtsnynr-;https://instagram.com/p/DAVAw80yHo7?img_index=1;https://instagram.com/p/DG5XBYxxZNP;https://instagram.com/p/DLHdGKnPn9t;https://twitter.com/elegantauto1;https://youtube.com/c/elegantautoretail,beauty & skincare,"Buy Latest Car Accessories Online Shopping in India Explore the Huge Range of Car Accessories, Seat Cover & Car Mats With Accessories Price List. ✓COD Available ✓Lowest Price ✓Car Interior Accessories for Maruti, Hyundai, Honda, Tata, Mg, Kia, Volkswagen, Skoda, Renault.",https://elegantautoretail.com/cdn/shop/files/Elegant_Logo_with_R_-_1000px_X_200px.png?v=1713765105,Uttar Pradesh
https://sporto.in,care.sporto@jgh.co.in,https://instagram.com/sporto_by_macho,apparel & fashion,"Sporto Men's Clothing for Trendy Fashion: Underwear, T-Shirts, Innerwear, Shorts, Track Pants, Hoodies & More for Men.",https://www.sporto.in/cdn/shop/files/Untitled_design_1.png?height=160&v=1785665230,
https://carplus.in,customercare.carplus1@gmail.com;customercare.carplus@gmail.com;info@carplus.in;+916390390390;+919818810915;+919899606665,https://facebook.com/carplus.in;https://instagram.com/carplus.in;https://youtube.com/c/CarPluskmh,other,Buy car accessories online at reasonable prices in India at the best online shopping store with wide range of car accessories on carplus.in.,https://www.carplus.in/cdn/shop/files/Carplus_Logo_150x_46438761-aee7-4f8c-843c-e5de07a9ed44_1000x1000.png?v=1633350058,Delhi
https://perfumebooth.com,admin@perfumebooth.com;connect@perfumebooth.com;+911146604937;+918287791303;+919266030909,https://facebook.com/perfumeboothin;https://instagram.com/p/B2-7YyYFKpG;https://instagram.com/p/Bzc9V8wB8sX;https://instagram.com/p/CZ8uCIJlK7z;https://instagram.com/p/CfVzjYxlesn;https://instagram.com/p/CjK2gGnPStj;https://instagram.com/perfumeboothindia;https://instagram.com/perfumeboothindia?igsh=ZXNydDBpcnM4Nnlz;https://pinterest.com/perfumeboothin;https://x.com/perfumebooth;https://youtube.com/@perfumebooth,beauty & skincare,"Shop Exclusive fragrances, attars, deodorants, and body mists from top brands like Lattafa, Swiss Arabian, Louis Cardin & more.",https://cdn.shopify.com/s/files/1/0718/5786/4996/files/android-chrome-512x512.png,Delhi
https://weavesmart.com,,,apparel & fashion,Pure handloom silk & cotton sarees handwoven by India's master weavers. Silk Mark certified. Approved by Ministry of Textiles. Free shipping India.,https://www.weavesmart.com/cdn/shop/files/Ws_logo.webp?v=1765276222&width=500,Rajasthan
https://adultskart.com,info@adultskart.com;+919988991660;+919999751660,https://facebook.com/adultskartindia;https://instagram.com/adultskart;https://twitter.com/adultskart;https://youtube.com/channel/UCq2LUmUuk32JHMXRUl4SrFQ,baby & kids,"India’s Most Trusted Discreet Adult Store for Sex Toys for Men and Women, a huge variety of Adult Toys Like Masturbator for men, vibrators & dildos for women, and BDSM Toys. Huge range of Sex Toys in India.",https://www.adultskart.com/cdn/shop/files/akart-logo_dc0ff8ab-35d2-4282-9380-aa50b5a1d1dc_{width}x.png?v=1625299978,Karnataka
https://partylicious.in,marketing@partylicious.in;+919810193988,https://facebook.com/partylicious.in;https://facebook.com/settings?tab=ads;https://instagram.com/partylicious.in;https://pinterest.com/PartyliciousByShivani/_created,other,,https://www.partylicious.in/cdn/shop/files/logo_310x.jpg?v=1632032655,Delhi
https://thesummerhouse.in,friends@thesummerhouse.in;love@thesummerhouse.in;thegoodfolk@thesummerhouse.in;+917892525916,https://facebook.com/thesummerhouselife;https://in.pinterest.com/inthesummerhouse;https://instagram.com/thesummerhouse.in,apparel & fashion,"The Summer House designs beautiful clothes for small occasions — dates, dinners, art evenings, and social moments that invite compliments.",https://thesummerhouse.in/cdn/shop/files/TheSummerHouseLogo_white_3_6e1d33cf-06ee-41d6-81d7-626890356453_250x.png?v=1739190618,Karnataka
https://anokherang.com,helpme@anokherang.com;+918826089843;+919625320823,https://facebook.com/anokherang;https://in.pinterest.com/anokherang;https://instagram.com/anokherang;https://pinterest.com/anokherang;https://twitter.com/anokherang;https://youtube.com/anokherang,apparel & fashion,"anokherang is an uber stylish women's fashion store that helps simplify your online shopping experience by providing colorful, vibrant & fashionable designs !",https://www.anokherang.com/cdn/shop/files/logolatest_c9522a08-3670-4a0b-a77a-222617819776.png?v=1662902017&width=350,Delhi
https://truworthhomes.com,sales@truworthhomes.com;+911412361933;+911416694444;+918045385826,,other,Truworth Homes,,Rajasthan
https://rawpressery.com,,https://facebook.com/Rawpressery;https://instagram.com/rawpressery;https://youtube.com/@rawpressery8682,other,,https://www.rawpressery.com/cdn/shop/files/raw_logo_180_copy.png?v=1684400321&width=180,
https://aristobrat.in,wizards@aristobrat.in;+918884977008,https://facebook.com/aristobratindia;https://in.pinterest.com/aristobratofficial;https://instagram.com/aristobratindia;https://twitter.com/aristobratindia,apparel & fashion,"We make clothes to look effortlessly smart by bringing versatile wardrobe essentials in colors and styles that can mix and match, to make your life easier. A permanent collection of zero-compromise pieces, their stories uncovered and told.",https://www.aristobrat.in/cdn/shop/t/154/assets/logo.png?v=107125,Karnataka
https://ritikart.com,info@ritikart.com;+918260045598,https://facebook.com/ritikartdotcom;https://instagram.com/ritikartdotcom;https://linkedin.com/company/ritikart;https://pinterest.com/ritikart;https://twitter.com/ritikartdotcom;https://youtube.com/channel/UC1wyIXaCQ0gpZUvvH2Bx0Gg,home decor,"Discover authentic products that celebrate Odisha's culture, traditions, craftsmanship and heritage—from Lord Jagannath idols and Odia books to traditional foods, handloom, handicrafts and more.",https://customers.seomanager.com/knowledgegraph/logo/ritikart-online_myshopify_com_logo.png,Odisha
https://shauryasanadhya.com,help@shauryasanadhya.com;+919168076000,https://facebook.com/shauryasanadhyalabel;https://instagram.com/shauryasanadhyalabel,other,Label Shaurya Sanadhya has facilitated online Shopping for Women in India. The brand has come up as a wonderful opportunity which has lessened the efforts for making a quality purchase. It has facilitated the masses to shop for the exclusives within a short time span.,https://www.shauryasanadhya.com/cdn/shop/files/lss_logo_260x.png?v=1715056411,Maharashtra
https://homeomart.com,cs@homeomart.com;homeomart@gmail.com;vasant@homeomart.com;+918313555300;+919686858499,https://facebook.com/homeomart;https://in.pinterest.com/Homeo_mart;https://instagram.com/homeomart;https://linkedin.com/company/homeomart/about?viewAsMember=true;https://twitter.com/homeomart;https://youtube.com/channel/UC2fRWNSOMJx674GF9v-RQaw/videos?view_as=subscriber,health & wellness,"Your one-stop online destination for the most extensive range of homeopathic remedies in India. From wellness essentials to specialized treatments, discover the widest selection of products. Experience the best in homeopathy shopping with unbeatable deals and dedicated customer service. Shop with confidence!",https://homeomart.com/cdn/shop/files/Homeomart_Logo_Large_4036467a-0b1e-45fd-a2b1-231c82ee1bcd.png?v=1722952079&width=250,Karnataka
https://thebeachcompany.in,,https://facebook.com/thebeachcompanyindia;https://instagram.com/thebeachcompanyindia;https://twitter.com/Beach_Company?ref_src=twsrc%5Etfw,accessories,"The Beach Company - Shop for premium swimwear, beachwear, resortwear, swimming goggles, flip flops, pool floats, sunglasses, sun care products, and kids' toys. Find great deals on the beach compnay products, beach bags, and hats online. Your ultimate destination for beach essentials in India.",https://www.thebeachcompany.in/cdn/shop/files/4935717_m_5bd7259a-c357-4220-9726-1596f15bf7f6_600x.jpg?v=1745288322,Maharashtra
https://romanfox.com,support@brandsadda.com;support@romanfox.com;+919090724272;+919807894894,,footwear,"Shop branded shoes, clothing, watches, bags and perfumes at RomanFox. 100% genuine products, best deals and cash on delivery available across India.",https://romanfox.com/cdn/shop/files/WEBSITE_LOGO_3_210x@2x.png?v=1785314008,Delhi
https://objectry.com,kmamoowala@gmail.com;orders@objectry.com;studio@objectry.com,https://facebook.com/objectry;https://instagram.com/objectry,furniture,"The idea behind Objectry is to find joy and celebrate the simplicity of design. We believe in the sensibility that allows a material to lend itself to the design. The approach adopted, paired with Indian artisanship, organically results in work that is utilitarian yet distinctive.",https://objectry.com/cdn/shop/files/Objectry_-_Featured_Logo_4_{width}x.jpg?v=1660051451,West Bengal
https://quirksmith.com,info@quirksmith.com;+919663122040,https://facebook.com/QuirksmithJewelry;https://instagram.com/quirksmithjewelry;https://youtube.com/channel/UC_JqyeZ225FxEP4zapOd-wA;https://youtube.com/watch?v=ZI0v3-BXL88&t=1s;https://youtube.com/watch?v=llXJq51sdtw,jewelry,"Explore our wide range of unique and handcrafted Silver & Brass Jewelry, along with poetic Wall Decors that reflect your quirky sense and style. Shop Shark's Favourites and other unique designs as seen on Shark Tank India. Shop online with Free Shipping and Easy Returns.",https://quirksmith.com/files/Asset_5_2x_193e6981-5ccb-4398-adf7-1d49607b130a.png,Karnataka
https://bombayshavingcompany.com,razorpreneur@bombayshavingcompany.com,https://facebook.com/bombayshavingcompany;https://instagram.com/bombayshavingcompany;https://twitter.com/BombayShavingCo;https://youtube.com/c/Bombayshavingcompany,health & wellness,"Bombay Shaving Company is a premium personal care and grooming solutions brand committed to delivering truly remarkable customer experiences. Ours thoughtfully curated personal care regimens double-up as the perfect gifting options for special occasions, too. Come, shine like never before with products made with love!",https://www.bombayshavingcompany.com/cdn/shop/files/Group_23d45b8a-8bf0-4c72-950d-6fef387b2999.png,Karnataka
https://deivee.com,info@deivee.com;+918095194154,,apparel & fashion,"India's no1 sustainable active lifestyle brand by Milind Soman. Deivee make the world's best yoga mats. We make sustainable, eco-friendly and biodegradable yoga mats. Our yoga pants are organic, Fairtrade and ethically sourced. Our performance t-shirts are made from recycled plastic bottles.",https://deivee.com/cdn/shop/files/Deivee_Logo_WHITE-01_291x250.png?v=1614305183,Karnataka
https://joshindia.com,nirav.joshindia.com@gmail.com;+919106226825,https://instagram.com/joshindiadotcom,apparel & fashion,"Your one-stop shop for the Latest fashion trends! Shop From our Exquisite Collection of Ethnic-wear including - Sarees, Kurtis, Lehengas, Gowns & Suits.",https://www.joshindia.com/cdn/shop/files/Josh_india_Logo.png?v=1764764676&width=600,Gujarat
https://giftbox2.myshopify.com,,,other,,,
https://fabriclore.com,+918445298455,https://facebook.com/fabriclore;https://in.linkedin.com/company/fabriclore;https://instagram.com/fabriclore,apparel & fashion,"Customized fabric design, dyeing and printing at low MoQ for your fashion brand. Explore Cotton, Cellulose, Rayon, Viscose, Linen, Liva, Tencel, Ecovero, Modal, Bemberg, Sustainable, Silk, Corduroy and Polyester.",https://fabriclore.com/img/fabriclore-logo.png,Rajasthan
https://aestheticnation.co.in,info@aestheticnation.co.in,https://facebook.com/aestheticsnation;https://instagram.com/aesthetic.nation,sports & fitness,"Shop India's best compression t-shirts, gym t-shirts, oversized tees, gym shorts & joggers for men. Engineered for Indian summers — 4-way stretch, sweat-wicking, flatlock stitching. Free pan-India delivery. Easy returns. Trusted by 2.5Lac gym-goers across India. Starting ₹799. Aesthetic Nation — wear it, own it.",https://cdn.shopify.com/s/files/1/0053/7074/0800/files/AN_LOGO_Black_140x.png?v=1543777094,Maharashtra
https://indubindu.com,hello@indubindu.com;hello@indubindu.comor,https://facebook.com/InduBinduCrafts;https://in.pinterest.com/indubinducrafts;https://instagram.com/indubinduonline,apparel & fashion,"Buy Authentic Handmade Sarees, Dupattas, Palazzo, Designer Dresses, Shirts, Kurtis, Trousers, Hand Block Printed by Indian Craftsmen & Artisans at Best Prices",https://www.indubindu.com/cdn/shop/files/logo-ib.png?v=1665384919&width=320,Uttar Pradesh
https://iruve.in,iruveindia@gmail.com;+919986023531,https://facebook.com/iruve.in;https://instagram.com/iruve.in;https://twitter.com/IruveIn?s=09;https://youtube.com/channel/UCRsOnNMS6vuf1evgLl4vjTw/feed,other,,https://iruve.in/cdn/shop/files/newestLogo.png?v=1613212090,Karnataka
https://spaces.in,care@spaces.in;+9118001236408,https://facebook.com/SpacesInd;https://instagram.com/spaces_india;https://youtube.com/@SPACESIndia,furniture,"Buy stylish bed linen, bath accessories, rugs & mattresses at SPACES. Enjoy 60% off on bed sheets, Towels, carpets, cushions & pillow covers.",https://www.spaces.in/cdn/shop/files/SPACES_Fabric-of-Happy-Home_540x.png?v=1672213470,Maharashtra
https://pulimoottilonline.com,kollam@pulimoottilsilks.com;pala@pulimoottilsilks.com;pulimoottilsilks@gmail.com;pulimoottiltvl@gmail.com;thodupuzha@pulimoottilsilks.com;thrissur@pulimoottilsilks.com;+914692602221;+914742970055;+914812564027;+914822200844;+914862229821;+914872322456;+914872325520;+919778302221,https://facebook.com/pulimoottilsilks;https://in.pinterest.com/PulimoottilSilksOnline;https://instagram.com/pulimoottilonline;https://youtube.com/channel/UCmc7HDu1VpIg7FuLH_Z94yw;https://youtube.com/channel/UCund8VCDm1qYBlESjx7pcBQ,apparel & fashion,"Online shopping for Latest Wedding, Bridal & Kanchipuram Sarees in Kerala. Designer Sarees with affordable price from Pulimoottil Silks",https://pulimoottilonline.com/cdn/shop/files/1212.png?v=1633575330&width=1917,Kerala
https://oilcure.com,,,health & wellness,"Best ayurvedic herbs herbal wholesaler in Bangalore. Natural, pure, organic cold-pressed oils, essential oils, ayurvedic powders, herbs, seeds, salts. Ayurvedic raw material herbs jadi booti online. Ashwagandha, Shatavari, Moringa, Ceylon Cinnamon, Sumac, Almond oil, Castor Oil, Arrowroot,Indrajau, Dashmoola Ghee.",https://www.oilcure.com/cdn/shop/files/Untitled_design_2.png?v=1785219731&width=240,Karnataka
https://zivarcreations.com,madhuri.jewellery@gmail.com;+918855003724;+919890055211,https://facebook.com/zivarcreations;https://in.pinterest.com/madhurighonge;https://instagram.com/zivarcreations;https://youtube.com/channel/UC5UVITpl9fD0vlxLugGNqMQ,jewelry,We handcraft your Jewelry!,,Maharashtra
https://fbnutrition.com,info@fbnutrition.com;+919560504696,https://facebook.com/FitnessBuzzNutrition;https://in.pinterest.com/fbnutritionshopify/_created;https://instagram.com/fitnessbuzznutrition;https://twitter.com/fbnutrition1;https://youtube.com/@FBNutrition;https://youtube.com/watch?v=c6LXH2X2sBs;https://youtube.com/watch?v=yAYuhB1zG_w,sports & fitness,"FB Nutrition is India's Leading bodybuilding supplement & Sports Nutrition brand with 100% authentic & premium products- whey proteins, pre-workouts, muscle recovery & more. Explore & Order today!",https://fbnutrition.com/cdn/shop/files/edited_logo_1_96309056-3bbb-4803-99d3-14e22989738f.png?v=1647078473&width=500,Maharashtra
https://silverlineelectronics.in,onlinesales@silverlineelectronics.in;sales@silverlineelectronics.in;+917090939819;+918747999819,https://facebook.com/silverlieraspberrypi;https://instagram.com/silverlineelectronics,electronics,India's only dedicated Raspberry Pi Distributor,,Karnataka
https://wolfattire.com,hello@wolfattire.com;+917709146870;+917843004865,https://facebook.com/wolfattire;https://instagram.com/wolfattire,apparel & fashion,Wolfattire makes the most creative t-shirts shipped directly to your door. Explore our premium plain and printed t-shirts. Made in India & Always Cool.,https://wolfattire.com/cdn/shop/files/black_logo.png?v=1781258354&width=1314,Karnataka
https://letsgearup.in,manager@letsgearup.in;+919901550880,https://facebook.com/letsgearup.in;https://instagram.com/letsgearup.in?igsh=ZXRidnBpMnRncDFj;https://x.com/LetsGearUpBlr?s=20;https://youtube.com/@letsgearup6675?si=Ca3-IkVFUGP5NiV5,accessories,"Shop Riding Gear & bike accessories online in India at best prices on Letsgearup. Explore helmets, riding gear, bike parts and add-ons with fast delivery.",https://letsgearup.in/cdn/shop/files/lets-gear-up-logo-new.png?v=1765454739&width=300,Karnataka
https://motocentral.in,info@motocentral.in;+919822449903,https://facebook.com/motocentralindia;https://facebook.com/motocentralindia/reviews;https://instagram.com/motocentralindia;https://twitter.com/Moto_Central;https://youtube.com/channel/UCpSi857NGoyD30Lnrzg6dyg,other,"Free Shipping All Over India, Expert Gear Advice, EMI for Riding Gear, 100% Genuine Products, Official warranty, Easy Returns, After Sales Spares & Support Shop online for Riding Gear across leading brands India's Largest Multi Brand Riding Gear Store",https://motocentral.in/cdn/shop/t/40/assets/logo.png?v=15443012148369806061659890763,Maharashtra
https://shop.mokshalifestyle.com,info@mokshalifestyle.com;+911140391257;+911142351256,,other,"Welcome to Moksha' online retail store Certified Organic Natural Essential Oils. If you are a BULK/WHOLESALE customer or a BUSINESS, please email us directly.",https://shop.mokshalifestyle.com/cdn/shop/files/Moksha_logo_140x.png?v=1654515078,Delhi
https://bangalorerefinery.com,coins@bangalorerefinery.com;enquiry@bangalorerefinery.com;+916366116143;+917795214642;+918022243658;+918028372443;+918028372447;+918041140503;+918041141999;+918041142999;+919632816263;+919845926244,https://facebook.com/Bangalore-Refinery-P-Ltd-140819022627776?fref=ts;https://linkedin.com/company/blr-refinery;https://youtube.com/channel/UCB0pviNF74NsQoRBI-gFVjg,jewelry,"BIS Hallmarked Gold Coins & Bars, Gold Potassium Cyanide, Silver Potassium Cyanide, electroplating chemicals, precious metal refining and recovery solutions, jewellery findings ,rhodium plating chemicals, Palladium Recay, Palladium Catalyst, Rhodium Plating, North Screw, South Screw and Lobster",https://www.bangalorerefinery.com/cdn/shop/t/20/assets/logo.png?v=123004900360828616211577169483,Karnataka
https://niyara.in,info@niyara.in;+917042184335,,kitchen,"Decorate your home, office and garden with our beautiful looking handmade Ceramic Pots & Planters. Niyara gives a range of ceramic products like flower pots, kitchenware, tableware and bathroom sets.",https://www.niyara.in/cdn/shop/files/logowebsite.png?v=1686639872,Uttar Pradesh
https://teeshood.com,,,apparel & fashion,"Explore Teeshood and buy online the latest collections of printed t-shirts, hoodies, stickers, and much more online in India.",https://www.teeshood.com/cdn/shop/files/teeshood_6.png?v=1749205847&width=500,Delhi
https://leafstudios.in,support@leafstudios.in;+917303657827,https://facebook.com/leafstudiosofficial;https://instagram.com/leaf.studios;https://twitter.com/leafstudiosin;https://youtube.com/channel/UCXGy4Q7GAYTXmVUWtIrHP6g,electronics,"Leaf Headphones, Earbuds, IEM, Speakers, Magsafe Powerbanks- We make tech products that help you go DND. Free shipping, 1 year warranty, 10 day easy returns. Cash on Delivery available",https://www.leafstudios.in/cdn/shop/t/75/assets/logo.png?v=20290,Delhi
https://tulipsmile.com,care@tulipsmile.com;shivinternational2016@gmail.com;+919650722798,https://youtube.com/user/Ciscovikas1985/videos,other,We do believe in to provide best and better product to our respective customer. Tulip Smile belives in cutomer satisfaction by providing excellent services.,https://www.tulipsmile.com/cdn/shop/t/8/assets/logo.png?v=123004900360828616211585140275,Delhi
https://shoppersfortune.com,support@shoppersfortune.com;+917701803891,https://facebook.com/shoppersfortune;https://instagram.com/shoppersfortune,home decor,One Stop Shop for all Premium Home Decor Products,https://shoppersfortune.com/cdn/shop/files/WhatsApp_Image_2024-05-14_at_12.52.22_PM-removebg-preview_1.png?v=1715671394&width=500,
https://givo.com,customer@givoretail.com;info@givoretail.com;support@givo.com;+919999981418;+919999989625,https://facebook.com/GivoRetail;https://instagram.com/givoretail;https://twitter.com/givoretail?lang=en,apparel & fashion,Largest Collection of ready to wear Men’s Wear with a focus on premium fabrics and Italian cuts perfectly tailored to fit the Indian Man,https://www.givo.com/cdn/shop/files/GIVO_06_Black__page-0001.jpg?v=1695979496&width=5521,Karnataka
https://wedtree.com,support@wedtree.com;+919962215000,https://facebook.com/Wedtree;https://instagram.com/wedtreegifts;https://youtube.com/@Wedtreehq/videos,home decor,"Wedtree, specializing in premium Indian handicrafts is a retail and bulk-gifting company that is exquisite and second to none !! We offer a wide range of traditional handicrafts with an Indian touch across various categories in premium gifts, utility gifts, corporate gifts and return gifts in the desire to meet and fo",https://www.wedtree.com/cdn/shop/files/Wedtree-Logowhite.png?v=1642584834&width=140,Tamil Nadu
https://momzjoy.com,contact@momzjoy.com;+919560516480,https://facebook.com/BWBusinessworld/photos/congratulations-divya-gupta-of-momzjoycom-for-winning-the-icfai-university-prese/1527755787271868;https://facebook.com/MomzJoy;https://in.pinterest.com/momzjoy;https://instagram.com/momzjoy;https://pinterest.com/momzjoy;https://youtube.com/@momzjoy123;https://youtube.com/watch?v=kUwk_Q9mGCc,baby & kids,"Explore the best maternity clothes online at Momz Joy. Discover stylish pregnancy dresses, comfortable maternity wear, and trendy outfits for moms-to-be. Shop now!",https://momzjoy.com/cdn/shop/files/MOMZJOY_Logo_60b7e8a0-5329-4b5e-9971-fa424aa1601b.jpg?v=1738230290&width=200,Delhi
https://goremarketdemo.myshopify.com,,,other,goremarketdemo,,
https://necesera.com,hello@necesera.com;orders@necesera.com;+919910622286,https://facebook.com/necesera;https://in.pinterest.com/necesera;https://instagram.com/neceseralove;https://youtube.com/@neceseralove,apparel & fashion,"Discover Necesera: Experience our buttery-soft transitional loungewear and innerwear, including t-shirts, pajama sets, joggers, lounge sets, co-ord sets, travel wear and more.",https://www.necesera.com/cdn/shop/files/footerLogo.svg?v=1699264901,Karnataka
https://lafolie.in,info@pbsgourmet.com;orders@lafolie.in;+919167762379,https://facebook.com/LaFolieIndia;https://instagram.com/chefsanjana?igsh=ZDNlZDc0MzIxNw%3D%3D;https://instagram.com/lafolieindia;https://instagram.com/lafolieindia?igsh=ZDNlZDc0MzIxNw%3D%3D;https://x.com/lafolieindia?lang=en,food & beverages,"Shop chocolates online from the range of bean to bar chocolates directly made from La Folie's chocolate factory in Mumbai. Buy artisanal chocolates, assorted chocolate boxes, chocolate bars, cookies, cakes, bread and chocolate gift hampers online",https://cdn.shopify.com/s/files/1/0257/3634/7720/files/LA_FOLIE_FINAL_LOGO_name_only.png?v=1614317708,Maharashtra
https://shutiq.com,,https://facebook.com/shutiq;https://instagram.com/shutiqofficial,footwear,Shutiq offers an exquisite range of handcrafted shoes for men and women. Explore now the Luxury ready to wear collection. Shipping Worldwide. COD Available. Customise your shoes. 100% Handmade using finest quality and techniques.,https://www.shutiq.com/cdn/shop/files/Black_And_White_Minimalist_Typography_Personal_Logo.png?v=1741178702&width=280,Delhi
https://appulse.in,sunrisecreations03@gmail.com;+919842187654,,apparel & fashion,Simple everyday cotton Athleisure T-Shirt,https://appulse.in/cdn/shop/files/Ap_pulse_logo_Name.png?v=1677496011&width=500,
https://justcanon.in,contact@justcanon.in;cp@justcanon.in;info@justcanon.in;+911123315300;+911123315600;+917065762000;+919310028730,https://facebook.com/people/Just-Canonin/61593715846803;https://instagram.com/justcanon_fce?stkn=MW8zeDY1a2g2aDZi,other,Buy Canon Cameras & Accessories from India's only Canon Flagship store. Free Delivery | Ready Stock | Canon Flagship store | Online Canon Store.,https://cdn.shopify.com/s/files/1/0643/2594/3514/files/CANON-OFFICIAL-LOGO-BIGArtboard-1-copy-4.png?v=1667196386,Delhi
https://missprint.in,care@missprintclothing.com,https://facebook.com/missprintjaipur;https://instagram.com/missprintjaipur,apparel & fashion,"Missprint designs quality hand block printed ethnic indo western womenswear, Buy latest designer exclusive ethnic wear indo western clothing for women online from India.",https://missprint.in/cdn/shop/files/Logo-2.png?v=1738759643&width=683,Maharashtra
https://robocraze.com,supriya.bon2010@gmail.com;+918123057137,https://facebook.com/robocrazeindia;https://instagram.com/robocraze;https://linkedin.com/company/tif-labs-pvt-ltd/posts;https://twitter.com/robocraze;https://youtube.com/c/Robocraze;https://youtube.com/channel/UCPg2V8RXeuM3NZ60e-kT7Zw,electronics,"Explore Arduino, Raspberry Pi, 3D printers, robotics kits, AI, IoT, drones, STEM kits and electronics at Robocraze India's Largest Robotics & AI Platform with fast delivery across India.",https://robocraze.com/cdn/shop/files/logo_c25a41d4-60e2-4388-8f04-9cfe5b87cb01.png?v=1655484942&width=300,Karnataka
https://anokhiada.com,anokhiadaa@gmail.com;+917454896154;+919971456154,https://facebook.com/AdaAnokhi;https://instagram.com/adaanokhi;https://twitter.com/AdaAnokhi,jewelry,"anokhiada.com: Online Shop for Hair Accessories, Jewellery and Craft Supplies in India | Free Delivery for orders above 299 Rs. Shop beads, jewelry findings, earrings, headbands, hair clutcher and banana hair clips in India with free shipping.",https://anokhiada.com/cdn/shop/files/anokhi-ada-logo_a2c78d3d-2c3f-4fa7-865a-49a920b64a1a_495x.png?v=1630555456,
https://lifelongindiaonline.com,customercare@lifelongonline.com;+919711558877,https://facebook.com/LifelongOnlineIn;https://in.linkedin.com/company/lifelongonline;https://instagram.com/lifelong.online?igsh=MWtlYXBqYXQwZXdqaw%3D%3D;https://youtube.com/@lifelongonline?si=n-TIulN57IHHrRRH,sports & fitness,"Shop online at Lifelong for sports, fitness gear, massagers, electronics & kitchen appliances. Quality products with warranty & easy delivery.",https://www.lifelongindiaonline.com/cdn/shop/files/Lifelong_WordmarkRed.svg,Maharashtra
https://zippo.in,careindia@zippo.com,https://facebook.com/Zippo;https://instagram.com/originalzippo;https://pinterest.com/zippo;https://twitter.com/Zippo;https://youtube.com/user/zippo,other,"Shop genuine Zippo windproof lighters, fuel, flints, and accessories from the official Zippo India store. Lifetime warranty, secure payments, and free shipping across India.",https://zippo.in/cdn/shop/files/Z-Lo-Br_ZippoLockupVertical-2c.jpg?v=1778217362&width=500,
https://assamicaagro.in,assamicaagro.info@gmail.com;info@assamicaagro.com;manmoyuridevi@gmail.com;+919395698411,,food & beverages,"Organic Green Teas for the best price online, organic assam teas for the best price online. Best Price, Best Quality.",,Assam
https://bikenbiker.com,customercare@bikenbiker.com;+918448449050,https://facebook.com/bikenbiker;https://instagram.com/bikenbiker;https://x.com/Bikenbiker,other,India’s premier motorcycle accessories and rider gear store offering top global brands.,https://cdn.shopify.com/s/files/1/1350/0197/files/Group_36821.png?v=1762525857,Karnataka
https://joynagar.com,contact@joynagar.com;+919433344426,https://facebook.com/joynagarindia;https://instagram.com/joynagarindia;https://pinterest.com/joynagarindia;https://x.com/joynagarindia;https://youtube.com/joynagarindia,home decor,"Visiting Joynagar.com becomes necessary if you want to shop for branded food, grocery, and superior handicrafts at an unbeatable price! Reach us for all queries!",https://joynagar.com/cdn/shop/files/joynagar_logo_for_website.svg?v=1731436572&width=500,West Bengal
https://herbalmaza.com,herbalmaza@gmail.com;+918755078856;+918755078856280,https://facebook.com/HerbalMaza;https://facebook.com/dr.yunusmalik;https://instagram.com/dryunusmalikofficial;https://instagram.com/herbalmaza;https://x.com/HerbalMaza;https://youtube.com/@HerbalMaza;https://youtube.com/@dryunusmalikofficial,health & wellness,"Herbal Maza offers Ayurvedic sexual health products for stamina, performance & men’s wellness. 100% natural, safe & discreet delivery across India.",https://www.herbalmaza.com/cdn/shop/files/herbal_maza_TM_logo_3c7629db-8238-4ef4-b512-f2ca46b52153.png?v=1683242742,Uttar Pradesh
https://goodricketea.com,feedback@goodricke.com;+91209326516075;+919073601144,https://facebook.com/Goodricke?fref=ts;https://instagram.com/goodricketea;https://twitter.com/goodricketea;https://youtube.com/user/GoodrickeTeas,food & beverages,"Explore the best quality teas by Goodricke. Order now the exclusive Indian teas from tea gardens. Shop now from the widest variety of high quality exclusive teas like Darjeeling tea, Assam tea, single estate tea, Green Tea, white tea, flush tea, moonlight tea, Oolong Tea, summer flush tea, spring flush tea, Black tea,",https://goodricketea.com/cdn/shop/files/logo_190x.webp?v=1654594967,West Bengal
https://jamsticks.com,admin@jamsticks.com;+919967553013,https://facebook.com/Jamsticks-1177450485632941;https://instagram.com/jam_sticks;https://twitter.com/jam_sticks,electronics,"Jamsticks is an initiative to give a voice and a breath of fresh air to the Indian audiophile. Coming to the aid of those who can appreciate music and cinema to the extent that art deserves, we offer a haven where those moved by quality can learn, discuss, avail, and appreciate the latest advancements in audio engineering – technology which, in the present state of affairs, almost never reaches the average Indian household. Founded in Aug 2016, we have just begun our journey – think of us as...",https://www.jamsticks.com/cdn/shop/t/5/assets/logo.png?v=166216623318280579521469271417,Karnataka
https://venetiandesign.in,venetiandesignindia@gmail.com;+917972429126;+919822642266,https://facebook.com/venetiandesignindia;https://instagram.com/venetiandesign_india;https://youtube.com/channel/UCDbizokfVBw6xgk-sRktZ4g,furniture,Shop Handcrafted Venetian wall mirror for living room and LED Mirrors for Living room and Bathrooms. Made in India. Free shipping all over India. International shipping available.,https://www.venetiandesign.in/cdn/shop/files/venetian_Logo_PNG.png?v=1709617313&width=500,Maharashtra
https://brillare.co.in,crm@brillarescience.com;customercare@brillarescience.com;+917949039200;+919512333000,https://facebook.com/brillareindia;https://instagram.com/brillareindia;https://linkedin.com/company/brillare-science;https://youtube.com/brillarescience,beauty & skincare,"Truthful, scientifically superior, real natural products for treating hair fall, dandruff, dry hair, damaged hair, acne, hyper pigmentation, ageing, dry skin & sensitive skin. Shampoo, Conditioner, Oil Shots (Hair Oil), Skin Serum, Face Wash, Moisturiser, Sunscreen, Hair Serum, Body Wash, Body Moisturiser, Body Oil.",https://www.brillare.co.in/cdn/shop/files/logo.svg?v=1719305859&width=5,Gujarat
https://seeandwear.com,welcome@seeandwear.com;+919599013410,https://facebook.com/seeandwear;https://instagram.com/seeandwear;https://youtube.com/@seeandwear-shoes?si=cWBUvyA9uKwZAVJA,footwear,"Buy Leather formal shoes for Men online in India. Checkout pure leather, monk strap, derby, brogues and oxfords shoes for Men at lowest price @ SeeandWear.com. Great offers, Quick returns and refund | See & Wear.",https://seeandwear.com/cdn/shop/t/53/assets/logo.png?v=5895,Uttar Pradesh
https://triprindia.com,queries@triprindia.com;+918031406054,https://facebook.com/triproriginal;https://instagram.com/triprindia;https://youtube.com/@triprindia3084,apparel & fashion,"TRIPR is an online fashion portal which offers stylish and trendy clothing for men. We provide the customers with a wide range of designer wear, branded clothes, t-shirts, tops, jeans, shorts, jackets & coats for men at unbeat . Imagine the next level of fashion from the latest men’s fashion clothing collections.",https://triprindia.com/cdn/shop/files/New_Tripr_Logo_Black_88f2e2db-bcf6-44b1-8d81-d2a403142942.png?v=1750584762&width=470,
https://ygeiax.com,sam@ygeiax.com;+919814973532,https://facebook.com/ygeiax;https://instagram.com/ygeiax;https://youtube.com/channel/UC5_h1BJWu8mVUKSbkTWoIXQ/about;https://youtube.com/channel/UC5_h1BJWu8mVUKSbkTWoIXQ/about?disable_polymer=1,health & wellness,"We Distill essential oils, work with Cacao and other herbal allies.",https://ygeiax.com/cdn/shop/files/Copy_of_LogoInstagram_2.png?v=1778130887&width=500,Himachal Pradesh
https://goathlos.com,editor@goathlos.com;pravin.dhake@goathlos.com;support@goathlos.com;+917710905855,https://facebook.com/goathlos;https://instagram.com/abstractdaily365;https://instagram.com/charanyaravichandran;https://instagram.com/goathlos;https://instagram.com/hiteshjadhv;https://x.com/GoAthlos,apparel & fashion,High-performance sustainable activewear designed to remove barriers to movement. Built for those who show up—every day.,https://goathlos.com/cdn/shop/files/Circular_athlos_logo.webp?v=1756997941&width=496,Maharashtra
https://farmersstop.com,contact@farmersstop.com;info@farmersstop.com;+919610894210;+919821970824,https://facebook.com/farmersstop;https://instagram.com/farmersstop;https://youtube.com/@farmersstop7505,furniture,"Buy hybrid seeds, vegetable seeds, organic fertilizers & farm inputs online in India. Farmers Stop is your trusted agri ecommerce store with fast delivery.",https://www.farmersstop.com/cdn/shop/files/farmersstop_original_logo_600x200_transparent.png?v=1784796770&width=440,Rajasthan
https://outback.life,,https://facebook.com/outbackworld;https://in.pinterest.com/outbackworld/_saved;https://instagram.com/outbackworld;https://linkedin.com/company/outbackworld;https://twitter.com/outbackworld;https://youtube.com/@outbackworld,accessories,"Full-grain leather bags, briefcases and wallets, made by hand in New Delhi. Shipping across India, prices in rupees. Engrave your initials. 1 year warranty.",https://outback.life/cdn/shop/files/Outback_Without_Symbol_Op1.png?v=1770712183&width=600,Delhi
https://doodlage.in,info@doodlage.in;team@doodlage.in;+919354138478,https://facebook.com/doodlage;https://instagram.com/doodlageofficial;https://linkedin.com/company/13244852/admin;https://youtube.com/channel/UCQuvF38telL7SnR-0SIm-kA,apparel & fashion,"India's most loved eco-fashion label. Upcycled, recycled & zero waste season-less styles. Made to order pieces. Fair-wage production. Customization is available. Shipping worldwide.",https://doodlage.in/cdn/shop/files/new-logo.jpg?v=1613796187&width=500,Delhi
https://wisholize.com,+918848415522,https://facebook.com/wisholize/timeline;https://instagram.com/wisholize;https://pinterest.com/wisholize;https://twitter.com/wisholize,home decor,Personalised Unique Gifts Online India. Gift your loved ones with unique personalized gifts. Choose from our collection of Mugs Bottles Photo Frames Clocks Crystals Key chains and more.,https://www.wisholize.com/cdn/shop/t/47/assets/compact_logo.png?v=116802366907197276601520841568 | alt=,
https://nuttygritties.com,hr@drbfoods.com;wecare@drbfoods.com;+919910768885,https://facebook.com/nuttygritties;https://instagram.com/nuttygritties;https://linkedin.com/showcase/nutty-gritties;https://twitter.com/nuttygritties,health & wellness,"Explore the Nutty Gritties range of healthy and delicious nuts, berries, trail mixes, dates. Your one-stop-shop for guilt-free snacking, delivered right at your doorstep, across India. 100% real and natural ingredients | Zero Oil | Joyful Snacking",https://nuttygritties.com/cdn/shop/files/17_years_1_150x.png?v=1788506887,Delhi
https://bonorganics.com,careers@bonorganics.com;contact@bonorganics.com;myorders@bonorganics.com;name@example.com;+914132970791;+918838915482,https://facebook.com/bonorganicsonline;https://instagram.com/bonorganics;https://youtube.com/channel/UC8LRneSAPpD__lkP2LPfBOA,beauty & skincare,"Bon Organics invites you to slow down and embrace mindful living. Handcrafted skincare, hair, body, and home products nurture the body, mind, and daily rituals with authenticity, elegance, and subtle sophistication rooted in heritage.",https://www.bonorganics.com/cdn/shop/files/bon_logo_1_406x.png?v=1613187447,Tamil Nadu
https://madewithspin.com,care@madewithspin.com;+918527721115;+919220472891,https://facebook.com/madewithspin;https://in.pinterest.com/madewithspin;https://instagram.com/madewithspin;https://linkedin.com/authwall?trk=bf&trkInfo=AQF5-DyBiXC1VAAAAX-Wc-D4ITLOE_7554uKFTmbYSG6L4fvpT4cRQ7Y_wi0VhKKB9gNTr-OkjQTIR571ODjRh4LbTloXaA8U84-mYK0H57-kF_jJf9vY4cdWuc0DAy3KsQtgL8%3D&sessionRedirect=https%3A%2F%2Fin.linkedin.com%2Fcompany%2Fmadewithspin,furniture,"Discover Spin. Well designed and made in india. Shop for a range of lifestyle furniture and objects online by Spin for your Home and Office. Spin’s mission is to create honest accessible products which can transform a space into a creative, inspirational and clutter free space.",https://www.madewithspin.com/cdn/shop/files/Logo_SPIN_SPIN_Black_BG.png?v=1698221047&width=4167,Delhi
https://panchhipetha.com,panchhipethaonline@gmail.com;+917668589069,,food & beverages,"Panchhi petha is established by Late Shri Panchhi Lal Ji, more than 70 years ago. Panchhi Petha store has a wide variety of sweets, Gajak & Namekeens",https://panchhipetha.com/cdn/shop/files/PP_Rect_43915f2e-2391-4e60-8146-506bc2f5f1a3.png?v=1702232613&width=500,Uttar Pradesh
https://deccanmountainclub.com,,,pets,Trekking | Hiking gear from Decathlon on rent | Waterproof Shoes | Down Jacket | Backpack | Waterproof Gloves | Trekking Headlamp | Hiking Balaclava | High Altitude Goggles | Trekking Rain Poncho | Backpack cover | Trekking Pole | FREE DELIVERY at your door step in any city of India,https://www.deccanmountainclub.com/cdn/shop/files/Deccan_Mountain_Club_slogan1.jpg?v=1613163627&width=500,West Bengal
https://modaelementi.com,info@modaelementi.com;+9118001373456;+919815562700,https://facebook.com/modaelementiindia;https://instagram.com/moda_elementi;https://youtube.com/channel/UCBlnCG9JKnl6ZUkJAQKVXvQ,apparel & fashion,Buy women fashion tops. Dresses for women. Western apparel brand. Casual clothing for women. Western jumpsuits. Buy crop tops.,https://www.modaelementi.com/cdn/shop/files/Logo.png?v=1781760996,Karnataka
https://fancydresswale.com,support@fancydresswale.com;+919667723788,https://facebook.com/fancydresswale;https://instagram.com/fancydresswale;https://youtube.com/@fancydresswale4598;https://youtube.com/@fancydresswale4598?si=yR35eMARzTEjcgFN,apparel & fashion,"Discover Fancydresswale.com – your one-stop shop for kids' and adults' fancy dress costumes, party props, wigs, and accessories. Perfect for birthdays, school events, cosplay, and festive celebrations. Shop colorful, creative outfits delivered across India.",https://www.fancydresswale.com/cdn/shop/files/ChatGPT_Image_Jul_18_2026_10_34_41_AM_1.png?v=1788519055,Karnataka
https://ceasefireonlineshop.com,enquiry@ceasefire.in;+911800113473;+9118001203473;+919540666666,https://facebook.com/Ceasefire-Industries-Ltd-670277893036546;https://instagram.com/ceasefireindia;https://twitter.com/CeasefireIndia;https://youtube.com/channel/UC6pQWKtX3qk7cbEqMkdGGpQ,other,"Ceasefire Fire extinguishers, Home fire detection system, fire suppression system Car electric Fire Safety, Security products leading manufacturer.",https://www.ceasefireonlineshop.com/cdn/shop/t/2/assets/logo.png?v=157895082098079686691428730472,Karnataka
https://silberuh.com,silberuh@gmail.com,https://facebook.com/silberuh;https://instagram.com/silberuh;https://youtube.com/channel/UCvsWrTLZeId_VxCKwSNqORQ/videos,jewelry,"Discover Pure Handmade 925 Silver Jewellery with Semi Precious Stones. Shop Oxidised Pure Silver Jewellery, Earrings, Rings, Bracelets & Necklaces for Women & Men.",https://www.silberuh.com/cdn/shop/files/silberuh_logo_90_{width}x.jpg?v=1617360031,Rajasthan
https://ivrah.com,support@ivrah.com;+919997398989,https://x.com/ivrahmen,footwear,"IVRAH crafts leather footwear by hand in small batches, using traditional techniques. Ready-to-wear and made-to-measure style, handcrafted in India.",https://www.ivrah.com/cdn/shop/files/6F51B190-33F4-4684-A73F-2CC61F7187F1.png?v=1786565573&width=500,
https://theblackcanvas.in,info@theblackcanvas.in;+918879366428,https://facebook.com/theblackcanvas;https://instagram.com/theblackcanvas_;https://pinterest.com/theblackcanvas_,books & stationery,"Handcrafted leather products designed & made with love in Bombay, India. Shop Stationery & Lifestyle Accessories including leather journals, Travelers notebooks & more! Worldwide shipping.",https://www.theblackcanvas.in/cdn/shop/files/TBC_Logo_2016_expand_50208113-32e1-4385-8672-d935cb596e34.png?v=1613511460&width=500,Karnataka
https://bluebuddha.co.in,ecomm@bluebuddharetail.com;wecare@bluebuddharetail.com;+917600013921,https://facebook.com/@bebluebuddha;https://instagram.com/bebluebuddha;https://x.com/bebluebuddha;https://youtube.com/@BEBLUEBUDDHA,apparel & fashion,,https://bluebuddha.co.in/cdn/shop/files/logo-Asset_2.png?v=1783667477,Gujarat
https://flirtatious.in,info@flirtatious.in;+919999008031;+919999558031,https://facebook.com/flirtatiousbyaakriti;https://instagram.com/flirtatious_india,apparel & fashion,,https://flirtatious.in/cdn/shop/files/New_Project_11_180x.jpg?v=1705303426,Maharashtra
https://sugnamal.com,info@sugnamal.com;+918418888893;+919839554785;+919919999901,https://facebook.com/sugnamalindia;https://instagram.com/sugnamal,apparel & fashion,,https://www.sugnamal.com/cdn/shop/files/SUGNAMAL_LOGO-20_7_140x.png?v=1653732943,Uttar Pradesh
https://scentkart.com,care@scentkart.in;+918299155168,https://facebook.com/sugandhco;https://instagram.com/sugandhco.in;https://x.com/sugandhco;https://youtube.com/@Scentkart_lucknow,beauty & skincare,"Fine Fragrances, Home Care and Incense Sticks",https://scentkart.com/cdn/shop/files/SCENTKART_6.png?v=1787644481&width=500,Uttar Pradesh
https://shivangiclothing.com,info@shivangiclothing.in;shivangiclothings@gmail.com;+91208098833000;+918098833000,https://facebook.com/Shivangi.ethnicwear;https://in.pinterest.com/shivangiclothing;https://instagram.com/shivangi_clothing;https://twitter.com/shivangifashion;https://youtube.com/@shivangiclothing-pattupavadai,apparel & fashion,"Shivangi Clothing offers pattu pavadai, Half saree, Long frock, Short frock, Silk saree in many variety of colors and size in online, retail and wholesale.",https://cdn.shopify.com/s/files/1/0605/7407/3003/files/Landscape_Logo_Black_250x_2x_f56053c1-5ed0-43f6-b56b-515920f19bd0.webp?v=1748080239,Tamil Nadu
https://brainsmith.in,,https://facebook.com/brainsmithindia;https://in.pinterest.com/brainsmithindia;https://instagram.com/brainsmithindia;https://linkedin.com/company/brainsmith;https://youtube.com/channel/UCaggFkd21q0kmd228T6iEzg,baby & kids,"Eco-friendly, safe wooden toys, wooden rattles & drum toys, laminated flashcards, durable and sturdy furniture for babies, toddlers and pre-school kids. Pan-India Delivery.",https://www.brainsmith.in/cdn/shop/files/final_logo_600x.png?v=1614295737,Maharashtra
https://shoplle.com,,,apparel & fashion,,https://shoplle.com/cdn/shop/files/108_f64f2d2d-e498-4433-9358-166e1643566e.jpg?v=1780696158&width=533,
https://stylehomez.com,sales@stylehomez.in,https://facebook.com/stylehomezs;https://instagram.com/stylehomez;https://youtube.com/@rrbyrk,home decor,,https://stylehomez.com/cdn/shop/files/Style_Homez_Logo_2025_Logo_Only.jpg?v=1781256295&width=500,Haryana
https://ikatindia.com,+917700077338;+918886000562;+918977016982;+919000116023;+919959167897,https://facebook.com/ikatindia;https://instagram.com/ikatindia,apparel & fashion,Translate is a concept apparel and textile design company with a vision to empower regional Ikat artisans and to transform the traditional handloom.,https://ikatindia.com/cdn/shop/files/Untitled_design_4.png?v=1763448573&width=154,Maharashtra
https://bluebirdsolar.com,hr@bluebirdsolar.in;info@bluebirdsolar.in;+911147052208;+911147052209,https://facebook.com/bluebirdsolar;https://in.linkedin.com/company/bluebirdsolar;https://instagram.com/bluebird_solar;https://twitter.com/BluebirdSolarIN;https://youtube.com/c/BluebirdSolarIndia;https://youtube.com/c/bluebirdsolarindia;https://youtube.com/watch?v=D5AciX1iTvg,jewelry,"Bluebird Solar – A trusted solar panel company and manufacturer in India, offering reliable, high-quality solar PV modules and advanced solar solutions.",https://bluebirdsolar.com/cdn/shop/files/BBS_Logo_1_210x.png?v=1664086358,Delhi
https://monrow.in,care@monrow.in;+917619233641;+919611844008,https://facebook.com/monrowshoes;https://in.linkedin.com/company/monrowshoes;https://instagram.com/monrowworld;https://twitter.com/monrowshoes;https://youtube.com/channel/UCyIvOzsx4T-2JEuwxl0QSYA,footwear,"Fashion ❣️ Comfort We aim to create shoes and bags that not only look stylish but also feel incredibly comfortable. Designed for the go-getters who deserve effortless elegance every step of the way! ❤️ Explore the latest trends in women’s footwear and bags online. Shop now – Flats, Sandals, Heels, Sneakers, and Bags.",https://www.monrow.in/cdn/shop/files/Monrow_Logo_1_130x_2x_d69430df-9900-4609-bcd8-05484197db51_100x.webp?v=1755853707,West Bengal
https://trycone.com,info@trycone.com;+917575007799,https://facebook.com/tryconegroup;https://instagram.com/tryconegroup;https://linkedin.com/company/trycone-group?original_referer=https%3A%2F%2Ftrycone.com%2F;https://youtube.com/@trycone/videos,other,"Trycone Cracked Heel Repair Foot Cream – is formulated with Rose Oil, Urea, Lactic Acid and Natural Actives that are derived from roses, and rose petal extract, which has many natural properties that make it special for rejuvenating and replenishing our skin of feet. It has Anti fungal, Anti- Bacterial, Antioxidant and Anti-inflammatory benefits. That makes this foot cream a complete solution to all problems like swollen of feet and ankles, cracked heels. It also helps in locking moisture in...",https://trycone.com/cdn/shop/files/Trycone_HQ_Logo-02.png?v=1679632772&width=1985,West Bengal
https://stylesplash.in,hello@stylesplash.in,https://facebook.com/stylesplash.in;https://instagram.com/stylesplash_in,apparel & fashion,"Your gateway to international fashion. Explore premium and unique women's wear across dresses, formals, athleisure, jackets, jumpsuits, plus size and more.",https://stylesplash.in/cdn/shop/files/StyleSplash_Logo_original_dimension.png?v=1665828069&width=2424,Maharashtra
https://drvaidyas.com,,https://facebook.com/Dr-Vaidyas-New-Age-Ayurveda-105221161339197;https://instagram.com/dr.vaidyas;https://youtube.com/channel/UC2h6ZCRpYzIWBvNUSzGdGyA,health & wellness,"Avail Ayurvedic Medicine Online at great prices. Boost your Health with Best Ayurvedic Products for Piles, Liver & much more for both Men and Women. Grab Now!",https://drvaidyas.com/cdn/shop/files/logo_f4876803-6f12-4d15-ad7b-4e3b6b5aa365.png?v=1788959275&width=234,Telangana
https://bestomart.com,+918754111207;+919791352020,https://facebook.com/Bestomart-195166444148440;https://instagram.com/bestomart.info;https://linkedin.com/company/bestomart-internet-pvt--limited;https://pinterest.com/bestomart;https://twitter.com/bestomart,electronics,"Online shopping site for Electricals, Electronics, Appliances, Industrial Tools, Hardware, Security Devices, Furniture, Safety Equipment, Groceries, and more at the best price, 100% genuine and best quality in India.",https://www.bestomart.com/cdn/shop/t/50/assets/logo.png,Tamil Nadu
https://knobskart.com,cs@knobskart.com;pr@knobskart.com;returns@knobskart.com;vendor@knobskart.com;+919830302686;+919836745000,https://facebook.com/knobskart;https://instagram.com/knobskart;https://pinterest.com/knobskart;https://youtube.com/channel/UCFlwmteuuKsiJDHfuXPuoKQ,jewelry,"Online store for premium hardware fittings at KnobsKart.com — knobs, handles, locks, hinges, door closers, floor springs, kitchen organisers, digital locks, safes & more. Top brands, pan-India delivery. Flat 20% off — use code FLAT20.""",https://knobskart.com/cdn/shop/t/9/assets/logo.png?v=53269743642325969751504256283,West Bengal
https://theindianbean.com,+919820745916,,food & beverages,"Best online coffee store in India selling fresh gourmet coffee in beans and powder from Coorg, Kodaikanal TN, Araku AP & Karnataka. We deliver all across India.",https://theindianbean.com/s/files/1/0198/0150/files/logo_PNG_120x.png,Maharashtra
https://garuda-ss.com,help@garuda-ss.com;join@garuda-ss.com,https://instagram.com/garuda_ss;https://youtube.com/@garuda_ss,apparel & fashion,"Garuda creates a wide variety of clothing from technical workwear, all the way to artisanal couture, featuring styling that ranges from casual streetwear to avant-garde. All of our products are made by a small dedicated team of artisans in our own private studio.",https://garuda-ss.com/cdn/shop/files/logo_0081abb5-d219-4d32-a799-9792cdfd9dd0.png?v=1742733895&width=160,Chandigarh
https://pinklay.com,care@pinklay.com;hello@pinklay.com;+918104136291,https://facebook.com/pinklayIndia;https://in.pinterest.com/pinklay_india;https://instagram.com/pinklayindia;https://youtube.com/channel/UCP1gIxDFMQZkAhuRWpj0S0A,apparel & fashion,"Discover handcrafted clothing and home décor made by 1,000+ Indian artisans. Shop block-printed dresses, kurta sets, quilts, cushions & more — in natural fabrics, XS to 4XL. Proudly made in India. Ships worldwide. Free shipping on orders above ₹2,999.",https://www.pinklay.com/cdn/shop/files/pinklay_logo_buy_76d29792-e34f-4523-a9ec-0e6a78828bb8_170x.png?v=1689667588,Karnataka
https://exoticaorchids.in,info@exoticaorchids.in;+919434969901;+919775727333,,other,Specialist in rare & exotic orchids..,https://exoticaorchids.in/cdn/shop/files/logo-exotica_{width}x.jpg?v=1613771592,West Bengal
https://houseoftaamara.com,support@houseoftaamara.com;+919108558485,https://facebook.com/HouseofTaamara;https://instagram.com/HouseofTaamara;https://pinterest.com/HouseofTaamara,jewelry,Unique handcrafted jewelry with traditional craftsmanship that meets modern aesthetic.,https://houseoftaamara.com/cdn/shop/files/House_of_Taamara_LOGO_handcrafted_Made_in_India.png?v=1717067389&width=500,Karnataka
https://shopfreelance.com,customer.care@shopfreelance.com;mail@shopfreelance.com;+911120872234,https://facebook.com/ShopFreelance1;https://instagram.com/ShopFreelance;https://pinterest.com/shopfreelance;https://twitter.com/Shop_Freelance;https://youtube.com/channel/UCpEe46efa9VE8itzLx3-NdA,home decor,"Shop online for Table Mats, Table Covers, Trays, Flasks, Mugs, Bath & Dining Accessories, Shower Curtains, Tableware and Gifts. FREE shipping.",https://shopfreelance.com/cdn/shop/files/logo_a7ef54f6-76f5-4868-87e3-8e4841d50e8b_205x@2x.png?v=1613154950,Delhi
https://lonerangerindia.com,info@lonerangerindia.com;+919319001615,https://facebook.com/lonerangerindia;https://instagram.com/lonerangerindia;https://x.com/lonerangerindia;https://youtube.com/@Lonerangerindia,accessories,"Our products are Riding Jacket-Men & women, riding pants, riding gloves, riding boots, hydration bags, tank bags, biker backpacks, and many more. Buy complete riding gears from Lone Ranger India.",https://lonerangerindia.com/cdn/shop/files/LR_logo_5d5219e5-042c-41d3-a3be-4ac291d6874f.png?v=1719037676&width=500,Uttar Pradesh
https://nordlich.com,wecare@nordlich.com,https://facebook.com/NordlichOfficial;https://instagram.com/nordlichsleepwear,baby & kids,"Shop more and save more. Higher the cart value, more the discount. Automatically applied, no coupon needed. Comfortable cotton sleepwear for men, women, kids, babies, couples and families.",https://nordlich.com/cdn/shop/files/NL_logo_Square.jpg?v=1656666277&width=512,Uttar Pradesh
https://tyaani.com,info@tyaani.com;+918291345290;+918291500394;+918291606279;+918291926979;+918422834581;+918422847678;+918422918035;+919152070423;+919619387006;+919619587978;+919619674085;+919619746253;+919619858967;+919652370235;+919820412054,https://facebook.com/TyaaniJewellery;https://instagram.com/tyaanijewellery;https://youtube.com/@tyaanibykaranjohar,jewelry,Discover the unparalleled quality of certified 22KT Gold Polki Jadau Jewellery with real Polki diamonds. Explore the best in polki jewellery and jadau sets online.,https://tyaani.com/cdn/shop/files/Group_34.svg?v=1735921393&width=168,Karnataka
https://whysobluelove.com,orders@whysobluelove.com;+918591571565;+919619614584,https://facebook.com/whysobluelove;https://in.pinterest.com/WSBLove;https://instagram.com/whysobluelove,apparel & fashion,"A mother-daughter led brand making conscious clothing that feels like a second skin, ethically handcrafted in India.",https://whysobluelove.com/cdn/shop/files/whysoblue_logo_2.png?v=1756798513&width=3000,Maharashtra
https://desicallyethnic.com,support@desicallyethnic.com;+918886738000,https://facebook.com/desicallyethnic;https://in.pinterest.com/desicallyethnic;https://instagram.com/desicallyethnic,jewelry,"Desically Ethnic online boutique is home to Handcrafted Indian Sarees, Unstitched Salwar Sets, Accessories and Home Linen. Shop for Everyday glam looks or Festive options, Subtle Motifs or One-of-a-kind Designs.",https://desicallyethnic.com/cdn/shop/files/logo_website_600x.png?v=1682060960,West Bengal
https://bloomsvilla.com,order@bloomsvilla.com;support@bloomsvilla.com;wecare@bloomsvilla.com,https://facebook.com/bloomsvilla.in;https://instagram.com/bloomsvilla;https://pinterest.com/bloomsvilla;https://twitter.com/blooms_villa;https://youtube.com/channel/UClc3xab82sVk3gNiOif1grQ,food & beverages,"Choose BloomsVilla as your best partner in sending gifts online. We are a one stop shop for Love & Gifting. Buy fresh flowers from our bouquet shop. Send sugary love from our online cake shop. You can send gifts such as flowers, cakes, plants, chocolates, teddy bears, etc from best gift shop in India.",https://www.bloomsvilla.com/cdn/shop/files/bloomsvilla-new-logo_230x.jpg?v=1692647966,Karnataka
https://jokerandwitch.com,support@jokerandwitch.com;+918068970285,https://facebook.com/jokerandwitch;https://in.pinterest.com/jokerandwitch;https://instagram.com/jokerandwitch;https://linkedin.com/company/jokerandwitch;https://youtube.com/@jokerandwitch,jewelry,"Chic, Trendsetting & Modern Watches, Jewellery & Gift Sets. Pioneers of Watch Bracelet Stacks. 5000+ Styles, 1M+ Customers & Easy Returns.",https://customers.seomanager.com/knowledgegraph/logo/www-jokerandwitch-com_myshopify_com_logo.png,Karnataka
https://homecanvas.com,hello@homecanvas.com;+919591736665,https://facebook.com/myhomecanvas;https://instagram.com/homecanvas,furniture,"Buy Online Wooden Furniture at Home Canvas. Choose from our latest Collections of Tables, chairs, lamps and furniture for your Living, Dining, & Bedroom at a Reasonable Prices. We believe good design can improve your quality of life and make your spaces more comfortable, inspiring and uplifting. Shop now!",https://cdn.shopify.com/s/files/1/0426/3048/0038/files/WhatsApp_Image_2020-03-13_at_5.35.27_PM_fef2e106-3703-4f51-b714-81f299c30d32_190x.jpeg,Karnataka
https://buynewtrend.com,care@buynewtrend.com;+919717338804,https://facebook.com/buynewtrend;https://instagram.com/buynewtrend;https://twitter.com/buynewtrend,other,"Classic pinstripe shirt featuring a button-down front, pointed collar, long sleeves, cotton fabric and stylish lace-up side detailing. Designed in a flattering regular fit, it pairs effortlessly with jeans, trousers, or skirts for casual, smart-casual, or everyday wear. A versatile wardrobe staple offering comfort, modern style, and all-day ease.",https://smartseo-store-logos.s3.eu-central-1.amazonaws.com/www.buynewtrend.com-001a copy.jpg,Delhi
https://utmt.in,customersupport@utmt.in;vijaya@underthemangotree.org;+919321425360,,food & beverages,UTMT a social enterprise produces 100% Pure Organic Certified natural honey that mainly promotes provides a gateway for farmers to sell their honey directly to consumers,https://www.utmt.in/cdn/shop/files/utmt_logo_1000x1000.png?v=1614360797,Maharashtra
https://hokmakeup.com,support@hokmakeup.com;+919810245261,https://facebook.com/hokmakeup;https://instagram.com/hokmakeup;https://youtube.com/c/hokmakeup,beauty & skincare,"Buy Luxury Makeup Products Online in India at Best Prices Only on HOK Makeup. Explore Top-Rated Foundations, Lipsticks, Eyeshadows & More from Trusted Brands. Enjoy Fast Shipping, Easy Returns & COD Options.",https://hokmakeup.com/cdn/shop/files/image_30d4acee-3d50-48d9-a131-60bfc731d9ff.png?v=1782819814&width=500,Delhi
https://shoponcliq.com,care@bewakoof.com;care@shoponcliq.com;shoponcliq@gmail.com;support@shoponcliq.com;+919266887788,https://facebook.com/Shoponcliq;https://in.pinterest.com/shoponcliq;https://instagram.com/shoponcliq.india;https://youtube.com/ShopOnCliq,other,"ShopOnCliQ offers stylish, premium mobile covers, back covers and phone cases for iPhone, OnePlus, Samsung, Vivo, Oppo, Realme & more. Cute phone cover for girls. Buy online in India.",https://shoponcliq.com/cdn/shop/files/shoponcliq-logo.webp?v=1774430454&width=500,Delhi
https://shop-1172.myshopify.com,support@pinakionline.com;+918001234567,https://facebook.com/shopify;https://instagram.com/shopify;https://pinterest.com/shopify;https://twitter.com/shopify,other,,https://shop-1172.myshopify.com/cdn/shop/t/4/assets/logo.png?v=17368045540545065231475559981,
https://therevolverclub.com,goa@therevolverclub.com;support@therevolverclub.com;+919158102323;+919321977576;+919867933224,https://instagram.com/ezfi.therevolverclub;https://instagram.com/therevolverclub;https://instagram.com/therevolverwatchclub;https://youtube.com/@therevolverclub/videos,electronics,"The Revolver Club brings to you Hi-Fi audio in India with its range of luxury audio systems including vinyl records, turntables, home theatre systems, amplifier",https://www.therevolverclub.com/cdn/shop/files/TRC_Logo_HighRes_1f1147db-ab8a-4f7a-88f6-a5319791aecb.png?v=1714556628&width=380,Maharashtra
https://candyskin.com,customercare@candyskin.com;info@candyskin.com;+917045785815,https://facebook.com/candyskinofficial;https://instagram.com/candyskinofficial;https://youtube.com/channel/UC_OGtgd92_EGBYneWOS2owQ,other,"Shop at Candyskin, India's Best Online Shopping Site for Women's lingerie. Explore a wide range of Lingerie sets, Night wear, Bra & Panties, Shapewear & Innerwear products for women.",https://www.candyskin.com/cdn/shop/files/Final_LOGO_1_200x.png?v=1671435522,Maharashtra
https://thebombaycanteen.com,reservations@thebombaycanteen.com;+918880802424,https://facebook.com/TheBombayCanteen;https://instagram.com/thebombaycanteen;https://twitter.com/bombaycanteen,other,"Showcasing and celebrating the diversity of India, without borders! Welcome to the official website of The Bombay Canteen",,Maharashtra
https://allureartworx.com,feedback@allureartworx.com;+91209820172421;+919820172421,https://facebook.com/allureartworx;https://instagram.com/allureartworx;https://pinterest.com/allureartworx,jewelry,"Welcome to Allureartworx, where elegance meets craftsmanship in every piece of alloy and silver jewelry. Our curated collection is a celebration of timeless beauty, inspired by both traditional and contemporary influences.",https://allureartworx.com/cdn/shop/files/web_logo.png?v=1613213436&width=230,Maharashtra
https://earlyfoods.com,hello@earlyfoods.com;+918049670521;+918095199933,https://facebook.com/earlyfoodsindia;https://instagram.com/earlyfoods;https://youtube.com/channel/UCmQulvAD5WsIai23h-f_k5g,baby & kids,"Buy Early Foods Porridges for Babies, Sugar Free Cookies for Toddlers, Snacks for New Moms & Snacks for Pregnant Moms are inspired by Traditional Indian Recipes from Grandma's Kitchen. Made from Organically Certified Grains which helps feed Nutrition-Dense Food for Picky Eaters.",https://earlyfoods.com/cdn/shop/files/logo.png?v=1726752012,
https://shop.mirakin.com,+918076619407;+919650422085,https://facebook.com/Mirakinjewelry;https://in.pinterest.com/Mirakinjewelry/_created;https://instagram.com/mirakinjewelry;https://twitter.com/mirakinofficial,jewelry,,https://shop.mirakin.com/cdn/shop/files/Grey_Logo_Grid_bbe20f8b-f5d5-4c9f-bb5a-1e5804afdc2c.png?v=1749645743&width=1000,Delhi
https://rohitkamra.com,info@rohitkamra.com;+911414022888;+919929222888,https://facebook.com/RohitKamraJaipur;https://instagram.com/rohitkamrajaipur;https://youtube.com/channel/UCttT7EdR0pZCtjtmMu6Kgjg,apparel & fashion,Explore the men's wear design by India's #1 celebrity men's fashion designer Rohit Kamra. Best known for his designs and a wide variety of wedding wear.,https://rohitkamra.com/cdn/shop/files/rohit-kamra-logo_1_300x300.png?v=1745571936,Rajasthan
https://originone.in,blacknomilk@originone.in;shopping@originone.in;sunnysideup@originone.in;+919811510755,https://facebook.com/originonestore;https://instagram.com/originonestore;https://instagram.com/p/B1GgpPNIyCE;https://instagram.com/p/B2CRnwrg38Z;https://instagram.com/p/B5kxU-Ylctt;https://instagram.com/p/Bm7r6kVl1gt;https://instagram.com/p/Bu1cTl0BAcI;https://instagram.com/p/CDrTuMiAvTE;https://instagram.com/p/CJOHeDlAT2z;https://instagram.com/p/CJStaWAgI_q;https://instagram.com/youraccount;https://pinterest.com/originonestore,books & stationery,"Luxury stationery, handmade rugs, and design objects made for the modern global nomad. Shop notebooks, planners, travel stationery, personalized gifts, and more. Worldwide shipping available!",https://www.originone.in/cdn/shop/files/LogoNewBlack_hor_a28b6ab6-a4f2-4ab6-964c-db7fd8030b45.png?v=1613157308&width=800,Delhi
https://localxo.com,,https://facebook.com/LocalXO-1773164409666123;https://instagram.com/localxo,other,LocalXO presents a series of one-of-a-kind experiences curated with love by locals in Chennai.,,Karnataka
https://uncletony.com,customercare@uncletony.com;+918929486285,https://facebook.com/Uncle-Tony-India-109994504978290;https://instagram.com/uncletonyindia;https://youtube.com/@uncletony8030,beauty & skincare,"Shop Men's Grooming, Skin Care & Beauty Products Online in India. Our grooming kits for men includes shaving kits, beard kits, beard washes, beard oils, beard combs, & face scrubs. Order Now!",https://cdn.shopify.com/s/files/1/0566/3047/6993/files/FINAL_UNCLE_TONY_LOGO_RGB_OG_HORIZONTAL-01_140x.png?v=1641456698,Uttar Pradesh
https://casadeamor.in,+917223963311,https://facebook.com/casadeamor.in;https://in.pinterest.com/casadeamorpin;https://instagram.com/casadeamor.in;https://twitter.com/casadeamor_in;https://youtube.com/channel/UCWUD5_IS7sXC8jvzwcNh-WA,home decor,"Shop organic gardening products online at Casa De Amor. Premium fertilizers, potting soil, grow bags, planters & seeds. Free delivery on orders above Rs. 599. COD available.",https://casadeamor.in/cdn/shop/files/Casa_De_Amor_Logo_2023_f072688c-ab8c-4de3-9da7-cca5e5e03ec2.png?v=1696577413&width=500,West Bengal
https://artzfolio.com,corporate@artzfolio.com;help@artzfolio.com;legal@artzfolio.com;order@artzfolio.com;partner@artzfolio.com;+919911722260,,books & stationery,"ArtzFolio - Your Bespoke Assistant for Home, Office, & Lifestyle CUSTOM MADE. GET WHAT YOU WISH. ZERO WASTE. PAINTINGS | ART PRINTS | WALLPAPERS | BULLETIN/NOTICE BOARDS | MAGNETIC BOARDS | UPHOLSTERY | HOME LINEN | FURNISHINGS | SOFT FURNITURE | STATIONERY & ORGANIZATION PRODUCTS | FABRICS | KITCHENWARE | BULK GIFTING",https://www.artzfolio.com/cdn/shop/files/Logo_Transparent_1f97d649-6225-449e-b058-f823f69eb517_95x.png?v=1647238610,Delhi
https://nakshatraterracotta.com,nakshatrabynarmatha@gmail.com;+919965662646,https://facebook.com/Nakshatraterracottajewellery;https://in.pinterest.com/nakshatraterracotta/_created;https://instagram.com/nakshatra_terracotta_jewellery,jewelry,Buy from a range of distinctive terracotta jewelry pieces that combine contemporary design with age-old craftsmanship. The best finish and quality,,Tamil Nadu
https://mothersparsh.com,contact@mothersparsh.com;grievance@mothersparsh.com;hr@mothersparsh.com;info@mothersparsh.com;+9118001213694;+919817700876;+919817700877,https://facebook.com/motherssparsh;https://in.pinterest.com/mothersparsh;https://instagram.com/mothersparsh;https://linkedin.com/company/mother-sparsh;https://twitter.com/mothersparsh;https://youtube.com/channel/UCBqbyKjUk5GYzwkDLvQBcBQ,baby & kids,"Shop Mother Sparsh baby care — wipes, lotions, soaps, washes & more made with coconut, oatmeal & calendula. Free of harsh chemicals. Gentle enough for day 1",https://mothersparsh.com/cdn/shop/files/new_logo_e3f4d18e-a9c0-43d9-b91a-5a1c154b1b93_1.png?v=1734756103&width=600,Chandigarh
https://pintola.in,,https://facebook.com/pintola.in;https://instagram.com/pintola.in;https://linkedin.com/company/pintolapeanutbutter;https://twitter.com/PintolaOfficial;https://youtube.com/channel/UCeGPJu-fM4fe4BcoijTdNCg,other,,https://pintola.in/cdn/shop/files/flora__logo-white_720x.png?v=1615648612,Delhi
https://ridhimabhasin.com,info@ridhimabhasin.com;+911141005703;+911204324129;+918826261912,https://facebook.com/ridhimabhasinofficial;https://instagram.com/ridhimabhasinofficial;https://twitter.com/ridhimabhasin01?lang=en,apparel & fashion,"Explore Designer women clothes online at Ridhima Bhasin featuring designer lehenga, sarees, Anarkalis, kurtas, gown, sharara & gharara set, kaftan & more online. Explore the wide collection of ethnic, formal, casual and western clothing for women and numerous other dresses.",https://ridhimabhasin.com/cdn/shop/files/RIDHIMA_BHASIN_LOGO_resized_260x.png?v=1615320807,Maharashtra
https://tbhai.com,,https://facebook.com/TBhaiIndia;https://instagram.com/TBhaiIndia,apparel & fashion,Pregnancy Photo Shoot T-Shirts | Bride T-Shirts | T-Shirts for Vacations and Group Outings | Kids Birthday T-Shirts | Custom Aprons | Custom Tapestries | Matching Family T-Shirts | Custom T-Shirts | Custom Jacket | Custom Sweatshirts | Ideal Gifts,https://www.tbhai.com/cdn/shop/files/TBhai_Logo_512x512_20ed495a-8c86-4be5-a7f1-020924e2a3fb.png?v=1656504543&width=500,
https://maniaclife.com,support@maniaclife.com;+912020091123;+919150043065,https://facebook.com/ManiacLife.co;https://instagram.com/maniaclifeclothing;https://youtube.com/channel/UCI3p98v75ixl2KYztIjCAjA,apparel & fashion,"Online Shopping for Men | Streetwear Men's Shop. Buy Online Best T-shirts, Jackets, Cargo Pants, Sweat Shirts , Coords and Jogger Pants for Men. BEST QUALITY.AFFORDABLE PRICING.TRENDY DESIGNS.",https://maniaclife.com/cdn/shop/files/Maniac_LOGO_Black.png?v=1666121733&width=500,Tamil Nadu
https://gelco-world.com,accounts@gelco-world.com;exports@gelco-world.com;info@gelco-world.com;purchase@gelco-world.com;sales@gelco-world.com;wecare@gelco-world.com;+9118002331846;+912764281844;+912764281846,https://facebook.com/GELCOWorld;https://linkedin.com/company/gelco-electronics-pvt-ltd?originalSubdomain=in;https://youtube.com/@GELCOWorldOfficial,electronics,"Gelco Electronics manufactures efficient and reliable control panels, MCBs/ELCBs, voltage stabilizers, switch gears and much more. We have a wide range of products which cater agricultural sector to household electrical equipment to commercial applications for industries",https://gelco-world.com/cdn/shop/files/gelco-logo-new.png?v=1672650717,Gujarat
https://febris.in,info@febris.in;service@febris.in,https://facebook.com/febrisindia;https://instagram.com/wearfebris;https://pinterest.com/febrisindia;https://twitter.com/febrisindia,food & beverages,"India’s leading medical scrubs online store. Febris offers slim fit medical scrubs, lab coats , designer scrub caps , eye masks both ready to wear and customisable.",https://www.febris.in/cdn/shop/files/web_tag_2_212x.png?v=1662700510,Punjab
https://saraaha.com,support@saraaha.com,https://facebook.com/profile.php?id=100085795446386;https://instagram.com/saraaha_official,other,"Explore our vast collection of stylish fabrics includes over 4,000+ designs to meet all your sewing and crafting needs. Shop now with Saraaha!",https://www.saraaha.com/cdn/shop/files/Layer_1_2332x.png?v=1664609523,West Bengal
https://themaevastore.com,sales@themaevastore.com;+917397704430,https://facebook.com/themaevastore;https://instagram.com/themaevastore;https://pl.pinterest.com/themaevastore;https://twitter.com/themaevastore?lang=en,home decor,"Discover elegant home décor, fragrances, candles, and gifts at The Maeva Store. Explore floral décor, scented candles, and unique gifting options.",https://www.themaevastore.com/cdn/shop/files/Mask_group_2dba738b-9ec0-42e2-a0cd-bee14b043eda_70x@2x.png?v=1713518108,Karnataka
https://baluherbals.com,care@baluherbals.com;+919030590305,https://facebook.com/baluherbals;https://in.pinterest.com/baluherbals;https://instagram.com/baluherbals;https://twitter.com/baluherbal;https://youtube.com/@baluherbals;https://youtube.com/channel/UCWCl3zda-KXfUFb-GbIwnLg/videos;https://youtube.com/watch?v=Hvk1gU8x_Hc;https://youtube.com/watch?v=XkPYzh5Q8rE,health & wellness,Buy Balu Herbals Ayurvedic Products Online Store. Secure payment process. Quick & safe delivery. Categories: Health & Beauty Products.,https://www.baluherbals.com/cdn/shop/files/BH_logo_new_vk.png?v=1713253626&width=500,Telangana
https://eatanytime.in,cs@eatanytime.in;orders@eatanytime.in;+918268000456,https://facebook.com/eatanytime;https://instagram.com/eatanytime;https://twitter.com/eatanytimeindia;https://youtube.com/@eatanytimeindia,food & beverages,"Explore the range of best healthy snacks to buy from the EAT Anytime. Order healthy energy bars, trail mix and protein cookies for daily snacking option. Cash on Delivery and Free Shipping Available.",https://eatanytime.in/cdn/shop/files/eatanytime_new_logo.png?v=1776067040&width=500,Maharashtra
https://theoliostories.com,,,apparel & fashion,"Contemporary pieces, designed to be worn day in and out. Accessibly priced collections of apparel, jewelry and footwear.",https://theoliostories.com/cdn/shop/files/preview_images/olio_logo.png?v=1771571262&width=3840,
https://bookmycostume.com,contact@bookmycostume.com;+919999490730,https://facebook.com/BookMyCostume;https://instagram.com/bookmycostume;https://instagram.com/p/Cs3CZHYNm4o;https://instagram.com/p/Csd669zthLA;https://instagram.com/p/CsnLoh1Rrqj;https://instagram.com/p/CssbL8Yx_xC;https://instagram.com/p/CswQvcUtjzg;https://instagram.com/p/CsyxwOuxFmy;https://instagram.com/p/CtCKvM8xW14;https://instagram.com/p/CtHAkprxdq9;https://pinterest.com/bookmycostume;https://twitter.com/BookMyCostume,baby & kids,Buy and Rent childrens fancy dress costumes for kids online across India. Largest boys and girls costumes range for School Fancy Dress Competitions & children school Annual days. Get Fancy Dress Ideas as per fancy dress themes for toddlers & babies. Adults theme party Halloween costumes also available. Fast delivery.,https://www.bookmycostume.com/cdn/shopifycloud/storefront/assets/no-image-2048-a2addb12.gif,Gujarat
https://subhasbooks.com,contact@subhasonline.com;+918026741030,https://facebook.com/SubhasPublishingHouse;https://instagram.com/subhaspublishinghouse,books & stationery,"Subhas Publishing House Pvt. Ltd. , Bangalore, which is one of India's leading Publisher of children's books was established with a firm goal of publishing academic books that are informative and distinctive with focus on high quality both in substance and in presentation.",https://subhasbooks.com/cdn/shop/files/Subhas_-_New_Trademark_Logo_383x.png?v=1770725583,Karnataka
https://dgreen.in,,https://facebook.com/dgreenindia;https://instagram.com/dgreenindia,other,,https://www.dgreen.in/cdn/shop/files/dgen_copy.png?v=1710449728&width=323,Punjab
https://buypurenaturals.com,experts@bypurenaturals.com;sales@bypurenaturals.com;social@bypurenaturals.com;+911294171118;+919266016262;+919459458282,https://facebook.com/settings?tab=ads,beauty & skincare,"Natural hair colour made with an Ayurveda, Dermatology and French collaboration. Professional hair color and hair care products with salon-quality results. See for yourself how byPureNaturals is transforming the at home hair color experience. Beauty, skin care and Organic herbs for DIY skin care.",https://www.buypurenaturals.com/cdn/shop/files/Buy_Pure_Natural_Logo.jpg?v=1710941573&width=3225,Delhi
https://ekdodhai.com,eddcare@ekdodhai.com;+919718509925,https://facebook.com/ekdodhai;https://instagram.com/ekdodhai,home decor,"Ek Do Dhai offers quirky, bold barware, home decor and gifting essentials with a desi twist. From shot glasses & beer mugs to ashtrays and platters, every product is made to stand out. Designed in India for those who love humor, style, and storytelling. Shop. We do customisation for cafes, clubs, hotel and corporates",https://www.ekdodhai.com/cdn/shop/files/edd_logo_202x.png?v=1676366802,Delhi
https://hetha.in,sales@hetha.in;+919528837465,https://facebook.com/HethaOrg;https://instagram.com/hetha.in;https://linkedin.com/in/aseemrawat;https://linkedin.com/in/kiran-amarnani-73863896;https://x.com/HethaOrganics;https://youtube.com/@hethaorganics,food & beverages,"HETHA provides Cruelty Free A2 Milk & Milk products, Panchgavya medicines , Certified Organic Grocery. Explore the unique range of A2 Bilona Ghee from Himalayan Badri, Gir, Sahiwal and Tharparkar cows. HETHA has 3 farms : Ghaziabad and Bulandshahr, UP and Champawat, Uttarakhand.",https://hetha.in/cdn/shop/t/15/assets/logo.png?v=155571856117030548831748404827,Uttar Pradesh
https://banknotecoinstamp.com,,,other,"Explore the finest collection of world banknotes, coins, and stamps at World Banknotes Coins and Stamps. Shop for rare and authentic pieces online today! Find rare and unique banknotes, coins, and stamps from around the world, all in one place.",https://banknotecoinstamp.com/cdn/shop/files/logo_145x.png?v=1647006460,Maharashtra
https://yellowchimes.com,support@globalbees.com;yellowchimes@gmail.com;+919625740740,,jewelry,"We've addressed the thirst of 1.5 M customers to stay on top of fashion jewellery trends. Yellow Chimes offers the best, most trendy, and affordable accessories online. Choose from a wide range of earrings, pendants, bracelets, chains, & more. Modern & Stylish or Traditional & Charming, Look no further -We have it all!",https://yellowchimes.com/cdn/shop/files/YC_website_logo-removebg-preview.png?v=1750668653&width=500,Karnataka
https://ventairindia.com,support@ventair.co.in;+9118008891230;+919163315725;+919163315728;+919163315740,https://facebook.com/ventairindia;https://instagram.com/ventair_india;https://youtube.com/channel/UCsjmXVSrTKm8ZHhX2IugHdQ/featured,jewelry,"Ventair is the largest manufacturer and the best brand for Auto Clean Kitchen Chimneys in India. From the house of Ventair, we bring to you, India's 1st Voice Enabled Chimneys, Musical Chimneys, Smart Clean Chimneys, Steam Clean Chimneys and the best Luxurious High-End Chimneys in India!",https://www.ventairindia.com/cdn/shop/files/ventairlogo_SVG_1_740x.svg?v=1707568083,West Bengal
https://instalength.com,+917733889977,,other,"Shop Online for Hair Extensions in India. Buy Best Clip-in Hair Extensions Online India, Luxury Human Hair Extensions Online in India. 100% Natural Human Hair.",,
https://glamveda.com,customercare@prosperacare.in;glamveda@gmail.com;+918595006034,https://facebook.com/glamveda;https://instagram.com/glamveda_skincare;https://youtube.com/channel/UChHMAh0Y46MGJRWjDJYgf8Q,beauty & skincare,"Shop Glamveda skincare online in India. Korean glass skin, glutathione & kojic acid ranges, SPF 50 sunscreen, serums & luxe perfumes. COD & fast shipping.",https://glamveda.com/cdn/shop/files/grey_png.png?v=1759562735&width=1959,Delhi
https://thebreedgear.com,sukesh@thebreedgear.com;tbgonlinestore@thebreedgear.com,https://instagram.com/tbgonline;https://twitter.com/thebreedgear,apparel & fashion,"The Breed Gear (TBG) brings to the market high quality and great value for money motorcycle riding gears like Jackets, Gloves, Boots, Race Suits etc.",https://www.thebreedgear.com/cdn/shop/files/TBG-logo-w.png?v=1657346016,Karnataka
https://loveforwhite.com,orders@loveforwhite.com;+919810146244;+919818128660;+919891218415,https://facebook.com/loveforwhite;https://instagram.com/loveforwhite1,furniture,"Premium luxury bed, bath & table linen inspired by Japanese minimalism. Hotel-quality sheets, towels & duvets. Shop Love for White.",https://loveforwhite.com/cdn/shop/files/1000036843_811911ae-36c1-406c-955c-dfe9ee33c854.png?v=1781412180&width=500,Delhi
https://hyprote.in,hello@hyprote.in;+918040928023,https://facebook.com/hyprotein;https://instagram.com/hyprotein;https://twitter.com/hyprotein,food & beverages,"Makers of the #1 selling Protein Bar in India! 20g of high-quality protein, plenty of fiber, low carb, soy free, gluten free, no added sugar. It is delicious & Our range of protein snacks and foods include - Cookies, Trail Mixes, Whey protein powder and sugar free natural Stevia Powders.",https://hyprote.in/cdn/shop/t/7/assets/Logo@3x_small.png?v=8623824319252386281637989020,Karnataka
https://firesideventures.com,andrea@firesideventures.com;contact@firesideventures.com;website@firesideventures.com;+912022230032;+912025260272;+918061936868,https://in.linkedin.com/company/firesideventures;https://youtube.com/c/FiresideVentures,health & wellness,"Fireside Ventures is among leading venture capitalists in India, investing in health and consumer startups in India and helping founders scale strong brands",https://firesideventures.com/cdn/shop/files/Only_logo.png?v=1771943622&width=300,Karnataka
https://mohabygeetanjali.com,+919930898047,https://facebook.com/mohasilverjewelry;https://instagram.com/mohabygeetanjali;https://youtube.com/@mohabygeetanjali3035/videos,jewelry,"Shop handcrafted 925 sterling silver jewellery online at MOHA by Geetanjali. Discover unique Mangalsutras, necklaces, earrings, nose pins, Bugadi, Nath, toe rings & more.",https://mohabygeetanjali.com/cdn/shop/files/moha-logo.svg?v=1780121831&width=400,Maharashtra
https://pastelsandpop.com,info@pastelsandpop.com;+919632028194;+919663391638,https://facebook.com/pastelsandpop;https://instagram.com/pastelsandpop;https://twitter.com/pastelsandpop,other,"Shop handcrafted jutti for women & men online at Pastels & Pop. Buy silk, zardozi & embroidered Punjabi juttis for weddings, festive & daily wear. Free worldwide shipping. Shop Now!",https://sellabroad-uploads.s3.eu-west-1.amazonaws.com/logos/tabby.png,Karnataka
https://bonsoir.co.in,contact@bonsoir.co.in;+919999237300,https://facebook.com/Bonsoirsuits;https://in.pinterest.com/bonsoirindia;https://instagram.com/bonsoirindia;https://youtube.com/channel/UC7nu3y-F9n2X5hsm8HN8nCw,apparel & fashion,Step into luxury in men’s fashion. Experience an exquisite range of Indian ethnic and Formal wear.,https://www.bonsoir.co.in/cdn/shop/files/WhatsApp_Image_2024-08-14_at_6.14.56_PM_1280x.jpg?v=1724144664,Uttar Pradesh
https://chokore.com,info@chokore.com;+919650429889,https://facebook.com/chokoreindia;https://instagram.com/chokoreindia;https://linkedin.com/company/chokoreindia;https://pinterest.com/chokoreindia;https://x.com/chokoreindia;https://youtube.com/@chokoreindia,apparel & fashion,"Chokore is a digital-first lifestyle platform curating headwear, eyewear, perfumes, and fashion accessories — bringing together global style, Indian inspiration, and everyday affordability.",https://www.chokore.com/cdn/shop/files/WhatsApp_Image_2026-09-03_at_4.57.22_PM.jpg?v=1788434868&width=1536,Karnataka
https://vardhmanknitworld.com,customercare@vardhman.com;hky@vardhman.com;+918146625292,https://facebook.com/vardhmanknittingyarn;https://instagram.com/vardhmanknittingyarn;https://youtube.com/@vardhmanknittingyarn,home decor,,https://vardhmanknitworld.com/cdn/shop/files/2wUaWNGXkC5VvlCM5HBu2y7O2kIbD4fChTFT05iC.png?v=1784358115&width=500,Punjab
https://dcodeshop.com,contact@dcode.com;dcodeclothing@gmail.com;+918826838811,https://facebook.com/profile.php?id=100085085004290;https://facebook.com/settings?tab=ads;https://instagram.com/dcode_clothing_,other,,https://www.dcodeshop.com/cdn/shop/files/logo_28cdf35f-c479-4f92-b0be-2fa7e2c6e614.jpg?height=55&v=1722767137,West Bengal
https://wholefoods.co.in,hey@wholefoods.co.in;+918800111445,https://facebook.com/wholefoodsindia;https://instagram.com/wholefoodsindia;https://twitter.com/WholeFoodsIndia,food & beverages,"Wholefoods is one of the best Gluten Free Bakery Delhi NRC, India. You can shop from a wide range of Gluten Free Foods online at Wholefoods with best quality. Shop now!",https://wholefoods.co.in/cdn/shop/files/wholefood_logo-Photoroom_1.png?v=1767009431,Delhi
https://trykartehai.com,customer_delight@trykartehai.com,https://instagram.com/explore/tags/trykartehai;https://m.facebook.com/100064280155994,baby & kids,"Sex Toys in India - Best Online Sex Toys Store in India for men and women like Cock Rings, Dildos, and Vibrators at affordable prices With Free Home Delivery",https://trykartehai.com/cdn/shop/files/Logo_b89c56e9-e3b5-4721-8a95-087b9dcc4718.png?v=1614718429&width=500,Karnataka
https://alika.in,hello@alika.in;+918157025332,https://facebook.com/alikafabs;https://in.pinterest.com/alikafabs;https://instagram.com/alikafashions,apparel & fashion,"Discover Alika’s elegant collection of handcrafted sarees, designer kurtis, and cutwork styles. Perfect for weddings, festivals, and everyday elegance. Shop timeless ethnic fashion online today.",https://www.alika.in/cdn/shop/files/alikalogo_black11_a7c97a18-c4a8-4a77-a987-1c7118778b50.png?v=1677574460&width=400,Kerala
https://fanideaz.com,support@fanideaz.com;+916381928635;+918973113131,https://instagram.com/fanideaz_4_mens,apparel & fashion,PROUDLY MADE IN INDIA STORE - worldwide fashion store since 2013. We sell Unique branded Fashoin and Trendy products on this official Fanideaz Brand Store,https://fanideaz.com/cdn/shop/files/fi_logo_2ef38bc8-7afc-4221-b6a3-d8f0041aa6b2.png?v=1741330446,Karnataka
https://kckdirect.com,customercare@kckdirect.com;+917909111191;+918592997778;+919072004400;+919744897979;+919895978712,https://facebook.com/kckdirect;https://in.linkedin.com/company/kck-dental;https://instagram.com/kckdirect;https://x.com/kckdirectdental;https://youtube.com/@kckdental2001/videos,other,"KCK Direct is a leading dental supplies store in India. Your go-to online dental store for quality dental products online, trusted by professionals, clinics & students.",https://www.kckdirect.com/cdn/shop/files/Koden_Logo_1_1.png?v=1788539611&width=270,Kerala
https://bookkish.com,info@bookkish.com;+919013256529;+919958138227;+919999329694,https://facebook.com/Bookkish.India;https://in.pinterest.com/bookkish_in;https://instagram.com/rare.books.inc;https://twitter.com/RareBooks_Inc,books & stationery,"Astrology Books, Vastu Books Numerology books & other religious books",https://bookkish.com/cdn/shop/files/380-mobile-Bookkish-logo-2020.png?v=1614291881&width=500,Delhi
https://aumentoinfoway.com,,https://facebook.com/AumentoInfoway;https://in.pinterest.com/aumento_infoway;https://instagram.com/aumento_infoway;https://linkedin.com/company/aumento-infoway-pvt.-ltd.;https://twitter.com/Aumento_Infoway,apparel & fashion,"Trusted Shopify Plus agency in India helping growing eCommerce brands build high-converting, custom Shopify Plus stores. From design to development, we deliver scalable solutions that drive real growth. Let’s build your Shopify Plus store today contact us now.",https://aumentoinfoway.com/cdn/shop/files/image_2.png?v=1767072749&width=100,West Bengal
https://raptorholidays.com,contact@raptorholidays.com,,other,"Established in 2011, the company has striven hard to excel in the field of tourism. We believe 'Travel is the secret to true happiness', travel often!",,Maharashtra
https://houseofmeows.com,info.houseofmeows@gmail.com;+918450938009,,pets,"Handcrafted cat furniture made in India. Premium cat trees, scratchers & wall-mounted furniture in solid wood, sisal & jute. Modern design for Indian homes.",https://houseofmeows.com/cdn/shop/files/logo-print.png?v=1773992504,Maharashtra
https://serenityonline.in,care@serenityonline.in;+912224116894;+919356696117;+919619766894,https://facebook.com/serenityonline.in;https://instagram.com/serenityonlineindia,other,"Find unique & quirky gifts, lamps, table mats, designer curtains, map curtains, printed shower curtains, table runners, table mats, cotton cushion covers, foldable meditation chairs, vintage design home decor online at Serenity Blissful Living",https://serenityonline.in/cdn/shop/files/Serenity_blissfulliving_transparent-01_4b8ffee3-caa9-4a08-ab01-bb64b9ee4018_410x.png?v=1613159153,Maharashtra
https://thedeepshop.com,contact@company.com;thedeepshoppers@gmail.com;+917837777045,https://facebook.com/thedeepshop;https://instagram.com/thedeepshoppers;https://pinterest.com/thedeepshop,home decor,"Beauty products ,Home Decor , Office motivational wallpapers, kids toys , Women accessories ,Garden accessories , Kitchen materials, keychains , jewellery ,Sports and fitness accessories",https://thedeepshop.com/cdn/shop/files/logo_500x500.png?v=1613643839,
https://roopaks.com,info@roopaks.com;+918527175616;+919354014431;+919999325577;+919999775616,https://instagram.com/roopakspices,food & beverages,,https://roopaks.com/cdn/shop/files/roopaks-01_copy.png?v=1761304757,Maharashtra
https://mudfingers.com,support@mudfingers.com;+917892570741,https://facebook.com/mudfingers;https://instagram.com/mud_fingers;https://linkedin.com/company/mudfingers,food & beverages,"We are a green team that is passionate about designing foliage to die for! At Mudfingers, we believe that working or living around a green pot of wonder is the best life! How better is it ... if these plants are designed with a lot of love, care and aesthetics!",https://www.mudfingers.com/cdn/shop/files/mudfingers_logo_530x120.png?v=1641716219,Karnataka
https://haanum.com,+911714939362;+911714939369;+911714939376;+911714939382;+911714939388;+911714939394;+911714939399;+911714939406;+911714939411;+911714939417;+911714939571;+917259884906,https://facebook.com/Haanumwear;https://instagram.com/haanumwear,apparel & fashion,"You are funny, sarcastic, quirky or just a rebel. Speak no more & just make a statement with Apparel Handpicked and Unique Designs For Men and Women Online Shopping",https://haanum.com/cdn/shop/files/LOGOb_dd8bacf1-1080-438e-bb46-1ec8d763ecc0.png?v=1630558804&width=280,Delhi
https://heerson.com,customercare@heerson.com;jhon.brown@gmail.com;+919920884333,https://facebook.com/heersondryfruits;https://instagram.com/heerson.india?igsh=MW16dm9oaXIyNDA0Ng%3D%3D,food & beverages,"Buy from a wide range of Indian Sweets, Namkeen, Dry Fruits, Mukhwas, Khakhra. Free Shipping Across India. International Delivery Available. Order and Get Delivery of Traditional and Premium Indian Snacks all over INDIA, the USA, the UK, and Worldwide",https://heerson.com/cdn/shop/files/Heerson_Logo.jpg?v=1717139435&width=140,Maharashtra
https://swadbazaar.com,dispatch@panjon.in;ecom@panjon.in;+919300008787,https://facebook.com/SwadCandy;https://instagram.com/swadcandy;https://youtube.com/@swadcandy,food & beverages,Swad Bazar Candy Mukhwas Mouthfreshener Panjon Pachak Mukhwas Masala Tea buy swad candy online shop the aroma factory incense stick agarbatti REED DIFFUSER,https://swadbazaar.com/cdn/shop/files/cgndf__1_-removebg-preview_2.png?v=1761655562&width=500,Karnataka
https://greenessentials.in,info@greenessentials.in;+918087000708,https://facebook.com/greenessentials;https://instagram.com/green.essentials,other,Green Essentials (Goa),https://greenessentials.in/cdn/shop/files/Green_Essentials_Logo_transparent.png?v=1615321631&width=500,Karnataka
https://greymode.in,+919087723533,https://facebook.com/greymode.in;https://in.pinterest.com/greymodeindia;https://instagram.com/greymodedotin,furniture,"Greymode is for anyone who loves indian tradition, who likes to decorate their home with deep cultural connections. From decorative uruli for rituals and vastu benefits to table top fountains for pooja room needs and vastu remedy, Greymode has unique collections designed and handcrafted in INDIA.",https://www.greymode.in/cdn/shop/files/new-logo-3png_100x.png?v=1613679833,Puducherry
https://suppleroom.com,info@suppleroom.com,https://facebook.com/suppleroom;https://in.pinterest.com/suppleroom;https://instagram.com/supple.room;https://twitter.com/suppleroom?lang=en;https://youtube.com/channel/UC1AT-fIKeiyyidfktlGNbDQ,books & stationery,"Exclusive Stationery supplies in India, offering stylish gifts, luxury stationery and functional organising tools in pretty designs.Office, School,College,Home",https://suppleroom.com/cdn/shop/files/Logo-big_101928a8-ea3e-4d50-929d-5fbf7fb477aa.png?v=1728894416&width=500,
https://mansaa.io,support@mansaa.io;+919971745757,https://facebook.com/mansaa.iot;https://instagram.com/mansaa_iot;https://twitter.com/i/flow/login?redirect_after_login=%2Fmansaa_iot;https://youtube.com/@mansaa2492/videos,home decor,,https://www.mansaa.io/cdn/shop/files/mansaa_27c691ab-6ffe-4a60-b5df-305ae0bff1bd.png?v=1689247493&width=1700,Haryana
https://sharrets.com,info@sharrets.com;+912024062427;+919799130300,https://facebook.com/sharretsnutritions;https://instagram.com/sharrets,health & wellness,"Shop premium health supplements in India—protein, collagen & vitamins. FSSAI approved. Also offering nutrition for pets & animals. Ships to USA, UK, UAE & Canada.",https://www.sharrets.com/cdn/shop/files/sharrets_logo_1_0427092e-3882-4964-83b4-8abeac51fcf1.png?v=1716958700&width=500,Rajasthan
https://mittalbooks.com,info@mittalbooks.com;+919810444531,https://facebook.com/MittalPublications,pets,,https://mittalbooks.com/cdn/shop/files/logo_300x300.jpg?v=1614343432,Uttar Pradesh
https://sadhna.org,marketing@sadhna.org;sadhna@sadhna.org,https://facebook.com/Sadhnahandicrafts;https://instagram.com/sadhnaudaipur_;https://pinterest.com/sadhna123;https://youtube.com/@sadhnahandicrafts3062/featured,apparel & fashion,"Shop handcrafted, sustainable fashion from Sadhna—ethically made kurtas, stoles, dupattas, bags & more by 550+ women artisans using traditional craft.",https://sadhna.org/cdn/shop/files/sadhna_png_logo_1.png?v=1717828756&width=500,Rajasthan
https://socksxpress.com,brand@balenzia.com;brand@socksxpress.com;customercare@balenzia.com;customercare@socksxpress.com;+919839800764,https://facebook.com/socksxpress;https://instagram.com/socksxpress;https://linkedin.com/company/socksxpress,baby & kids,"Express yourself with styles that feel as good as they look. Shop fandom, everyday comfort & statement pairs.",https://socksxpress.com/cdn/shop/files/SX-Logo_1.png?crop=center&height=1000&v=1732601574&width=1000,West Bengal
https://mealofthemoment.com,,https://facebook.com/mealofthemoment;https://instagram.com/mealofthemoment;https://linkedin.com/company/m-o-m-meal-of-the-moment;https://linkedin.com/in/mugdha-bhagchandka-0b9678197;https://linkedin.com/in/pbhagchandka;https://m.facebook.com/mealofthemoment,food & beverages,"Just like how every mom’s key ingredient is her love, we pack each meal with great care, affection and warmth. MOM provides truly healthy and hygienic packed meals and snacks which always hit the spot!",https://mealofthemoment.com/cdn/shop/t/68/assets/logo.png?v=90660,Karnataka
https://mintritea.com,care@mintritea.com;career@mintritea.com;jyoti.agroexports@gmail.com;mail@mintritea.com;+918170040831,https://facebook.com/mintritea;https://instagram.com/mintritea,food & beverages,"Treat yourself to fine collection of Chai blends, and Gourmet Teas such as Exotic Virgin Green Tea, English Black Orthodox Tea, Roasted Black Tea and so much more.",https://mintritea.com/cdn/shop/files/Mintri_M_hd_logo_f70be449-13d9-4827-ac41-59c7bc3d1d8a.jpg?v=1666386077&width=640,West Bengal
https://vvmart.in,info@vasudeva.com;+914714091000;+914714091010,https://facebook.com/vasudevavilasam1884;https://instagram.com/vasudeva_vilasam,health & wellness,"Authentic ayurvedic medicines and herbal formulations online. Products from century old ayurvedic group from Kerala, India. Products are manufactured under scientific management and expert supervision.",https://vvmart.in/cdn/shop/files/Logo_Color_for_minimilast_a9e7587b-8874-4fb6-9e7f-56a90754924a_250x.png?v=1614715621,Kerala
https://dressfolk.com,support@dressfolk.com;+919667279611;+919910709611,https://facebook.com/dressfolk;https://instagram.com/channel/AbYAOE2zFKCaSjT6;https://instagram.com/dressfolk;https://linkedin.com/company/dressfolk,apparel & fashion,"Dressfolk, where timeless Indian handlooms weave modern magic. Discover handwoven sarees, dresses, and more, celebrating India's textile heritage.",https://dressfolk.com/cdn/shop/files/logo_e2e72b4e-e998-483d-873f-e2bb909c7978.png?v=1715092087&width=1024,Karnataka
https://suranajewellersofjaipur.com,online@suranajewellersofjaipur.com;+911414142000;+919610684329;+919680154227;+919829121345,https://facebook.com/suranajewellersofjaipur;https://instagram.com/suranajewellersofjaipur,jewelry,"Surana Jewellers of Jaipur. Since 1735. Fine Kundan Meena Polki Jadau Jewellery, Colorstone Jewellery. Guaranteed Buyback. Free Shipping Worldwide.",https://www.suranajewellersofjaipur.com/cdn/shop/files/logo_2b3a0620-7e31-46f2-81a7-1d089c5569fc_300x.png?v=1654088034,Rajasthan
https://etrafficwebexpert.com,contact@etrafficwebexpert.com;info@etrafficwebexpert.com;+918307715859,https://facebook.com/eTrafficWeb;https://instagram.com/webetraffic;https://linkedin.com/company/etraffic-webexpert,other,Looking to hire experienced shopify web developers & designers in India? Etraffic Webexpert provide all shopify custom solutions at a competitive pricing.,https://etrafficwebexpert.com/cdn/shop/files/logo-etraffic_copy5_300x300.png?v=1712313270,
https://alberttusk.com,info@alberttusk.com;+919867533164,https://facebook.com/AlbertTusk.Co;https://instagram.com/alberttusk,accessories,"Buy handcrafted leather bags and accessories from Albert Tusk online. Come explore our latest range of leather bags, totes, wallets and more.",https://www.alberttusk.com/cdn/shop/files/ALbertTuskWebsitelogo_280x_2x_4871c49f-f8f9-49ef-8d7e-aa73ff73082e.png?v=1789453876&width=560,Karnataka
https://carefone.in,support@carefone.in;tanish.malho8ra@gmail.com;+917982447514;+919899596227,https://facebook.com/carefoneindia;https://in.pinterest.com/carefonein;https://instagram.com/carefone.in;https://youtube.com/@carefone,other,We are the leading Mobile cover online portal that provides high-quality mobile cases with rich retailed printing for Premium models,https://carefone.in/cdn/shop/files/CFWeb-Logo.jpg?v=1631343139&width=500,Delhi
https://agriplexindia.com,support@agriplexindia.com;+917943475625;+919538510000,https://facebook.com/agriplexind;https://in.pinterest.com/iagriplex;https://instagram.com/agriplexindia;https://youtube.com/c/AGRIPLEXINDIA;https://youtube.com/c/AGRIPLEXINDIA/videos,jewelry,"Agriplex India is one stop online agriculture store offering wide range of Pesticides, Fertilizers, Seeds & Saplings, Insecticides, Fungicides, Herbicide, Micronutrient, Farm Tools & Machineries and Agri Implements. All Over India COD Available | Shop now |",https://agriplexindia.com/cdn/shop/files/stihl-logo-10_d2ec284a-2c9d-412e-869e-e33338609c81.png?v=1678782051&width=850,Karnataka
https://cromostyle.com,care@cromostyle.com;sales@cromostyle.com;+911516431367;+911516431964;+911516432212;+911516445172;+911516445346;+911591795024;+911591798959;+911650614176;+911650614798;+911650614831;+911650615340;+911650615369;+911653731457;+911777541618;+911777541678;+911777541783;+911777541892;+914989471107;+914990283075;+916930509507;+916930509571;+916930509699;+916930509763;+917200044887;+919142062606;+919142074894;+919172524622;+919288945614;+919294528270,,footwear,"Online Shopping in India for Men, Women & Kids. Buy Shoes, Loafers, Wedges, Sandals at Cromostyle.com. ✓ Cash on Delivery ✓ Free Shipping ✓ 30 Days Return.",https://www.cromostyle.com/cdn/shop/t/34/assets/logo.png?v=67323230466279704311511122498,Tamil Nadu
https://havochobby.in,+919535545654,https://facebook.com/havochobby;https://instagram.com/havochobbybangalore_rc;https://twitter.com/havochobby_in;https://youtube.com/channel/UC6zUgScMYU6tUwZCy1Ix7AA,baby & kids,Havoc Hobby,https://havochobby.in/cdn/shop/files/LOGO-havoc-hobby-in-transparent-bg_8e5a479a-6641-4f15-b670-6e8978a3faa2.png?v=1632717573&width=3500,Karnataka
https://skinsecretsindia.com,customercare@skinsecrets.com;customercare@skinsecretsindia.com,,beauty & skincare,"We have special products covering spa care, hair care, skin treatments, face packs, beauty kits, anti-aging, anti-wrinkle, massage creams and much more.",https://skinsecretsindia.com/cdn/shop/files/logo.png?v=1617948958&width=500,Delhi
https://furper.com,mail@furper.com;+919856928928,https://facebook.com/Furper.india;https://in.pinterest.com/furper;https://instagram.com/thefurper;https://twitter.com/thefurper,other,Furper is India's 1st Online Shopping Store For Only Global Products At Lowest Price. Buy High Quality Products With Free & Fast Shipping To Your Home.,https://furper.com/cdn/shop/t/18/assets/logo.png?v=148830831740908864511788948832,Haryana
https://truefarmfoods.com,support@truefarmfoods.com;+919930432414,https://facebook.com/TrueFarmFoodsOfficial?mibextid=ZbWKwL;https://instagram.com/truefarm;https://youtube.com/@truefarmfoods2784,food & beverages,"Buy 100% organic food products online in India. Trufarm Foods offers a wide range of certified organic and pure food products such as organic dal, sweeteners, rice & many more.",https://truefarmfoods.com/cdn/shop/files/Turefarm-Logo.png?v=1781539061&width=500,Maharashtra
https://market99.com,cs@pepperfry.com;support@market99.com;+911147366145;+917011934541,https://facebook.com/market99india;https://in.pinterest.com/Market99India;https://instagram.com/market99india;https://linkedin.com/company/market99;https://twitter.com/market99india;https://youtube.com/channel/UC2VcQh8Dzd5BiJ_xlhzswnA,home decor,"Market 99 store : Market99 is a well-established Indian value-retail brand with 96 physical stores, 15M+ happy customers, and a fast-growing e-commerce presence on India. With a product catalogue spanning 5,000+ SKUs across kitchen, dining, decor, bath, and gifting, the brand is positioned uniquely in the affordable",https://market99.com/cdn/shop/files/M_LOGO_2317x.png?v=1695998992,Delhi
https://divinecopper.com,+919997023111;+919999480069,https://facebook.com/Divinecopper;https://instagram.com/divine.copper;https://instagram.com/divine.copper?igsh=YjMwMHZleW85YjRi,kitchen,"Divine Copper offers copper bottles, copper gift set, copper items, copper water bottle, copper jugs, copper utensils, copper water dispensers, copper water tank and more. We are known as the best copper bottle manufacturers in India. For more details about copper items, visit the website now.",https://divinecopper.com/cdn/shop/files/dc_logo_nw.png?v=1748051960&width=500,
https://telephoneshoppees.com,support@telephoneshoppee.com;support@telephoneshoppees.com;support@tsskart.com;+918308799799;+91830879979920,https://facebook.com/TelephoneShoppeesPune?fref=ts;https://instagram.com/telephone.shoppees;https://instagram.com/telephone_shoppees_official;https://pinterest.com/tshoppees;https://twitter.com/tshoppee;https://youtube.com/channel/UCHwl9bLLOa94kNvA2EDMB-Q,electronics,,https://www.telephoneshoppees.com/cdn/shop/t/28/assets/logo.png?v=27422141942780941291758613265,Maharashtra
https://1ststep.com,1stcare@1ststep.com,https://facebook.com/1stStepStores;https://instagram.com/the1ststepofficial?igsh=ZDNlZDc0MzIxNw%3D%3D;https://linkedin.com/company/1st-step;https://youtube.com/@1ststepofficial,baby & kids,Buy New Born products Online in India at best prices from 1ststep.com. Shop for 100% genuine My New Born products with ✓ Free Shipping ✓ COD options available,https://1ststep.com/cdn/shop/files/1st_step_logo_150x_2x_c18b94d9-cb68-4a10-9b6e-bdf57263e3ff_150x.png?v=1785840090,West Bengal
https://sonofanoble.com,contact@sonofanoble.com;info@sonofanoble.com;+919845213183,https://facebook.com/sonofanoble;https://instagram.com/sonofanoble.snob,apparel & fashion,,https://www.sonofanoble.com/cdn/shop/files/LOGO_2_180x.png?v=1740397754,Karnataka
https://rajdeepranawat.com,store@ranawat.com;studio@ranawat.com;+919773666497,https://facebook.com/rajdeep.ranawat.official;https://instagram.com/rajdeep.ranawat.official;https://pinterest.com/rajdeepranawat;https://twitter.com/RajdeepRanawat;https://youtube.com/results?search_query=rajdeep+ranawat,apparel & fashion,"A Fashion Brand catering to all forms of design in terms of women's resort wear, luxury pret, couture, mens clothing, home furnishings & more.",https://rajdeepranawat.com/cdn/shop/files/logo_red.png?v=1614301329&width=268,Rajasthan
https://aquascaping.in,aquascapinghelp@gmail.com;support@aquascaping.in;+917714044044;+919039027100,https://facebook.com/aquascaping.in;https://instagram.com/aquascaping.in;https://youtube.com/channel/UC6rJsb_iXQo8xdQF-9hJRxQ,pets,"Aquascaping.in is a dedicated online Aquarium store for all Planted & Freshwater Hardscape Aquarium hobbyist's in India. We are very passionate in what we do, Aquascaping is a very addictive hobby and we love what we do ! Visit our educational blog articles to learn about Aquascaping from our experience of 15+ Years !",https://aquascaping.in/cdn/shop/files/Aquascaping_df68db63-9bff-41d4-b926-8b3c7add2f11_140x@2x.jpg?v=1619265860,Karnataka
https://kicaactive.com,contact@kicaactive.com;nbspcontact@kicaactive.com;+9118002666890,https://facebook.com/kicaactive;https://instagram.com/kicaactive,sports & fitness,"Women's wear online - shop from a wide range of women's leggings, tops, sports bras, flare pants and more. Visit us and buy active wear for women.",https://kicaactive.com/cdn/shop/files/FINAL-LOGO-kica_3.png?v=1672043648,West Bengal
https://themaggamcollective.com,mailmaggam@gmail.com;+916309327507,https://instagram.com/maggamcollective;https://youtube.com/user/themaggamcollective,apparel & fashion,"Explore the stunning world of handwoven sarees with The Maggam Collective. We have a vast collection of Kanjivaram, Kalamkari, silk, cotton, and more. Choose from ready-made blouses, custom stitching. With worldwide shipping, our store is the perfect place to find the perfect saree at the best prices. The Maggam Collective",https://themaggamcollective.com/cdn/shop/t/5/assets/logo.png?v=1800,Telangana
https://hashboosh.com,customer.support@hashboosh.com;info@hashboosh.com;orders@hashboosh.com;+919744274100,https://facebook.com/HashBoosh.in;https://instagram.com/hashboosh;https://twitter.com/hashboosh,apparel & fashion,"Shop the trendiest women's dresses, ethnics, shrug dresses, pinafores, kaftans, jumpsuits and much more.",https://hashboosh.com/cdn/shop/files/Logo_hashboosh1_380x_f161e218-8f78-4c3a-9b7e-7409bff5f552.png?v=1642761393&width=315,Karnataka
https://inkstring.com,support@inkstring.com;+919597400417,https://facebook.com/inkstringonline;https://in.pinterest.com/inkstringonline;https://instagram.com/inkstringonline,apparel & fashion,"Inkstring brings you the best collection of Tamil T-Shirts. From oversized to unique cultural prints, every Tamil printed t-shirts blends with fashion. Shop premium quality and global Tamil style.",https://s3.us-east-1.amazonaws.com/seolabapp/jsonld-images/HBLGAnZJVqKoK8xes7BNa4rc2lgZ1puH22OgWy7k.png,Tamil Nadu
https://atulyakalaindia.com,,https://facebook.com/atulyakala;https://instagram.com/atulyakalaluxe,apparel & fashion,"Shop hand-painted Indo-Western clothing, bags, and accessories made by deaf artists. 100% sustainable and ethical fashion. Wear the change.",https://atulyakalaindia.com/cdn/shop/files/atulyakala-logo_4096x.png?v=1771575993,Delhi
https://sushijunction.com,hello@sushijunction.com;+919312444086,https://facebook.com/sushijunction;https://instagram.com/sushijunction,other,"Order your favorite Japanese food from your Best Japanese sushi restaurant in Saket, Delhi, and Gurgaon. Winner of The Big F Jury's Choice Award for Best Online Delivery. Order online and get the best offers now!",https://www.sushijunction.com/cdn/shop/files/SJ_Logo_-_Copper_a14854ac-3dad-4b38-8987-33bee448710d.png?v=1687429748&width=500,Delhi
https://thepinkpotli.com,info@thepinkpotli.com;+919820921308,https://facebook.com/ThePinkPotli?eid=ARCnaaFARfcZqtS_76yGmL5-XAJVkS5KXC6iz5X-LEk4UJdEcVxJIT74x1767lhAprWxFxcQUswgU7tj;https://instagram.com/thepinkpotli,jewelry,"The Pink Potli: Hold on to timeless craftsmanship! Designer Handcrafted Potlis, Batwas & Clutches.",https://www.thepinkpotli.com/cdn/shop/files/image1_1517x.PNG?v=1615926402,Maharashtra
https://beantreefoods.com,contact@beantreefoods.com,https://facebook.com/Beantreefood;https://instagram.com/beantreefoods;https://linkedin.com/company/beantree-foods;https://twitter.com/beantreefoods,health & wellness,"BeanTree was founded to take control of people's healthy eating habits by serving as a single brand that offers ready-to-eat nutritious food items such as seeds, nuts, berries, and many more all under one roof.",https://www.beantreefoods.com/cdn/shop/files/Artboard_1_1_180x.png?v=1648730866,Delhi
https://kidzvalle.com,balaji@redrabbit.in;care@redrabbit.in;channa@redrabbit.in;+917892766707;+918041696751,https://facebook.com/kidzvalle;https://instagram.com/kidzvalle,baby & kids,"Welcome to Kidz Valle, The Global Play & Entertainment Company, committed to creating the world's best play experiences. Toys, Games, Board Games, Puzzles, Jigsaw Puzzles, Wooden Toys, Indian Games, Indian Board Games, Card Games, Family Games, Red Rabbit Games",https://kidzvalle.com/cdn/shop/files/Kidz_Valle_New_Logo_x70@2x.png?v=1655797439,Karnataka
https://itspleazure.com,support@itspleazure.com;+919356842665,https://facebook.com/itspleazure;https://instagram.com/itspleazure;https://twitter.com/itspleazure,baby & kids,"ItsPleazure is one of the trusted sex toy stores online in India, where you can buy sex toys for men, women and couples with a wide catalogue including sexy lingerie, BDSM products, Couple games and Sex medicine with discreet delivery and COD",https://cdn.shopify.com/s/files/1/0853/3330/files/itspleaZure_Logo_a8083c41-2b77-4b22-b162-00af8942d006.png?v=1674025615,Karnataka
https://turmgel.com,info@turmgel.com;+918097055433,https://facebook.com/turmgel;https://instagram.com/turmgel_turmeric_lozenges,health & wellness,"Turmgel™ has Curcumin extract and comes in 3 refreshing flavours. It gives you Long Lasting Fresh Breath, Maintains Oral Hygiene, Sharpens Immunity, and Relief from cough cold. Globally patented | Made in India. Fights germs at point of entry. Buy now @ ₹169 only. Limited time offer!",https://turmgel.com/cdn/shop/files/Turmgel_logo_316x.png?v=1643710739,Maharashtra
https://zorin.co.in,support@zorin.co.in;+911800121212120;+919643404143;+919643604143,https://facebook.com/zorinfurniture;https://instagram.com/zorininterior;https://linkedin.com/company/zorin-interiors-pvt-ltd,furniture,"Furniture available on Zorin. Free Shipping, Installation, Returns and Various Payment Options. Great Variety, Unmatched Quality and Timeless Designs all Made In India. Furniture needs, now fulfilled by zorin.co.in!",https://www.zorin.co.in/cdn/shop/files/Zorin_Logo_White_Png_200x@2x.png,Delhi
https://snhandicrafts.com,info@snhandicrafts.com;+919999163570,https://facebook.com/snhandicrafts;https://instagram.com/snhandicrafts;https://youtube.com/channel/UCESKYVHIpYn4M28Y2t5yG9g,home decor,SN Handicrafts is the best in a collection of amazing handmade products carefully crafted to delight the senses in your living spaces.,https://www.snhandicrafts.com/cdn/shop/files/sn-handicrafts.png?v=1705477962&width=500,Delhi
https://aeshaane.com,care@aeshaane.com,https://facebook.com/aeshaane;https://instagram.com/aeshaane;https://youtube.com/channel/UCh6WFNZeDrMS59ZFdZtIpKQ;https://youtube.com/watch?v=_9VUPq3SxOc,apparel & fashion,"Peace silk clothing made by hands, driven by commitment to people and planet.",https://www.aeshaane.com/cdn/shop/t/3/assets/logo.png?v=2288,Tamil Nadu
https://kapaver.com,+918169047930,https://facebook.com/Kapaverworld;https://instagram.com/kapaver_india;https://pinterest.com/kapaver_world;https://twitter.com/Kapaver_;https://youtube.com/@kapaverworld,apparel & fashion,"At KAPAVER, we provide best choices of mobile back cover & cases for ultimate protection and a fashion-forward design. Get exciting offers & free shipping. Shop Now!",,West Bengal
https://nourishyou.in,care@nourishyou.in;support@nourishyou.in;+919703111089,https://facebook.com/NourishYouIndia;https://instagram.com/nourishyouindia,food & beverages,"Buy premium superfoods online at Nourish You – chia seeds, watermelon seeds, pumpkin seeds, sunflower seeds, quinoa, flaxseed, vegan milk, vegan ghee, vegan curd, plant protein & high protein oats, muesli, oats. Healthy, plant-based nutrition delivered across India.",https://nbg1.your-objectstorage.com/seolab/jsonld-images/K2TfHhJ3vNNJ3SFuZLFjdRCfpz2uqX930Xuilb9Y.jpg,Telangana
https://mineofdesign.com,contact@mineofdesign.com,https://facebook.com/mineofdesignofficial;https://instagram.com/mineofdesignofficial;https://x.com/AmbarPariddi;https://youtube.com/@mineofdesign.official,jewelry,"Indulge in the exquisite world of handcrafted Indian jewelry at Mine of Design. Our extensive collection showcases a harmonious blend of traditional craftsmanship and contemporary design sensibilities, spanning an array of necklaces, earrings, bangles, and meticulously curated bridal sets.",https://www.mineofdesign.com/cdn/shop/files/Screenshot_2025-10-10_at_11.13.17_PM.png?v=1771847992&width=350,Uttar Pradesh
https://iicfashion.com,+911416693586;+919821594544,https://facebook.com/The-Imperial-India-Company-1518377078455246;https://instagram.com/imperialindiaco;https://twitter.com/ImperialIndiaC,apparel & fashion,"Explore premium Indian menswear at The Imperial India Company. Discover Achkans, Bandhgalas, Waistcoats, Kurtas, Shirts, and accessories crafted for modern celebrations and timeless style.",https://www.iicfashion.com/cdn/shop/files/logo_black.png?v=1745215533&width=330,Rajasthan
https://griffel.in,care@griffel.in;+911614664009;+918976500009;+919781799009,https://facebook.com/Griffelindia;https://instagram.com/griffelindia;https://twitter.com/griffelindia,other,Giving warm hugs to everyone with our super comfy and relaxed clothes since 2014. 🤗,https://griffel.in/cdn/shop/files/NEW_LOGO_TEDDY_f1933724-3196-4404-96ce-7560837212eb.png?v=1770908847&width=200,Punjab
https://niana.co,info@niana.co;+919910049953;+919990508513,https://facebook.com/NianaHomeFragrance;https://instagram.com/niana_homefragrance,home decor,"Shop online from our wide range of premium scented soy candles, room sprays, reed diffusers, scented sachets, and toilet sprays.",https://niana.co/cdn/shop/files/Niana_logo.png?v=1614297543,Delhi
https://18herbs.com,info@18herbs.com;+918012181818;+919940377733,https://facebook.com/18herbsofficial;https://instagram.com/18herbsorganics;https://x.com/18herbsorganics;https://youtube.com/@18herbsorganics,health & wellness,Discover 18 Herbs Organics' 100% organic products. Embrace a healthier lifestyle with our organic teas and herbal supplements. Shop now!,https://18herbs.com/cdn/shop/files/18_herbs_FINAL_LOGO_6b6cb8f0-2795-4d29-9614-77bbce73c976.png?v=1630537481&width=1920,Tamil Nadu
https://ecocorner.com,sales@ecocorner.com;+912240054797,https://facebook.com/ecocornerindia;https://instagram.com/ecocornerindia,other,,https://ecocorner.com/cdn/shop/files/Eco_Corner_Logo_-_RGB_120x.jpg?v=1614297028,Maharashtra
https://imleejaipur.com,contact@imleejaipur.com;imleejaipur@gmail.com;+919829610101,https://facebook.com/imleejaipur;https://in.pinterest.com/imleejaipur/_saved;https://instagram.com/imlee.jaipur,apparel & fashion,"Jaipuri and Rajasthani Juttis/Mojari are handcrafted with styles like Block Print, Bandhani, Mashru, Pashmina, Dabu Print, Zardozi, and more. leather Jutti, Leather jutti for women, Jaipuri Jutti for Ladies, Rajasthani Jutti, leather mojari.",,Rajasthan
https://tiesta.in,hello@tiesta.in;+919819009672;+919930592785,https://facebook.com/people/Tiesta-Shoes/100063743506583;https://in.pinterest.com/tiestashoes;https://instagram.com/tiesta.shoes;https://twitter.com/TiestaShoes;https://youtube.com/@tiestashoes2164,footwear,"Handmade bridal footwear from Mumbai: bridal sneakers, wedges, block heels and flats, customised to your outfit. Sizes EU 32–45. Free shipping in India.",https://tiesta.in/cdn/shop/files/Tiesta_Logo_JPG_c1a3f9a6-24b0-4137-9a69-665d3ed6c898_1_2000x.jpg?v=1784318114,Maharashtra
https://naattumarundhukadai.com,naattumarundhukadai@gmail.com;+918508086668,https://facebook.com/naattumarundhukadai;https://instagram.com/naattumarundhukadai;https://twitter.com/naattumarundhukadai;https://youtube.com/user/naattuamrundhukadai,health & wellness,Siddha Homeo Ayurveda Unani Herbal Powders SKM Solaimalai Rumi herbals Vita Health Herbal Juice Arkas Asavas Aristas Bhasmas Sinduras Churnams Churnams Tablets Churnams Capsules Datu Rasa Oushadas Ghrithams Gutikas Guggulu Rasa Oushadha Kudineer Theeneer Lehyam Lepams Nei Manappagu Rasayanams Vatagam ThailamCapsules,https://naattumarundhukadai.com/cdn/shop/files/site_logo_20_140x@2x.png?v=1614359199,Karnataka
https://furjaden.com,help@furjaden.com;+918828844364,,accessories,"Fur Jaden, a travel and luggage brand offering stylish backpacks, durable duffle bags, and reliable luggage for every journey. Perfect for travelers & adventure seekers, our versatile and functional gear is designed to keep you organized and ready for any journey, from weekend trips to global escapades.",https://www.furjaden.com/cdn/shop/files/NewLogo_Website.png?v=1741098526&width=320,West Bengal
https://manavkhadiherbal.com,manavkhadiherbalofficial@gmail.com;mssk_kvic@yahoo.co.in;+919319323883,https://facebook.com/ManavKhadiHerbal;https://instagram.com/manavkhadiherbal;https://pinterest.com/ManavKhadiHerbal;https://twitter.com/ManavKhadi,health & wellness,"Discover pure and authentic Khadi herbal products at Manav Khadi Herbal. Shop online for skincare, haircare, and wellness solutions.",https://www.manavkhadiherbal.com/cdn/shop/files/logo2_1657458912__34858_220x.webp?v=1662321132,
https://themonk.co.in,+919810777776,https://instagram.com/themonkworld,jewelry,,https://themonk.co.in/cdn/shop/files/Monk_Logo_3x_0047e379-04ec-4dd3-8066-a0051158a34a.png?v=1749807373&width=500,
https://vacurect.in,info@vacurect-india.com;+918146617521;+918146617526,https://facebook.com/Vacurectpumpindia;https://instagram.com/vacurect;https://twitter.com/vacurectindia;https://youtube.com/@vacurectindia,jewelry,The Vacurect™ Vacuum Erection Device Penis Pump is FDA approved medical device which has ZERO side effects. We're the official partners of Vacurect USA in India,https://www.vacurect.in/cdn/shop/files/380x150-V-logo-2024-TM_380x.png?v=1708106601,West Bengal
https://edgability.com,connect@edgability.com;gability@gmail.com,https://facebook.com/edgability;https://instagram.com/edgability;https://pinterest.com/edgability;https://twitter.com/edgability,accessories,"Edgability is all about edgy fashion. A store for blogger fashion in bags, shoes, accessories and jewelry. Shop statement making styles at affordable prices. Up your social (media) status with international trends and iconic looks. Upgrade your streetstyle and ootds with budget shopping online and worldwide shipping.",https://www.edgability.com/cdn/shop/files/edgability_logo_site_300x300.png?v=1613579361,Delhi
https://sammohi.com,sammohidesign@gmail.com;+912226312745;+917506585338,https://facebook.com/sammohidesign;https://in.pinterest.com/sammohiofficial;https://instagram.com/sammohiofficial,apparel & fashion,"Shop traditional ethnic wear online for women at the best price from SAMMOHI. Explore our collection of bridal wear, party wear specifically designed for Indian occasions.",https://sammohi.com/cdn/shop/files/sammohi_final_logo_blavk_150x.png?v=1654601222,Maharashtra
https://libertina.in,,,apparel & fashion,Buy lingerie online in India. India's leading Online lingerie shop - Libertina.in,https://libertina.in/cdn/shop/files/logo_140x.png?v=1614313322,Maharashtra
https://ivankalumiere.com,contact@ivankalumiere.com;sakshi@ivankalumiere.com;saurabh@ivankalumiere.com;+919056255506;+919811267265;+919818171955,,jewelry,"🎖In all we do we value reputation, relationships and unwavering integrity. 🏅5 yr warranty on every masterpiece 🏁Open daily from 11am - 8pm 📍 Delhi | Mohali",,Karnataka
https://kalashreeregalia.com,+919319417774;+919810196170,https://facebook.com/kalashreeregaliachandnichowk;https://instagram.com/kalashreeregalia;https://youtube.com/channel/UCJlpiBnWgEBAP_L1O02s76g,apparel & fashion,"Shop Designer Bridal Wedding Lehengas Online in Delhi - Kala Shree Regalia greets you with the exclusive collection of Indian Bridal Lehenga in India, USA. and UK at best price. Shop for new simple & trendy lehenga & more.",https://www.kalashreeregalia.com/cdn/shop/files/Kala_Shree_Regalia_100x.jpeg?v=1746611368,Delhi
https://indianhobbycenter.com,info@indianhobbycenter.com;+918249931161,https://facebook.com/ihcrl;https://instagram.com/indianhobbycenter;https://x.com/ihctweet,electronics,Online Hobby Store | Educational Supply Store | Online Robotics Store | Arduino | Electronics Components | UAV | Drone Parts | Airplane | 3D PRINTER | Sensor | Modules | IC | MOTORS | Tools | Consumer Electronics | DIY | RC | IOT | Development Boards | Gears | Automation | Artifitial Intelligence | Laboratory Setup,https://www.indianhobbycenter.com/cdn/shop/files/indian_hobby_center.png?v=1758270228&width=500,Karnataka
https://aashimabehl.com,labelaashimabehl@gmail.com,,apparel & fashion,"Label Aashima Behl is an eponymous brand coveted for its handcrafted bridal wear and luxury pret collections. As a designist, Aashima Behl brings a timeless, exclusive and customised trousseau design experience to guide and prepare the modern bride in getting dressed for her wedding day and beyond.",https://www.aashimabehl.com/cdn/shop/files/logo_205x_2fb33698-611d-4fb6-a02f-071caec21efe.png?v=1643283022&width=205,Delhi
https://alanaturellecosmetics.com,a.la.naturelle@gmail.com;alanaturelle.online@gmail.com;+9109120234;+912225518477;+918928268614,https://facebook.com/aLanaturelleoffical;https://instagram.com/alanaturellecosmetics;https://twitter.com/Alanaturelle,beauty & skincare,"Natural Cosmetics, Skin Care, Daily, Home Use, Aromatherapy, herbal, naturelle, ayurveda, ayurvedic, cream, lotion, hair, body, facial, cleanser, moisturiser",https://alanaturellecosmetics.com/cdn/shop/files/logo_file_1725x.png?v=1689850843,Maharashtra
https://studiocoppre.com,hello@coppre.in;+919168978684,https://facebook.com/coppre;https://instagram.com/studiocoppre;https://pinterest.com/coppre;https://x.com/studiocoppre;https://youtube.com/user/coppremarketing,home decor,"Artisanal products for home and living. Rooted in craft, enhanced by design.",https://www.studiocoppre.com/cdn/shop/t/35/assets/logo.png?v=18165,Karnataka
https://healthyhey.com,info@healthyhey.com;+917303030101,https://facebook.com/healthyhey;https://instagram.com/healthyheynutrition,health & wellness,"HealthyHey Nutrition is an Indian D2C supplement brand founded in 2016 by Rishi Modi (Clinical Nutritionist), offering 250+ supplements across sports nutrition, vitamins, minerals, and herbal extracts. Based on their website:",https://cdn.shopify.com/s/files/1/2181/1153/files/HealthyHey_Logo_copy.jpg?v=1780801360,Maharashtra
https://magicalnest.com,care@magicalnest.com;hello@magicalnest.com;+918047166600,https://facebook.com/magicalnest;https://in.pinterest.com/magicalnest;https://instagram.com/magical_nest;https://twitter.com/magical_nest;https://youtube.com/channel/UCscsarmy0JBUWn7NC0-BUmg,furniture,"Buy fun and functional kids furniture online in India. Pick up from wide range of bunk beds, kids beds, kids wardrobes, and kids study tables or customize furniture for kids as per your requirement. Book your online consultation today for fully customized kids rooms, bunk beds and much more!",https://magicalnest.com/cdn/shop/files/logo_44266ba6-3181-47b5-a946-daba3adc6f53.png?v=1706514822&width=831,Karnataka
https://freshnfrozen.com,,https://facebook.com/freshnfrozen;https://instagram.com/fresh_n_frozen_co,other,"Online Shop for all Imported Meat needs. Seafood, Lamb cuts, Pork cuts, Hams , Bacon and Sausages imported from different parts of the world, ready to be delivered to your door -step.",https://www.freshnfrozen.com/cdn/shop/files/Screenshot_2026-02-03_at_10.08.35_PM.png?v=1770136730&width=500,Delhi
https://qaaleencarpets.com,store@qaaleen.co.in;+919540988999,https://instagram.com/qaaleen,home decor,"With 68+ years of expertise and 2000+ skilled weavers, we are among the top carpet manufacturers in India. Offering a diverse range of Made in India carpets and rugs, we blend tradition with innovation to create designs that suit every space. Enhance your interiors with timeless beauty. Handcrafted Luxury Carpets and",https://qaaleencarpets.com/cdn/shop/files/logo-w_285x@2x.png?v=1668284944,Delhi
https://blossominners.com,,https://in.pinterest.com/blossominners;https://instagram.com/blossominners?igsh=Y29mamhveWk3Ynls;https://linkedin.com/company/blossom-inners-private-limited;https://youtube.com/@blossominners,apparel & fashion,"The most influential lingerie brand in South India. Superior quality products, admired for comfort, functionality and style!",https://blossominners.com/cdn/shop/files/Blossom_Bra_for_women_padded_bra_cotton_Panties.png?v=1768324332&width=250,
https://kalpana.net,careers@kalpana.net;mark@kalpana.net;support@kalpana.net;+911140454738;+911141101738;+911206209796;+911244063738;+911244063739;+918595533695,https://facebook.com/KalpanaSareesDelhi;https://in.pinterest.com/kalpanadelhi;https://instagram.com/kalpanadelhi;https://twitter.com/KalpanaSarees?s=08;https://youtube.com/channel/UCEvVkog7Qri8t7bzXNN5now,apparel & fashion,Kalpana Delhi Online shop Selling Sarees Kurtas Salwar Kameez Suits Fabrics in Handloom Weaves Prints Embroidery and Folk in Linen Silk Cotton Tussar Chanderi for Semi Formal Party Occasion Work Casual Wear such as Kanjivaram Ikat Patola Upada Handloom Nakshi Kantha Block Print Shibori Hand Paint etc,https://kalpana.net/cdn/shop/t/7/assets/logo.png?v=3465,Delhi
https://lozano.in,info@lozano.in,https://facebook.com/people/Lozano-Shoes/100089980165073;https://instagram.com/getlozano?igsh=ZDNlZDc0MzIxNw%3D%3D,other,,https://lozano.in/cdn/shop/files/LOZANO-BlackLogo-removebg-preview.png?v=1720983415,Delhi
https://dandelionindia.co,info@dandeliondreams.co,https://facebook.com/Dandelion.India;https://instagram.com/dandelion.india,apparel & fashion,"Shop Dandelion India online - 100% Cotton fabrics and personalised PJ, Sleepwear, Daywear & clothing for women, men & kids. Choose from premium luxe fabrics - customised Notched Pj sets, T-Jama's, Sleep Dress, Casual tops & dresses, pouches which are perfect for gifting.",https://dandelionindia.co/cdn/shop/files/thumbnail_Dandelion_Full_Logo_PNG_copy.png?v=1614310782&width=905,Maharashtra
https://dameessentials.com,info@dameessentials.com;+9118005551234,https://facebook.com/dameessentials;https://instagram.com/dame_essentials,other,"Experience the luxury of 100% pure mulberry silk with pillowcases, masks, scrunchies & more at Dame Essentials. Designed to protect your skin and hair while adding a touch of elegance.",https://www.dameessentials.com/cdn/shop/files/DAMELOGOWhiteb_766x.jpg?v=1787234595,Karnataka
https://awwalboutique.com,,https://facebook.com/awwalboutiqueretail;https://instagram.com/awwal_boutique;https://youtube.com/channel/UCpGUW2-nffVKxTaCklvJIPw,apparel & fashion,Buy Latest Original Pakistani Suits at best prices only online at awwalboutique.com,https://www.awwalboutique.com/cdn/shop/files/Logo-New02.png?v=1631525489&width=300,Maharashtra
https://spiceplatter.com,info@spiceplatter.com;support@spiceplatter.com;+917230013051,https://facebook.com/spiceplatter.in;https://instagram.com/spiceplatter.in;https://twitter.com/AuthenticSpices,food & beverages,"Spice Platter is a premium-quality gourmet online Rajasthani Spices and Food brand. We ensure authentic traditional Spices, Papad, Ker-Sangri are home delivered. Our Masalas will help you bring authenticity to your dishes. Buy online Handmade Sajji Papad, Ready to cook Ker-Sangri, Pickle & Masala at affordable prices.",,Maharashtra
https://uncuffedclothing.com,saagarika.j@gmail.com;+919632311440,https://instagram.com/uncuffedclothing,apparel & fashion,rooted in craft,https://uncuffedclothing.com/cdn/shop/files/UNCUFFED_logo_PNG.png?v=1619155429&width=1088,Karnataka
https://shopifytest8.myshopify.com,,https://facebook.com/shopify;https://instagram.com/shopify;https://pinterest.com/shopify;https://twitter.com/shopify,other,"Write a few sentences to tell people about your store (the kind of products you sell, your mission, etc). You can also add images and videos to help tell your story and generate more interest in your shop. To edit the content on this page, go to the Pages section of your Shopify admin.",,
https://matsyaworld.com,smm@raroworld.in,https://facebook.com/matsyaworld;https://instagram.com/matsyaworld;https://pinterest.com/MatsyaWorld;https://youtube.com/channel/UC0Yx0S9nhwt2CmEN4DLIQ0g,apparel & fashion,"Matsya, a luxury women designer wear, is a new way of life that merges modern Indian culture with its past magnificence which is luxurious in its most minimalistic form.",https://matsyaworld.com/cdn/shop/files/house_of_matsya_logo-01.webp?v=1771585598&width=2727,Rajasthan
https://tarinionline.com,help@tarinionline.com;sales@marikotarini.com;+917838346190,https://facebook.com/tarini.online;https://instagram.com/tarini.online;https://linkedin.com/company/marikotarini,furniture,"Luxury handcrafted home décor, table linens, bed covers & artisan textiles. Discover heritage-inspired designs made for elegant Indian homes.",https://www.tarinionline.com/cdn/shop/files/Clip_path_group.png?v=1777454438&width=544,Uttar Pradesh
https://liso.in,office@liso.in;+917510529333;+919061203322,https://facebook.com/lisochocolatier;https://instagram.com/lisochocolatier;https://youtube.com/channel/UCXNGsQLd4OJEkDB2JtjzofA,food & beverages,"Chocolates are made with love at Liso. Our chocolates are prepared using the best chocolate available, and they are smooth, exquisite, and of the highest quality, flavour, and artistry.",https://liso.in/cdn/shop/files/liso_logo_246x.gif?v=1614768002,Telangana
https://bebaakstudio.com,bebaakstudio@gmail.com;hello@bebaakstudio.com;+918826481374,https://facebook.com/BebaakStudio;https://instagram.com/bebaak_studio;https://twitter.com/BebaakStudio,apparel & fashion,"Bebaak brings contemporary clothing inspired by handcrafted textiles — authentically handmade, sustainable, and crafted by indigenous artisans.",https://bebaakstudio.com/cdn/shop/files/Untitled_design.png?v=1676477027&width=500,Chhattisgarh
https://toshindia.com,privacy@toshindia.com;sales@toshindia.com;support@toshindia.com,https://youtube.com/channel/UCl4GRnTt53Oo7WabqqS3Lqw,other,"Toshniwal Technologies is the leading Manufacturer of Bomb Calorimeters, Moisture Balances, Magnetic Crack Detectors and many other scientific instruments.",https://www.toshindia.com/cdn/shop/t/2/assets/logo.png?v=151783132337971219921643093241,Maharashtra
https://kairfashion.com,info@kairfashion.com,https://facebook.com/Kair.India;https://instagram.com/kairfashion;https://twitter.com/fashionkair?lang=en;https://youtube.com/channel/UC7NQU-jWC-SiqrhVL-BDVOA,apparel & fashion,Kair is the leading brand of children's clothing with focus on quality and design. MADE WITH CARE.,https://customers.seomanager.com/knowledgegraph/logo/kair-fashion_myshopify_com_logo.png,Tamil Nadu
https://livingwithelan.co,hello@livingwithelan.co;+919810494764,https://facebook.com/LivingWithElan;https://instagram.com/livingwithelan;https://youtube.com/@livingwithelan4453,home decor,Find the perfect vintage home decor products & accessories online at living with Elan store | COD Available | Shipping across PAN India,https://livingwithelan.co/cdn/shop/files/Elan_logo_x320_86536557-001d-4a3d-9039-dbac055f144c.svg?v=1695731524&width=100,Delhi
https://bamboopecker.com,info@bamboopecker.com;sales@bamboopecker.com;+919900870972;+919902873293,https://facebook.com/bamboopecker;https://in.linkedin.com/company/bamboopecker;https://in.pinterest.com/bamboopecker;https://instagram.com/bamboopecker;https://twitter.com/bamboopecker;https://youtube.com/@bamboopecker,home decor,"Sustainable home and lifestyle brand and a hub for Indian artisanal crafts of low-embodied carbon and natural fibers - bamboo, rattan, cane and kouna. Construction, design, interiors, lighting, furniture, home & garden, fashion and personal care products and solutions with a cradle to cradle approach.",https://bamboopecker.com/cdn/shop/files/50x50_1687875418.png?v=1687923994&width=500,Karnataka
https://iorganicmilk.com,support@iorganic.co.in;+919555654949,https://facebook.com/iorganicmilk;https://in.pinterest.com/iorganic/iorganic;https://instagram.com/i.organic;https://linkedin.com/company/iorganicglobal;https://youtube.com/c/iOrganicNewDelhi,health & wellness,"iOrganic A2 cow milk is organically produced without antibiotics, synthetic growth hormones and toxic pesticides. It has high A2 beta casein protein which helps in easy digestion and boosts immunity in kids and adults. A2 cow milk has a rich flavour, creamy texture and a beautiful aroma, we know you will agree!",https://iorganicmilk.com/cdn/shop/files/apple-logo_small.png?v=1665507818,Delhi
https://kultprit.com,,https://facebook.com/KULTPRIT;https://instagram.com/kultprit.apparel,apparel & fashion,Buy Latest Streetwear Fashion For Men And Women Online From The International Shopping Store Kultprit | Stay Upbeat With The latest Global Trends,https://www.kultprit.com/cdn/shop/files/kulprit-new-logo.png?v=1618583066&width=311,
https://cliths.com,,https://facebook.com/cllithscrafts;https://instagram.com/clithscrafts;https://pinterest.com/cliths;https://twitter.com/clliths;https://youtube.com/clliths,home decor,"Shop Cliths.com for premium blackout curtains, blank MDF base for art and craft, wooden home decor, DIY kits, festive ornaments, wedding accessories & custom gifts. Explore unique, handcrafted items for creative projects, events, and stylish home interiors. ☆ Fast and Secure Delivery ☆ Easy Return ☆ Secure Payment.",https://www.cliths.com/cdn/shop/files/Cliths-01.png?v=1718013363&width=500,Uttar Pradesh
https://thriftizer.com,praveen@thriftizer.in;+16288006680;+918861324254,https://facebook.com/thriftizer;https://instagram.com/thriftizersolutionsllp;https://linkedin.com/company/thriftizer,other,"Thriftizer is a Shopify Select Partner building on Shopify since 2015, rated 4.8 from 807 reviews. Shopify development, Shopify Plus, migration, Google Ads and SEO for D2C brands. Free store audit.",https://www.thriftizer.com/img/logo/brand-logo.webp,Karnataka
https://aakaar.com,care@aakaar.com;+16468478479;+91209819289629;+919818293328;+919819289629,https://facebook.com/aakaaridolsandtemples;https://instagram.com/aakaaridolsandtemples;https://pinterest.com/AakaarIdolsandTemples;https://twitter.com/AakaarDivineArt,other,"Buy Online Wooden Temple, Pooja Mandir for Home, Puja Temple, Pooja Temple, Puja Mandir, Puja Mandapam, Pooja Mandapam, Divine Marble Idols, Marble Statues of Hindu Gods Ganesh, Krishna, Lakshmi, Saraswati, Durga, Shiva, Shanker, Radha Krishna, Ram Darbar, Vishnu Laxmi, Hanuman and Special Vaastu Healing Lamp.",https://aakaar.com/cdn/shop/files/logo_1aaaa78b-c6a6-4aa1-a4c3-e584162edf06_compressed_600x.png,Maharashtra
https://lachocoallure.com,sales@lachocoallure.com;+919056555180,https://facebook.com/lachocoallure;https://in.pinterest.com/lachocoallure;https://instagram.com/lachocoallure58;https://twitter.com/lachocoallure;https://youtube.com/channel/UCkpQ87CjC_fMgm4ml7FxjXQ,food & beverages,"Premium artisan chocolates from India. Shop saffron-pistachio dragees, dark chocolate bars & luxury gift hampers. Since 2010. Gifting made extraordinary.",https://www.lachocoallure.com/cdn/shop/files/chocolate.png?v=1652775519,Delhi
https://bagpoint.in,support@bagpoint.in,,accessories,"Quality suitcase, kids bag, duffel, backpacks, business bags, office bag, briefcase, trekking bags, travel accessories, ladies hand bag, etc. at best prices. We stock the top brands like Samsonite, American Tourister, VIP, Skybags, Safari, Swiss Gear, Victorinox, IT Luggage, Delsey, Carlton, Aristocrat, Harrison's etc.",https://www.bagpoint.in/cdn/shop/files/b_logo2_61db540e-2a75-4c55-9704-c8d637242593.png?v=1630524289&width=500,Gujarat
https://oideal.in,contact@oideal.in;oideal1@gmail.com;+918329752750;+918669044690,https://instagram.com/stepstodo.decor;https://youtube.com/@stepstodo8648;https://youtube.com/channel/UC1U2cMIhlMQs5KpFOQb6A0w/videos,home decor,"Buy DIY science kits, maths learning aids, painting kits and Diwali décor made in India. Shop directly from StepsToDo (O iDeal), a Pune maker.",,Maharashtra
https://sheetkart.com,care@sheetkart.com;+919351874344;+919660578335,https://facebook.com/SheetKart;https://instagram.com/sheetkart;https://pinterest.com/SheetKart;https://twitter.com/sheetkart,home decor,"Shop Jaipuri Cotton Bedsheets (बेडशीट) Online from sheetkart.com. SheetKart is one of the top bedsheets brands on Amazon India with more than 27000 plus customer reviews. Our cotton bed sheets are hand screen printed in Sanganer, Jaipur. Our Double Bedsheets range starts from Rs. 549 and goes up till 999.",https://www.sheetkart.com/cdn/shop/files/logo-sheetkart_180x.png?v=1625128585,Rajasthan
https://stylox.in,privacyofficer@neemans.com;support@stylox.io;+919310757356;+919667290536,https://facebook.com/StyloxIndia;https://instagram.com/styloxfashion,apparel & fashion,"Get Affordable and Trendy Mens wear at our stylox mens clothing store - We offer Affordium Denim, Printed Shirt/T-Shirts, Jeans collection to elevate your style.",https://stylox.in/cdn/shop/files/LOGO_03380616-8cd1-47f4-a438-5664a455fb1f.png?v=1785761091&width=330,Haryana
https://natures-nectar.com,,,food & beverages,Buy Natural honey Online in India . Discover the purest essence of nature with Nature's Nectar. Shop online for the world's best natural honey at unbeatable prices.,https://cdn.shopify.com/s/files/1/0294/7815/8384/files/logo-_w150_h80_1_180x.png,Delhi
https://sevenbeans.co,advith@sevenbeans.co,https://facebook.com/Sevenbeanscoffeecompany;https://instagram.com/sevenbeanscoffeecompany;https://x.com/7beanscoffeecom,food & beverages,Seven Beans Coffee Company is an artisan ‘crop-to-cup’ venture between Indian Coffee Growers and Italian Roasters.The perfect blend of talents; coffee grown in the hills of Chikmagalur is roasted using traditional Italian techniques to produce exquisite gourmet coffees assured to elevate the senses. We keep you going!,https://sevenbeans.co/cdn/shop/files/Seven_Beans_Logo_Blue_1bb98190-07bd-42ab-bca9-7124ef63acb8.png?v=1630548744&width=1445,Karnataka
https://efifdiamonds.com,customercare@efifdiamonds.com;+914428151987;+914445588811;+918428472821;+919176972821,https://facebook.com/efifdiamonds;https://instagram.com/Diamonds.efif;https://youtube.com/channel/UC1pKKhuFkKH1W5FFgXZSEWg,jewelry,"The best diamond jewellery showroom in Chennai, trusted by customers across India.",https://sb.secomapp.com/images/artwork/sb_logo_64265.png,Tamil Nadu
https://khatrijamnadas.com,info@khatrijamnadas.com;+912222424947;+912222425711,https://facebook.com/khatrijamnadas;https://in.pinterest.com/khatrijamnadas;https://instagram.com/khatri_jamnadas_bechardas,apparel & fashion,"Find the latest collection of Traditional Saree / Indian Wedding Sarees – Bandhani, Gharchola, Patola, Banarasi, Panetar, Lehriya at Khatri Jamnadas Bechardas. Grab it now.",https://khatrijamnadas.com/cdn/shop/files/Khatri_logo_2_220x.jpg?v=1788417376,Maharashtra
https://uathayam.in,online@uathayam.com;+919840312757,https://facebook.com/uathayam;https://instagram.com/uathayam;https://youtube.com/@uathayamcotton4096,apparel & fashion,"Offering a wide range of high-quality Uathayam Dhotis and Shirts for Men and kids. A range comprising of cotton, linen and silk fabrics dhotis and shirts.",https://uathayam.in/cdn/shop/files/Uathayam_New_Logo__1_-removebg-preview.png?v=1773072303&width=246,Tamil Nadu
https://himalayanpeople.com,,https://facebook.com/himalayanpeople,food & beverages,"Woollens, Handicrafts, Teas, herbals & foods. Natural Body & Skincare from the Himalayas.Exciting woollens, scarves, socks, designer accessories, bags, footwear. Himalayan Tea, Himalayan green tea, Himalayan woollens, Himalayan spices, masala chai, ginger tea, tulsi tea, mango tea, chilli sauces, chilli paste, chukh.",https://himalayanpeople.com/cdn/shop/files/Himalayan_People.test.Logo_0b3fc098-e554-4fcc-8353-49df6fe124b1_260x.jpg?v=1613580804,Himachal Pradesh
https://antesports.com,sales@antesports.com;support@antesports.com;+919910038574,https://facebook.com/AntEsportsInternational;https://instagram.com/ant_esports;https://youtube.com/c/AntEsports;https://youtube.com/watch?v=H5oZu2gmpa0&list=PLD09EjMevOqPEBvpLZP0H1PEkMq4fwR45,electronics,"Explore Ant Esports gaming cabinets, RAM, cooling solutions, keyboards, mice, headsets, speakers, gamepads, power supplies, and gaming accessories.",https://antesports.com/cdn/shop/files/Ant-Esports-logowhite.png?v=1785752971&width=130,Delhi
https://krausjeans.com,care@krausjeans.com;+918433999042,https://facebook.com/krausjeans;https://instagram.com/kraus_jeans;https://linkedin.com/company/kraus-jeans,apparel & fashion,"Explore contemporary women’s fashion, versatile denim styles, and modern everyday wardrobe essentials from KRAUS Jeans.",https://www.krausjeans.com/cdn/shop/files/Logo-image_150x_1.webp?v=1701679158&width=150,Maharashtra
https://passionindulge.com,clientservice@passionindulge.com;e-mail-info@passionindulge.com;+912261580806;+919136987490,https://facebook.com/passionindulgeofficial;https://instagram.com/passionindulgeofficial;https://youtube.com/channel/UChO5mz7AIZfP-B56YtM8jZw/featured,beauty & skincare,Transform your beauty ritual today! Shop the goodness of nature at Passion Indulge for natural herbal cosmetic skincare and hair care products. Elevate your glow with every purchase – explore now for a radiant you.,https://passionindulge.com/cdn/shop/files/pASSION_lOGO.png?v=1766029467&width=3669,Maharashtra
https://shopjbr.com,contact@shopjbr.com;+918097336503;+918454813464,https://facebook.com/joulesbyradhika;https://instagram.com/joulesbyradhika;https://youtube.com/@joulesbyradhika4400,jewelry,"Discover a collection of high-quality Indian Designer Jewellery. Buy necklaces, earrings and rings at Joules by Radhika.",https://www.shopjbr.com/cdn/shop/files/JBR_LOGO_ORGINAL_RM_PNG.webp?v=1712047488&width=1100,Maharashtra
https://merideewar.com,contact@merideewar.com,https://facebook.com/merideewar;https://in.pinterest.com/merideewar;https://instagram.com/merideewar;https://linkedin.com/company/merideewar;https://youtube.com/merideewar,other,"Buy beautiful wall paintings for your living room, At Meri Deewar, buy beautiful Canvas wall Buy raja Ravi varma manjit bawa van Gogh jamini Roy phome and office, you can also get amazing quality designs pictures,Art Prints, Framed Art and Posters. Print your own photo in some amazing sizes and quality at best price.",https://merideewar.com/cdn/shop/files/MeriDeewar.com.png?v=1780746197&width=5152,Maharashtra
https://phonokart.com,contact@phonokart.com;+919789988938,https://facebook.com/phonokart.in;https://instagram.com/phonokart.in;https://youtube.com/@phonokart,electronics,"Phonokart is primarily focuses on selling mobile and electronic accessories.The website offers a wide range of products, including mobile cases, tempered glass, chargers, cables, and more",https://phonokart.com/cdn/shop/files/Phonokart_Logo.png?v=1671551628&width=500,
https://jaipurpaisley.com,jaipurpaisley2018@gmail.com;+919352280581;+919414269552,https://facebook.com/JaipurPaisleyClothing;https://instagram.com/jaipurpaisley,apparel & fashion,"Shop Designer maxi dresses online at jaipur paisley. Find our latest collection of Ethnic long cotton dresses, cotton maxi dresses,Suits sets , Kurti Pants and other hand printed ethnic dresses.",https://cdn.shopify.com/s/files/1/0694/3827/5873/files/logo3.png?v=1673505590,Rajasthan
https://vervejewels.com,info@vervejewels.com;into@vervejewels.com;+911414021443;+919799962170,https://instagram.com/vervejewels,jewelry,Buy Pure Silver Jewellery Online In India @ Vervejewels. All types of 925 silver jewellery for men & women. Latest Collection. 100% quality assured.,https://www.vervejewels.com/cdn/shop/files/vj_logo.png?v=1640001010&width=600,Rajasthan
https://var-tech.com,info@var-tech.com,https://instagram.com/vartech.india;https://youtube.com/channel/UCkSTiDk0yKcUbCSwkel1K6w,home decor,"India's Most trusted Digital Multimeters, Digital Clamp meters, DC power supplies, Oscilloscopes, Calibrators, Electronic loads and Electronic like Soldering stations, SMD rework stations, SMD rework systems, Soldering irons, Magnifying lamps, Smoke absorbers. Accessories and Spares are available for all our products.",https://var-tech.com/cdn/shop/files/V_A_R_TECH_Logo_png.png?v=1659459894&width=500,Karnataka
https://chadotea.in,accounts@chadotea.in,https://facebook.com/ChadoTeaIN;https://instagram.com/chadoteain;https://twitter.com/ChadoTeaIN,food & beverages,,https://chadotea.in/cdn/shop/files/Asset_3_2x_47135ed8-e25e-45e9-a7a3-efc8b38f6346.png?v=1689920281&width=1921,
https://slacklife.in,slacklife.balance@gmail.com;+919768976885,https://instagram.com/faroutsamar;https://instagram.com/p/CZMThYbl8QG;https://instagram.com/slacklifeinc;https://youtube.com/watch?v=XbvIFuHKD-s;https://youtube.com/watch?v=p0036hoFoII;https://youtube.com/watch?v=w_3x1h16Egw,other,"From India's slacklining and highlining pioneers — shop premium gear, train with the experts, and join festivals and competitions. Get involved with Slacklining in India and Slacklife Inc.",https://www.slacklife.in/cdn/shop/files/Slacklife_X_ISA_960x.jpg?v=1704132251,Maharashtra
https://riderzplanet.com,hello@riderzplanet.com;+912020091123;+917065991100;+917065992200,https://facebook.com/riderzplanet;https://instagram.com/riderzplanetsuperstore;https://youtube.com/channel/UC1Lv8C2J1km_-oRvZUs7sRw,accessories,"Buy riding gear online in India at Riderz Planet. Buy bike accessories, riding gloves, jackets, helmets, riding pants, crash guards from top brands in India.",https://www.riderzplanet.com/cdn/shop/files/Untitled_design.gif?v=1749717804&width=600,Delhi
https://zoopmen.in,info@zoopmen.in;studiozoopdelhi@gmail.com;+911122141230;+919773775640,https://facebook.com/ZOOPmen;https://instagram.com/zoopmen;https://youtube.com/channel/UCfFcjAsxDaayz2Gb0ISQp-g,apparel & fashion,"Discover premium men’s ethnic wear and formal wear at Zoop Men. Shop sherwanis, jodhpuri suits, bandhgalas, tuxedos, and tailored suits crafted for weddings, occasions, and luxury style. High-quality designs, perfect fits, and nationwide delivery for the modern Indian man.",https://zoopmen.in/cdn/shop/files/Untitled_design.png?v=1667821129&width=273,Delhi
https://sachins.com,care@sachins.com;+911725534832;+911725534844;+911744546548;+911744548811;+911744549444;+911744553302;+911744553732;+911755431165;+911755431168;+911755432286;+911755432289;+911755521993;+911755521995;+911755522012;+911755522015;+911755522017;+911755522019;+911755522020;+911755522022;+911755522023;+911755522025;+911755522029;+911755522034;+911755522037;+911755522059;+911755522063;+911755522069;+911755522071;+911755522098;+911755522101;+911755522103;+911755522236;+911755522238;+911756979771;+911756979773;+911756979776;+911756979779;+911772349841;+911772356595;+911772359823;+911772360404;+911772437487;+911772437971;+911772443816;+911772443819;+911772443822;+911772443824;+911772446995;+911772522892;+911772522895;+911772522899;+911772522902;+911772537493;+911772537496;+911772537957;+911772719038;+911772879837;+911776780250;+911776783266;+911777115581;+911777115584;+911777115588;+911789211073;+911789211290;+912652351859;+917383308259;+919825108259,https://facebook.com/SachinsBaroda;https://instagram.com/sachinsmensworld;https://pinterest.com/SachinsMenWorld;https://twitter.com/sachinsmenworld;https://youtube.com/channel/UCpUZ7HpUlXZr6g_sCx9lz9w,apparel & fashion,Buy latest Indian wedding dresses for men online at Sachin's. We specialise in Indian groom and ethnic outfit. We Deliver all our clothing across India and the USA.,https://sachins.com/cdn/shop/files/Logo-1_250x.png?v=1663241851,Gujarat
https://deczo.com,deczoshop@gmail.com,,home decor,"Online store for Buddha statue, pots and planters, home decor products",https://www.deczo.com/cdn/shop/files/Deczo-dark-logo.png?v=1709569376&width=500,Delhi
https://thevitamin.co,info@sportsol.in;+917272959504;+919999712344,https://facebook.com/thevitamin.co.india;https://instagram.com/thevitamin.co;https://youtube.com/channel/UCD6qHkElqe2y8RVAk4NvfOw,health & wellness,"The vitamin company is an initiative of Sportech Solutions. The vitamin company is the result of years of commitment to quality, health, and fitness. Our aim was to create the best nutritional supplements, using only the finest raw materials. We avoid using Artificial Ingredients and source our ingredients responsibly.",https://cdn.shopify.com/s/files/1/0561/0723/7548/files/TVC-Comany-Logo-1050x350px-version2_67069d75-831c-466f-969e-28b066833cf8_130x.png?v=1631792849,Karnataka
https://prestobazaar.com,care@prestobazaar.com;+919817937707,https://facebook.com/prestobazaarhome;https://instagram.com/prestobazaar_,furniture,Upgrade your home with home furnishing products from Presto Bazaar! Find stylish home furnishing products at unbeatable prices. Free shipping and easy returns.,https://prestobazaar.com/cdn/shop/files/logo_250x.png?v=1777986246,Karnataka
https://ooshinuk.com,,https://facebook.com/ooshinuk;https://instagram.com/icrus_ooshin,other,,https://ooshinuk.com/cdn/shop/files/color1_logo_transparent_background.png?v=1699813187&width=500,
https://hamsterlondon.com,customercare@hamsterlondon.com;+911149786390;+919810411190,https://facebook.com/hamsterlondon;https://in.pinterest.com/hamsterlondon;https://instagram.com/hamster_london;https://youtube.com/channel/UCjjOfQpncXxnQ843o23uLjQ,accessories,"Shop for the best clothes, bags, and accessories at Hamster London. Explore our collection of stylish travel duffle bags for women, shiny duffle bags in India, tote handbags for women, and buy co-ord sets for women online.",https://hamsterlondon.com/cdn/shop/files/WhatsApp_Image_2024-11-16_at_16.44.21.jpg?v=1731755852&width=1600,Delhi
https://aranmulakannadi.net,aranmulakannadimail@gmail.com;aranmulamirror@gmail.com;+917012870557,https://facebook.com/aranmulakannadi;https://in.pinterest.com/aranmulametalmirrors/_created;https://instagram.com/aranmula.kannadi;https://twitter.com/aranmulakannadi;https://youtube.com/channel/UCnpET8Gui1WbN3Pg8U0aZ3A,other,Buy authentic & traditional aranmula kannadi ( aranmula metal mirrors ) online,,Maharashtra
https://newfrostysonline.com,+917406730611;+918095620656,,other,"40 years of Bangalore's Best and Fresh Beef, Mutton, Pork, Chicken, Fish, Prawn, Crab, Sausages and more delivered to your home from Indiranagar and Whitefield. Order Online to get free delivery or Pick Up at our stores.",https://newfrostysonline.com/cdn/shop/files/cropped-NF-LOGO_1440x.jpg?v=1693031122,Karnataka
https://rajmahalsilks.com,rajmahalsilksonline@gmail.com;+917200007474,https://facebook.com/RajmahalSilks;https://in.pinterest.com/rajmahalsilksofficial;https://instagram.com/rajmahal_official;https://linkedin.com/in/rajmahal-silks-945b38198;https://youtube.com/@rajmahalsilks,apparel & fashion,Rajmahal silks is a renowned retail shop known for its traditional of excellence in silk for more 56 years since 1965 located in India’s temple city Madurai,https://www.rajmahalsilks.com/cdn/shop/t/15/assets/logo.png?v=14493,Tamil Nadu
https://crossroadthebikerstop.com,info@crossroadthebikerstop.in;support@halothemes.com;+918657436630;+919765106163,https://facebook.com/crossroadthebikerstop;https://instagram.com/crossroadthebikerstop;https://twitter.com/CrossroadTBS;https://youtube.com/channel/UCkuHarOuaN40FgB_mBAw8xA?view_as=subscriber,other,"A one stop store for helmets, riding jackets, spare parts and othe biking accessories. We sell AGV,Revit, Cramster, Sena and Hepco & Becker products online in India. We are authorized dealers for these products. Get original products with warranty.",https://crossroadthebikerstop.com/cdn/shop/files/Logo_8862d5ab-c42f-4bd8-b83b-687fd8625365.png?v=1613547420,Maharashtra
https://kalenele.com,+916364415557;+918050050828,https://facebook.com/kalenele;https://instagram.com/kalenele,apparel & fashion,"KaleNele - Indian weaves seen anew. Reviving & reimagining traditional weaves of India, one cluster at a time. Sarees, Apparel, Home Furnishing & Giftables.",https://kalenele.com/cdn/shop/files/KaleNele_final_logo-03_130x.jpg?v=1650285977,Karnataka
https://cuttingedgeindia.com,care@cuttingedgeindia.com,https://facebook.com/Cutting.EDGE.International;https://instagram.com/cuttingedgeinternational;https://linkedin.com/company/therealcuttingedge;https://twitter.com/_CuttingEDGE,kitchen,"A modern Home & Kitchen Lifestyle Brand specializing in Home Storage, Kitchen Storage, Organizers, Drinkware, Dinnerware, Glassware, Cleaning & Microfibre Solutions, Lawn & Garden Utilities, Kitchen and Cooking Accessories, Bakeware, and other smart lifestyle solution.",https://cuttingedgeindia.com/cdn/shop/files/LOGO_300_by_50_300x.png?v=1657545796,Karnataka
https://mojobars.com,info@mojobars.com;+919920979998,,food & beverages,Healthy Snacking without Compromising on Taste! Subscribe to MOJO. Shop for protein rich energy bar - MOJO Bars or delicious snacking chocolates - MOJO Thins online.,https://www.mojobars.com/cdn/shop/t/7/assets/logo.png?v=738,
https://praakritik.com,corporate@praakritik.com;+919152400067,https://facebook.com/PraakritikOrganic;https://instagram.com/praakritik;https://youtube.com/@praakritik,food & beverages,Buy best organic food & seeds online in India. Praakritik offers a wide range of certified organic products that are healthy and chemical-free. Recommended by Nutritionists. ✔ Grow Organic ✔ Go Organic ✔shop now!,https://www.praakritik.com/cdn/shop/files/Praakritik_logo_white.png?v=1751526276&width=2489,Maharashtra
https://achievers9bands.com,+911725048099;+919592999108,,books & stationery,Achievers 9 Bands offers best IELTS preparation books and practice material to help you prepare for your IELTS test. Order your copy now.,,Haryana
https://trison.in,sales@trison.in;+919818674741,https://facebook.com/trisonstationery;https://instagram.com/trisonstationery,books & stationery,"Trison International is India’s leading paper stationery manufacturing house of registers, notepads, account books, office stationery, school stationery, envelopes, computer paper and office files",https://trison.in/cdn/shop/files/Trison_logo.png?v=1653989066&width=1000,Delhi
https://karmakettle.com,admin@karmakettle.com,https://facebook.com/karmakettleindia;https://in.pinterest.com/karmakettletea;https://instagram.com/karmakettleteas;https://linkedin.com/in/karma-kettle-b95977153;https://twitter.com/karmakettleteas;https://youtube.com/@karmakettletea,food & beverages,Buy tea online from our exclusive collection of gourmet tea blends. Our collection of teas and tisanes are second to none.,https://www.karmakettle.com/cdn/shop/files/kama-kettle-logo_1000x1000.png?v=1613561708,Karnataka
https://unitedbyhope.com,care@unitedbyhope.com;support@unitedbyhope.com;+14155550142;+916362499806;+918660374430,https://facebook.com/settings?tab=ads;https://facebook.com/unitedbyhopefashion;https://instagram.com/unitedbyhopefashion,apparel & fashion,"We are United by Hope - We help you dress like it's the best day of your life, with quiet luxury, effortless style and utter comfort. We focus on curating the best collection of men's clothing - From formal shirts and trousers to more casual pieces like over-size shirts, over shirts and chinos.",https://unitedbyhope.com/cdn/shop/files/Main_Logo_1702da68-04cd-4728-8a5a-872ce16eb52a.png?v=1732699444&width=900,Karnataka
https://siddarthatytler.com,siddarthatytler@gmail.com;+919821600409;+91982162000409,https://facebook.com/siddarthatytlerfashion;https://instagram.com/siddartha_tytler,apparel & fashion,"Official store for Siddartha Tytler's modern Indian couture & luxury fashion. Shop iconic designer corset tops, embroidered kurtas, fusion wear, bridal lehengas, wedding dresses & celebrity outfits.",https://www.siddarthatytler.com/cdn/shop/files/sid_logo.svg?v=1714927470&width=2068,Delhi
https://rockystarworld.com,shop@rockystarworld.com;+919877654543,https://facebook.com/rockystarworld;https://instagram.com/rockystarfestive;https://twitter.com/rockystarworld,apparel & fashion,"Driven by his love for design and his tenacious commitment to quality craftsmanship, Rocky Star has built a lifestyle portfolio to reckon with.",https://rockystarworld.com/cdn/shop/files/Rocky_Star_Header_Logo-01_df7847cb-9133-4168-a5b2-2c0b2e0012e4.png?v=1666849287&width=500,Maharashtra
https://vedikam.com,sales@vedikam.com,https://facebook.com/vedikamerh;https://instagram.com/_vedikam,apparel & fashion,A line of designer clothes which take inspiration from geometric and hand-painted textures which give every individual piece an abstract effect.,https://vedikam.com/cdn/shop/files/LOGOBlue_160x.png?v=1692197883,Maharashtra
https://poojaproducts.com,,,jewelry,"PoojaProducts is an online trading brand, that provides competitive prices on Puja accessories, gemstones, Rudraksha, bracelets, mala, books, Yantras, and pyramids. Our aim is to provide a memorable experience by offering quality products. Products are recommended by Chennai Best Astrologer ShriGuru. Vamanan Seshadri.",https://www.poojaproducts.com/cdn/shop/files/Poojaproducts._Com_1.png?v=1765109952&width=500,Tamil Nadu
https://proarteworld.com,support@ssiz.in,https://facebook.com/proarteworld;https://instagram.com/proarteworld;https://youtube.com/channel/UCPvCnpzgaJh37UcbMJ8FmjQ,other,"Proarte World offers Professional Makeup Brushes, Makeup Tools & Makeup Accessories at discounted prices in India. Enjoy FREE shipping, COD! & 100% authentic products. Shop Now!",https://proarteworld.com/cdn/shop/t/17/assets/pa-logo.webp?v=160404131607619438361788336765,
https://decorafurniture.in,support@decorafurniture.in;+917666742777,https://facebook.com/decorafurnitureIN;https://instagram.com/decorafurniturein,furniture,,https://decorafurniture.in/cdn/shop/files/Decora_furniture_1_700x.jpg?v=1613701232,Maharashtra
https://tatwamm.com,info@tatwamm.com;+919831123301,https://instagram.com/tatwammcouture,apparel & fashion,"Tatwamm by Abhishek and Vinita is a luxury fashion house specialising in handcrafted sarees, intricate embroidery and timeless Indian textiles.",https://www.tatwamm.com/cdn/shop/files/T.png?v=1740648997&width=500,
https://vastumiracles.com,info@vastumiracles.com;+919548001131,https://facebook.com/vastumiracles;https://instagram.com/vastumiracles_com;https://youtube.com/@vastumiracles?si=Oa-aYymupZF3a2Zu;https://youtube.com/channel/UCIb8RQuukrIIqvIs7btClvQ,other,"Vastu Shastra & Feng-Shui Consultation provided by Vastu Miracles is very powerful and effective. Vastu Miracles provides personalized online vastu consultation to our clients for the selection of plot, constructional detail, renovation of the building, Residential Vastu, Commercial Vastu, Industrial Vastu",https://www.vastumiracles.com/cdn/shop/t/37/assets/logo.png?v=1415,Uttarakhand
https://blowhotindia.com,enquiry@blowhotindia.com;support@blowhotindia.com;+9118008900998,https://facebook.com/BlowhotIndia;https://in.linkedin.com/company/blowhot-india;https://instagram.com/blowhotofficial;https://x.com/Indiablowhot;https://youtube.com/@BlowhotOfficial,other,"Shop Blowhot kitchen appliances, including chimneys, hobs, cooktops, dishwashers, OTGs, and geysers for modern Indian homes.",https://blowhotindia.com/cdn/shop/files/New_Logo_With_TM_New.png?v=1752672161,Karnataka
https://lipkahome.com,help@lipkahome.com;+919810307354,https://facebook.com/lipkagroup;https://in.pinterest.com/Lipkahome;https://instagram.com/lipka.co;https://linkedin.com/company/lipka;https://youtube.com/@lipkahome3508,home decor,"LIPKA, home to the most-selling floor drains, is a booming, dynamic, and value-driven brand that offers the classiest Kitchen Sinks, Brass Faucets, Shower Drain Channels, PTMT, Allied & Bath accessories that make your everyday life convenient.",https://lipkahome.com/cdn/shop/files/invoice-logo.png?v=1643092941&width=120,Delhi
https://cottonrack.com,cottonrack@rayilkul.com;+919950864433,https://facebook.com/CottonRackClothing;https://instagram.com/cotton.rack;https://pinterest.com/cottonrack;https://youtube.com/channel/UCYw2S2GRpA0dVgQeg9pmhKQ;https://youtube.com/watch?v=oLdz7_Iay80&ab_channel=EtsyIndia;https://youtube.com/watch?v=oLdz7_Iay80&t=13s&ab_channel=EtsyIndia,apparel & fashion,"Cotton Rack is one of the best sustainable luxury brands in India that offers ethically handmade Indo Western dresses, kurtas, tops, blouses, jackets and shrugs and pants for women made with hand spun and handloom cotton and other natural fabrics made by artisans in eco-friendly and responsible fashion.",https://cottonrack.com/cdn/shop/files/C6A255B5-2882-4EC6-95B2-45E07CDEDCBC.png?v=1654110014&width=500,West Bengal
https://lazyassbikers.com,info@projectrevolt.com;+919326929569,https://facebook.com/lazyassbikers;https://instagram.com/lazyassbikers,accessories,Buy Best Quality of Motorcycle Accessories Online in India at Sale Price from Lazyassbikers with Free Shipping Facility,https://cdn.shopify.com/s/files/1/1450/1738/t/4/assets/logo.png?8842009933772473559,Maharashtra
https://toshonwelding.com,sales@toshonwelding.com;toshonindustries@gmail.com;+914222231187;+917373772920;+919865177244,https://facebook.com/toshonweldinginverter;https://twitter.com/Toshon_Welding;https://youtube.com/channel/UCtki09kj_EpeA3zky4VphkA;https://youtube.com/watch?v=NsfXJlXcwNw,sports & fitness,"Toshon Inverter Welding Machine for sales online shopping Welding Machine dealers, manufacturers, suppliers, importer in Coimbatore, chennai GB Internatioal Welding Machine-Elite Welding Machine-Toshonwelding-welding machine in coimbatore-Genset welding machine in coimbatore-Manufactures of welding Equipments-Spot",https://www.toshonwelding.com/cdn/shop/files/logo-mini-200x70_970f33a4-5b69-4085-a0b9-f24b56a6281c_300x300.png?v=1712558139,Tamil Nadu
https://shenshe.com,customercare@shenshe.com;+918130599985,,furniture,Shop Comfortable Lounge wear and Nightwear,,Delhi
https://spruceindia.com,care.spruceindia@gmail.com;+919600759139,https://facebook.com/sprucexclusive;https://in.pinterest.com/spruceindia/_created;https://instagram.com/spruce.india;https://youtube.com/@SpruceIndia,accessories,"Spruce India : Bags | Pouches | Organizers and so on Spruce brings to you a range of handbags, totes, organizers, and pouches. Spruce has never stopped evolving and has been continuously designing new collections. Enter our world, and discover the best of Spruce.",https://spruceindia.com/cdn/shop/files/spruce-india.png?v=1613722042,Tamil Nadu
https://chokerset.com,info@jewelshingar.com,,jewelry,"Discover Chokerset's amazing Indian jewellery collection, offering you exquisite pieces perfect for both everyday and special occasions. The mind-blowing designs feature intricate details delicately crafted into every piece, for a luxurious and classy look.",https://chokerset.com/cdn/shop/files/Screenshot_2026-02-18-20-12-39-57_96b26121e545231a3c569311a54cda96.jpg?v=1771433372&width=500,Delhi
https://debellecosmetix.com,hello@debellecosmetix.com;+917975958738;+919916798224,https://facebook.com/debellecosmetix;https://in.pinterest.com/debellecosmetix;https://instagram.com/debellecosmetix;https://twitter.com/debellecosmetix;https://youtube.com/c/DeBelleCosmetix,beauty & skincare,"Official Store of DeBelle Cosmetix! Best deals on beauty products at DeBelle Cosmetics store. Buy cosmetics online with free delivery. Long Lasting nail polishes and nail paint gift set for women . High quality toxin free natural skincare products, affordable unisex fragrances and handmade soaps scented soy wax candles",https://www.debellecosmetix.com/cdn/shop/t/52/assets/logo.png?v=65743,Karnataka
https://nilkamalfurniture.com,customercare@nilkamalfurniture.com;+9118001219115,https://facebook.com/OfficialNilkamal;https://instagram.com/nilkamal_ltd;https://twitter.com/nilkamal_ltd;https://youtube.com/channel/UCgIYdtLkIW9OjLtRS8ZZHzQ,furniture,Buy furniture and mattresses online from Nilkamal Furniture. Explore modern home and office furniture designs with delivery across India.,https://www.nilkamalfurniture.com/cdn/shop/files/Nilkamal_Logo_v2_410x_393bcb28-715b-4adc-b2de-0312dfd1ffd5.png?v=1722251626&width=605,Karnataka
https://uberlyfe.com,,https://facebook.com/UberLyfe;https://instagram.com/uberlyfe;https://linkedin.com/company/uberlyfe,furniture,"One-stop shop for sofa cum beds — pull-out, click-clack, L-shape, storage & more. Full customization at our Bangalore centre, NEXT DAY delivery in 6 cities",https://uberlyfe.com/cdn/shop/files/Logo-Uberlyfe_300x.png?v=1644302733,Karnataka
https://sukhiaatma.com,,https://instagram.com/be_sukhiaatma;https://instagram.com/p/C13YFqgIfKL?img_index=1;https://instagram.com/p/C3cpb4epesg?igsh=MzRlODBiNWFlZA%3D%3D;https://instagram.com/p/Ca009wltPge;https://instagram.com/p/CjKOE2LquE_?img_index=1https%3A%2F%2Fwww.instagram.com%2Fp%2FCjKOE2LquE_%2F%3Fimg_index%3D1;https://instagram.com/p/Ct1tmDbqv5Y?img_index=1;https://instagram.com/p/Cv13lx_osM9;https://instagram.com/p/CxH5y6isXkT?img_index=1,apparel & fashion,,https://sukhiaatma.com/cdn/shop/files/sa2_135x.jpg?v=1700500829,Maharashtra
https://gratiabathandbody.com,corporate@gratiabathandbody.com;info@gratiabathandbody.com;+9118008896720;+915123500185;+919506111110,https://facebook.com/gratiasoaps;https://in.linkedin.com/company/gratia-by-govindam-flavours;https://in.pinterest.com/gratiasoap;https://instagram.com/gratia_care;https://twitter.com/gratiafragrance,other,Gratia Bath And Body,https://www.gratiabathandbody.com/cdn/shop/files/Gratia_bathandbody_Logo_250x.png?v=1644832960,Uttar Pradesh
https://kanvinindia.com,contact@kanvinindia.com,https://facebook.com/kanvinonline;https://instagram.com/kanvin.india,apparel & fashion,"""Discover a world of quality products at Kanvin. Explore a vast selection of Women,Men and Kids, all at competitive prices. Shop now for Trendy Fashion and enjoy fast shipping and hassle-free returns. Find the perfect dresses today!""Kanvin is a best online shopping websites for clothes.",https://kanvinindia.com/cdn/shop/files/kanvin_logo_1667x.png?v=1618830982,Punjab
https://vrindavanbazaar.com,info@vrindavanbazaar.com;+917055178500,https://facebook.com/vrindavanbazaar;https://in.pinterest.com/vrindavan_bazaar;https://instagram.com/vrindavan.bazaar;https://twitter.com/vrindavanbazaar;https://youtube.com/channel/UCchAHvvsQqt7AJqo7kA9NHA,apparel & fashion,"We have Radha Krishna, Laddu Gopal, Gaur Nitai, Jagannath Baldev Subhadra deities, their dresses and complete shringar. Incense Sticks, Dhoop Cones, Books, Children toy and plush toys, Handicraft items, puja items and musical instrument. We are a ONE STOP FOR ALL YOUR DEVOTIONAL SPIRITUAL PRODUCTS. We ship worldwide.",https://vrindavanbazaar.com/cdn/shop/files/WhatsApp_Image_2025-11-11_at_10.07.38_AM-removebg-preview.png?v=1762837749&width=500,Karnataka
https://fujihoroindia.com,corporate@globalintent.in,https://facebook.com/FujihoroIndia1;https://instagram.com/fujihoroindia,food & beverages,"Browse Fujihoro products with latest in Cookware, Serveware, Tea and Coffee Pots. Free shipping on all orders across India.",https://fujihoroindia.com/cdn/shop/files/Fujihoro_Logo.jpg?v=1697016881&width=500,Haryana
https://cherrycrumble.com,,https://facebook.com/cherrycrumblecalifornia;https://in.pinterest.com/cherrycrumbleCA;https://instagram.com/cherry_crumble_california_;https://youtube.com/@cherrycrumblecalifornia,apparel & fashion,Are you searching for kids clothing store online in India? Online shopping for designer kidswear especially for girls and boys are available at Cherry Crumble by Nitt Hyman.,https://cherrycrumble.com/files/3_1_1103c158-acf4-404e-8575-c3791365b859.png,
https://baisegaba.com,support@baisegaba.com;+917878756159;+919352767013,https://facebook.com/baisegaba;https://instagram.com/baisegaba,apparel & fashion,"Shop best-selling women's wear in India at Baise Gaba Clothing – Ethnic Wear dresses, lehengas, kurta sets & Western wear. Explore our hand-painted and exclusive designer collection today!",https://www.baisegaba.com/cdn/shop/files/Baise-Baba-Logo-Official.png,Rajasthan
https://bennch.com,connect@bennch.in;+91209773748604;+919773748604,https://instagram.com/bennch.hq?igsi=ZnRlaDM5MHRvdHpn,apparel & fashion,"Discover handmade Indian clothing by BENNCH and Otouto. Sustainable textiles, handwoven Chanderi, and exclusive designer wear for modern women.",,Maharashtra
https://parijatstore.com,parijatcollections@gmail.com;+919500094822,,apparel & fashion,The destination for ladies with a penchant for classy and traditional Silk and Silk cotton Sarees. All our products are Handloom only.,https://www.parijatstore.com/cdn/shop/files/PARIJAT_LOGO_2709_1_39d42811-65d3-42d0-8869-41d5bdac3d6a.png?v=1630618117&width=500,Tamil Nadu
https://pluchi.com,care@pluchi.com;+91180012007;+918199950207;+919667982323,https://facebook.com/PluchiStore?eid=ARBk28oeecV1zw_RZPSBBWqFLFMRpgSlnIckJ-lKMIqlPn0BEzLxdkk6xGyKf9GUxIexjT9V5ffGc2r_;https://in.pinterest.com/pluchiworld/_created;https://instagram.com/pluchistore;https://linkedin.com/company/pluchi-store;https://youtube.com/channel/UC139HDUiopqvCMb30ipyPEA,baby & kids,"Pluchi Store: Online shopping sites for Home Decor, Baby & Kids Products, Fashion & Accessories in India. Buy Throws, Dohars, Cushion Covers, Soft Toys, Baby Blankets, Ponchos with ✓Free Shipping on orders above Rs 1000 ✓Cash on delivery",https://pluchi.com/cdn/shop/files/512x254_copy_bigger_512x.png?v=1672737839,Delhi
https://peonykidscouture.com,anmolsabharwal95@gmail.com;info@peonykidscouture.com;+919133666961,,baby & kids,"Buy Birthday Dresses for Kids, Party Wear Dresses for Boys, Party Wear Dresses for Girls from Peony Kids Couture an Online Kids Party Wear & Ethnic Wear Store.",https://www.peonykidscouture.com/cdn/shop/files/Tag_Peonyy_Kids_Logo_8210a373-1075-48cb-a921-7af27c000a07_500x.png?v=1770271598,Telangana
https://artwaley.com,info@artwaley.com;+911669448268;+911669450066;+911669450090;+911669450498;+911669450515;+911669450622;+911669450708;+911669450729;+911669623446;+911669630497;+917899643678;+919108913679,https://facebook.com/people/Artwaley-Art-Street/100015702822630;https://in.pinterest.com/artwaley;https://instagram.com/artwaley;https://twitter.com/artwaley;https://youtube.com/channel/UCMgbFUF05_AZ52M2nBdvO_Q,other,,https://artwaley.com/cdn/shop/files/Asset_1.png,Karnataka
https://stoffastyle.com,customerservice@stoffastyle.com;teamstoffa@gmail.com;+917506674309,https://facebook.com/StoffaStyle;https://instagram.com/StoffaStyle;https://instagram.com/stoffastyle,other,"Women's accessories designed and manufactured in-house, retailed from our flagship store in Mumbai, as well as over 50 designer stores across India.",https://stoffastyle.com/cdn/shop/files/STOFFA_LOGO_0b001faa-38d7-4a0a-a937-06b9812b2d00.png?v=1663857153&width=3508,Maharashtra
https://anomalybyanam.com,sales@anomalybyanam.com,https://instagram.com/anomalybyanam,jewelry,"Statement Jewellery Pieces, inspired by world history & cultures, handcrafted in India. Buy innovative jewellery pieces today. Free domestic shipping on all orders!",https://anomalybyanam.com/cdn/shop/files/IMG_9943.png?v=1776148810&width=500,Maharashtra
https://ayurkart.com,sales@ayurkart.com;+914448599296,https://facebook.com/ayurkartindia;https://in.pinterest.com/ayurkart_india;https://instagram.com/ayurkart_in;https://x.com/ayurkart_india;https://youtube.com/channel/UCxIYr9tildhBbuqxm8XsfZg,health & wellness,Buy Ayurvedic Medicine Online from India's best Ayurveda online shopping store. Avail Classical Ayurvedic Medicine & Products Online from top ayurvedic brands.,https://www.ayurkart.com/cdn/shop/files/ayurkart-logo_298x67.png?v=1613699332,Tamil Nadu
https://sahilaneja.com,+919811411545,https://facebook.com/sahilanejaofficial;https://instagram.com/sahilaneja?igsh=MWJ5Y3duZnBvbTEzaw%3D%3D,other,,https://www.sahilaneja.com/cdn/shop/t/54/assets/logo.png?v=5296,
https://mylyra.com,support@mylyra.com;+913349515151;+919073558888,https://facebook.com/MyLYRA;https://instagram.com/lyra.india;https://linkedin.com/company/lux-industries-ltd;https://youtube.com/channel/UC46exKrB2cKg0Q7vUU5Se-w,furniture,"Visit Lyra for comfortable yet stylish bottom wear for women online in India. Browse through our range for leggings, palazzos, lingerie, sleepwear, tshirts and winter wear. Shop now!",https://mylyra.com/cdn/shop/t/30/assets/logo.png?v=10078,West Bengal
https://jompers.com,support@jompers.com;+919354983102;+919625916289,https://facebook.com/jompersfashion;https://instagram.com/jompers_fashion;https://youtube.com/channel/UCRACPNP_CkPE5l37U2Ud9jg,apparel & fashion,"Jompers - Shop Jompers ethnic clothing online for men & women online in India. Shop from a wide range of kurta sets, kurtis, trousers & dresses at Jompers. Flagship Store Located in Noida: G-6, BASEMENT & G. FLOOR, SECTOR -18, NOIDA, U.P.- 201301, Store Number :- 9625916289",https://jompers.com/cdn/shop/files/jompers_final_logo_2_c196be5c-9681-4887-9f6d-1c17839c2da6.jpg?v=1658811197&width=320,Delhi
https://brownfolds.com,hello@brownfolds.com;+917984633626,https://facebook.com/brownfolds;https://instagram.com/brownfolds;https://pinterest.com/brownfolds;https://twitter.com/brownfolds;https://youtube.com/channel/UCMLm_gsGGQC85Lh_FdhZCYw;https://youtube.com/watch?v=IBx-OwGQN84,home decor,"Discover a world of handcrafted origami paper lamps, made in India! Explore diverse designs made from recycled materials, created by inspiring individuals with disabilities.",https://brownfolds.com/cdn/shop/files/Brownfolds_Logo_for_Trademark-01.png?v=1669030956&width=3173,Gujarat
https://futuristicclimatecontrols.in,sales@futuristicclimatecontrols.in;+919723810294,https://facebook.com/FuturisticClimateControls;https://in.pinterest.com/futuristicsales;https://twitter.com/FuturisticSales,food & beverages,Online shop for industrial products. Buy Honeywell Products Online at lowest prices . Buy City Technology Gas sensors in India. We are Honeywell Distributors in India.,https://www.futuristicclimatecontrols.in/cdn/shop/files/Futuristic_Logo_100X100_81e33222-570f-485a-a956-6dbf07cebfdd_125x.jpg?v=1616872137,Gujarat
https://koy.store,,https://instagram.com/koytoyboy;https://instagram.com/kyhaan;https://instagram.com/studiohaus;https://instagram.com/thekoystore,apparel & fashion,"Discover KOY: award-winning collectible furniture design, fashion, and art blending Indian heritage with modern design. Handcrafted by Kunaal Kyhaan Seolekar. Explore iconic pieces, custom orders, and timeless artistry at KOY Store.",https://koy.store/cdn/shop/files/KOYLOGO2017STORE_R_140x.png?v=1613534936,Maharashtra
https://eskalife.com,eskadesigns28@gmail.com;info@eskalife.com;+919871319404,https://facebook.com/eskadesigns;https://instagram.com/eskadesigns,apparel & fashion,"Eska by Shivani Nirula, Yoga, Active, and Lounge Fashion and Apparel, Designed and Made in India",https://www.eskalife.com/cdn/shop/t/6/assets/logo.png?v=128655759158429764361453365245,Delhi
https://varnikaarora.com,varnikaaroraofficial@gmail.com;+918130275776,https://facebook.com/varnikaaroraofficial;https://instagram.com/varnikaaroraofficial,jewelry,"Varnika Arora Designer Collections Of Women's Wear Earrings, Rings, Necklaces, Bangles, Cuffs, Hoops, Studs, Hair Pins, Bracelets etc. Shopping Online",https://varnikaarora.com/cdn/shop/files/VA_LOGO_f184b4f4-bd9b-4662-b960-2d21f47b4422.webp?v=1781847470&width=500,
https://abia.in,info@abia.in;+911244796600,https://facebook.com/shopify;https://instagram.com/shopify;https://pinterest.com/shopify,other,,https://abia.in/cdn/shop/files/abia_logo_2_200x.jpg?v=1667297317,Haryana
https://labelshabel.com,customercare@labelshabel.com;info@labelshabel.com;+917042262266,https://facebook.com/labelshabel;https://instagram.com/labelshabel,books & stationery,"Waterproof name labels for school, luxe gift stationery & hardbound photo books - personalised and made in India for 10+ years. 75% of customers return.",https://labelshabel.com/cdn/shop/files/Label_Shabel_Logo.png?v=1753867740&width=500,Delhi
https://greymode.myshopify.com,+919087723533,https://facebook.com/greymode.in;https://in.pinterest.com/greymodeindia;https://instagram.com/greymodedotin,furniture,"Greymode is for anyone who loves indian tradition, who likes to decorate their home with deep cultural connections. From decorative uruli for rituals and vastu benefits to table top fountains for pooja room needs and vastu remedy, Greymode has unique collections designed and handcrafted in INDIA.",https://greymode.myshopify.com/cdn/shop/files/new-logo-3png_100x.png?v=1613679833,Puducherry
https://tbwodisha.com,raks@amoghaskyboxcricket.com;tbwfuncamp@gmail.com;+916712505379;+917894457606;+917894457624,https://facebook.com/TBWODISHA;https://facebook.com/jumbofuncamp;https://instagram.com/kahuchitbw;https://youtube.com/@KahuchiTBW;https://youtube.com/@jumbofuncamp;https://youtube.com/@kahuchitbw;https://youtube.com/playlist?list=PLMWk7YyaJ3fe96lNf9V4Ji_2JAkjE4TeB;https://youtube.com/playlist?list=PLk_d2bfGTmL4mhXmSE1AcgKCueQ02D_d8;https://youtube.com/playlist?list=PLk_d2bfGTmL7-orQJZ1jdZtbhTPg0cMGd;https://youtube.com/watch?v=SXNgLtlHWVw,books & stationery,"TBW is recognized as one of the house-hold-names among the Teachers, Parents and Students in Odisha state. TBW was founded in 1993. For more than 25 years we have tried to play an integral role in enhancing the quality of education in Odisha. Other popular brands are Jumbo & COMBOOK.",https://tbwodisha.com/cdn/shop/files/TBW1Pr.png?v=1721906051&width=401,Odisha
https://avaninaturals.in,sales@avani-kumaon.org;+917505787429;+919412128222,https://facebook.com/avani.earthcraft;https://instagram.com/avani.earthcraft,other,"Avani provides sustainable livelihoods for women through spinning and weaving beautiful, naturally-dyed scarves, shawls, and stoles.",https://www.avaninaturals.in/cdn/shop/files/Artboard_1.pnga.png?v=1756276466&width=1204,
https://haprohomeo.com,haprohomeopl@gmail.com;+918080051897,https://facebook.com/hapro.homeo.14;https://instagram.com/haprohomeo;https://twitter.com/haprohomeo;https://youtube.com/channel/UCpK7yngkdIHANXufXoR5y_Q,other,Hapro Homeo Chem Pvt Ltd,,
https://accessworld.in,phoenix@accessinfoworld.com;+918169410934;+918369335126;+919773147046;+919870599153,https://facebook.com/accessretail;https://instagram.com/access_retail;https://youtube.com/channel/UCd_ARIXvN5VNK4Jki-9Cqfg,electronics,"India's premium electronics store. Shop Dyson, Marshall, Bose, B&O and 100+ brands. Genuine products, official warranty. Visit us at Phoenix Palladium, Mumbai.",https://accessworld.in/cdn/shop/files/Access-worldlogo.png?v=1628083081&width=684,Maharashtra
https://velvetribbon.in,velvetribbon.in@gmail.com,https://instagram.com/p/DJYpWP-IN9N?igsh=MzRlODBiNWFlZA,other,Beautiful Bouquets Roses boxed,https://www.velvetribbon.in/cdn/shop/files/logo.png?v=1754032593&width=275,Maharashtra
https://faritha.com,justclickuae@gmail.com;+917010973253,,apparel & fashion,"A Simple Online Store to Purchase all Essentials. Inner-wear, Remote Control, Gas Regulator, House Hold Items, Electronic Items, Water Purifier Spares, Gents Shirts etc., Unlike Other stores we are Having very thin Margin to make Our Customers happy and expecting a Long Journey with our Customers.",https://faritha.com/cdn/shop/files/faritha_logo3_82992f3b-8ddf-441a-b4b2-4673e854135a.png?v=1775975672&width=500,Tamil Nadu
https://sonalandpankaj.com,,https://facebook.com/profile.php?id=100077575392412&mibextid=ZbWKwL;https://instagram.com/sonalandpankaj;https://youtube.com/@sonalandpankajofficial7991,apparel & fashion,Drape Kurtis / Designer Sarees/ Drape Gowns / Trendy Lehengas / Peplum Blouses / Cape Gowns / Ready To Wear Sarees / Floor Length Dresses / Trendy Tunics,,Madhya Pradesh
https://pinnacleshruti.com,rishabmehr@gmail.com;+918411094517,https://instagram.com/_shrutisancheti;https://m.facebook.com/byshrutisancheti,apparel & fashion,"Ready to wear retail centric label that believes in wear-ability, celebrates femininity and always chooses comfort while keeping strong design aesthetic at the fore. Combined with elegance, a sense of timelessness and sophistication, it offers fluid and classic styles at competitive prices.",https://pinnacleshruti.com/cdn/shop/files/SS-Logo-01_250x_116cae8f-07a3-4d2c-a7ce-599258a7b29a.png?v=1645281777&width=250,Maharashtra
https://gocolors.com,customercare@gocolors.com;+9118001239953;+917305959422,https://facebook.com/GoColorsOfficial;https://instagram.com/gocolors;https://linkedin.com/company/gocolors;https://youtube.com/channel/UCBoCRIMYgPErDLj5PAduCNw,apparel & fashion,"Discover Go Colors – India’s leading brand for women’s bottom wear. Shop leggings, palazzos, pants & more in vibrant colors, sizes & styles for every occasion.",https://gocolors.com/cdn/shop/files/logo_8e9d7325-46c8-416f-9380-c4e7a8d40fee.svg?v=1737369902&width=500,
https://quintaessentiaorganic.com,info@quintaessentiaorganic.com;operations@quintaessentiaorganic.com;+919999993534,https://facebook.com/QuintaEssentiaOrganic;https://instagram.com/quintaessentiaorganic;https://youtube.com/watch?si=qe0MgdPin90kVF_W&v=l07KOxEDavg&feature=youtu.be,beauty & skincare,"Award-worthy Ayurvedic haircare and skincare made in Goa. Plant Milk Protein haircare, Natural hair growth stimulators, Microbiome-friendly formulations. AYUSH, FDA licensed, GMP certified, sulphate-free, paraben-free.",https://quintaessentiaorganic.com/cdn/shop/t/22/assets/logo.png?v=80958418286504200401705136192,Delhi
https://hoorecon.com,experts@hoorecon.com;help@hoorecon.com;hr@hoorecon.com;sales@hoorecon.com;serdi@hoorecon.com;support@hoorecon.com;+919514738806,,jewelry,"Looking for psychologists near me ? In search of Counsellors, Psychotherapists, Psychiatrists, Cognitive behavioural therapists online for free Counseling, Mentoring or Life Coaching? Having anxious symptoms ? Experiencing panic attack or post postpartum stress? Feeling of lonely ? Reading motivational quotes on life ?",https://www.hoorecon.com/cdn/shop/files/HOORECON_309x100_6ae1535a-b6b5-4afc-96a1-055db1d547d1_369x.png?v=1614410937,Tamil Nadu
https://whitehathi.com,hello@whitehathi.com,https://facebook.com/Whitehaathidesigns;https://in.pinterest.com/whitehaathidesigns/_created;https://instagram.com/whitehathi,other,,https://whitehathi.com/cdn/shop/files/White_Hathi_PDF_WH_1-01.png?v=1726853574&width=4500,West Bengal
https://sanskrutistore.com,riya.borkar@gmail.com;sanskrutistore01@gmail.com;+918669035498,https://facebook.com/sanskrutistore;https://instagram.com/sanskruti_store,home decor,"Buy online handloom cotton, cotton hand block print fabrics, cotton fabrics, screen print fabrics, formal fabrics, cotton blouse pic and other accessories from Sanskruti Sote - Yards of Tradition.",https://www.sanskrutistore.com/cdn/shop/files/logo_d1a2a23a-67bc-45e2-b570-f901aabd4e8d.png?v=1630574973&width=350,West Bengal
https://funzoop.com,+918430043004;+919289018199,https://in.pinterest.com/funzoop;https://instagram.com/funzoop.thepartyshop;https://twitter.com/funzoop?lang=en;https://youtube.com/channel/UCxVnyLYptTFztMesEHIaFxA,home decor,"Shop premium party supplies and helium balloons at Funzoop. Explore 1,500+ party products and celebration supplies, and book professional balloon decoration services for birthdays and special occasions.",https://funzoop.com/cdn/shop/files/funzooplogo_-_oval_v2_-_Edited_900x.png?v=1775895355,Haryana
https://minizmo.com,,https://facebook.com/minizmoofficial;https://instagram.com/minizmo_official,apparel & fashion,An exclusive homegrown Indian premium Menswear Brand. Made-To-Measure & Ready-To-Wear offering Casual & Formal Menswear in the finest fabrics from around the world. Shop online or visit our stores at DLF Promenade & DLF Avenue in New Delhi or CyberHub in Gurgaon. To book an appointment WhatsApp us at +91 9877777517.,https://www.minizmo.com/cdn/shop/files/Logo_01_135x.png?v=1614315292,Delhi
https://kaarpas.com,support@kaarpas.com,https://facebook.com/kaarpas;https://instagram.com/kaarpas;https://twitter.com/kaarpas;https://youtube.com/channel/UClzX3tU7ilUJLFglUO708Aw,baby & kids,"Buy best organic cotton Swaddles, Blankets, Onesie Pant, Sleeping Bags, Muslin Front Open T-shirts and Jhablas, PJ sets, Knot Tops, Burp cloths, Fitted Crib Sheets, Nappies & much more",https://kaarpas.com/cdn/shop/files/Kaarpas-logo-512px-width_512x.jpg?v=1654777116,
https://tokenz.com,+919335017200,https://facebook.com/Tokenzcom;https://instagram.com/tokenzcom;https://twitter.com/TokenzCom,home decor,"India's most loved online store for natural products and handicrafts. Buy select range of handmade home decor products, natural food and festival essentials at Tokenz. ✓ Best Prices ✓ Highest Quality ✓ Hasslefree Delivery",https://tokenz.com/cdn/shop/files/LOGO_2_aa541e0b-e4ff-4cbe-8869-65d8d505625d_200x.png?v=1614295468,Rajasthan
https://buybindas.com,contactbuybindas@gmail.com;+919930210993,,other,shop Trending phone case cover and accessories at best price only on Buybindas.com,https://www.buybindas.com/cdn/shop/files/BB_logo_For_Merchant_Center_500x500_4a0d22c7-e118-46e7-beb8-75396b027513.png?v=1739258800&width=500,Maharashtra
https://spinmyplanet.com,info@spinmyplanet.com;support@spinmyplanet.com,,other,Why Spin My Planet?,https://spinmyplanet.com/cdn/shop/files/logo_100x70.png?v=1614287237,
https://shoplune.com,hello@shoplune.com;shoplune@gmail.com;+919307957895,https://facebook.com/shoplune;https://in.pinterest.com/Shoplune;https://instagram.com/shoplune,jewelry,Explore Shop Lune's niche jewellery in effortless and functional styles. Shop women's and men's handcrafted jewellery exclusively in-stores & online.,https://shoplune.com/cdn/shop/files/LUNE_LOGO-04_130x.png?v=1653478770,Maharashtra
https://tattva.life,info@devathafabrics.com;+918040997222;+919980010048,https://facebook.com/tattva.ethnic;https://instagram.com/tattva.life,apparel & fashion,"Tattva - Shop for Tattva Kurtas, Shirts and Dhothies Online in India. Checkout the wide range of Tattva kurtas in various styles & designs. Pattu Silk Wedding sets for Men.",https://tattva.life/cdn/shop/files/Tattva_Brand_Logo.jpg?v=1765533417&width=500,Karnataka
https://jadeandjewels.com,jadeandjewels@gmail.com;+917678676295;+919810021297,https://facebook.com/jadeandjewels;https://instagram.com/jade.and.jewels.india?igsh=MW9ya245OWU0ZmFrZA%3D%3D,jewelry,"Designer handcrafted semi precious stone jewelery. One of a kind pieces, made up of unusual stones sourced from world over.",https://www.jadeandjewels.com/cdn/shop/files/logo.webp?v=1683897112&width=560,Delhi
https://route2fashion.com,cs@route2fashion.com;+919711444774,https://facebook.com/route2fashion;https://instagram.com/route2fashioncom,beauty & skincare,"Online shopping website for Innerwear, Lingerie, Loungewear, Bra, Panty, Perfumes, Deodorants, Boxers, Trackpants, Joggers and more under one roof.",https://route2fashion.com/cdn/shop/files/r2f_logo.jpg?v=1653896324&width=500,Delhi
https://shilpsutra.com,info.shilpsutra@gmail.com;+919810866121,https://facebook.com/settings?tab=ads;https://facebook.com/shilpsutra;https://instagram.com/shilpsutra,apparel & fashion,"Explore Shilpsutra’s luxury couture, handcrafted juttis, sarees, lehengas, dresses and handbags - where Indian heritage meets contemporary elegance.",https://www.shilpsutra.com/cdn/shop/files/Signage_page-0001-Photoroom.png?v=1780915962&width=600,Delhi
https://salwarstudio.com,contact@salwarstudio.com;returns@salwarstudio.com;+919930947057,https://facebook.com/people/Salwarstudioindia/100065713920834;https://instagram.com/salwarstudio,apparel & fashion,"Shop ready made blouses for women on Salwar Studio. Shop wide range of saree blouse, lehenga blouse, Sleeveless blouse, white blouse, black blouse, designer blouse, sari blouse, golden blouse for women online. Shop new saree blouse designs for wedding and party. Wide collection of full sleeve saree blouse, fancy saree",https://salwarstudio.com/cdn/shop/files/Screenshot_2023-06-22_at_7.37.34_PM.png?v=1687442865&width=500,Maharashtra
https://clts.in,cltsconnect@gmail.com;+918583994039,https://facebook.com/clts.in;https://instagram.com/clts.in;https://pinterest.com/cltsindia;https://youtube.com/@cltsindia,apparel & fashion,"Clt.s is the cutest sleepwear brand of India. We have the widest range of cotton nightsuits for infants, kids and women. Be is shorts, capri, pyjamas, nightsuits, kurta palazzo, sleepshirts or nightdress we have it all. Perfect for gifting on birthday, anniversary, brides and newborns with free shipping across India.",https://clts.in/cdn/shop/t/24/assets/logo.png?v=6539,West Bengal
https://fabstreet.in,,https://instagram.com/fabstreet_official,other,,https://fabstreet.in/cdn/shop/files/1.svg?v=1759742797&width=500,
https://bubblenutwash.com,info@bubblenutwash.com;+917204710875,https://facebook.com/bubblenutwash;https://instagram.com/bubblenutwash;https://linkedin.com/company/10379327,other,"Shop for Eco-friendly, Organic, Natural Laundry Detergent, Dishwash Liquid, Floor Cleaner & Handwash prepared from Soap nuts at BubbleNut Wash",https://bubblenutwash.com/cdn/shop/files/BNW_Logo_1000x1000.png?v=1662013928,Karnataka
https://gemkart.com,care@gemkart.com;soli@gemkart.com;+919855568600;+9855568600,https://facebook.com/vishhwasgemstones;https://instagram.com/gemkart,other,"Buy certified precious astrological gemstones in India online at Gemkart.com Astrology Gemstones Store for natural, unheated and lab tested certify gemstones. Benefits of precious stones like Blue sapphire, Yellow sapphire, Pukhraj, Neelam and st...",https://gemkart.com/cdn/shop/t/49/assets/logo.png?v=167686,Chandigarh
https://store.technotrade.in,query@technotradeassociates.com;+919799398083,https://facebook.com/TechnotradeAssociates;https://instagram.com/technotradeindia;https://linkedin.com/company/taindia;https://youtube.com/@technotradeindia3327,jewelry,"Waterproofing chemicals, repair mortars, concrete admixtures & flooring solutions from top brands. Expert guidance & pan-India delivery.",https://store.technotrade.in/cdn/shop/articles/Smart_Buying_Decisions_from_Construction_chemical_brands.png?v=1778479557&width=360,Rajasthan
https://sammsara.com,sales@sammsara.com;sales@sammsara.comin;+911203202417,https://facebook.com/sammsaraindia/photos/your-partners-in-style-shop-this-set-of-2-aluminium-stunners-featuring-a-texture/1000117392132903;https://instagram.com/sammsaraindia,home decor,"Sammsara fuses luxury living with Indian sensibilities; we have an Indian script with a modern appeal. With our e-commerce venture, we have embarked upon",https://www.sammsara.com/cdn/shop/files/Sammsara_Logo_2_407x272-1_407x272_65f79b4c-d929-4192-ad95-994e4580dcf0_321x237.png?v=1740224985,Delhi
https://impexstore.com,haseeb.rahman@impexqatar.com;impexstore@kcmtechnologies.com;info.tanzania@impexmail.com;info@impexkuwait.com;info@impexoman.com;info@impexuae.com;+255747300311;+91565035479;+919633112211;+96597217699;+96895861234;+97459963681,https://facebook.com/impexhome;https://instagram.com/impexhome;https://linkedin.com/company/impexhome;https://x.com/ImpexHome;https://youtube.com/@IMPEXHOME,kitchen,"Loved by 50 Million+ families worldwide. Present in 8 countries. Shop premium TVs & speakers, home & kitchen appliances, cookware, fans and more at Impex official website. Exclusive online deals, fast delivery, and trusted international quality — all in one place.",https://impexstore.com/cdn/shop/files/IMPEX_LOGO_IMPEX_CARMINE_RED_RGB.png?v=1772094530&width=4590,West Bengal
https://antar-agni.com,sales@antar-agni.com;+919971270145,https://instagram.com/antar_agni_ujjawaldubey,apparel & fashion,,https://antar-agni.com/cdn/shop/files/for_web_2_6731x.png?v=1651927016,Uttar Pradesh
https://punarnawa.com,+919437621627,https://facebook.com/PunarnawaCrafts;https://instagram.com/punarnawa_crafts;https://twitter.com/punarnawacrafts,jewelry,"Discovering the soul of artistry! Punarnawa is a kaleidoscope of Crafts, Culture & Creativity. Punarnawa in Sanskrit (an ancient language of India) means - that which is restored or renewed.To create success stories in families by providing them with a new lease of life is the power mantra behind the label, Punarnawa.",https://punarnawa.com/cdn/shop/t/23/assets/logo.png?v=9449,Uttar Pradesh
https://kkristina.com,karishma@kkristina.com,https://facebook.com/kkristinalabel;https://instagram.com/kkristinalabel;https://youtube.com/channel/UCfxwqU3cEvvMDd5BxkXNlqA;https://youtube.com/watch?v=XfcnC29VOJw;https://youtube.com/watch?v=jomT9aE7Z-w,apparel & fashion,K.Kristina is an apparel brand that creates prêt & bespoke clothing. Each piece is inspired by life’s simple pleasures and handcrafted to perfection.,https://kkristina.com/cdn/shop/files/RGB_-_Logo_Registered-08-removebg-preview_180x.png?v=1614306856,Karnataka
https://fegoinnovations.com,reach@fegoinnovations.com;+918099998880,https://facebook.com/profile.php?id=61579460076434;https://instagram.com/sriram_388;https://youtube.com/@karneedisriram77,home decor,Pain free rides on any road. FEGO ergonomic seat cushions reduce vibration + improve comfort. Shop now.,https://fegoinnovations.com/cdn/shop/files/Fego_Full_logo-_Black.png?height=80&v=1788357695,Delhi
https://vrajbhoomi.in,careers@vrajbhoomi.in;info@vrajbhoomi.in;partners@vrajbhoomi.in;relationships@vrajbhoomi.in;support@vrajbhoomi.in;+919016358096;+919925007970,https://facebook.com/VrajBhoomiindia;https://instagram.com/p/B1nvs6aFV-Q;https://instagram.com/p/B6czdD1JC8q;https://instagram.com/p/BymnMOKpW2s;https://instagram.com/p/CVNpXXFP7ST;https://instagram.com/p/CtN4iJJIifk;https://instagram.com/vrajbhoomiindia,other,,https://vrajbhoomi.in/cdn/shop/files/VB-NEW-LOGO-CENTERED-FW_3306x.png?v=1726471293,Gujarat
https://divadivinehair.com,contact@divadivinehair.com;+919650377003,https://facebook.com/divadivineindia;https://instagram.com/divadivinehair;https://pinterest.com/divadivinehairindia;https://youtube.com/channel/UC_VZX3CLjVk60PVCTWrpfsQ,other,"Diva Divine offers a wide variety of wigs and hair extensions in New Delhi, Mumbai, Hyderabad, Bangalore. We offer clip in extensions, permanent extensions, toppers and wigs. Our hair extension boutiques offer hair extension installation services and customization of human hair wigs and real hair toppers.",https://divadivinehair.com/cdn/shop/files/Logo_-2.jpg?v=1619015779&width=4722,Karnataka
https://himalayanbrew.com,info@himalayanbrew.com;+916230030284;+919816630284,https://facebook.com/himalyanbrewindia;https://instagram.com/himalayan_brew;https://youtube.com/@himalayanbrewkangratea7287,food & beverages,Elevate your tea experience today with expert insight where teas and herbs are Directly Sourced from Himalayan Tea Estates.,https://himalayanbrew.com/cdn/shop/files/logo_1208x.jpg?v=1744439514,Himachal Pradesh
https://rehwasociety.org,programco@rehwasociety.org;sales@rehwasociety.org;vinita@rehwasociety.org;+918120001388;+918120001389,https://facebook.com/rehwasociety;https://instagram.com/rehwasociety,other,"Preserving, Evolving & Sustaining Classic Maheshwari | Sari | Dupatta | Scarf | Shawl | Fabric | Made by Weavers of Maheshwar in Ahilya Fort",https://rehwasociety.org/cdn/shop/files/rehwa-logo.png?v=1613611492,Madhya Pradesh
https://stallionbarware.com,hello@stallionbarware.com;+918104107394,https://facebook.com/stallionbarware;https://instagram.com/stallionbarware;https://twitter.com/stallionbarware;https://youtube.com/channel/UC56cbmBcEJZ5LS3P2P4DZXA,food & beverages,"Stallion Barware is India's only manufacturer of non breakable drinking glasses and biodegradable cups. From tea cups to wine gift sets, Stallion makes India’s most loved drinkware.",https://www.stallionbarware.com/cdn/shop/t/17/assets/logo.png?v=142411650308478963691538248314,Maharashtra
https://dreamgreen.in,+919840693358,,baby & kids,"Dream Green is an online and offline one stop garden center. Chennai's No. 1 nursery with largest and best collection of indoor plants, succulents, cactii, bonsai, ceramic pots, plastic pots. Services include: Retail Online Vertical Garden Corporate gifting Return gift Gift a plant Wholesale Indoor Landscaping",,Tamil Nadu
https://kanyoga.com,customer@kanyoga.com;customer@kanyogaindia.com;+911141324906;+919910013049,https://facebook.com/kanyogaindia;https://instagram.com/kanyoga,sports & fitness,"Kanyoga, a lifestyle brand, offers premium yoga, meditation, spa, travel and lifestyle products. We exemplifies both - luxury and comfort. Our USP is product design which is a perfect fusion of traditional ethnic elements and contemporary designs.",https://kanyoga.com/cdn/shop/files/Kanyoga_grid005_PNG_d399ef0d-b944-4c0e-aaff-5407e8255689_2160x.png?v=1614337143,Delhi
https://charkhee.com,care@charkhee.com;contact@charkhee.com;+918287952052;+919870503767,https://facebook.com/charkheethelabel;https://instagram.com/charkheethelabel,apparel & fashion,"charkhee offers apparel and accessories handcrafted with care using natural fabrics, minimalist designs and comfortable silhouettes. Unique ethnic and casual kidswear, celebration wear for men, womenswear for festive and all occasions. Accessories for gifting and combining with your look!",https://charkhee.com/cdn/shop/files/20200126_CHARKHEE_FINALLOGO_SDAL.jpg?v=1651153589&width=5760,Haryana
https://theindianthreads.com,admin@theindianthreads.com;info@theindianthreads.com;+918817093968;+919111289579,https://facebook.com/IndianThreads;https://instagram.com/indianthreads;https://instagram.com/p/DK9k8PvIx_y?igsh=MWpobWt0a3hxbjgwbQ%3D%3D;https://instagram.com/p/DLH2K0iszRT?igsh=d3ZoMzA0cHVsaG0w;https://x.com/home@INDIANTHREADS;https://youtube.com/@indianthreads,apparel & fashion,"Indian Threads redefines everyday essentials with premium cotton polos designed for comfort, stretch, and effortless sharpness. Elevate your daily style.",https://theindianthreads.com/cdn/shop/files/IT_name_black_0d11c403-c1d5-4c7f-89a6-cfa51a22c95b.png?v=1777464754&width=500,Madhya Pradesh
https://zucinaturals.com,zodhitacare@zodhita.com,https://facebook.com/zucinaturals;https://instagram.com/zucinaturalcare,other,Zuci Sanitizer Online Store - order your FDA-approved Zuci hand sanitizer for home-delivery in India today! Hand sanitizers are in stock. Please check back regularly for safe and effective hand hygiene with 99.99% germ kill. Zuci is the #1 place for FDA-approved hand sanitizers.,,Maharashtra
https://santiniketanonline.com,santiniketanonline@gmail.com;shop@yourstore.com;+917278990485;+918017414627,https://facebook.com/santiniketanonline;https://instagram.com/santiniketanonline;https://pinterest.com/santiniketanonline?invite_code=5ec13ea6a904411aa0b4aed12def30c4&sender=640777990640427566;https://x.com/OnSantiniketan;https://youtube.com/watch?v=vQfuXrPvMj0,apparel & fashion,"Hand Crafted & Handloom Saree, Tussar Silk Sarees, Ladies Designer Sarees & Kantha Embroidery Sarees Manufacturer from Kolkata, West Bengal",https://santiniketanonline.com/cdn/shop/files/logo1_2545832a-99f6-4c59-841f-9e3848718bc6.png?v=1630562153&width=200,Karnataka
https://mangalatanjorepaintings.com,info@mangalatanjorepaintings.com;+91209842234175;+918883066711;+919842234175,https://facebook.com/MangalaArts;https://in.pinterest.com/mangalatanjorepaintings;https://instagram.com/mangalatanjorepaintings;https://twitter.com/MangalaArts,other,Buy Tanjore paintings online from Mangala Arts. Our Tanjavur paintings collections are available for sale in our Coimbatore store and online. We do customised Thanjavur paintings and supply worldwide.,https://mangalatanjorepaintings.com/cdn/shop/files/logo_6b33a344-3864-4291-96a5-3833b0a5909e_300x90.png?v=1649506238,Tamil Nadu
https://doodleodrama.com,,https://facebook.com/doodleodrama;https://instagram.com/doodleodrama,books & stationery,"Fun, Quirky, and Cute accessories and stationery. Journals, Calendars, Notebooks, Tote-bags, Badges. Books and a lot more.",https://doodleodrama.com/cdn/shop/files/Untitled_Artwork_19.png?v=1725696570&width=500,
https://craftkriti.com,,,home decor,Shop Handicraft Products online in India with Craftkriti.com. We have a huge selection of home decor products to choose from. ☆Upto 70% discount ☆Free shipping ☆COD Available,https://craftkriti.com/cdn/shop/t/17/assets/logo.png?v=3144,Delhi
https://pinkcitycraft.com,hello@pinkcitycraft.com;+917976361655,,jewelry,"Explore timeless Meenakari and Polki Kundan jewellery handcrafted in Jaipur. Discover bridal, festive, and everyday pieces at Pinkcity Craft – A Jewel from Jaipur.",https://pinkcitycraft.com/cdn/shop/files/PCC_PINK_CITY_CRAFT_LOGO.png?v=1745998596&width=500,Rajasthan
https://minutiae.in,vijayibhavafashionhousellp@gmail.com;+918828007057,https://facebook.com/minutiaejewells;https://instagram.com/worldofminutiae,jewelry,"Buy from a wide range of Bracelets, Earrings, Mangalsutra, Necklaces & Pendant online. Free Shipping, COD & Easy Returns",https://minutiae.in/cdn/shop/files/svgviewer-png-output_1_600x600.png?v=1765516046,Maharashtra
https://rinkusobti.com,rinku.sobti@rinkusobti.com;sales@rinkusobti.com;+911140560240;+919999633287,https://facebook.com/rinkusobtifashions;https://in.pinterest.com/sobtirinku;https://instagram.com/rinku.sobti,apparel & fashion,,https://www.rinkusobti.com/cdn/shop/files/logo_50fc69fd-2fa2-4ea1-97a1-5c83d05f3bc8.png?v=1630539404&width=500,Delhi
https://ovenmagick.com,marketing@ovenmagick.com;+919227590304;+919227590318;+919512001963,https://facebook.com/OvenMagick;https://instagram.com/ovenmagickbakery,food & beverages,"Wheather you choose one of our breathtaking celebration cakes, savoury, deserts or freshly baked bread, We guarantee that you experience a sense of happiness in every bite! Our recipe for great taste lies in the finest quality of ingredients we use in our products.",https://ovenmagick.com/cdn/shop/files/New_logo4-1-2-152x69.png?v=1639211970&width=152,Gujarat
https://turaturi.com,piyalenterprises@gmail.com;support@turaturi.com,https://facebook.com/turaturishop;https://instagram.com/turaturi,apparel & fashion,"Shop viral no-bra nightsuits, 100% cotton mulmul nightwear, festive ethnic wear, kidswear & family vacation wear. Original prints, made in India. Free shipping above ₹2000",https://www.turaturi.com/cdn/shop/files/shopify_collection_list_4.jpg?v=1759744812&width=720,Maharashtra
https://shopritikasachdeva.com,shopritikasachdeva@gmail.com;+919810862129,,jewelry,,https://shopritikasachdeva.com/cdn/shop/files/12369169_959581034128133_6666865246112067869_n_960x.jpg?v=1613561119,
https://arteastri.com,hello@arteastri.com;+912020091123;+919739144953,https://facebook.com/ArtEastri;https://instagram.com/arteastri_,apparel & fashion,"ArtEastri is a sustainable fashion store offering Handwoven Stoles, Dupattas, Shawls, Sarees for women as well as home accessories that are responsibly produced.",https://arteastri.com/cdn/shop/files/ArtEastri_961131f7-e645-4ec5-9fe1-50aea1d2645f.jpg?v=1723632697&width=300,Assam
https://vinayakaartgallery.com,support@vinakayaartgallery.com;+914424992014;+918825885228;+919499926826;+919841150005,https://facebook.com/Vinayaka-Art-Gallery-103365784509237;https://in.pinterest.com/VinayakaArtGallery;https://instagram.com/vinayakaartgallery;https://youtube.com/channel/UCyVPNJZM_lKoEmczWcNiifw,other,Vinyaka Tanjore Art Gallery - Pioneers in the field of Tanjore Paintings. Crafting genuine high quality Tanjore Paintings since 1989. Handmade in Tanjore. Meticulously customised to your needs. Visit our Gallery in Chennai.,https://vinayakaartgallery.com/cdn/shop/files/finalLOGO-41-41_330x.png?v=1613215521,Delhi
https://amarkoshjewels.com,care@amarkoshjewels.com;+919987414774,https://facebook.com/amarkoshjewels;https://instagram.com/amarkoshjewels;https://twitter.com/amarkoshjewels;https://youtube.com/@amarkosh;https://youtube.com/channel/UCzY9EvlYG3Y36WCAeuZ5Jog,jewelry,"Amarkosh Jewels is Mumbai's fine jewellery house for natural diamonds, 18K gold, and heirloom transformation. Explore everyday luxury, Statement Jewels and the Reincarnation Protocol. By appointment.",,Maharashtra
https://anekaant.com,namaste@mezposh.com;support@anekaant.com;+918950011787;+919999331787,https://facebook.com/Anekaant;https://instagram.com/anekaant,accessories,"Anekaant makes the most exclusive Handbags, Clutches, Potlis, Belts, Scarves, Jewelley & other Fashion Accessories. Checkout our latest Hand Embroidered and Printed styles!",https://www.anekaant.com/cdn/shop/files/Logo_1000x700_697e36fa-1885-4847-8c6c-2292c6f8d21a.png?v=1746902059&width=500,Haryana
https://offlimits.co.in,support@offlimits.co.in;+919599297556,https://facebook.com/profile.php?id=61580311965970;https://in.pinterest.com/offlimits0159/_created;https://instagram.com/offlimits_tribe;https://twitter.com/OfflimitsT;https://youtube.com/@OFF_LIMITS_Tribe,footwear,"Shop Sports Shoes, Sneakers, Gym Footwear, and Athleisure Apparel for men & women. Discover stylish, performance-driven collections at Off Limits.",https://offlimits.co.in/cdn/shop/files/logo-red_1200x1200.png?v=1634801955,Haryana
https://wellbergonline.com,info@wellbergonline.com;+9118002089494,https://facebook.com/wellbergin;https://instagram.com/wellberg.official;https://youtube.com/@wellbergindia;https://youtube.com/watch?v=yQsU-mWSPR0&t=56s%3Fautoplay%3D1,other,"Wellberg is a premium barbeque grills, electric tandoor & home appliances maker. Wellberg is also known for its top quality provider",https://wellbergonline.com/cdn/shop/files/wellberg_logo.jpg?v=1667027225&width=1000,Karnataka
https://ases.in,ecom@ases.in;+916367075682,https://facebook.com/aseschemcosmetic;https://instagram.com/ases.chem;https://linkedin.com/company/ases-chemical-works,beauty & skincare,"ASES Chemical Works – trusted supplier of industrial, pharmaceutical, cosmetic & food-grade chemicals since 1942. Wholesale pricing, pan-India delivery from Jodhpur.",https://ases.in/cdn/shop/files/ASES_LOGO_NEW_big_190x.png?v=1695991957,Rajasthan
https://kakojee.com,kakojeebrand@gmail.com;+919316500655,https://instagram.com/kakojee.co;https://m.facebook.com/101371311763580,accessories,"Customize your aprons, caps, bill presenters, etc. Fast customisation and shipping.",,Gujarat
https://prettyweaves.com,contactprettyeweaves@gmail.com;contactprettyweaves@gmail.com;+918939364545,https://facebook.com/prettyweavesindia;https://in.pinterest.com/prettyweaves9;https://instagram.com/pretty_weaves,apparel & fashion,"Discover exquisite Indian sarees at Pretty Weaves, from luxurious Modal Silk to breathable Cotton. Celebrate tradition with style. Shop now!",https://www.prettyweaves.com/cdn/shop/files/PW_300x300.png?v=1614312510,Kerala
https://thesignaturebox.com,support@thesignaturebox.com;+918291734519;+919372783537,https://facebook.com/thesignaturebox;https://instagram.com/thesignaturebox;https://pinterest.com/thesignatureboxindia;https://twitter.com/thesignaturebox;https://youtube.com/@thesignaturebox,accessories,"Shop online for Personalized gifts, sustainable, cruelty-free, vegan leather products - Diary, Bags, Travel & Fashion accessories. Corporate gifts & personalized gifts available. Free Delivery Pan India",https://thesignaturebox.com/cdn/shop/files/web_logo1_887eee4d-6908-49c1-9399-2c021c3814b7.png?v=1630621202&width=539,Maharashtra
https://welexcare.com,support@welexcare.com;+919167684722,https://facebook.com/welexcare;https://instagram.com/welexcare;https://linkedin.com/in/priya-bhatt-b23a79124;https://linkedin.com/in/roopam-bhatt-29b78913b;https://x.com/LtdWelex;https://youtube.com/c/WelexLaboratoriesPrivateLimited,health & wellness,"Shop Ayurvedic Supplements from Welex Care for digestive, skin, joint, respiratory and everyday wellness. Explore herbal formulations for holistic care.",https://welexcare.com/cdn/shop/files/logo_6023aecf-2eb3-49ea-a9e7-f6bcf6d2a992.png?v=1723641099&width=104,Maharashtra
https://joharcart.com,info@joharcart.com;+919358557484,https://facebook.com/joharcart;https://in.pinterest.com/joharcart;https://instagram.com/joharcart;https://linkedin.com/company/joharcart;https://twitter.com/joharcart,jewelry,"JoharCart is an online antique silver jewellery store featuring high-quality, affordable designs. Joharcart offers perfect range of antique stylish jewellery for your loved ones.",,
https://shoptwiz.com,shoptwiz@gmail.com;+919839364877,https://facebook.com/shoptwiz;https://in.pinterest.com/shoptwiz;https://instagram.com/shoptwiz;https://twitter.com/shoptwiz;https://youtube.com/@shoptwiz,home decor,"Buy Gifts and DIY Supplies and Craft Material like Wooden Planks MDF cutouts , Acrylic Name Cutouts from ShopTwiz.com Buy Customized Gifts like Fridge Magnet , Coffee Mug and Cushions from ShopTwiz.com",https://shoptwiz.com/cdn/shop/files/109372_baby_newborn_raw_simple_teddy_bear_iconcut.png?v=1739912625&width=500,Uttar Pradesh
https://delhiwear.com,+919999815409,,apparel & fashion,"Delhiwear makes bold streetwear and smart workwear for men — hoodies and graphic tees for the street, denims and kameez for the office. Designed in India.",https://delhiwear.com/cdn/shop/files/logo_animation_9231a7b8-53d1-4b63-b957-a180442c8e39.gif?v=1721144743&width=500,Delhi
https://nexdo.com,info@nexdo.com,,other,,https://nexdo.com/cdn/shop/files/NEXDO_Enterprise_logo_transparent.png?v=1757363489&width=500,Delhi
https://rameshsparklers.com,+917708342674,,other,,https://www.rameshsparklers.com/cdn/shop/files/logo_a102237b-c904-4db7-99d4-3308bb203849_2500x.jpg?v=1613604299,
https://mobilla.in,+919699605595,https://facebook.com/mobillaofficial;https://in.pinterest.com/mobitechsocial;https://instagram.com/mobillaofficial;https://x.com/Mobilla0fficial;https://youtube.com/@mobilla0fficial,electronics,"Explore “Mobitech Industries LLP” Mobilla's stunning range of earbuds, smartwatches, headphones, wireless speakers, power banks, and many more lifestyle products.",https://mobilla.in/cdn/shop/files/Indias-new-No1_01.webp?v=1761980705&width=500,Maharashtra
https://athenalifestyle.com,care@athenalifestyle.com;+919990044220,https://facebook.com/Athenalifestyle;https://in.pinterest.com/athena_lifestyle;https://instagram.com/athenalifestyle.in;https://twitter.com/athenalifestyle;https://youtube.com/channel/UCGljBeuezEBf0wU8LmuFZEw,apparel & fashion,"Online Shopping for Women Fashion in India. Buy Denim Jeans, Tops, Dresses, co-Ord set, Jumpsuit, Shorts & Skirts , Coat etc. products for women. •Extra 10% Off for our new users. •COD Available. • Free Shipping on pre-paid orders. •15-Day Easy Return. •Delivery with in 3 business days.",,Delhi
https://thearomadepot.com,crm@thearomadepot.com;+918881083342,,beauty & skincare,"Premium bulk fragrance solutions for hotels, spas, housekeeping, and facility care. High-quality aroma oils, diffuser oils, and commercial scenting products across India.",https://www.thearomadepot.com/cdn/shop/files/Brand-AromaDepot-Brown.svg?v=1772258916&width=307,Uttar Pradesh
https://odetoodd.com,info@odetoodd.com;+916287729291,https://facebook.com/odetoodd;https://in.pinterest.com/odetoodd;https://instagram.com/ode.to.odd,apparel & fashion,"Discover Ode To Odd, an artisanal fashion label crafting designer clothing with hand embroidery designs and botanical prints, rooted in timeless slow luxury.",https://odetoodd.com/cdn/shop/t/17/assets/pd-footer-logo.png?v=123388522444873000681788948644,Rajasthan
https://gubbacci.com,info@gubbacci.com;+918073237234,https://facebook.com/gubbacciapparel;https://in.pinterest.com/gubbacci;https://instagram.com/gubbacciapparel;https://linkedin.com/jobs/gubbacci-jobs-worldwide?f_C=12949858&trk=top-card_top-card-primary-button-top-card-primary-cta&position=1&pageNum=0;https://twitter.com/gubbacci_;https://youtube.com/@gubbacciapparel7941,apparel & fashion,"Buy custom t-shirt, polo t-shirt, hoodies, onesies now! Get your corporate logo printed polo t-shirts, hoodies, cap etc. Best customized t-shirt printing store.",https://cdn.shopify.com/s/files/1/0460/3867/9715/files/New_Logo_Registered_130x@2x.png?v=1613693130,Karnataka
https://wearthree.com,care@wearthree.com;contact@wearthree.com;+911149406443;+919873157332;+919999134909,https://facebook.com/3hree.clothing?syclid=cmkf2ve5ji7s73f4fdc0;https://instagram.com/three.clothing,apparel & fashion,"Discover sustainable clothing and everyday luxury contemporary styles with Three Clothing. Minimalist, conscious designs for a modern, mindful wardrobe.",https://wearthree.com/cdn/shop/files/Untitled_design_47_1.png?v=1718704428&width=1200,Maharashtra
https://anukajewels.com,hello@anukajewels.com;+912942529020;+917300044750,https://facebook.com/AnukaJewels-1123571434400695;https://instagram.com/anukajewels;https://youtube.com/channel/UCS0-aPquvqv-IztM_7_c3kQ,jewelry,"Shop handcrafted 925 silver jewellery set with natural gemstones rings,earrings & necklaces for women. Minimal to traditional styles. Pan India delivery. Explore now",https://www.anukajewels.com/cdn/shop/files/Anuka_Logo200x46_833x.png?v=1642243933,Rajasthan
https://dazzelz.com,contact.dazzelz@gmail.com;+919148371068,https://facebook.com/DazzelzIndia;https://instagram.com/dazzelz,other,We are an online e-commerce portal where we sell various handpicked items. We are committed to provide customers good quality products on affordable prices. Shop Now.,https://www.dazzelz.com/cdn/shop/files/logo-white-new_90x.png?v=1613705003,
https://nesarabynicky.com,sales@nesarabynicky.com;+919146147730,https://facebook.com/nesarabynicky;https://instagram.com/nesarabynicky;https://youtube.com/channel/UCYUuxLxXmsBD9NBcK9JdKeA,beauty & skincare,Nesara by Nicky,https://nesarabynicky.com/cdn/shop/articles/IMG_0661_{width}x.jpg?v=1685190758,Maharashtra
https://saffronwiehl.com,saffron@gmail.com;saffronw@gmail.com,https://instagram.com/studioarpora?igsh=MWwzbnlyMGdiamd3Zw%3D%3D;https://youtube.com/@studioarpora?si=8B-5zozn3W_cIeBF,home decor,"Born and raised in Goa, India, Saffron's work is inspired by her love for nature and the unique culture of India. Goa is very seasonal with 6 months of guaranteed sunshine and 4 months of guaranteed rain. The contrasts in these seasons are a massive inspiration for the colours in her work.",https://www.saffronwiehl.com/cdn/shop/files/Logo_-_Option_1.png?v=1715682713&width=500,Goa
https://gabicci.in,,https://facebook.com/comfortineverystep;https://instagram.com/gabicci_india,footwear,Locate the latest best Online shoes shopping for men at Gabicci. Shop online for best UK brand shoes for men. Now Gabicci is put on sale for formal shoes so Buy formal shoes online. we are having the best footwear for men.,https://gabicci.in/cdn/shop/files/Gabicci-Logo_0f3e771f-203d-40c9-b4d2-50bb1ed9c48f.png?v=1644986861&width=500,
https://violetandpurple.com,sales@violetandpurple.com;+918978099777;+919246289366,https://facebook.com/violetandpurple.official;https://instagram.com/violetandpurple.official,jewelry,"Violet & Purple offers the best in Designer Fashion Jewelry online at the best prices! With an exciting range of Imitation jewelry, one gram gold jewelry, earrings, necklaces, as other imitation jewellery accessories, it’s the perfect destination for your artificial gold jewelry shopping experience.",https://www.violetandpurple.com/cdn/shop/files/Logo-6_482cf946-071d-4f77-ad47-b5578d24fef1.png?v=1630535098&width=500,Telangana
https://uddstudio.com,+919372409973,https://facebook.com/uddstories;https://in.pinterest.com/uddstudio01;https://instagram.com/uddstudio;https://youtube.com/@uddstudio,apparel & fashion,"Udd is a place where art and weaves collide. Sarees, dupattas, and garments that narrate of stories for your entire family. Wear art every day with Udd.",https://www.uddstudio.com/cdn/shop/files/uddlogo2_1.png?v=1624630270&width=212,Maharashtra
https://auratti.com,enquiry@bangalorerefinery.com;marketing@bangalorerefinery.com;+918028372443;+918028372447;+918041141999;+918041142999;+919845926244,https://facebook.com/people/Auratti-Gold-Watches/100010786428420;https://youtube.com/channel/UCucq8f2FPwqDxmlOrr0Ge8Q,accessories,Auratti Men's Watches and Women's Watches,,Karnataka
https://lunarsbags.com,lunarbags@lunars.com;+917022982998,https://facebook.com/LunarsBags;https://instagram.com/lunarsbags,accessories,"Lunar's Bags - Backpacks and School Bags with 1 year warranty India's leading brand for School bags, Backpacks, Customised school bags, Laptop bags, Kids bags, Travel bags and Lunch Bags",https://www.lunarsbags.com/cdn/shop/files/LUNARS_LOGO_-_02_x54.png?v=1613553202,Karnataka
https://vedaayurvedics.com,+9118008338633,https://facebook.com/vedaayurvedicssocial;https://instagram.com/vedaayurvedicsindia,health & wellness,,https://vedaayurvedics.com/cdn/shop/files/veda_logo_115x.png?v=1628860399,Goa
https://hardollenterprises.com,contact@hardollenterprises.com;+919846330340,https://facebook.com/hardollenterprises;https://in.pinterest.com/hardolle;https://instagram.com/hardollsolarlights;https://twitter.com/HardollEnterpr1;https://youtube.com/channel/UCPTh05yzYnpIZAEuigCkMaQ,home decor,"Shop Hardoll solar lamps - garden, street, flood, motion sensor, and pillar. LiFePO4 battery, Up to 5-year warranty. Free shipping all over India. Since 2016.",https://cdn.shopify.com/s/files/1/0405/5747/8041/files/Hardoll_Logo.png?v=1775030637,Kerala
https://ahomesgrace.com,email-ahgestore@gmail.com;+919888669911,,other,,https://ahomesgrace.com/cdn/shop/files/A-homes-Grace-Logo.png?v=1663760666&width=500,
https://thegallopstore.com,,https://facebook.com/thegallopstore;https://instagram.com/thegallopstore,apparel & fashion,THEGALLOPSTORE - Online Fashion Store for Men & Women. Oversized T-Shirt | Hoodies | Shorts| Track Pant | Crop Top | Graphic Tees | T-Shirt Dress.,,
https://shashagaba.com,+918178930070;+919811057456,https://facebook.com/shashagabaofficial;https://instagram.com/shashagabaofficial,apparel & fashion,"Shop Bridal Wear, Trousseau, Lehangas, Sarees, Cocktail Sarees, Anarkalis, Blouses, Crop Tops and Dresses.",https://www.shashagaba.com/cdn/shop/files/Shasha_Gaba_logo_white_2_1_180x@2x.png?v=1617210816,Delhi
https://aimilpharma.life,support@aimilpharma.life;+911166410034,https://facebook.com/AimilPharmaLife;https://instagram.com/aimil_pharma.life;https://youtube.com/channel/UCTcfFH2Vvn6NPbCkE_IwBZg,health & wellness,"AIMIL is committed to taking the legacy of Ayurveda forward with scientific innovation since 1984. Shop trusted natural healthcare products like BGR-34, Neeri KFT, Neeri, Amlycure D.S,lukoskin Shilajit, and Semento at the best prices online in India. Experience holistic health and wellness with Ayurvedic excellence.",https://www.aimilpharma.life/cdn/shop/files/logo_1_1.png?v=1746080521&width=500,Delhi
https://gift4sure.com,gift4sure.official@gmail.com;+919910093122,https://facebook.com/GiftMagicHub;https://instagram.com/gift4sure.official;https://youtube.com/@gift4sure.official/shorts,home decor,"Gift4Sure is India’s most loved Customised Gifting website. Create Personalised Photo Frames, LED Lamps, Wooden Frames, Religious God Lamps, Anime LED Lamps, Gift for Babies, Photo Standy, Professional Gifts & more. Perfect for Birthdays, Anniversaries or any special occasion. Crafted with love, care, and creativity.",https://gift4sure.com/cdn/shop/files/Transparent_Logo_fa3db0a0-b587-409c-ba20-96a36ba9efc4.png?v=1728342154&width=500,West Bengal
https://bprefcool.com,info@bprefcool.com;+919717732520,https://facebook.com/bprefcool;https://instagram.com/bprefcool;https://linkedin.com/company/10213932/admin;https://twitter.com/bprefcool;https://youtube.com/c/KapilSinghal,sports & fitness,"BP Refcool is a leading supplier of AC Service Tools and Manufacturer of Phase Change Material (PCM). Explore HVAC tools, leak detectors, refrigeration chemicals, vacuum equipment, and thermal management products for efficient cooling and temperature control.",https://bprefcool.com/cdn/shop/files/2000x1000_transparent_bg.png?v=1658464636&width=2000,Haryana
https://deepasethi.com,deepa@deepasethi.com;+918299150193,https://facebook.com/studiodeepasethi;https://instagram.com/studiodeepasethi,jewelry,"Each piece of jewelry I make, reflects a story and emotion of my journey. I aim to create beautiful, bold statement pieces that draw inspiration from the nature . The designs reflect tradition, yet come with a modern twist that makes them chic and unusual. My work is my passion and it reflects in my jewellery.",https://deepasethi.com/cdn/shop/files/Logo-1.png?v=1692707122&width=500,Rajasthan
https://mudramart.com,sales@mudramart.co;sales@mudramart.com;+917349069639,https://in.linkedin.com/company/mudramart-corporategiftings;https://instagram.com/mudramart_corporategifting;https://youtube.com/@mudramart7630/videos,electronics,We are a leading provider of corporate gifts and customized merchandise solution company based in Bengaluru and are ready to serve clients all over India.,https://mudramart.com/cdn/shop/files/mudramart_b5e51869-81dd-4cd8-b29d-d6923285b592_170x165.png?v=1767512861,Karnataka
https://kaffacerrado.com,krittivas@kaffacerrado.com;+911141326705,https://facebook.com/kaffacerrado;https://instagram.com/kaffacerrado;https://twitter.com/KaffaCerrado;https://youtube.com/channel/UC2OWCLRcmmLSH_ocwJvctFA,food & beverages,Coffee Roasters - Exploring coffees from across the world. We stock the widest selection of coffees roasted fresh!,https://kaffacerrado.com/cdn/shop/files/LOGO_9ab958a2-5f42-4fde-a16d-b4dd7ff3b1ee.png?v=1695109832&width=500,Delhi
https://skin-miracle.com,orders@skin-miracle.com;+918754503407,,jewelry,Skin Miracle is an established Brand catering to the needs of the beauticians for more than five years. The products are formulated in France and are manufactured in Malaysia to suit the Asian skin.,https://www.skin-miracle.com/cdn/shop/files/Skin_Miracle_logo.png?v=1669808625&width=500,Tamil Nadu
https://amitgtcouture.com,amitgtcouture@gmail.com;+919654397217,https://facebook.com/amit.gt.92;https://in.pinterest.com/amitgt92/_created;https://instagram.com/amitgt_officialpage;https://twitter.com/amitgt,apparel & fashion,"Discover the finest collection of luxury designer dresses and couture gowns for women at Amit GT Couture. Shop our range of designer evening gowns, wedding gowns, and more.",https://amitgtcouture.com/cdn/shop/files/Logo.png?v=1652556420&width=500,Delhi
https://sdfinearts.com,sdartify@gmail.com;+916280981955;+916283230676,,home decor,"Here at SD Fine Arts, you get premium quality Art Epoxy Resin, Customized Wooden, Acrylic & MDF Structures, Clock making essentials & much more. Get the DIY Resin Art kits in collaboration with one of the leading institution in teaching Resin Art, SD Academia,",https://www.sdfinearts.com/cdn/shop/files/Untitled_design_5_1_2d650dc3-fed7-4701-b982-6ce8c01c5798-removebg-preview.png?v=1753874125&width=500,Chandigarh
https://mayankmodi.com,+919740727742;+919845097742,https://facebook.com/MayankModiSignatureLabel;https://instagram.com/mayankmodisignaturelabel,apparel & fashion,"Tapestry of lavish fabrics, exquisite craftsmanship and statement silhouettes.",https://mayankmodi.com/cdn/shop/files/logo_250x.png?v=1620808480,Karnataka
https://naturo.in,customercare@naturo.biz;+919142341341,https://facebook.com/WeAreNaturo;https://instagram.com/weare.naturo;https://linkedin.com/company/naturo-foods-and-fruit-products-pvt-ltd,health & wellness,"Naturo is passionate about driving healthier lifestyles with a selection of portable, real fruit choices that enrich, delight and fortify.",https://naturo.in/cdn/shop/files/Naturo_Logo.svg?v=1693813228&width=500,Karnataka
https://tradeuno.com,enquiry@tradeuno.com;+918130554637;+919625145765;+919818896884,https://facebook.com/Tradeunoo;https://instagram.com/tradeunofabric;https://linkedin.com/company/tradeuno-fabric,apparel & fashion,"Shop high-quality fabric materials online & save up to 30%. Get COD, fast free shipping, safe purchases, and easy returns on a variety of dress materials.",https://www.tradeuno.com/cdn/shop/files/tradeuno_grey_2.webp?v=1788862131&width=500,Haryana
https://chetnabagga.com,care@chetnabagga.com;+911243637134;+918368924225;+919811633336,https://facebook.com/chetnabagga.cb;https://instagram.com/chetna.bagga,apparel & fashion,"Discover classy & sustainable women's fashion at Chetna Bagga's store (shop) in Gurgaon. Trendy dresses, jackets, skirts & more. Elevate your wardrobe with us!",https://chetnabagga.com/cdn/shop/files/IMG_20230221_212024_110x.png?v=1677060520,Haryana
https://soyaraethnics.com,sales.soyara@gmail.com;+918208401674,https://facebook.com/people/Soyara-Ethnics-Studio/61551810461821;https://instagram.com/soyaraethnics.kidswear;https://youtube.com/@soyaraethnicsstudio,apparel & fashion,"Soyara Ethnics Studio is The one stop shop of made in India traditional kids wear where you get handcrafted traditional dresses and matching fabric accessories for newborn, infants and kids. Each piece is handcrafted , unique and exclusively made for kids with Love And Care. We ship worldwide.",https://www.soyaraethnics.com/cdn/shop/files/Logo_27137279-fc58-49c8-82a9-4a14c282e738.png?v=1782391864&width=500,Maharashtra
https://indecrafts.com,info@indecrafts.com;+919997198225,https://facebook.com/indecrafts;https://instagram.com/indecrafts,home decor,"Elevate your interiors with timeless pieces handcrafted by master artisans. Where luxury meets tradition, and every detail speaks of heritage.",https://indecrafts.com/cdn/shop/files/indecrafts_nocom_320be9da-257e-44d0-9007-001cc87cce11.png?v=1751373655&width=500,Uttar Pradesh
https://dreamlineoutdoorfurniture.com,info@dreamlineoutdoorfurniture.com;+919024861605;+919251035808,https://facebook.com/dreamlineoutdoorfurniturejaipur;https://instagram.com/dreamlineoutdoorfurniture;https://linkedin.com/company/dreamline-outdoor-furniture-pvt-ltd;https://pinterest.com/dreamlineoutdoorfurniture,furniture,"Buy Outdoor Furniture Online in India Direct From Manufacturers Best Price. Shop from a wide range of outdoor furniture up to 60% OFF, Free Shipping in India, And we have balcony furniture, Garden Furniture, Patio Furniture, Garden Swing, Sun Lounger , Terrace Furniture online for every kind of Space Indoor, Outdoor",,Karnataka
https://vishalkapurstudio.com,info@vishalkapurstudio.com;+919810873221;+919871095369,https://instagram.com/vishalkapurdesign;https://youtube.com/@vishalkapur,apparel & fashion,"Vishal Kapur Design offers a unique and meticulously crafted range of Sarees, Suits, Dupattas, and semi-stitched kurtas using classic traditional techniques.",https://vishalkapurstudio.com/cdn/shop/files/WhatsApp_Image_2024-04-09_at_11.22.59_AM.jpg?v=1712642006&width=500,Delhi
https://bhagwatitraders.com,hello@bhagwatitraders.com;+917888316807,https://facebook.com/BhagwatiTradersAsr;https://instagram.com/bhagwatitraders_,other,"Buy jyoti tmt bars, kamdhenu tmt bar, jindal panther tmt bar, saria, angle, channel, sika waterproofing chemicals, jsw and tata roofing sheets, thermal insulation, ss water tank, ss pipes, pex pipes, composite pipes, stainless steel water tank, stainless steel pipes and more in Amritsar at best price.",https://bhagwatitraders.com/cdn/shop/files/Name_with_transparent_background.png?v=1675430002&width=500,Punjab
https://aikeyah.com,,https://instagram.com/aikeyah,apparel & fashion,"Aikeyah is a made to order brand based in New Delhi, India, all our sourcing is local, and processes undertaken in our workshop. Aikeyah aims at producing only Classics, Timeless Designs and takes pride in the fact that it has been consistently delivering the sensibility promised at its inception in 2013.",https://aikeyah.com/cdn/shop/files/logo.png?v=1773833900&width=500,Delhi
https://pehchanstore.com,pehchandelhi@gmail.com;+919810100191,https://facebook.com/pehchanstore;https://instagram.com/pehchanstoreofficial,other,,https://pehchanstore.com/cdn/shop/files/logopeh_1ab2d2e8-339b-40f9-8983-d7394c334aab_280x@2x.jpg?v=1613686919,Delhi
https://indirafoods.in,,,other,,https://www.indirafoods.in/cdn/shop/files/indiras_logo_22631a65-a2d1-475a-8b93-9b6effe14d10.png?v=1752296804&width=500,Karnataka
https://5-elements.co.in,,https://facebook.com/5elementsbyradhikagupta;https://instagram.com/5_elementsbyradhikagupta;https://youtube.com/@5elementsbyradhikagupta,footwear,"Discover handcrafted Punjabi juttis, wedding heels, and ethnic apparel at 5 Elements. Explore designer footwear, potli bags, and festive outfits for every occasion.",https://5-elements.co.in/cdn/shop/files/1000x214_2.webp,Uttar Pradesh
https://sarathykitchenware.com,sales@sarathykitchenware.com;+919742191852,https://facebook.com/sarathy1976,kitchen,"Widest range of Premium Quality Stainless Steel Cookware, Cast Iron Tawas and Kadais, Brass and Bronze Cookware, Dinner Sets, Storage Jars and Canisters | Attractive offers | Genuine Products | Authorized Dealers | Service Centre | Since 1976",https://sarathykitchenware.com/cdn/shop/files/Sarathy_Kitchenware_3-01_200x.png?v=1613551566,Karnataka
https://emperorakbar.com,birbal@emperorakbar.com;+919699196991,https://facebook.com/emperor.akbar;https://instagram.com/emperor.akbar;https://twitter.com/allepeycardamom;https://youtube.com/channel/UCZXnhbzDc0ni2_0H8hrnDIA,other,"The worlds best, premium, authentic, fresh, natural green and most aromatic cardamom brand from India. We are the No. 1 exporter, trusted across countries and continents.",,Maharashtra
https://panchami.in,orders@saisatyasirieximm.com,https://facebook.com/panchami.oil;https://instagram.com/panchami.in;https://linkedin.com/company/panchamissse;https://pinterest.com/panchamiiii,jewelry,"India's Pioneering brand for Pooja essentials, Agarbatti and Lamp oil. Panchami lamp oils transcends spiritual experience & improves mental clarity",https://www.panchami.in/cdn/shop/files/logo_82b60464-3b43-4dc5-8e22-d59e128c9157_1000x1000.png?v=1613721999,
https://basicayurvedalimited.com,basicayurveda@gmail.com;+919958550925,https://facebook.com/MagenTech,health & wellness,Basic Ayurveda present's a unique range of products using pure herbal extract/fresh herbs/fruits combining ancient knowledge with modern technology. Basic Ayurveda is in making of Ayurvedic and Natural products. Complete range is available on Basic Ayurveda store for online sale. Free home delivery india.,https://basicayurvedalimited.com/cdn/shop/files/Logo_2039x.png?v=1614291667,
https://casekaro.com,support@casekaro.com,https://facebook.com/caseakarodotcom;https://in.pinterest.com/casekaro;https://instagram.com/casekarodotcom;https://x.com/casekarodotcom;https://youtube.com/@casekaro,other,"Shop phone cases and mobile covers for iPhone, Samsung, OnePlus, Vivo and more. Choose hard, soft silicone, glass and metal cases from ₹99.",,Maharashtra
https://fleximaa.com,sales@fleximaa.com;+919344348770,https://facebook.com/FleximaaIndia;https://instagram.com/fleximaa;https://pinterest.com/fleximaa;https://twitter.com/fleximaa,apparel & fashion,"Discover flexible collection round v-neck t-shirts, polos, printed tees, hoodies, sweatshirts, tops, track pants, shorts, sports & seasonal wear for all ages. Order now!",https://fleximaa.com/cdn/shop/files/fleximaa-logo_6e4bd4aa-0f4d-451e-a515-38230368e1a3.png?v=1676105867&width=500,
https://chupps.com,customercare@chupps.com;+917208907714,https://facebook.com/thechuppslife;https://instagram.com/chuppslife;https://youtube.com/channel/UCjVnuErHaLabfrHjKjYorlw?themeRefresh=1,footwear,"Discover Chupps – stylish slides, clogs, sandals, and flip-flops for men and women. Designed for all-day comfort with a fashion-forward, eco-conscious touch. Step into bold looks and effortless wearability.",https://chupps.com/cdn/shop/files/Chupps_Logo_1720x.svg?v=1768827063,Maharashtra
https://wahtea.com,surya@wahtea.com;+918219653771,https://facebook.com/wahteaestate;https://instagram.com/wahtea,food & beverages,"Premium teas directly from Wah Tea Estate, Himachal Pradesh. Hand-plucked, pesticide-free, single estate orthodox teas — black, green, white, oolong & more. Shop directly from source.",https://wahtea.com/cdn/shop/files/wah-tea-logo.png,Himachal Pradesh
https://greenviv.com,+91180020454011;+911800454011,,beauty & skincare,"Discover GREENVIV's range of natural skincare, haircare, body care and wellness products crafted with herbal ingredients for everyday self-care.",https://greenviv.com/cdn/shop/files/Greenviv_T_2000x.png?v=1780176663,
https://aureole.in,,https://facebook.com/envato;https://instagram.com/envato;https://pinterest.com/envato;https://twitter.com/envato;https://youtube.com/user/Envato,other,JARI65 adalah platform Slot Gacor pilihan Aureole Group untuk menikmati berbagai arena seru yang memadukan kualitas premium dengan biaya paling bersahabat demi kepuasan maksimal Anda.,https://ik.imagekit.io/yrxfrenw3/logo-asd.png,
https://yuvanta.com,,https://facebook.com/yuvanta.beadworks;https://instagram.com/yuvanta.beadworks;https://youtube.com/@yuvantabeadworks3445,other,Yuvanta Women Strapless & Multiway Bras - Beaded Bra Strap Yellow Fun ... for best fitting results • The straps have 12 mm .,https://www.yuvanta.com/cdn/shop/files/Yuvanta_7222819b-0bb8-457c-a814-7e7b29f1ab72_600x.png?v=1644690724,Kerala
https://bownbee.com,care@bownbee.com;+919289510077,https://facebook.com/bownbeekids;https://instagram.com/bownbee,apparel & fashion,"Shop vibrant ethnic wear for kids at BownBee! Discover girls' lehnga cholis, party frocks, and boys' kurta sherwanis. Perfect for styling kids the Indian way.",https://www.bownbee.com/cdn/shop/files/New_Edited_Logo_BownBee.png?v=1683729512&width=1620,Haryana
https://doonmemories.com,,,food & beverages,"Enjoy the delightful world of Doon Memories, the best 100% eggless bakery in Race Course Dehradun. Get the Best Cakes, Pastries, Cookies & stick jaws in the town. Place your Order Online.",https://doonmemories.com/cdn/shop/files/Doon_Memories_logo_2_5919e4d6-72af-4655-b03c-1f87b191d144.png?v=1664624726&width=500,Uttarakhand
https://planaplant.com,info@planaplant.com;operations@planaplant.com;+919348690690,https://facebook.com/planaplant;https://instagram.com/planaplant,other,"Buy the best plants that compliment interiors at an affordable price! We offer a wide variety of indoor, outdoor plants, and succulents.",https://planaplant.com/cdn/shop/files/logo-54811a2cd893007b03a2cd15c9433336a928b153a3d51349c9b75eb0311152ed_395x150.png?v=1636643961,Telangana
https://lilorosh.com,hello@lilorosh.com;+919526436634,https://facebook.com/lilorosh;https://instagram.com/lilorosh;https://x.com/lilorosh,books & stationery,"Elevate your creative journey with our fun, functional, and premium-quality stationery and art supplies designed for the contemporary artist.",https://lilorosh.com/cdn/shop/files/Lilorosh_Logo_Black_Fit.png?v=1745653877&width=330,Kerala
https://nvyworld.com,nikhil@reachindia.co.in;+919620745607,,electronics,"best place to buy smart tv online, nvy tv, buy smart tv online in india, buy smart tv with bluetooth, where to buy smart tv near me",https://www.nvyworld.com/cdn/shop/files/animation-logo_400x.png?v=1638348795,Karnataka
https://navavihan.com,navavihan@gmail.com;supremepromos@gmail.com;+914132233697;+917598963438,https://facebook.com/navavihan;https://instagram.com/navavihan,home decor,"Nava Vihan is your one-stop shop of beautiful handmade decorative & educational products using upcycled items & is a part of Sri Aurobindo Ashram, Pondicherry. Shop amazing gift items for your home & office online in India. Buy fun games, puzzles & crafts for children that induces learning & creativity.",https://navavihan.com/cdn/shop/files/Nava_Logo_v5.0_ff6d661d-127e-4ef7-a427-08d1c26b4747.png?v=1675333387&width=500,West Bengal
https://dhruvvaish.com,,https://facebook.com/p/DHRUV-VAISH-100064281721215;https://instagram.com/dhruvvaish,apparel & fashion,"Best collection in India of Contemporary Mens Kurtas, Shirts, Sherwani, Jawahar Jacket, Nehru jacket, Bundi, Stoles, Bandhgala, Draped kurtas. Plus finest Italian handmade Full Canvas bespoke Suits, Jackets, Pants and Tuxedo available in New Delhi",,Delhi
https://crockerywala.com,cs@crockerywala.com;ecom@crockerywala.com;+918447756799;+919667649667;+919984747444,https://facebook.com/CopperTales;https://instagram.com/crockery_wala_and_company?igsh=MW5hYnQyZjVubXJyaQ%3D%3D;https://youtube.com/@CROCKERYWALAANDCOMPANY,kitchen,"Crockerywala is your one-stop shop for premium crockery and kitchenware, copper lota, copper bottle, copper dispenser, copper dinner sets, copper lagan, copper patili, copper bottle, copper thali set, bronze thali sets, copper jug, copper glass, brass jug, brass dinner set, brass thali set, bronze dinner set.",https://www.crockerywala.com/cdn/shop/t/54/assets/logo-new.png?v=110071260048103910011777968986,Karnataka
https://mystorkstory.com,info@mystorkstory.com;+919820032950,https://facebook.com/mystorkstory;https://instagram.com/mystorkstory,food & beverages,Shop Comfeed By Nina's range of breastfeeding pillows for 100% comfort and support. Team them with unique and useful newborn products from My Stork Story.,https://www.mystorkstory.com/cdn/shop/t/2/assets/logo.png?v=24005995834853743781475238606,Maharashtra
https://sionnah.com,+919930603620,https://facebook.com/SionnahPretcouture;https://instagram.com/sionnahpretcouture,other,,https://sionnah.com/assets/sionnah.com/cdn/shop/files/logo-new_160x-ee91737940.png,Maharashtra
https://brishty.com,orders@brishty.com,https://instagram.com/thebrishtystore;https://pinterest.com/thebrishtystore,home decor,,https://brishty.com/cdn/shop/files/Brishty_1.png?v=1613525805&width=500,Delhi
https://gangafashions.com,ecomsupport@gangafashions.com;info@gangasfashions.com,https://facebook.com/gangafashions;https://in.pinterest.com/gangafashions;https://instagram.com/channel/AbZE5OWiE9k-9B0F;https://instagram.com/ganga.official_,apparel & fashion,"Shop Ganga Fashions for designer women's ethnic wear, premium kurta sets, co-ord sets, dresses, & festive outfits crafted with elegant fabrics & timeless style.",https://cdn.shopify.com/s/files/1/0521/2169/8472/files/NEW-Ganga_Logo_RED26.9.2019_Ragi-01_140x.png,Gujarat
https://shreeradhepearls.com,support@shreeradhepearls.com;support@shriradhepearls.com;+917276683757;+919226990562;+919373067022;+919890913757,https://facebook.com/shreeradhepearls;https://instagram.com/shree_radhe_pearls,jewelry,"Shop one gram jewellery, antique and pearl sets online or at our 4 Pune stores. Free shipping on prepaid orders above ₹1,499 and secure payments.",https://shreeradhepearls.com/cdn/shop/files/Shree_Radhe_Pearls_Logo-02_358d8f28-8f1c-4c72-bef4-de7820791d98.png?v=1782805309&width=330,Maharashtra
https://houseoffett.com,hello@houseoffett.com;sales@houseoffett.com,https://facebook.com/houseoffettofficial;https://facebook.com/settings?tab=ads;https://in.pinterest.com/houseoffett;https://instagram.com/houseoffett;https://youtube.com/@houseoffett3377,apparel & fashion,"Explore the Most Trending Party Wear in Town | Explore the epitome of luxury women clothing online. Shop the latest in luxury women's designer clothing, coords, matching sets, party wear, cowls, tunics, gowns, jumpsuits, tops, and pants.",https://houseoffett.com/cdn/shop/files/black_logo_200px-01_a58b40b6-216c-4b41-961d-71dcedee02f2.png?format=webp&v=1699091697&width=340,Karnataka
https://anarghyaa.com,info@anarghyaa.com,https://facebook.com/anarghyaashop;https://in.pinterest.com/anarghyaashop;https://twitter.com/Anarghyaashop;https://youtube.com/channel/UCObkD92jY068WadGu7eOjow,home decor,"Anarghyaa.com Indian Religious store. We perform Pujas, Homam, Havan, Remedy Pujas, Pariharam, Puja in Temples, Book purohits online for all kinds of ceremonies and temple tourism. Online store for all spiritual products and Accessories, exquisitely designed puja kits, excellent rage of divine gift",https://anarghyaa.com/cdn/shop/files/anarghyaa-logo-new-mini_copy_75x.png?v=1614315909,Karnataka
https://thekaftancompany.com,customercare@thekaftancompany.com,https://facebook.com/thekaftancompany;https://instagram.com/kaftancompany;https://linkedin.com/company/the-kaftan-company,baby & kids,"Discover premium Kaftans, Nightwear, Maternity Wear, Ethnic wear, Western Wear & Partywear at The Kaftan Company. Shop handcrafted styles for women, men & kids. Enjoy 10% OFF on your first order and explore our latest collections online!",https://www.thekaftancompany.com/cdn/shop/files/TKC_Logo_46c9a6ef-6383-45af-bff2-d57534b9840c.png?v=1752179038&width=510,Telangana
https://alokagencies.com,aloktentbazaar@gmail.com;+918767948186;+918828277555;+919322274490,https://instagram.com/aloktentbazaar,other,,https://alokagencies.com/cdn/shop/files/ALOK_AGENCIES_4_1080x.png?v=1646219499,Maharashtra
https://studioochre.com,mohit.studioochre@gmail.com;tushar.studioochre@gmail.com;+919891937470;+919911688680,https://facebook.com/studioochre;https://instagram.com/reel/DQbcEQhifQl?igsh=cWllcHY5b3F4cGFi;https://instagram.com/reel/DRSHvOuCf3B?igsh=MWs1ZG1iajg5Z2k1cQ%3D%3D;https://instagram.com/reel/DRj_b0WCUi9?igsh=MXNmODRsbzM0ODBldQ%3D%3D;https://instagram.com/reel/DTpSgK-iRCe?igsh=MWRnYmx1Z2oyN2JqbA%3D%3D;https://instagram.com/reel/DUksQHUCQpF?igsh=eHl2NjI2bmNwcHpx;https://instagram.com/studioochre,furniture,"Studio Ochre creates handcrafted premium leather furniture in India. Bespoke leather sofas, beds, dining sets, bar cabinets and trunks crafted by skilled artisans since 2010.",https://www.studioochre.com/cdn/shop/files/SO_1.png?v=1775219003&width=800,Karnataka
https://aromamusk.com,,https://facebook.com/naturemusk;https://instagram.com/aromamusk;https://youtube.com/channel/UCrFdT1KPz0kNFiMNYk4dtFA,beauty & skincare,"We, at AromaMusk take great pride in providing 100% pure therapeutic grade essential oils. & Hair oils.",https://aromamusk.com/cdn/shop/files/Logo_Ne1_82872097-c700-4c87-8fa9-67e41dc95103.webp?v=1728535064&width=500,
https://yougotplanb.com,hello@yougotplanb.com;+918591331086;+919152021196,https://facebook.com/yougotplanb;https://facebook.com/yougotplanb?fref=ts;https://instagram.com/yougotplanb,baby & kids,"Our innerwear range includes underwear, boxers, trunks, camisoles, vests and training bras for children aged 1-12 years",https://www.yougotplanb.com/cdn/shop/files/LOGO_ca04297e-7818-47be-8514-518dc9efa542_240x.png?v=1720783004,Maharashtra
https://swastikpenn.com,info@swastikpenn.com;support@swastikpenn.com;+916354274685;+919723174685,https://facebook.com/swastikpenn;https://instagram.com/swastikpenn;https://linkedin.com/company/swastikpenn;https://youtube.com/channel/UCDYglY3aWRNLry_3D7BwvOw/featured,furniture,"Swastik Penn offers extensive line of writing instruments including fountain pen, ballpoint pen or ball pen, roller point pen or roller pen, mechanical pencil, multifunction pen, brush pen, desk pen, calligraphy pen, in different brands like platinum, twsbi, laban, online, key smart, worther, scrikss, rotring etc.",https://www.swastikpenn.com/cdn/shop/files/Swastik-1000_744x175.png?v=1651227488,Gujarat
https://nirwanawellness.in,info@nirwanawellness.in;+919969081046;+919987094405,https://facebook.com/nirwanaherbalhealthcare;https://instagram.com/nirwanaherbal,health & wellness,Nirwana Herbal Healthcare provides natural remedies and ayurvedic medicines for your care - 100% chemical free personal care natural herbal products.,https://nirwanawellness.in/cdn/shop/files/nirwana_logo_a4071e03-d982-40a0-a8e5-e30812c82e92_500x.png?v=1613202304,Maharashtra
https://freshindiaorganics.com,+917738275242;+919136924950,https://facebook.com/freshindiaorganics;https://instagram.com/freshindiaorganics,furniture,"Shop with us for the freshest, most sustainably grown organic fruits and vegetables in Mumbai!",,Maharashtra
https://lokait.com,admin@lokait.com;+916363383857,https://facebook.com/lokait;https://twitter.com/lokait_sneakers,footwear,"Limited edition sneakers brand, obsessively designed, carefully manufactured, sold online direct to the consumer without multiple retail mark-ups.",https://lokait.com/cdn/shop/files/Picture1_33736fc9-8ba4-40e9-97e9-95c50bfeabfb.png?v=1748793778&width=500,Karnataka
https://casotec.com,care@casotec.com;+919818812214,https://facebook.com/casotec;https://facebook.com/settings?tab=ads;https://instagram.com/casotec,other,"Explore the largest collection of premium mobile cases and covers, starting at just ₹149! Choose from a wide range of trendy, stylish, and durable designs for all phone models. Enjoy fast shipping, secure payments, and exclusive deals on the latest protective cases. Upgrade your style today!",https://casotec.com/cdn/shop/files/casotec4_2_1087x.jpg?v=1643213629,Haryana
https://pilovilo.com,pilovilo@gmail.com;+919953095932,https://facebook.com/pilovilo;https://instagram.com/pilovilo,home decor,"Cushion Covers, Chair Covers, Table Runners, Table Mats, Table Cloths, Table Napkins, Fridge and Microwave Covers",https://www.pilovilo.com/cdn/shop/t/3/assets/logo.png?v=100243385850722021401658485753,Maharashtra
https://worldofguapa.com,info@guapa.in;+918595733966,https://facebook.com/guaparesortwear;https://instagram.com/worldofguapa,apparel & fashion,"Fun, effortless and comfortable clothing for women. Shop for Dresses, Boho blouses, shirts, skirts, shorts, blazers and coverups. We ship worldwide.",,Karnataka
https://ahalyaa.com,growth@ahalyaa.com;listing@ahalyaa.com;+919913818210,https://facebook.com/ahalyaaofficial;https://in.pinterest.com/ahalyaa_official;https://instagram.com/ahalyaaofficial;https://youtube.com/channel/UCL6R8Dj_W0iNMKUKKYf6E7w,apparel & fashion,,https://www.ahalyaa.com/cdn/shop/files/pixel_ahalya_logo_with_trademark_below_300x.png?v=1688199393,Gujarat
https://petstreet.in,woof@petstreet.in,https://instagram.com/petstreetonline?igsh=MXc3a3Z2bXd0NXp0ZQ%3D%3D;https://linkedin.com/company/petstreetonline?viewAsMember=true;https://x.com/petstreetonline?s=21;https://youtube.com/@petstreetonlineofficial,pets,"Petstreet Virtual Store is an e-commerce platform for you to buy the largest variety of pet products and accessories from. Petstreet, as a brand, is known in the market to provide the largest range of products and services under its umbrella. Our products & services include five retail stores, three grooming salons.",https://www.petstreet.in/cdn/shop/files/logo.png?v=1754217665,Delhi
https://mehtaenvelope.com,info@mehtaenvelope.com;+919820151336;+919892650625,https://facebook.com/profile.php?id=100077533834930;https://instagram.com/mehta.envelope.mfg.co;https://pinterest.com/juzerkothari;https://youtube.com/user/Saifeeweddingcards,other,"""Find the perfect envelope for any project. We stock business, bulk mailers bubble, and colored envelopes in all sizes. Durable, professional, & affordable. Shop here!"" Rigid Mailers, All Board Envelope, Window Envelope, Colour Envelope, Clothlined Envelope, Polynet Envelopes, E Commerce Mailers, White Envelope",https://mehtaenvelope.com/cdn/shop/files/20230503_111456000_iOS.jpg?v=1733745235&width=500,Maharashtra
https://mysoulmantra.com,support@mysoulmantra.com;+919098389938,https://facebook.com/mysoulmantra;https://instagram.com/mysoul.mantra;https://youtube.com/@mysoulmantra,jewelry,"Buy 100% natural, certified healing crystals and gemstones online in India. Hand-picked raw crystals, tumbled stones & gemstone bracelets.",https://www.mysoulmantra.com/cdn/shop/files/main_logo-colour_1200x800_e4d5ecb1-a5bb-41f9-8584-5ba4162a896e_336x224.png?v=1747236964,West Bengal
https://poorvaa.com,poorvaaproductions@gmail.com;+919884399133,https://instagram.com/pradeep_kumar1123;https://twitter.com/pradeep_1123?s=08,other,Poorvaa Productions - A platform on which artists are able to strengthen the connections between all cultures and art forms.,https://www.poorvaa.com/cdn/shop/t/2/assets/logo.png?v=168621301495618915291587793490,Tamil Nadu
https://gargee.com,sm2@gargee.com;+919818999054,https://facebook.com/gargeedesigner;https://in.pinterest.com/gargeedesigner;https://instagram.com/gargee_designers;https://youtube.com/@GargeeDesigners,apparel & fashion,"Shop luxury designer Clothes for men online at Gargee Designer's. Explore our designer menswear collection in suits, sherwanis, kurtas, tuxedos & more.",https://gargee.com/cdn/shop/files/Logo-GargeeDesigners-320x132px.gif?v=1748284427&width=1200,Delhi
https://annasimona.com,,https://facebook.com/people/Annasimona/100093008590176;https://instagram.com/annasimona_kids,baby & kids,,https://annasimona.com/cdn/shop/files/Annasimona_Kids_Logo.png?v=1742307634&width=500,Delhi
https://omprakashandsons.com,info@omprakashandsons.com;+917500074900;+919675000005;+919675000006;+919837040357;+919837053088;+919837436644,https://facebook.com/omprakashandsons1960;https://instagram.com/omprakashandsons,jewelry,"Om Prakash & Sons is a leading online brand of Hand-Knotted 108 Mala, Bracelet, Rudraksha, Gemstones & Crystals; aiding spiritual seekers since 1960.",https://www.omprakashandsons.com/cdn/shop/files/Multicolor_White_10x_2617x.png?v=1614305165,Uttarakhand
https://rosarahome.com,career@rosara.com;career@rosarahome.com;sales@rosarahome.com;+912008043781501;+916505733100;+918043781501;+919151550044,https://facebook.com/rosarahome;https://in.pinterest.com/rosarahomefurnishings;https://instagram.com/rosarahome;https://twitter.com/rosarahome1;https://youtube.com/channel/UCivwxDDq-KUQlrRQ_L4gpsQ,home decor,"Discover the finest contemporary home furnishings at Rosara Home. Shop for made-to-measure curtains, cushion covers, and more. Buy now!",https://rosarahome.com/cdn/shop/files/ROSARAHOME_NEW_LOGO.png?v=1729322235&width=1292,Karnataka
https://shop.rootedstore.com,hello@rootedstore.com;+919920441252,https://facebook.com/rootedstoreindia;https://instagram.com/rootedstore,beauty & skincare,"Plant based, eco-friendly, hand-crafted wellness products. Free from synthetic ingredients & preservatives, alcohol, artificial fragrances and cruelty.",https://shop.rootedstore.com/cdn/shop/t/5/assets/logo.png?v=307,Maharashtra
https://inkmeo.com,support@inkmeo.com;+918939993992,https://facebook.com/Inkmeo;https://instagram.com/inkmeo;https://youtube.com/inkmeo,jewelry,InkMeo is a high IQ wall colouring rolls with FREE augmented reality app distinctively designed to stimulate your child's motor skills and creative development.,https://www.inkmeo.com/cdn/shop/files/inkmeo_logo_copy_8e3f8fee-9389-47d7-b440-382c3081cb37.png?v=1647591685&width=500,Tamil Nadu
https://mswebdesigner.com,hi@mswebdesigner.com;+6585045771;+6589323369,https://facebook.com/msshopifyexperts;https://instagram.com/msshopifyexperts;https://instagram.com/shopify_experts_singapore;https://linkedin.com/company/shopify-experts-singapore?viewAsMember=true;https://x.com/msshopifyexpert,other,"Certified Shopify & Shopify Plus Experts in India. Store setup, migration, redesign & speed optimization to grow your eCommerce brand globally.",https://cdn.shopify.com/s/files/1/0302/0688/6023/files/LogoMsWeb_1_360x.png?v=1582531074,West Bengal
https://gyaanstore.com,,,books & stationery,"Discover the best online bookstore at Gyaanstore. Top online bookstores with free shipping. Affordable book shopping, discounted books, and exclusive online book",https://gyaanstore.com/cdn/shop/files/gyaanstore.png?v=1760293149&width=400,
https://diamia.com,info@diamia.com;+917900181865,https://instagram.com/diamiacare;https://instagram.com/diamiaofficial?igsh=MXVpbGVrMTMwbXh6cw%3D%3D,beauty & skincare,"""Transform your haircare with DIAMIA, India’s first sustainable powder to foam shampoo. Lightweight, spill-proof, and perfect for travel, our 50gm bottle delivers salon quality results with 50+ washes. Eco-friendly and suitable for all hair types—beauty meets sustainability.",https://diamia.com/cdn/shop/files/Diamia_-_R.svg?v=1758254705&width=500,Maharashtra
https://cloglondon.com,online@coinceptinnovation.com;+911204281949;+919811271770,https://facebook.com/cloglondon;https://instagram.com/cloglondon;https://x.com/cloglondonshoes,footwear,A wide range of shoes for men.Buy online shoes for men and women. Order shoes for women online from Clog London and avail discounts on the website.,https://cloglondon.com/cdn/shop/files/WhatsApp_Image_2025-01-14_at_12.22.09_PM.jpg?v=1737008953&width=500,Uttar Pradesh
https://popneticshop.com,support@popneticshop.com,,apparel & fashion,Popnetic is an Indian-based clothing line targeted towards fashion-conscious People. The brand masters the high-low mix by incorporating high design .,,Uttar Pradesh
https://pomees.com,info@mydomain.com;info@pomees.in;pomeesfashionin@gmail.com;+918592880050;+918593880050,https://instagram.com/pomeesfashion,baby & kids,"Buy Maternity for women at lowest price in India from Pomees . Choose from a wide range of comfortable Lounge Wear , Maternity wear, Maternity Gown, Maternity Panty , Maternity Kurthi, Maternity Leggings , Pomees t shirt, Maternity pants, Maternity gowns, Stockings, Leggings , Capri & Tights from Pomees .",https://pomees.com/cdn/shop/files/Pomees_Logo_cc_823x.png?v=1630857571,Kerala
https://moonstruckinc.com,moonstruckcj@gmail.com;moonstruckinc.com@gmail.com,https://facebook.com/MoonstruckINC;https://instagram.com/MoonstruckINC,jewelry,"Discover the exquisite designs of MOONSTRUCK COSTUME JEWELLERY, a premier house of imitation jewellery. Each piece is meticulously crafted in-house and available for brands and individual customers across India. Shop online now with free shipping and COD options available!",https://moonstruckinc.com/cdn/shop/t/12/assets/logo.png?v=707,Maharashtra
https://thewastore.com,kalpesh@thewastore.com;sales@thewastore.com;+919024354445;+919537192093,https://facebook.com/thewastore;https://in.pinterest.com/thewaartstore;https://instagram.com/thewastore;https://twitter.com/thewastore,jewelry,Original Thewa Art Jewellery crafted By PadmaShree Mahesh Raj Soni. Thewa art Work received Geographical Indication Number - 244,https://thewastore.com/cdn/shop/t/29/assets/logo.png?v=7477,Gujarat
https://dhruvkapoor.com,customercare@dhruvkapoor.com,https://facebook.com/teamkapoor;https://instagram.com/dhruvkapoor,other,Shop the latest ready to wear collection online for men & women at the official Dhruv Kapoor Online Store. Free worldwide shipping.,https://dhruvkapoor.com/cdn/shop/files/website_logo_black_81c0d3aa-71c7-4e2b-b72d-0a97d2524c6a.png?v=1668795745&width=1000,Delhi
https://karomicrafts.com,sales@karomicrafts.com;+913340083098;+918100346315,https://facebook.com/karomicrafts;https://instagram.com/karomicrafts,other,,https://karomicrafts.com/cdn/shop/files/Logo_with_Wordmark-01.jpg?v=1690794825&width=1241,West Bengal
https://chinhhariarts.org,marketing@chinhhariarts.org;+916232604721;+919893772700,https://facebook.com/chinhhariarts;https://in.pinterest.com/Chinhhari_Arts_Studio;https://instagram.com/chinhhari_arts_studio;https://linkedin.com/company/chinhhari-arts-studio;https://youtube.com/channel/UCePERq1tT2IFncOpLMGnCbQ;https://youtube.com/watch?v=jjOUWEV6aVE&feature=emb_logo,pets,"Chinhhari arts works with artist from Chhattisgarh & showcase the tribal and handmade art form to the world. The product range includes Wrought Iron, Terracotta, Wooden, Godna handicraft. We have a wide range of home and garden décor products which are unique , eye catching & absolutely magnificent.",https://www.chinhhariarts.org/cdn/shop/t/21/assets/logo.png?v=4604,Chhattisgarh
https://leadshineindia.com,masautosystem@gmail.com;sales@leadshineindia.com;support@leadshineindia.com;+919892203008,,other,"Leadshine offers motion control and industrial automation products including Leadshine Stepper Motors Servos and Drives, Motion Controllers, Control Systems, Integrated Servos, Servo Drives Servo Motors, Closed Loop Steppers, Closed Loop Servos, I...",https://leadshineindia.com/cdn/shop/t/5/assets/logo.png?v=3850,Maharashtra
https://arcticfox.com,customercare@arcticfox.com;nitin.srivastava@outshiny.com;rajiv@arcticfox.com;rengapriya@arcticfox.com;sridhar@arcticfox.com;techsupport@arcticfox.com;+919538222219,https://facebook.com/ArcticFoxIndia;https://instagram.com/arcticfoxindia;https://twitter.com/Arcticfox_IN;https://youtube.com/@arcticfox3527,accessories,"Arctic Fox India - Buy backpacks, messenger bags, duffle bags, school shoes and accessorize bags from Arctic Fox. Most loved bags store for men, women, college students, girls and kids. Shop Now!",https://arcticfox.com/cdn/shop/files/Arctic_Fox_Logo_Header_e6a6c90c-3b31-4006-9f13-3bf7843f12b7.png?v=1772185774&width=600,Karnataka
https://dineshflourmills.com,info@dineshflourmills.com;+911773821286;+919355135331,https://facebook.com/dineshflourmills;https://instagram.com/dinesh_flourmills;https://x.com/flour_mp;https://youtube.com/@dineshflourmills244,food & beverages,"Best Quality MP Wheat Flour Manufacturer, Buy MP Atta, Basmati Rice, Pulses, Poha Buy Atta Online, Millets, Millets Flour, Multigrain Atta, Oats, Ragi, Quinoa, Chia Seeds,Sugarfree Atta,at best prices at Dinesh Flour Mills.",https://www.dineshflourmills.com/cdn/shop/files/Dinesh_Flour_Mills_PNG.avif?v=1781078070&width=300,Delhi
https://houseofmakeup.com,support@houseofmakeup.com;+918454097173,https://facebook.com/HouseOfMakeupIndia;https://in.pinterest.com/houseofmakeup;https://instagram.com/houseofmakeupofficial;https://linkedin.com/company/houseofmakeup-com?originalSubdomain=in;https://youtube.com/@houseofmakeupofficial,beauty & skincare,Buy best quality beauty products online from House of Makeup. Buy cosmetics and makeup online at best price only at House of Makeup. Enjoy Free India Shipping on orders over INR 499.,https://houseofmakeup.com/cdn/shop/files/Logo_white_website_2f86c5f3-fb98-4d90-bc8c-0e51965ab89b.png?v=1780181323&width=3365,Maharashtra
https://lovetoken.in,hello@lovetoken.in;info@lovetoken.in,https://instagram.com/lovetoken.in,other,LoveToken is a dreamers paradise. Just like the fairy tale gnomes my mind and my fingers weaves mystical elements together.,https://lovetoken.in/cdn/shop/files/Love_TOKEN.gif?v=1693914203&width=1000,Rajasthan
https://renefurtererindia.com,help@abcbrands.in;info@abcbrands.in;+912249736561,https://facebook.com/renefurtererin;https://instagram.com/renefurtererin;https://youtube.com/channel/UC09cO900HkTJaGdsuGym-qw,health & wellness,"René Furterer believes healthy hair starts from a healthy scalp. The best botanically based solution for Hair loss, Dandruff, Sensitive Scalp, dry & Damaged hair. Formulated with 100% Natural Plant Based Ingredients & Essential Oils. Shop Now.",https://renefurtererindia.com/cdn/shop/files/logo-2_6edf6d5a-8d9f-4178-af80-45ee4c132f32_medium.jpg?v=1655792838,Maharashtra
https://jainsonsemporio.com,enquiry@jainsonsemporio.com;support@jainsonsemporio.com;+919999518000;+919999979900,,home decor,"Elevate interiors with the Sydney LED light—sleek, modern, and efficient. Perfect for contemporary spaces with a stylish lighting touch.",https://www.jainsonsemporio.com/cdn/shop/files/logo_a1013585-5b7a-4da9-bc51-73f3908f85e6_220x.png?v=1664340596,Delhi
