domain_url,final_url,http_status,shopify_verified,shopify_score,shopify_signals,india_verified,india_score,india_signals,state_source,contact_pages_checked,emails_found,phones_found,socials_found,logo_source,category_source,description_source,robots_allowed,errors
https://snitch.co.in,https://www.snitch.co.in/,200,True,28,window.Shopify;Shopify.shop;cdn.shopify.com;/cdn/shop/;shopify_core_js;shopify-section;header:shopify-complexity-score,True,12,domain:.co.in;phone:+91;indian_payment_gateway;currency:INR,,0,0,0,6,jsonld_or_dom_img,keyword_heuristics,metadata_or_headings,True,
https://beyoung.in,https://www.beyoung.in/,200,False,0,,False,0,,,0,0,0,0,,,,True,
https://thesouledstore.com,https://www.thesouledstore.com/,200,False,0,,False,0,,,0,0,0,0,,,,True,
https://bluorng.com,https://bluorng.com,200,True,28,window.Shopify;Shopify.shop;cdn.shopify.com;/cdn/shop/;shopify_core_js;shopify-section;header:shopify-complexity-score,True,16,phone:+91;pin_code:110048;city:mumbai;currency:INR,city_mumbai,2,2,8,3,jsonld_or_dom_img,keyword_heuristics,metadata_or_headings,True,
https://marchtee.com,https://www.marchtee.com/,200,False,0,,False,0,,,0,0,0,0,,,,True,
https://bombayshirts.com,https://bombayshirts.com,200,True,5,cdn.shopify.com,True,19,phone:+91;pin_code:400013;city:mumbai;indian_payment_gateway;currency:INR,city_mumbai,2,2,2,3,jsonld_or_dom_img,keyword_heuristics,metadata_or_headings,True,
https://powerlook.in,https://www.powerlook.in/,200,True,30,window.Shopify;Shopify.shop;cdn.shopify.com;/cdn/shop/;shopify_core_js;shopify-section;shopify-payment-button;header:shopify-complexity-score,True,34,domain:.in;jsonld_india_address;state:Maharashtra;phone:+91;pin_code:400063;city:mumbai;indian_payment_gateway;currency:INR,json_ld_address,2,1,1,3,jsonld_or_dom_img,keyword_heuristics,metadata_or_headings,True,
https://veirdo.in,https://veirdo.in,200,True,28,window.Shopify;Shopify.shop;cdn.shopify.com;/cdn/shop/;shopify_core_js;shopify-section;header:shopify-complexity-score,True,20,domain:.in;phone:+91;pin_code:380015;city:bengaluru;indian_payment_gateway;currency:INR,city_bengaluru,2,1,0,3,jsonld_or_dom_img,keyword_heuristics,metadata_or_headings,True,
https://damensch.com,https://www.damensch.com/,200,False,0,,False,0,,,0,0,0,0,,,,True,
https://bunaai.com,https://www.bunai.com/,200,True,30,window.Shopify;Shopify.shop;cdn.shopify.com;/cdn/shop/;shopify_core_js;shopify-section;shopify-payment-button;header:shopify-complexity-score,True,28,jsonld_india_address;state:Rajasthan;phone:+91;city:kolkata;indian_payment_gateway;currency:INR,json_ld_address,2,0,2,5,jsonld_or_dom_img,keyword_heuristics,metadata_or_headings,True,
https://karagiri.com,https://www.karagiri.com/,200,True,28,window.Shopify;Shopify.shop;cdn.shopify.com;/cdn/shop/;shopify_core_js;shopify-section;header:shopify-complexity-score,True,30,jsonld_india_address;state:Karnataka;phone:+91;pin_code:122003;city:bengaluru;currency:INR,json_ld_address,2,2,2,6,jsonld_or_dom_img,keyword_heuristics,metadata_or_headings,True,
https://libas.in,https://www.libas.in/,200,True,28,window.Shopify;Shopify.shop;cdn.shopify.com;/cdn/shop/;shopify_core_js;shopify-section;header:shopify-complexity-score,True,29,domain:.in;jsonld_india_address;state:Uttar Pradesh;phone:+91;city:bengaluru;indian_payment_gateway;currency:INR,json_ld_address,2,0,1,5,jsonld_or_dom_img,keyword_heuristics,metadata_or_headings,True,
https://chidiyaa.com,https://chidiyaa.com,200,True,32,window.Shopify;Shopify.shop;cdn.shopify.com;/cdn/shop/;shopify_core_js;shopify-section;shopify-payment-button;shopify_meta_attribute;header:shopify-complexity-score,True,19,phone:+91;pin_code:411015;city:pune;indian_payment_gateway;currency:INR,city_pune,2,1,1,5,jsonld_or_dom_img,keyword_heuristics,metadata_or_headings,True,
https://fablestreet.com,https://www.fablestreet.com/,200,True,5,cdn.shopify.com,True,28,jsonld_india_address;state:Haryana;phone:+91;city:gurugram;indian_payment_gateway;currency:INR,json_ld_address,1,2,1,5,jsonld_or_dom_img,keyword_heuristics,metadata_or_headings,True,
https://sugar-cosmetics.myshopify.com,https://www.sugarcosmetics.com/,200,True,38,myshopify_subdomain;window.Shopify;Shopify.shop;cdn.shopify.com;/cdn/shop/;shopify_core_js;shopify-section;header:shopify-complexity-score,True,33,jsonld_india_address;state:Maharashtra;phone:+91;pin_code:400072;city:mumbai;indian_payment_gateway;currency:INR,json_ld_address,2,2,0,5,jsonld_or_dom_img,keyword_heuristics,metadata_or_headings,True,
https://plumgoodness.com,https://plumgoodness.com,200,True,28,window.Shopify;Shopify.shop;cdn.shopify.com;/cdn/shop/;shopify_core_js;shopify-section;header:shopify-complexity-score,True,19,phone:+91;pin_code:400607;city:thane;indian_payment_gateway;currency:INR,city_thane,2,2,1,2,jsonld_or_dom_img,keyword_heuristics,metadata_or_headings,True,
https://mcaffeine.com,https://www.mcaffeine.com/,200,True,28,window.Shopify;Shopify.shop;cdn.shopify.com;/cdn/shop/;shopify_core_js;shopify-section;header:shopify-complexity-score,True,28,jsonld_india_address;state:Goa;phone:+91;city:kolkata;indian_payment_gateway;currency:INR,json_ld_address,0,0,0,0,jsonld_or_dom_img,keyword_heuristics,metadata_or_headings,True,
https://dotandkey.com,https://www.dotandkey.com/,200,True,28,window.Shopify;Shopify.shop;cdn.shopify.com;/cdn/shop/;shopify_core_js;shopify-section;header:shopify-complexity-score,True,10,phone:+91;indian_payment_gateway;currency:INR,,2,1,34,3,jsonld_or_dom_img,keyword_heuristics,metadata_or_headings,True,
https://mominspires.myshopify.com,https://mominspires.myshopify.com,404,False,0,,False,0,,,0,0,0,0,,,,True,HTTP 404
https://juicychemistry.com,https://juicychemistry.com,200,True,28,window.Shopify;Shopify.shop;cdn.shopify.com;/cdn/shop/;shopify_core_js;shopify-section;header:shopify-complexity-score,True,11,phone:+91;city:coimbatore;currency:INR,city_coimbatore,2,3,1,5,jsonld_or_dom_img,keyword_heuristics,metadata_or_headings,True,
https://re-equil.com,https://re-equil.com,0,False,0,,False,0,,,0,0,0,0,,,,True,NetworkError: ConnectError
https://earthrhythm.com,https://earthrhythm.com,200,True,28,window.Shopify;Shopify.shop;cdn.shopify.com;/cdn/shop/;shopify_core_js;shopify-section;header:shopify-complexity-score,True,28,jsonld_india_address;state:Haryana;phone:+91;city:gurgaon;indian_payment_gateway;currency:INR,json_ld_address,2,2,1,5,jsonld_or_dom_img,keyword_heuristics,metadata_or_headings,True,
https://foxtale.in,https://foxtale.in,200,True,10,cdn.shopify.com;/cdn/shop/,True,25,domain:.in;jsonld_india_address;phone:+91;pin_code:400069;city:mumbai;currency:INR,city_mumbai,2,1,1,4,jsonld_or_dom_img,keyword_heuristics,metadata_or_headings,True,
https://minimalist.co.in,https://minimalist.co.in,200,False,0,,False,0,,,0,0,0,0,,,,True,
https://arata.in,https://www.arata.in/,200,True,28,window.Shopify;Shopify.shop;cdn.shopify.com;/cdn/shop/;shopify_core_js;shopify-section;header:shopify-complexity-score,True,34,domain:.in;jsonld_india_address;state:Delhi;phone:+91;pin_code:110017;city:delhi;indian_payment_gateway;currency:INR,json_ld_address,2,4,1,8,jsonld_or_dom_img,keyword_heuristics,metadata_or_headings,True,
https://slurrp-farm.myshopify.com,https://slurrp-farm.myshopify.com,404,False,0,,False,0,,,0,0,0,0,,,,True,HTTP 404
https://blue-tokai-coffee-roasters.myshopify.com,https://bluetokaicoffee.com/,200,True,40,myshopify_subdomain;window.Shopify;Shopify.shop;cdn.shopify.com;/cdn/shop/;shopify_core_js;shopify-section;shopify-payment-button;header:shopify-complexity-score,True,10,phone:+91;indian_payment_gateway;currency:INR,,2,2,1,3,jsonld_or_dom_img,keyword_heuristics,metadata_or_headings,True,
https://vadamhamteas.com,https://vadamhamteas.com,0,False,0,,False,0,,,0,0,0,0,,,,True,NetworkError: ConnectError
https://sleepyowl.co,https://sleepyowl.co,200,True,28,window.Shopify;Shopify.shop;cdn.shopify.com;/cdn/shop/;shopify_core_js;shopify-section;header:shopify-complexity-score,True,19,phone:+91;pin_code:110024;city:delhi;indian_payment_gateway;currency:INR,city_delhi,2,7,1,5,jsonld_or_dom_img,keyword_heuristics,metadata_or_headings,True,
https://chaayos.myshopify.com,https://chaayos.myshopify.com,404,False,0,,False,0,,,0,0,0,0,,,,True,HTTP 404
https://countrydelight.in,https://countrydelight.in,200,False,0,,False,0,,,0,0,0,0,,,,True,
https://trueelements.com,https://trueelements.com,200,False,0,,False,0,,,0,0,0,0,,,,True,
https://open-secret.myshopify.com,https://open-secret.myshopify.com,404,False,0,,False,0,,,0,0,0,0,,,,True,HTTP 404
https://kapiva.in,https://kapiva.in,200,False,0,,False,0,,,0,0,0,0,,,,True,
https://auric.co.in,https://auric.co.in,200,False,0,,False,0,,,0,0,0,0,,,,True,
https://indianartvilla.in,https://www.indianartvilla.in/,200,True,30,window.Shopify;Shopify.shop;cdn.shopify.com;/cdn/shop/;shopify_core_js;shopify-section;shopify-payment-button;header:shopify-complexity-score,True,34,domain:.in;jsonld_india_address;state:Rajasthan;phone:+91;pin_code:302016;city:jaipur;indian_payment_gateway;currency:INR,json_ld_address,2,1,2,5,jsonld_or_dom_img,keyword_heuristics,metadata_or_headings,True,
https://thedecorkart.com,https://thedecorkart.com,200,True,32,window.Shopify;Shopify.shop;cdn.shopify.com;/cdn/shop/;shopify_core_js;shopify-section;shopify-payment-button;shopify_meta_attribute;header:shopify-complexity-score,True,14,phone:+91;city:delhi;indian_payment_gateway;currency:INR,city_delhi,2,1,2,10,jsonld_or_dom_img,keyword_heuristics,metadata_or_headings,True,
https://nestasia.in,https://nestasia.in,403,False,0,,False,0,,,0,0,0,0,,,,True,HTTP 403
https://ellementry.com,https://www.ellementry.com/,200,True,30,window.Shopify;Shopify.shop;cdn.shopify.com;/cdn/shop/;shopify_core_js;shopify-section;shopify-payment-button;header:shopify-complexity-score,True,19,phone:+91;pin_code:302018;city:bengaluru;indian_payment_gateway;currency:INR,city_bengaluru,2,3,1,4,jsonld_or_dom_img,keyword_heuristics,metadata_or_headings,True,
https://chumbak.com,https://www.chumbak.com/,200,True,32,window.Shopify;Shopify.shop;cdn.shopify.com;/cdn/shop/;shopify_core_js;shopify-section;shopify-payment-button;shopify_meta_attribute;header:shopify-complexity-score,True,19,phone:+91;pin_code:560038;city:bangalore;indian_payment_gateway;currency:INR,city_bangalore,2,2,1,3,jsonld_or_dom_img,keyword_heuristics,metadata_or_headings,True,
https://mokobara.com,https://mokobara.com,200,True,32,window.Shopify;Shopify.shop;cdn.shopify.com;/cdn/shop/;shopify_core_js;shopify-section;shopify-payment-button;shopify_meta_attribute;header:shopify-complexity-score,True,25,gstin:29AAMCM6112G1ZD;phone:+91;pin_code:110057;city:bengaluru;indian_payment_gateway;currency:INR,gstin_code_29,2,56,54,0,jsonld_or_dom_img,keyword_heuristics,metadata_or_headings,True,
https://dailyobjects.com,https://www.dailyobjects.com/,200,False,0,,False,0,,,0,0,0,0,,,,True,
https://shumee.in,https://www.shumee.in/,200,True,28,window.Shopify;Shopify.shop;cdn.shopify.com;/cdn/shop/;shopify_core_js;shopify-section;header:shopify-complexity-score,True,15,domain:.in;phone:+91;city:bangalore;indian_payment_gateway;currency:INR,city_bangalore,2,2,1,4,jsonld_or_dom_img,keyword_heuristics,metadata_or_headings,True,
https://smartivity.in,https://www.smartivity.in/,200,True,30,window.Shopify;Shopify.shop;cdn.shopify.com;/cdn/shop/;shopify_core_js;shopify-section;shopify-payment-button;header:shopify-complexity-score,True,20,domain:.in;phone:+91;pin_code:110030;city:delhi;indian_payment_gateway;currency:INR,city_delhi,2,1,1,3,jsonld_or_dom_img,keyword_heuristics,metadata_or_headings,True,
https://firstcry.myshopify.com,https://firstcry.myshopify.com,404,False,0,,False,0,,,0,0,0,0,,,,True,HTTP 404
https://superbottoms.com,https://superbottoms.com,200,True,28,window.Shopify;Shopify.shop;cdn.shopify.com;/cdn/shop/;shopify_core_js;shopify-section;header:shopify-complexity-score,True,19,phone:+91;pin_code:400601;city:mumbai;indian_payment_gateway;currency:INR,city_mumbai,2,1,2,5,jsonld_or_dom_img,keyword_heuristics,metadata_or_headings,True,
https://skoolkid.myshopify.com,https://skoolkid.myshopify.com/password,200,True,38,myshopify_subdomain;window.Shopify;Shopify.shop;cdn.shopify.com;/cdn/shop/;shopify_core_js;shopify-section;header:shopify-complexity-score,True,7,phone:+91;currency:INR,,0,0,0,0,jsonld_or_dom_img,keyword_heuristics,metadata_or_headings,True,
https://boat-lifestyle.myshopify.com,https://boat-lifestyle.myshopify.com,404,False,0,,False,0,,,0,0,0,0,,,,True,HTTP 404
https://hammeronline.in,https://hammeronline.in,200,True,30,window.Shopify;Shopify.shop;cdn.shopify.com;/cdn/shop/;shopify_core_js;shopify-section;shopify-payment-button;header:shopify-complexity-score,True,17,domain:.in;phone:+91;state:Haryana;indian_payment_gateway;currency:INR,text_mention,2,1,1,5,jsonld_or_dom_img,keyword_heuristics,metadata_or_headings,True,
https://portronics.com,https://www.portronics.com/,200,True,28,window.Shopify;Shopify.shop;cdn.shopify.com;/cdn/shop/;shopify_core_js;shopify-section;header:shopify-complexity-score,True,19,phone:+91;pin_code:110075;city:delhi;indian_payment_gateway;currency:INR,city_delhi,2,0,1,5,jsonld_or_dom_img,keyword_heuristics,metadata_or_headings,True,
https://noise-india.myshopify.com,https://noise-india.myshopify.com,404,False,0,,False,0,,,0,0,0,0,,,,True,HTTP 404
https://crossbeats.com,https://crossbeats.com,200,True,28,window.Shopify;Shopify.shop;cdn.shopify.com;/cdn/shop/;shopify_core_js;shopify-section;header:shopify-complexity-score,True,14,phone:+91;city:bangalore;indian_payment_gateway;currency:INR,city_bangalore,2,1,1,5,jsonld_or_dom_img,keyword_heuristics,metadata_or_headings,True,
https://giva.co,https://www.giva.co/,200,True,28,window.Shopify;Shopify.shop;cdn.shopify.com;/cdn/shop/;shopify_core_js;shopify-section;header:shopify-complexity-score,True,19,phone:+91;pin_code:560062;city:bengaluru;indian_payment_gateway;currency:INR,city_bengaluru,2,0,2,4,jsonld_or_dom_img,keyword_heuristics,metadata_or_headings,True,
https://voylla.com,https://www.voylla.com/,200,True,30,window.Shopify;Shopify.shop;cdn.shopify.com;/cdn/shop/;shopify_core_js;shopify-section;shopify-payment-button;header:shopify-complexity-score,True,14,phone:+91;city:jaipur;indian_payment_gateway;currency:INR,city_jaipur,2,1,2,5,jsonld_or_dom_img,keyword_heuristics,metadata_or_headings,True,
https://shaya.co.in,https://shaya.co.in,500,False,0,,False,0,,,0,0,0,0,,,,True,HTTP 500
https://palmonas.com,https://palmonas.com,200,True,28,window.Shopify;Shopify.shop;cdn.shopify.com;/cdn/shop/;shopify_core_js;shopify-section;header:shopify-complexity-score,True,33,jsonld_india_address;state:Maharashtra;phone:+91;pin_code:411036;city:pune;indian_payment_gateway;currency:INR,json_ld_address,2,5,1,4,jsonld_or_dom_img,keyword_heuristics,metadata_or_headings,True,
https://pipabella.com,,0,False,0,,False,0,,,0,0,0,0,,,,False,Robots.txt blocks homepage
https://neemans.com,https://neemans.com,200,True,28,window.Shopify;Shopify.shop;cdn.shopify.com;/cdn/shop/;shopify_core_js;shopify-section;header:shopify-complexity-score,True,19,phone:+91;pin_code:500082;city:bangalore;indian_payment_gateway;currency:INR,city_bangalore,2,0,1,4,jsonld_or_dom_img,keyword_heuristics,metadata_or_headings,True,
https://flatheads.in,,0,False,0,,False,0,,,0,0,0,0,,,,False,Robots.txt blocks homepage
https://pavers-england.myshopify.com,https://pavers-england.myshopify.com,404,False,0,,False,0,,,0,0,0,0,,,,True,HTTP 404
https://solethreads.com,https://solethreads.com,423,False,0,,False,0,,,0,0,0,0,,,,True,HTTP 423
https://inc5shoes.com,https://inc5shoes.com,0,False,0,,False,0,,,0,0,0,0,,,,True,Timeout: ConnectTimeout
https://millioncases.com,https://millioncases.com,200,True,30,window.Shopify;Shopify.shop;cdn.shopify.com;/cdn/shop/;shopify_core_js;shopify-section;shopify-payment-button;header:shopify-complexity-score,False,5,indian_payment_gateway;currency:INR,,2,0,0,0,,,,True,
https://ledflashlights.in,https://ledflashlights.in,200,True,28,window.Shopify;Shopify.shop;cdn.shopify.com;/cdn/shop/;shopify_core_js;shopify-section;header:shopify-complexity-score,True,31,domain:.in;jsonld_india_address;state:Telangana;phone:+91;pin_code:500029;city:pune;currency:INR,json_ld_address,2,3,2,4,jsonld_or_dom_img,keyword_heuristics,metadata_or_headings,True,
https://khushihandicrafts.com,,0,False,0,,False,0,,,0,0,0,0,,,,False,Robots.txt blocks homepage
https://ooberpad.com,https://www.ooberpad.com/,200,True,28,window.Shopify;Shopify.shop;cdn.shopify.com;/cdn/shop/;shopify_core_js;shopify-section;header:shopify-complexity-score,True,16,phone:+91;pin_code:400093;city:bengaluru;currency:INR,city_bengaluru,2,0,2,5,jsonld_or_dom_img,keyword_heuristics,metadata_or_headings,True,
https://purayati.com,https://purayati.com,200,True,28,window.Shopify;Shopify.shop;cdn.shopify.com;/cdn/shop/;shopify_core_js;shopify-section;header:shopify-complexity-score,True,7,phone:+91;currency:INR,,2,1,1,2,jsonld_or_dom_img,keyword_heuristics,metadata_or_headings,True,
https://weaverstory.com,https://weaverstory.com,200,True,30,window.Shopify;Shopify.shop;cdn.shopify.com;/cdn/shop/;shopify_core_js;shopify-section;shopify-payment-button;header:shopify-complexity-score,True,16,phone:+91;pin_code:110074;city:delhi;currency:INR,city_delhi,2,2,2,6,jsonld_or_dom_img,keyword_heuristics,metadata_or_headings,True,
https://fashor.com,https://fashor.com,200,True,28,window.Shopify;Shopify.shop;cdn.shopify.com;/cdn/shop/;shopify_core_js;shopify-section;header:shopify-complexity-score,True,25,gstin:33AACCF9797N1ZT;phone:+91;pin_code:302006;city:chennai;indian_payment_gateway;currency:INR,gstin_code_33,2,1,15,3,jsonld_or_dom_img,keyword_heuristics,metadata_or_headings,True,
https://theblacksteel.com,https://www.theblacksteel.com/,200,True,28,window.Shopify;Shopify.shop;cdn.shopify.com;/cdn/shop/;shopify_core_js;shopify-section;header:shopify-complexity-score,True,36,jsonld_india_address;state:Delhi;gstin:07BEBPS1065K1ZD;phone:+91;pin_code:110068;city:mumbai;currency:INR,json_ld_address,2,2,3,3,jsonld_or_dom_img,keyword_heuristics,metadata_or_headings,True,
https://beatitude.in,,0,False,0,,False,0,,,0,0,0,0,,,,False,Robots.txt blocks homepage
https://bumpadum.com,https://bumpadum.com,403,False,0,,False,0,,,0,0,0,0,,,,True,HTTP 403
https://ajieshoberoi.com,https://ajieshoberoi.com,200,True,32,window.Shopify;Shopify.shop;cdn.shopify.com;/cdn/shop/;shopify_core_js;shopify-section;shopify-payment-button;shopify_meta_attribute;header:shopify-complexity-score,True,11,phone:+91;city:delhi;currency:INR,city_delhi,2,1,1,2,jsonld_or_dom_img,keyword_heuristics,metadata_or_headings,True,
https://thewolfpackstore.com,https://thewolfpackstore.com,0,False,0,,False,0,,,0,0,0,0,,,,True,NetworkError: ConnectError
https://gramofink.com,https://gramofink.com,0,False,0,,False,0,,,0,0,0,0,,,,True,NetworkError: ConnectError
https://teenydudes.com,https://teenydudes.com,0,False,0,,False,0,,,0,0,0,0,,,,True,NetworkError: ConnectError
https://eurekalabs.in,https://www.eurekalabs.in/,200,True,26,window.Shopify;Shopify.shop;cdn.shopify.com;/cdn/shop/;shopify_core_js;header:shopify-complexity-score,True,26,domain:.in;jsonld_india_address;state:Delhi;pin_code:110094;city:delhi;currency:INR,json_ld_address,2,1,1,3,jsonld_or_dom_img,keyword_heuristics,metadata_or_headings,True,
https://keyaseth.co.in,https://www.keyaseth.com/,200,True,28,window.Shopify;Shopify.shop;cdn.shopify.com;/cdn/shop/;shopify_core_js;shopify-section;header:shopify-complexity-score,True,21,domain:.co.in;phone:+91;pin_code:700002;city:kolkata;indian_payment_gateway;currency:INR,city_kolkata,2,1,1,5,jsonld_or_dom_img,keyword_heuristics,metadata_or_headings,True,
https://goscientist.com,https://goscientist.com,0,False,0,,False,0,,,0,0,0,0,,,,True,NetworkError: ConnectError
https://leatherworldonline.net,https://www.leatherworldonline.net/,200,True,28,window.Shopify;Shopify.shop;cdn.shopify.com;/cdn/shop/;shopify_core_js;shopify-section;header:shopify-complexity-score,True,7,phone:+91;currency:INR,,2,0,0,2,jsonld_or_dom_img,keyword_heuristics,metadata_or_headings,True,
https://tpsclothing.com,https://tpsclothing.com,200,True,28,window.Shopify;Shopify.shop;cdn.shopify.com;/cdn/shop/;shopify_core_js;shopify-section;header:shopify-complexity-score,False,6,city:delhi;currency:INR,city_delhi,2,0,0,0,,,,True,
https://kraftedwithhappiness.com,https://kraftedwithhappiness.com,200,True,21,window.Shopify;Shopify.shop;cdn.shopify.com;shopify_core_js;shopify-section,True,7,phone:+91;currency:INR,,0,0,1,3,jsonld_or_dom_img,keyword_heuristics,metadata_or_headings,True,
https://padukaseboutique.com,https://padukaseboutique.com,0,False,0,,False,0,,,0,0,0,0,,,,True,NetworkError: ConnectError
https://littlethingstudio.com,https://www.littlethingstudio.com/,200,True,28,window.Shopify;Shopify.shop;cdn.shopify.com;/cdn/shop/;shopify_core_js;shopify-section;header:shopify-complexity-score,True,11,phone:+91;city:delhi;currency:INR,city_delhi,2,1,0,1,jsonld_or_dom_img,keyword_heuristics,metadata_or_headings,True,
https://monkstory.com,https://www.monkstory.com/,200,True,30,window.Shopify;Shopify.shop;cdn.shopify.com;/cdn/shop/;shopify_core_js;shopify-section;shopify-payment-button;header:shopify-complexity-score,True,33,jsonld_india_address;state:Tamil Nadu;phone:+91;pin_code:600010;city:chennai;indian_payment_gateway;currency:INR,json_ld_address,2,1,1,3,jsonld_or_dom_img,keyword_heuristics,metadata_or_headings,True,
https://napkinvc.com,https://napkinvc.com,0,False,0,,False,0,,,0,0,0,0,,,,True,NetworkError: ConnectError
https://gulal.in,https://www.gulal.in/,200,True,32,window.Shopify;Shopify.shop;cdn.shopify.com;/cdn/shop/;shopify_core_js;shopify-section;shopify-payment-button;shopify_meta_attribute;header:shopify-complexity-score,True,15,domain:.in;phone:+91;city:jodhpur;indian_payment_gateway;currency:INR,city_jodhpur,2,0,1,3,jsonld_or_dom_img,keyword_heuristics,metadata_or_headings,True,
https://tru-tees.com,https://tru-tees.com,200,False,0,,False,0,,,0,0,0,0,,,,True,
https://thaligai.com,https://thaligai.com,200,False,0,,False,0,,,0,0,0,0,,,,True,
https://helpusgreen.com,https://www.helpusgreen.com/,200,True,28,window.Shopify;Shopify.shop;cdn.shopify.com;/cdn/shop/;shopify_core_js;shopify-section;header:shopify-complexity-score,True,14,phone:+91;city:bengaluru;indian_payment_gateway;currency:INR,city_bengaluru,2,2,1,1,jsonld_or_dom_img,keyword_heuristics,metadata_or_headings,True,
https://ecott.in,https://ecott.in,200,True,28,window.Shopify;Shopify.shop;cdn.shopify.com;/cdn/shop/;shopify_core_js;shopify-section;header:shopify-complexity-score,True,14,domain:.in;phone:+91;state:Tamil Nadu;currency:INR,text_mention,2,1,1,2,jsonld_or_dom_img,keyword_heuristics,metadata_or_headings,True,
https://maliniahuja.com,https://maliniahuja.com,200,True,28,window.Shopify;Shopify.shop;cdn.shopify.com;/cdn/shop/;shopify_core_js;shopify-section;header:shopify-complexity-score,True,7,phone:+91;currency:INR,,2,1,0,1,jsonld_or_dom_img,keyword_heuristics,metadata_or_headings,True,
https://devotedstore.com,https://devotedstore.com,200,True,30,window.Shopify;Shopify.shop;cdn.shopify.com;/cdn/shop/;shopify_core_js;shopify-section;shopify-payment-button;header:shopify-complexity-score,True,28,jsonld_india_address;state:Delhi;phone:+91;city:delhi;indian_payment_gateway;currency:INR,json_ld_address,2,1,2,4,jsonld_or_dom_img,keyword_heuristics,metadata_or_headings,True,
https://thinpc.online,https://thinpc.online,200,True,28,window.Shopify;Shopify.shop;cdn.shopify.com;/cdn/shop/;shopify_core_js;shopify-section;header:shopify-complexity-score,True,36,jsonld_india_address;state:Maharashtra;gstin:27AACCT9586B1Z2;phone:+91;pin_code:400059;city:mumbai;currency:INR,json_ld_address,2,1,4,4,jsonld_or_dom_img,keyword_heuristics,metadata_or_headings,True,
https://themessycorner.in,https://www.themessycorner.in/,200,True,28,window.Shopify;Shopify.shop;cdn.shopify.com;/cdn/shop/;shopify_core_js;shopify-section;header:shopify-complexity-score,True,20,domain:.in;phone:+91;pin_code:400093;city:bangalore;indian_payment_gateway;currency:INR,city_bangalore,2,1,1,0,jsonld_or_dom_img,keyword_heuristics,metadata_or_headings,True,
https://horecacart.com,https://horecacart.com,0,False,0,,False,0,,,0,0,0,0,,,,True,Timeout: ConnectTimeout
https://shriandsam.com,https://shriandsam.com,200,True,32,window.Shopify;Shopify.shop;cdn.shopify.com;/cdn/shop/;shopify_core_js;shopify-section;shopify-payment-button;shopify_meta_attribute;header:shopify-complexity-score,True,16,phone:+91;state:Haryana;indian_payment_gateway;currency:INR,text_mention,2,1,1,3,jsonld_or_dom_img,keyword_heuristics,metadata_or_headings,True,
https://justotakuthings.com,https://justotakuthings.com,0,False,0,,False,0,,,0,0,0,0,,,,True,NetworkError: ConnectError
https://onthebeds.com,https://onthebeds.com,0,False,0,,False,0,,,0,0,0,0,,,,True,NetworkError: ConnectError
https://vaadiherbals.in,https://vaadiherbals.in,200,True,28,window.Shopify;Shopify.shop;cdn.shopify.com;/cdn/shop/;shopify_core_js;shopify-section;header:shopify-complexity-score,True,17,domain:.in;phone:+91;pin_code:110095;city:delhi;currency:INR,city_delhi,2,3,1,2,jsonld_or_dom_img,keyword_heuristics,metadata_or_headings,True,
https://singhvijewels.in,https://www.singhvijewels.in/,200,True,28,window.Shopify;Shopify.shop;cdn.shopify.com;/cdn/shop/;shopify_core_js;shopify-section;header:shopify-complexity-score,True,20,domain:.in;phone:+91;pin_code:110016;city:delhi;indian_payment_gateway;currency:INR,city_delhi,2,1,1,0,jsonld_or_dom_img,keyword_heuristics,metadata_or_headings,True,
https://lollypoppiez.com,https://lollypoppiez.com,0,False,0,,False,0,,,0,0,0,0,,,,True,NetworkError: ConnectError
https://thepoochcompany.com,https://thepoochcompany.com,0,False,0,,False,0,,,0,0,0,0,,,,True,NetworkError: ConnectError
https://contrastliving.com,https://contrastliving.com,200,True,28,window.Shopify;Shopify.shop;cdn.shopify.com;/cdn/shop/;shopify_core_js;shopify-section;header:shopify-complexity-score,True,11,phone:+91;city:jaipur;currency:INR,city_jaipur,2,0,0,3,jsonld_or_dom_img,keyword_heuristics,metadata_or_headings,True,
https://avonware.com,https://avonware.com,0,False,0,,False,0,,,0,0,0,0,,,,True,NetworkError: ConnectError
https://accessher.com,https://accessher.com,200,False,0,,False,0,,,0,0,0,0,,,,True,
https://brawnybear.com,https://brawnybear.com,200,True,30,window.Shopify;Shopify.shop;cdn.shopify.com;/cdn/shop/;shopify_core_js;shopify-section;shopify-payment-button;header:shopify-complexity-score,True,25,gstin:27AAKCB6345G1ZJ;phone:+91;pin_code:400053;city:mumbai;indian_payment_gateway;currency:INR,gstin_code_27,2,1,1,3,jsonld_or_dom_img,keyword_heuristics,metadata_or_headings,True,
https://postermonk.com,https://postermonk.com,0,False,0,,False,0,,,0,0,0,0,,,,True,Timeout: ConnectTimeout
https://mycutemini.com,https://mycutemini.com,200,True,26,window.Shopify;Shopify.shop;cdn.shopify.com;/cdn/shop/;shopify_core_js;header:shopify-complexity-score,True,19,phone:+91;pin_code:600116;city:chennai;indian_payment_gateway;currency:INR,city_chennai,2,1,3,2,jsonld_or_dom_img,keyword_heuristics,metadata_or_headings,True,
https://belleziya.com,https://belleziya.com,0,False,0,,False,0,,,0,0,0,0,,,,True,NetworkError: ConnectError
https://happywagon.com,https://www.happywagon.com/,200,True,28,window.Shopify;Shopify.shop;cdn.shopify.com;/cdn/shop/;shopify_core_js;shopify-section;header:shopify-complexity-score,True,11,phone:+91;city:bengaluru;currency:INR,city_bengaluru,2,1,1,0,jsonld_or_dom_img,keyword_heuristics,metadata_or_headings,True,
https://codedreamz.com,https://codedreamz.com,200,True,28,window.Shopify;Shopify.shop;cdn.shopify.com;/cdn/shop/;shopify_core_js;shopify-section;header:shopify-complexity-score,False,2,currency:INR,,2,0,0,0,,,,True,
https://riddhika.com,https://riddhika.com,200,True,28,window.Shopify;Shopify.shop;cdn.shopify.com;/cdn/shop/;shopify_core_js;shopify-section;header:shopify-complexity-score,True,30,jsonld_india_address;state:Maharashtra;phone:+91;pin_code:400076;city:mumbai;currency:INR,json_ld_address,2,2,0,3,jsonld_or_dom_img,keyword_heuristics,metadata_or_headings,True,
https://dogfather.in,https://dogfather.in,525,False,0,,False,0,,,0,0,0,0,,,,True,HTTP 525
https://yantralay.com,https://yantralay.com,200,True,32,window.Shopify;Shopify.shop;cdn.shopify.com;/cdn/shop/;shopify_core_js;shopify-section;shopify-payment-button;shopify_meta_attribute;header:shopify-complexity-score,True,30,jsonld_india_address;state:Maharashtra;phone:+91;pin_code:400068;city:mumbai;currency:INR,json_ld_address,2,1,1,4,jsonld_or_dom_img,keyword_heuristics,metadata_or_headings,True,
https://vratikanakul.com,https://vratikanakul.com,0,False,0,,False,0,,,0,0,0,0,,,,True,NetworkError: ConnectError
https://barewether.com,https://barewether.com,200,False,0,,False,0,,,0,0,0,0,,,,True,
https://bungatunga.com,https://bungatunga.com,0,False,0,,False,0,,,0,0,0,0,,,,True,NetworkError: ConnectError
https://babyvillas.com,https://babyvillas.com,0,False,0,,False,0,,,0,0,0,0,,,,True,NetworkError: ConnectError
https://amazing-stuffs.com,https://amazing-stuffs.com,0,False,0,,False,0,,,0,0,0,0,,,,True,NetworkError: ConnectError
https://queensvanity.com,https://queensvanity.com,200,True,32,window.Shopify;Shopify.shop;cdn.shopify.com;/cdn/shop/;shopify_core_js;shopify-section;shopify-payment-button;shopify_meta_attribute;header:shopify-complexity-score,True,7,phone:+91;currency:INR,,2,0,0,3,jsonld_or_dom_img,keyword_heuristics,metadata_or_headings,True,
https://littlealmirah.com,https://littlealmirah.com,0,False,0,,False,0,,,0,0,0,0,,,,True,NetworkError: ConnectError
https://zewaronline.com,https://zewaronline.com,0,False,0,,False,0,,,0,0,0,0,,,,True,NetworkError: ConnectError
https://satayam.in,https://satayam.in,0,False,0,,False,0,,,0,0,0,0,,,,True,NetworkError: ConnectError
https://stylemylo.com,https://linklist.bio/koitoto88,200,False,0,,False,0,,,0,0,0,0,,,,True,
https://delhipoetryslam.com,https://www.delhipoetryslam.com/,200,True,28,window.Shopify;Shopify.shop;cdn.shopify.com;/cdn/shop/;shopify_core_js;shopify-section;header:shopify-complexity-score,True,9,city:delhi;indian_payment_gateway;currency:INR,city_delhi,2,1,0,3,jsonld_or_dom_img,keyword_heuristics,metadata_or_headings,True,
https://melissaindia.com,https://melissaindia.com,200,True,32,window.Shopify;Shopify.shop;cdn.shopify.com;/cdn/shop/;shopify_core_js;shopify-section;shopify-payment-button;shopify_meta_attribute;header:shopify-complexity-score,True,7,phone:+91;currency:INR,,2,0,0,10,jsonld_or_dom_img,keyword_heuristics,metadata_or_headings,True,
https://myfancystore.com,,0,False,0,,False,0,,,0,0,0,0,,,,False,Robots.txt blocks homepage
https://thedesigncart.com,https://www.thedesigncart.com/,200,True,28,window.Shopify;Shopify.shop;cdn.shopify.com;/cdn/shop/;shopify_core_js;shopify-section;header:shopify-complexity-score,True,33,jsonld_india_address;state:Delhi;phone:+91;pin_code:110034;city:delhi;indian_payment_gateway;currency:INR,json_ld_address,2,1,1,7,jsonld_or_dom_img,keyword_heuristics,metadata_or_headings,True,
https://kaisori.com,https://kaisori.com,200,True,30,window.Shopify;Shopify.shop;cdn.shopify.com;/cdn/shop/;shopify_core_js;shopify-section;shopify-payment-button;header:shopify-complexity-score,True,19,phone:+91;pin_code:560093;city:bangalore;indian_payment_gateway;currency:INR,city_bangalore,2,2,2,4,jsonld_or_dom_img,keyword_heuristics,metadata_or_headings,True,
https://igridstore.com,https://www.igridstore.com/,200,True,32,window.Shopify;Shopify.shop;cdn.shopify.com;/cdn/shop/;shopify_core_js;shopify-section;shopify-payment-button;shopify_meta_attribute;header:shopify-complexity-score,True,19,phone:+91;pin_code:500008;city:mumbai;indian_payment_gateway;currency:INR,city_mumbai,2,0,1,4,jsonld_or_dom_img,keyword_heuristics,metadata_or_headings,True,
https://shopaholicschoice.com,https://shopaholicschoice.com,200,False,0,,False,0,,,0,0,0,0,,,,True,
https://sanskriti777.com,https://sanskriti777.com,200,True,32,window.Shopify;Shopify.shop;cdn.shopify.com;/cdn/shop/;shopify_core_js;shopify-section;shopify-payment-button;shopify_meta_attribute;header:shopify-complexity-score,True,14,phone:+91;city:noida;indian_payment_gateway;currency:INR,city_noida,2,0,1,1,jsonld_or_dom_img,keyword_heuristics,metadata_or_headings,True,
https://traditions4u.com,https://traditions4u.com,200,True,28,window.Shopify;Shopify.shop;cdn.shopify.com;/cdn/shop/;shopify_core_js;shopify-section;header:shopify-complexity-score,True,11,phone:+91;city:kolkata;currency:INR,city_kolkata,2,1,1,1,jsonld_or_dom_img,keyword_heuristics,metadata_or_headings,True,
https://ossoro.com,https://ossoro.com,200,False,0,,False,0,,,0,0,0,0,,,,True,
https://petwale.com,https://www.petwale.com/,200,True,32,window.Shopify;Shopify.shop;cdn.shopify.com;/cdn/shop/;shopify_core_js;shopify-section;shopify-payment-button;shopify_meta_attribute;header:shopify-complexity-score,True,19,phone:+91;pin_code:400054;city:mumbai;indian_payment_gateway;currency:INR,city_mumbai,2,1,0,4,jsonld_or_dom_img,keyword_heuristics,metadata_or_headings,True,
https://dressesforwomen.in,https://dressesforwomen.in,200,True,28,window.Shopify;Shopify.shop;cdn.shopify.com;/cdn/shop/;shopify_core_js;shopify-section;header:shopify-complexity-score,True,14,domain:.in;phone:+91;state:Telangana;currency:INR,text_mention,2,0,1,0,jsonld_or_dom_img,keyword_heuristics,metadata_or_headings,True,
https://kashmirloom.com,https://kashmirloom.com,200,True,30,window.Shopify;Shopify.shop;cdn.shopify.com;/cdn/shop/;shopify_core_js;shopify-section;shopify-payment-button;header:shopify-complexity-score,True,14,phone:+91;city:delhi;indian_payment_gateway;currency:INR,city_delhi,2,0,2,3,jsonld_or_dom_img,keyword_heuristics,metadata_or_headings,True,
https://thebabytrunk.com,https://www.thebabytrunk.com/,200,True,30,window.Shopify;Shopify.shop;cdn.shopify.com;/cdn/shop/;shopify_core_js;shopify-section;shopify-payment-button;header:shopify-complexity-score,True,11,phone:+91;city:gurugram;currency:INR,city_gurugram,2,2,1,2,jsonld_or_dom_img,keyword_heuristics,metadata_or_headings,True,
https://zevaramaze.com,https://zevaramaze.com,200,True,28,window.Shopify;Shopify.shop;cdn.shopify.com;/cdn/shop/;shopify_core_js;shopify-section;header:shopify-complexity-score,True,9,city:kolkata;indian_payment_gateway;currency:INR,city_kolkata,2,1,1,1,jsonld_or_dom_img,keyword_heuristics,metadata_or_headings,True,
https://sixbuttonsdown.com,https://www.sixbuttonsdown.com/,200,True,28,window.Shopify;Shopify.shop;cdn.shopify.com;/cdn/shop/;shopify_core_js;shopify-section;header:shopify-complexity-score,True,16,phone:+91;pin_code:560064;city:bangalore;currency:INR,city_bangalore,2,1,1,2,jsonld_or_dom_img,keyword_heuristics,metadata_or_headings,True,
https://blushingcouture.com,https://blushingcouture.com,200,True,28,window.Shopify;Shopify.shop;cdn.shopify.com;/cdn/shop/;shopify_core_js;shopify-section;header:shopify-complexity-score,True,11,phone:+91;city:gurugram;currency:INR,city_gurugram,2,2,1,5,jsonld_or_dom_img,keyword_heuristics,metadata_or_headings,True,
https://artisannsnest.com,https://artisannsnest.com,200,True,28,window.Shopify;Shopify.shop;cdn.shopify.com;/cdn/shop/;shopify_core_js;shopify-section;header:shopify-complexity-score,True,11,phone:+91;city:delhi;currency:INR,city_delhi,2,2,1,3,jsonld_or_dom_img,keyword_heuristics,metadata_or_headings,True,
https://ethnicrajasthan.com,https://www.ethnicrajasthan.com/,200,True,28,window.Shopify;Shopify.shop;cdn.shopify.com;/cdn/shop/;shopify_core_js;shopify-section;header:shopify-complexity-score,True,19,phone:+91;pin_code:302021;city:jaipur;indian_payment_gateway;currency:INR,city_jaipur,2,0,0,3,jsonld_or_dom_img,keyword_heuristics,metadata_or_headings,True,
https://chimpaaanzee.com,https://www.chimpaaanzee.com/,200,True,28,window.Shopify;Shopify.shop;cdn.shopify.com;/cdn/shop/;shopify_core_js;shopify-section;header:shopify-complexity-score,True,16,phone:+91;pin_code:382445;city:ahmedabad;currency:INR,city_ahmedabad,2,1,1,4,jsonld_or_dom_img,keyword_heuristics,metadata_or_headings,True,
https://bluaub.com,https://bluaub.com,0,False,0,,False,0,,,0,0,0,0,,,,True,NetworkError: ConnectError
https://vasumittal.com,https://vasumittal.com,200,True,28,window.Shopify;Shopify.shop;cdn.shopify.com;/cdn/shop/;shopify_core_js;shopify-section;header:shopify-complexity-score,False,6,city:delhi;currency:INR,city_delhi,2,0,0,0,,,,True,
https://studioradical.in,https://www.studioradical.in/,200,True,28,window.Shopify;Shopify.shop;cdn.shopify.com;/cdn/shop/;shopify_core_js;shopify-section;header:shopify-complexity-score,True,17,domain:.in;phone:+91;pin_code:700053;city:kolkata;currency:INR,city_kolkata,2,1,1,2,jsonld_or_dom_img,keyword_heuristics,metadata_or_headings,True,
https://thelagaadi.com,https://thelagaadi.com,200,True,28,window.Shopify;Shopify.shop;cdn.shopify.com;/cdn/shop/;shopify_core_js;shopify-section;header:shopify-complexity-score,True,19,phone:+91;pin_code:302018;city:kolkata;indian_payment_gateway;currency:INR,city_kolkata,2,1,1,4,jsonld_or_dom_img,keyword_heuristics,metadata_or_headings,True,
https://kaagazi.com,https://kaagazi.com,200,False,0,,False,0,,,0,0,0,0,,,,True,
https://funlittleones.com,https://www.funlittleones.com/,200,True,28,window.Shopify;Shopify.shop;cdn.shopify.com;/cdn/shop/;shopify_core_js;shopify-section;header:shopify-complexity-score,True,19,phone:+91;pin_code:400104;city:mumbai;indian_payment_gateway;currency:INR,city_mumbai,2,1,1,4,jsonld_or_dom_img,keyword_heuristics,metadata_or_headings,True,
https://laasasports.com,https://laasasports.com,200,True,28,window.Shopify;Shopify.shop;cdn.shopify.com;/cdn/shop/;shopify_core_js;shopify-section;header:shopify-complexity-score,True,10,phone:+91;indian_payment_gateway;currency:INR,,2,1,0,5,jsonld_or_dom_img,keyword_heuristics,metadata_or_headings,True,
https://chicbuddy.com,https://www.chicbuddy.com/,200,True,28,window.Shopify;Shopify.shop;cdn.shopify.com;/cdn/shop/;shopify_core_js;shopify-section;header:shopify-complexity-score,True,19,phone:+91;pin_code:500067;city:hyderabad;indian_payment_gateway;currency:INR,city_hyderabad,0,1,1,0,jsonld_or_dom_img,keyword_heuristics,metadata_or_headings,True,
https://thecaistore.com,https://thecaistore.com,200,True,30,window.Shopify;Shopify.shop;cdn.shopify.com;/cdn/shop/;shopify_core_js;shopify-section;shopify-payment-button;header:shopify-complexity-score,True,19,phone:+91;pin_code:400013;city:mumbai;indian_payment_gateway;currency:INR,city_mumbai,2,2,2,3,jsonld_or_dom_img,keyword_heuristics,metadata_or_headings,True,
https://ayushcare.in,https://ayushcare.in,200,True,5,cdn.shopify.com,True,15,domain:.in;phone:+91;city:madurai;indian_payment_gateway;currency:INR,city_madurai,2,1,1,0,jsonld_or_dom_img,keyword_heuristics,metadata_or_headings,True,
https://palazzoartgallery.com,https://palazzoartgallery.com,0,False,0,,False,0,,,0,0,0,0,,,,True,NetworkError: ConnectError
https://drmonga.in,https://drmonga.in,200,True,28,window.Shopify;Shopify.shop;cdn.shopify.com;/cdn/shop/;shopify_core_js;shopify-section;header:shopify-complexity-score,True,12,domain:.in;phone:+91;city:delhi;currency:INR,city_delhi,2,0,2,3,jsonld_or_dom_img,keyword_heuristics,metadata_or_headings,True,
https://vivarang.com,https://www.vivarang.com/,200,True,28,window.Shopify;Shopify.shop;cdn.shopify.com;/cdn/shop/;shopify_core_js;shopify-section;header:shopify-complexity-score,True,19,phone:+91;pin_code:500085;city:hyderabad;indian_payment_gateway;currency:INR,city_hyderabad,2,1,1,5,jsonld_or_dom_img,keyword_heuristics,metadata_or_headings,True,
https://bornflash.com,https://www.bornflash.com/,200,True,32,window.Shopify;Shopify.shop;cdn.shopify.com;/cdn/shop/;shopify_core_js;shopify-section;shopify-payment-button;shopify_meta_attribute;header:shopify-complexity-score,True,11,pin_code:110030;city:delhi;currency:INR,city_delhi,2,2,1,2,jsonld_or_dom_img,keyword_heuristics,metadata_or_headings,True,
https://adrisya.in,https://adrisya.in,200,True,32,window.Shopify;Shopify.shop;cdn.shopify.com;/cdn/shop/;shopify_core_js;shopify-section;shopify-payment-button;shopify_meta_attribute;header:shopify-complexity-score,True,20,domain:.in;phone:+91;pin_code:411048;city:pune;indian_payment_gateway;currency:INR,city_pune,2,2,1,5,jsonld_or_dom_img,keyword_heuristics,metadata_or_headings,True,
https://backdropsource.in,https://www.backdropsource.in/,200,True,30,window.Shopify;Shopify.shop;cdn.shopify.com;/cdn/shop/;shopify_core_js;shopify-section;shopify-payment-button;header:shopify-complexity-score,True,20,domain:.in;phone:+91;pin_code:641009;city:bengaluru;indian_payment_gateway;currency:INR,city_bengaluru,2,2,2,5,jsonld_or_dom_img,keyword_heuristics,metadata_or_headings,True,
https://fugazee.com,https://www.fugazee.com/,200,True,30,window.Shopify;Shopify.shop;cdn.shopify.com;/cdn/shop/;shopify_core_js;shopify-section;shopify-payment-button;header:shopify-complexity-score,True,20,gstin:06AAEFF0501B1ZF;phone:+91;city:gurugram;indian_payment_gateway;currency:INR,gstin_code_06,2,3,2,0,jsonld_or_dom_img,keyword_heuristics,metadata_or_headings,True,
https://astore.in,https://www.astore.in/,200,True,28,window.Shopify;Shopify.shop;cdn.shopify.com;/cdn/shop/;shopify_core_js;shopify-section;header:shopify-complexity-score,True,15,domain:.in;phone:+91;city:pune;indian_payment_gateway;currency:INR,city_pune,2,1,2,0,jsonld_or_dom_img,keyword_heuristics,metadata_or_headings,True,
https://kairagiftworld.com,https://www.kairagiftworld.com/,200,True,28,window.Shopify;Shopify.shop;cdn.shopify.com;/cdn/shop/;shopify_core_js;shopify-section;header:shopify-complexity-score,True,25,jsonld_india_address;state:Telangana;phone:+91;city:hyderabad;currency:INR,json_ld_address,2,0,1,4,jsonld_or_dom_img,keyword_heuristics,metadata_or_headings,True,
https://thehometrend.com,https://thehometrend.com,200,False,0,,False,0,,,0,0,0,0,,,,True,
https://64facets.in,https://kubet77.me/,200,False,0,,False,0,,,0,0,0,0,,,,True,
https://zaybonline.com,https://zaybonline.com,0,False,0,,False,0,,,0,0,0,0,,,,True,NetworkError: ConnectError
https://asmitta.com,https://asmitta.com,200,True,28,window.Shopify;Shopify.shop;cdn.shopify.com;/cdn/shop/;shopify_core_js;shopify-section;header:shopify-complexity-score,True,10,phone:+91;indian_payment_gateway;currency:INR,,2,2,1,1,jsonld_or_dom_img,keyword_heuristics,metadata_or_headings,True,
https://moringawhat.com,https://www.moringawhat.com/,200,True,28,window.Shopify;Shopify.shop;cdn.shopify.com;/cdn/shop/;shopify_core_js;shopify-section;header:shopify-complexity-score,True,13,phone:+91;state:Karnataka;currency:INR,text_mention,2,0,0,2,jsonld_or_dom_img,keyword_heuristics,metadata_or_headings,True,
https://maviradesigns.com,https://maviradesigns.com,0,False,0,,False,0,,,0,0,0,0,,,,True,NetworkError: ConnectError
https://towithfrom.com,https://www.towithfrom.com/,200,True,28,window.Shopify;Shopify.shop;cdn.shopify.com;/cdn/shop/;shopify_core_js;shopify-section;header:shopify-complexity-score,True,16,phone:+91;pin_code:110070;city:delhi;currency:INR,city_delhi,2,1,0,1,jsonld_or_dom_img,keyword_heuristics,metadata_or_headings,True,
https://crinds.com,,0,False,0,,False,0,,,0,0,0,0,,,,False,Robots.txt blocks homepage
https://armatuer.com,https://www.armatuer.com/,200,True,28,window.Shopify;Shopify.shop;cdn.shopify.com;/cdn/shop/;shopify_core_js;shopify-section;header:shopify-complexity-score,False,6,city:varanasi;currency:INR,city_varanasi,2,0,0,0,,,,True,
https://merakiessentials.com,https://merakiessentials.com,200,True,32,window.Shopify;Shopify.shop;cdn.shopify.com;/cdn/shop/;shopify_core_js;shopify-section;shopify-payment-button;shopify_meta_attribute;header:shopify-complexity-score,True,16,phone:+91;pin_code:110018;city:mumbai;currency:INR,city_mumbai,2,1,1,4,jsonld_or_dom_img,keyword_heuristics,metadata_or_headings,True,
https://mulberrytrails.com,https://mulberrytrails.com,200,True,28,window.Shopify;Shopify.shop;cdn.shopify.com;/cdn/shop/;shopify_core_js;shopify-section;header:shopify-complexity-score,False,6,city:bangalore;currency:INR,city_bangalore,2,0,0,0,,,,True,
https://swaarnim.com,https://swaarnim.com,200,True,30,window.Shopify;Shopify.shop;cdn.shopify.com;/cdn/shop/;shopify_core_js;shopify-section;shopify-payment-button;header:shopify-complexity-score,True,11,phone:+91;city:indore;currency:INR,city_indore,2,1,1,2,jsonld_or_dom_img,keyword_heuristics,metadata_or_headings,True,
https://ankitastudio.com,https://ankitastudio.com,0,False,0,,False,0,,,0,0,0,0,,,,True,NetworkError: ConnectError
https://phool.co,https://phool.co,200,True,28,window.Shopify;Shopify.shop;cdn.shopify.com;/cdn/shop/;shopify_core_js;shopify-section;header:shopify-complexity-score,True,28,jsonld_india_address;state:Uttar Pradesh;phone:+91;city:kanpur;indian_payment_gateway;currency:INR,json_ld_address,2,2,2,4,jsonld_or_dom_img,keyword_heuristics,metadata_or_headings,True,
https://shoppingchalo.com,https://shoppingchalo.com,200,True,32,window.Shopify;Shopify.shop;cdn.shopify.com;/cdn/shop/;shopify_core_js;shopify-section;shopify-payment-button;shopify_meta_attribute;header:shopify-complexity-score,True,16,phone:+91;pin_code:110001;city:delhi;currency:INR,city_delhi,2,1,1,4,jsonld_or_dom_img,keyword_heuristics,metadata_or_headings,True,
https://cocooncollections.com,https://cocooncollections.com,0,False,0,,False,0,,,0,0,0,0,,,,True,NetworkError: ConnectError
https://toiing.com,,0,False,0,,False,0,,,0,0,0,0,,,,False,Robots.txt blocks homepage
https://fleekery.com,https://fleekery.com,0,False,0,,False,0,,,0,0,0,0,,,,True,NetworkError: ConnectError
https://thecelebrationsstore.com,https://thecelebrationsstore.com,0,False,0,,False,0,,,0,0,0,0,,,,True,NetworkError: ConnectError
https://attiitude.net,https://attiitude.net,0,False,0,,False,0,,,0,0,0,0,,,,True,NetworkError: ConnectError
https://punastore.com,https://punastore.com,0,False,0,,False,0,,,0,0,0,0,,,,True,NetworkError: ConnectError
https://ambitionmart.com,https://ambitionmart.com,0,False,0,,False,0,,,0,0,0,0,,,,True,NetworkError: ConnectError
https://karma-koncept.com,https://expireddomains.com/domain/karma-koncept.com?utm_source=redi,200,False,0,,False,0,,,0,0,0,0,,,,True,
https://chictherapy.com,https://chictherapy.com,200,True,30,window.Shopify;Shopify.shop;cdn.shopify.com;/cdn/shop/;shopify_core_js;shopify-section;shopify-payment-button;header:shopify-complexity-score,True,20,gstin:27AVIPM9862F1Z2;phone:+91;city:mumbai;indian_payment_gateway;currency:INR,gstin_code_27,2,1,1,2,jsonld_or_dom_img,keyword_heuristics,metadata_or_headings,True,
https://genuinebattery.com,https://genuinebattery.com,200,True,30,window.Shopify;Shopify.shop;cdn.shopify.com;/cdn/shop/;shopify_core_js;shopify-section;shopify-payment-button;header:shopify-complexity-score,True,25,jsonld_india_address;state:Gujarat;phone:+91;city:vadodara;currency:INR,json_ld_address,2,1,1,4,jsonld_or_dom_img,keyword_heuristics,metadata_or_headings,True,
https://fashionmozo.com,https://fashionmozo.com,0,False,0,,False,0,,,0,0,0,0,,,,True,NetworkError: ConnectError
https://voodeal.com,https://voodeal.com,0,False,0,,False,0,,,0,0,0,0,,,,True,NetworkError: ConnectError
https://saaboo.com,https://www.saaboo.com/,200,True,28,window.Shopify;Shopify.shop;cdn.shopify.com;/cdn/shop/;shopify_core_js;shopify-section;header:shopify-complexity-score,True,14,phone:+91;city:bangalore;indian_payment_gateway;currency:INR,city_bangalore,2,0,0,3,jsonld_or_dom_img,keyword_heuristics,metadata_or_headings,True,
https://uptownie.com,https://uptownie.com,200,True,28,window.Shopify;Shopify.shop;cdn.shopify.com;/cdn/shop/;shopify_core_js;shopify-section;header:shopify-complexity-score,True,14,phone:+91;city:kolkata;indian_payment_gateway;currency:INR,city_kolkata,2,1,1,4,jsonld_or_dom_img,keyword_heuristics,metadata_or_headings,True,
https://prettyrandom.in,https://www.prettyrandom.in/,200,True,26,window.Shopify;Shopify.shop;cdn.shopify.com;/cdn/shop/;shopify_core_js;header:shopify-complexity-score,True,12,domain:.in;phone:+91;city:chennai;currency:INR,city_chennai,2,1,1,2,jsonld_or_dom_img,keyword_heuristics,metadata_or_headings,True,
https://anaboluda.com,https://anaboluda.com/password,200,True,28,window.Shopify;Shopify.shop;cdn.shopify.com;/cdn/shop/;shopify_core_js;shopify-section;header:shopify-complexity-score,False,2,currency:INR,,0,0,0,0,,,,True,
https://barkntreat.com,https://barkntreat.com,0,False,0,,False,0,,,0,0,0,0,,,,True,NetworkError: ConnectError
https://brownsaltbakery.com,https://brownsaltbakery.com,200,True,32,window.Shopify;Shopify.shop;cdn.shopify.com;/cdn/shop/;shopify_core_js;shopify-section;shopify-payment-button;shopify_meta_attribute;header:shopify-complexity-score,True,19,phone:+91;pin_code:400031;city:bangalore;indian_payment_gateway;currency:INR,city_bangalore,2,1,1,1,jsonld_or_dom_img,keyword_heuristics,metadata_or_headings,True,
https://bubblysdelights.com,https://bubblysdelights.com,0,False,0,,False,0,,,0,0,0,0,,,,True,NetworkError: ConnectError
https://carryyourbottle.com,https://carryyourbottle.com,200,True,28,window.Shopify;Shopify.shop;cdn.shopify.com;/cdn/shop/;shopify_core_js;shopify-section;header:shopify-complexity-score,True,13,pin_code:403513;state:Goa;currency:INR,text_mention,2,2,2,4,jsonld_or_dom_img,keyword_heuristics,metadata_or_headings,True,
https://glittergleam.com,https://glittergleam.com,200,True,32,window.Shopify;Shopify.shop;cdn.shopify.com;/cdn/shop/;shopify_core_js;shopify-section;shopify-payment-button;shopify_meta_attribute;header:shopify-complexity-score,True,28,jsonld_india_address;state:Uttar Pradesh;phone:+91;city:lucknow;indian_payment_gateway;currency:INR,json_ld_address,2,2,1,3,jsonld_or_dom_img,keyword_heuristics,metadata_or_headings,True,
https://houseeofcleeo.com,https://houseeofcleeo.com,0,False,0,,False,0,,,0,0,0,0,,,,True,NetworkError: ConnectError
https://mybonsoul.com,https://www.mybonsoul.com/,200,True,28,window.Shopify;Shopify.shop;cdn.shopify.com;/cdn/shop/;shopify_core_js;shopify-section;header:shopify-complexity-score,True,16,phone:+91;pin_code:560038;city:bengaluru;currency:INR,city_bengaluru,2,2,1,0,jsonld_or_dom_img,keyword_heuristics,metadata_or_headings,True,
https://neelititlee.com,https://neelititlee.com,200,True,28,window.Shopify;Shopify.shop;cdn.shopify.com;/cdn/shop/;shopify_core_js;shopify-section;header:shopify-complexity-score,False,6,city:ahmedabad;currency:INR,city_ahmedabad,2,0,0,0,,,,True,
https://pnkishaarora.com,https://pnkishaarora.com,200,True,32,window.Shopify;Shopify.shop;cdn.shopify.com;/cdn/shop/;shopify_core_js;shopify-section;shopify-payment-button;shopify_meta_attribute;header:shopify-complexity-score,True,11,phone:+91;city:delhi;currency:INR,city_delhi,2,1,1,2,jsonld_or_dom_img,keyword_heuristics,metadata_or_headings,True,
https://sonalkabra.com,https://sonalkabra.com,0,False,0,,False,0,,,0,0,0,0,,,,True,NetworkError: ConnectError
https://driftfashion.com,https://driftfashion.com,0,False,0,,False,0,,,0,0,0,0,,,,True,NetworkError: ConnectError
https://stdvence.com,https://stdvence.com,200,True,28,window.Shopify;Shopify.shop;cdn.shopify.com;/cdn/shop/;shopify_core_js;shopify-section;header:shopify-complexity-score,True,11,phone:+91;city:jaipur;currency:INR,city_jaipur,2,2,1,6,jsonld_or_dom_img,keyword_heuristics,metadata_or_headings,True,
https://thebagruprints.com,https://thebagruprints.com,0,False,0,,False,0,,,0,0,0,0,,,,True,NetworkError: ConnectError
https://charmingangels.diamonds,https://charmingangels.diamonds,0,False,0,,False,0,,,0,0,0,0,,,,True,NetworkError: ConnectError
https://moborr.com,https://moborr.com,200,True,30,window.Shopify;Shopify.shop;cdn.shopify.com;/cdn/shop/;shopify_core_js;shopify-section;shopify-payment-button;header:shopify-complexity-score,True,14,phone:+91;city:bangalore;indian_payment_gateway;currency:INR,city_bangalore,2,1,1,3,jsonld_or_dom_img,keyword_heuristics,metadata_or_headings,True,
https://atinymistake.com,https://atinymistake.com,200,True,28,window.Shopify;Shopify.shop;cdn.shopify.com;/cdn/shop/;shopify_core_js;shopify-section;header:shopify-complexity-score,True,7,phone:+91;currency:INR,,2,1,0,3,jsonld_or_dom_img,keyword_heuristics,metadata_or_headings,True,
https://getspexy.com,https://getspexy.com,200,True,32,window.Shopify;Shopify.shop;cdn.shopify.com;/cdn/shop/;shopify_core_js;shopify-section;shopify-payment-button;shopify_meta_attribute;header:shopify-complexity-score,True,10,phone:+91;indian_payment_gateway;currency:INR,,2,1,1,3,jsonld_or_dom_img,keyword_heuristics,metadata_or_headings,True,
https://skedio.fashion,https://skedio.fashion,200,True,28,window.Shopify;Shopify.shop;cdn.shopify.com;/cdn/shop/;shopify_core_js;shopify-section;header:shopify-complexity-score,True,13,phone:+91;state:Rajasthan;currency:INR,text_mention,2,0,0,2,jsonld_or_dom_img,keyword_heuristics,metadata_or_headings,True,
https://myactivex.com,,0,False,0,,False,0,,,0,0,0,0,,,,False,Robots.txt blocks homepage
https://theveshticompany.com,https://theveshticompany.com,200,True,28,window.Shopify;Shopify.shop;cdn.shopify.com;/cdn/shop/;shopify_core_js;shopify-section;header:shopify-complexity-score,True,14,phone:+91;city:chennai;indian_payment_gateway;currency:INR,city_chennai,2,1,10,0,jsonld_or_dom_img,keyword_heuristics,metadata_or_headings,True,
https://papercoal.com,https://papercoal.com,200,True,28,window.Shopify;Shopify.shop;cdn.shopify.com;/cdn/shop/;shopify_core_js;shopify-section;header:shopify-complexity-score,True,20,gstin:08AAUFP8279J1Z5;phone:+91;city:jodhpur;indian_payment_gateway;currency:INR,gstin_code_08,2,1,0,0,jsonld_or_dom_img,keyword_heuristics,metadata_or_headings,True,
https://teakpark.com,https://www.teakpark.com/,200,True,28,window.Shopify;Shopify.shop;cdn.shopify.com;/cdn/shop/;shopify_core_js;shopify-section;header:shopify-complexity-score,True,13,phone:+91;state:Kerala;currency:INR,text_mention,2,4,1,3,jsonld_or_dom_img,keyword_heuristics,metadata_or_headings,True,
https://suesyogikettle.com,https://suesyogikettle.com,0,False,0,,False,0,,,0,0,0,0,,,,True,NetworkError: ConnectError
https://tgamestrong.com,https://tgamestrong.com,200,True,28,window.Shopify;Shopify.shop;cdn.shopify.com;/cdn/shop/;shopify_core_js;shopify-section;header:shopify-complexity-score,True,11,phone:+91;city:mumbai;currency:INR,city_mumbai,2,2,1,0,jsonld_or_dom_img,keyword_heuristics,metadata_or_headings,True,
https://odikala.com,https://www.odikala.com/,200,True,28,window.Shopify;Shopify.shop;cdn.shopify.com;/cdn/shop/;shopify_core_js;shopify-section;header:shopify-complexity-score,True,16,phone:+91;state:Odisha;indian_payment_gateway;currency:INR,text_mention,2,3,1,5,jsonld_or_dom_img,keyword_heuristics,metadata_or_headings,True,
https://secondskinn.com,https://secondskinn.com,0,False,0,,False,0,,,0,0,0,0,,,,True,Timeout: ConnectTimeout
https://homeplus.online,https://homeplus.online,200,True,28,window.Shopify;Shopify.shop;cdn.shopify.com;/cdn/shop/;shopify_core_js;shopify-section;header:shopify-complexity-score,True,11,phone:+91;city:bengaluru;currency:INR,city_bengaluru,2,2,1,1,jsonld_or_dom_img,keyword_heuristics,metadata_or_headings,True,
https://ahistatea.com,https://ahistatea.com,200,True,28,window.Shopify;Shopify.shop;cdn.shopify.com;/cdn/shop/;shopify_core_js;shopify-section;header:shopify-complexity-score,True,14,phone:+91;city:kolkata;indian_payment_gateway;currency:INR,city_kolkata,2,3,1,3,jsonld_or_dom_img,keyword_heuristics,metadata_or_headings,True,
https://savetheliver.org,https://savetheliver.org,200,True,28,window.Shopify;Shopify.shop;cdn.shopify.com;/cdn/shop/;shopify_core_js;shopify-section;header:shopify-complexity-score,False,6,city:hyderabad;currency:INR,city_hyderabad,2,0,0,0,,,,True,
https://swiftindi.com,https://www.swiftindi.com/,200,True,28,window.Shopify;Shopify.shop;cdn.shopify.com;/cdn/shop/;shopify_core_js;shopify-section;header:shopify-complexity-score,True,10,phone:+91;indian_payment_gateway;currency:INR,,2,1,0,2,jsonld_or_dom_img,keyword_heuristics,metadata_or_headings,True,
https://shopheiressbeauty.com,https://shopheiressbeauty.com,0,False,0,,False,0,,,0,0,0,0,,,,True,NetworkError: ConnectError
https://ikichic.com,https://ikichic.com,200,True,28,window.Shopify;Shopify.shop;cdn.shopify.com;/cdn/shop/;shopify_core_js;shopify-section;header:shopify-complexity-score,True,19,phone:+91;pin_code:110020;city:delhi;indian_payment_gateway;currency:INR,city_delhi,2,2,1,6,jsonld_or_dom_img,keyword_heuristics,metadata_or_headings,True,
https://moinatural.com,https://moinatural.com,200,True,28,window.Shopify;Shopify.shop;cdn.shopify.com;/cdn/shop/;shopify_core_js;shopify-section;header:shopify-complexity-score,True,16,phone:+91;pin_code:700026;city:kolkata;currency:INR,city_kolkata,2,3,1,3,jsonld_or_dom_img,keyword_heuristics,metadata_or_headings,True,
https://qbfcoffee.com,https://qbfcoffee.com,200,True,28,window.Shopify;Shopify.shop;cdn.shopify.com;/cdn/shop/;shopify_core_js;shopify-section;header:shopify-complexity-score,True,16,phone:+91;pin_code:110074;city:delhi;currency:INR,city_delhi,2,1,1,3,jsonld_or_dom_img,keyword_heuristics,metadata_or_headings,True,
https://theyellowpan.com,https://theyellowpan.com,0,False,0,,False,0,,,0,0,0,0,,,,True,NetworkError: ConnectError
https://zakjac.com,https://zakjac.com,0,False,0,,False,0,,,0,0,0,0,,,,True,NetworkError: ConnectError
https://all2defy.com,https://all2defy.com,0,False,0,,False,0,,,0,0,0,0,,,,True,NetworkError: ConnectError
https://marketlanemadras.com,https://marketlanemadras.com,200,True,32,window.Shopify;Shopify.shop;cdn.shopify.com;/cdn/shop/;shopify_core_js;shopify-section;shopify-payment-button;shopify_meta_attribute;header:shopify-complexity-score,True,11,phone:+91;city:chennai;currency:INR,city_chennai,2,3,1,2,jsonld_or_dom_img,keyword_heuristics,metadata_or_headings,True,
https://leelathestore.com,https://leelathestore.com,200,True,28,window.Shopify;Shopify.shop;cdn.shopify.com;/cdn/shop/;shopify_core_js;shopify-section;header:shopify-complexity-score,True,13,phone:+91;state:Uttarakhand;currency:INR,text_mention,2,3,1,2,jsonld_or_dom_img,keyword_heuristics,metadata_or_headings,True,
https://panashjewels.com,https://panashjewels.com,200,True,28,window.Shopify;Shopify.shop;cdn.shopify.com;/cdn/shop/;shopify_core_js;shopify-section;header:shopify-complexity-score,True,7,phone:+91;currency:INR,,2,1,1,2,jsonld_or_dom_img,keyword_heuristics,metadata_or_headings,True,
https://teorishop.com,,0,False,0,,False,0,,,0,0,0,0,,,,False,Robots.txt blocks homepage
https://moonrabbitlifestyle.com,https://moonrabbitlifestyle.com,200,True,32,window.Shopify;Shopify.shop;cdn.shopify.com;/cdn/shop/;shopify_core_js;shopify-section;shopify-payment-button;shopify_meta_attribute;header:shopify-complexity-score,True,11,phone:+91;city:mumbai;currency:INR,city_mumbai,2,0,0,3,jsonld_or_dom_img,keyword_heuristics,metadata_or_headings,True,
https://thedurapack.com,https://thedurapack.com,0,False,0,,False,0,,,0,0,0,0,,,,True,NetworkError: ConnectError
https://bellegirllifestyle.com,https://justyuhi.com/,200,True,32,window.Shopify;Shopify.shop;cdn.shopify.com;/cdn/shop/;shopify_core_js;shopify-section;shopify-payment-button;shopify_meta_attribute;header:shopify-complexity-score,True,14,phone:+91;city:agra;indian_payment_gateway;currency:INR,city_agra,2,3,0,5,jsonld_or_dom_img,keyword_heuristics,metadata_or_headings,True,
https://mittilifestyle.com,https://www.mittilifestyle.com/,200,True,32,window.Shopify;Shopify.shop;cdn.shopify.com;/cdn/shop/;shopify_core_js;shopify-section;shopify-payment-button;shopify_meta_attribute;header:shopify-complexity-score,True,19,phone:+91;pin_code:380058;city:kolkata;indian_payment_gateway;currency:INR,city_kolkata,2,1,1,0,jsonld_or_dom_img,keyword_heuristics,metadata_or_headings,True,
https://soovos.com,https://soovos.com,200,True,28,window.Shopify;Shopify.shop;cdn.shopify.com;/cdn/shop/;shopify_core_js;shopify-section;header:shopify-complexity-score,True,11,phone:+91;city:lucknow;currency:INR,city_lucknow,2,2,1,2,jsonld_or_dom_img,keyword_heuristics,metadata_or_headings,True,
https://aquapurashop.com,https://aquapurashop.com,200,True,28,window.Shopify;Shopify.shop;cdn.shopify.com;/cdn/shop/;shopify_core_js;shopify-section;header:shopify-complexity-score,True,16,phone:+91;pin_code:110033;city:bangalore;currency:INR,city_bangalore,2,2,1,2,jsonld_or_dom_img,keyword_heuristics,metadata_or_headings,True,
https://sifbox.com,https://www.sifholdings.com/,200,False,0,,False,0,,,0,0,0,0,,,,True,
https://bengalloomsindia.com,https://bengalloomsindia.com,200,True,28,window.Shopify;Shopify.shop;cdn.shopify.com;/cdn/shop/;shopify_core_js;shopify-section;header:shopify-complexity-score,True,19,phone:+91;pin_code:700006;city:bangalore;indian_payment_gateway;currency:INR,city_bangalore,2,2,1,3,jsonld_or_dom_img,keyword_heuristics,metadata_or_headings,True,
https://aadya.life,https://expireddomains.com/domain/aadya.life?utm_source=redi,200,False,0,,False,0,,,0,0,0,0,,,,True,
https://shiningstarsstore.com,https://shiningstarsstore.com,200,True,28,window.Shopify;Shopify.shop;cdn.shopify.com;/cdn/shop/;shopify_core_js;shopify-section;header:shopify-complexity-score,True,7,phone:+91;currency:INR,,2,0,1,0,jsonld_or_dom_img,keyword_heuristics,metadata_or_headings,True,
https://pepperagro.com,https://www.pepperagro.com/,200,False,0,,False,0,,,0,0,0,0,,,,True,
https://pawsncollars.com,https://pawsncollars.com,200,True,32,window.Shopify;Shopify.shop;cdn.shopify.com;/cdn/shop/;shopify_core_js;shopify-section;shopify-payment-button;shopify_meta_attribute;header:shopify-complexity-score,True,19,phone:+91;pin_code:560102;city:bengaluru;indian_payment_gateway;currency:INR,city_bengaluru,2,0,1,3,jsonld_or_dom_img,keyword_heuristics,metadata_or_headings,True,
https://ethicattic.com,https://www.ethicattic.com/,200,True,30,window.Shopify;Shopify.shop;cdn.shopify.com;/cdn/shop/;shopify_core_js;shopify-section;shopify-payment-button;header:shopify-complexity-score,True,11,phone:+91;city:bangalore;currency:INR,city_bangalore,2,1,0,6,jsonld_or_dom_img,keyword_heuristics,metadata_or_headings,True,
https://nicciskincare.com,https://nicciskincare.com/password,200,True,28,window.Shopify;Shopify.shop;cdn.shopify.com;/cdn/shop/;shopify_core_js;shopify-section;header:shopify-complexity-score,True,7,phone:+91;currency:INR,,0,0,0,3,jsonld_or_dom_img,keyword_heuristics,metadata_or_headings,True,
https://arcadiolifestyle.com,https://www.arcadiolifestyle.com/,200,True,28,window.Shopify;Shopify.shop;cdn.shopify.com;/cdn/shop/;shopify_core_js;shopify-section;header:shopify-complexity-score,True,11,phone:+91;city:chennai;currency:INR,city_chennai,2,1,1,3,jsonld_or_dom_img,keyword_heuristics,metadata_or_headings,True,
https://ogreeny.com,https://www.ogreeny.com/404,404,False,0,,False,0,,,0,0,0,0,,,,True,HTTP 404
https://tudslifestyle.com,https://tuds.in/password,200,True,28,window.Shopify;Shopify.shop;cdn.shopify.com;/cdn/shop/;shopify_core_js;shopify-section;header:shopify-complexity-score,True,7,phone:+91;currency:INR,,0,0,0,2,jsonld_or_dom_img,keyword_heuristics,metadata_or_headings,True,
https://agcmachines.com,https://agcmachines.com,0,False,0,,False,0,,,0,0,0,0,,,,True,NetworkError: ConnectError
https://cult91.com,https://cult91.com,200,True,28,window.Shopify;Shopify.shop;cdn.shopify.com;/cdn/shop/;shopify_core_js;shopify-section;header:shopify-complexity-score,True,19,phone:+91;pin_code:411007;city:pune;indian_payment_gateway;currency:INR,city_pune,2,1,1,4,jsonld_or_dom_img,keyword_heuristics,metadata_or_headings,True,
https://dopecollections.com,https://dopecollections.com,0,False,0,,False,0,,,0,0,0,0,,,,True,Timeout: ConnectTimeout
https://dmodot.com,https://www.dmodot.com/,200,True,30,window.Shopify;Shopify.shop;cdn.shopify.com;/cdn/shop/;shopify_core_js;shopify-section;shopify-payment-button;header:shopify-complexity-score,True,19,phone:+91;pin_code:110049;city:delhi;indian_payment_gateway;currency:INR,city_delhi,2,2,1,2,jsonld_or_dom_img,keyword_heuristics,metadata_or_headings,True,
https://tamarachennai.com,https://tamarachennai.com,200,True,28,window.Shopify;Shopify.shop;cdn.shopify.com;/cdn/shop/;shopify_core_js;shopify-section;header:shopify-complexity-score,True,11,phone:+91;city:chennai;currency:INR,city_chennai,2,0,1,1,jsonld_or_dom_img,keyword_heuristics,metadata_or_headings,True,
https://amama.in,https://www.amama.in/,200,True,30,window.Shopify;Shopify.shop;cdn.shopify.com;/cdn/shop/;shopify_core_js;shopify-section;shopify-payment-button;header:shopify-complexity-score,True,15,domain:.in;phone:+91;city:noida;indian_payment_gateway;currency:INR,city_noida,2,1,2,4,jsonld_or_dom_img,keyword_heuristics,metadata_or_headings,True,
https://svarasya.com,https://www.svarasya.com/,200,True,28,window.Shopify;Shopify.shop;cdn.shopify.com;/cdn/shop/;shopify_core_js;shopify-section;header:shopify-complexity-score,True,11,phone:+91;city:noida;currency:INR,city_noida,2,1,1,5,jsonld_or_dom_img,keyword_heuristics,metadata_or_headings,True,
https://nuanmilitary.com,https://nuanmilitary.com,0,False,0,,False,0,,,0,0,0,0,,,,True,NetworkError: ConnectError
https://srutijindal.com,https://srutijindal.com,0,False,0,,False,0,,,0,0,0,0,,,,True,NetworkError: ConnectError
https://nutrio.store,https://nutrio.store,0,False,0,,False,0,,,0,0,0,0,,,,True,NetworkError: ConnectError
https://evolvekart.com,,0,False,0,,False,0,,,0,0,0,0,,,,False,Robots.txt blocks homepage
https://postmoji.in,https://postmoji.in,0,False,0,,False,0,,,0,0,0,0,,,,True,NetworkError: ConnectError
https://meirajewellery.com,https://meirajewellery.com,200,True,28,window.Shopify;Shopify.shop;cdn.shopify.com;/cdn/shop/;shopify_core_js;shopify-section;header:shopify-complexity-score,True,11,phone:+91;city:bengaluru;currency:INR,city_bengaluru,2,2,1,4,jsonld_or_dom_img,keyword_heuristics,metadata_or_headings,True,
https://youngtrendz.in,https://youngtrendz.in,200,True,32,window.Shopify;Shopify.shop;cdn.shopify.com;/cdn/shop/;shopify_core_js;shopify-section;shopify-payment-button;shopify_meta_attribute;header:shopify-complexity-score,True,8,domain:.in;phone:+91;currency:INR,,0,0,0,0,jsonld_or_dom_img,keyword_heuristics,metadata_or_headings,True,
https://bigbananaonline.com,https://bigbananaonline.com,200,True,28,window.Shopify;Shopify.shop;cdn.shopify.com;/cdn/shop/;shopify_core_js;shopify-section;header:shopify-complexity-score,True,14,phone:+91;city:kolkata;indian_payment_gateway;currency:INR,city_kolkata,2,1,1,3,jsonld_or_dom_img,keyword_heuristics,metadata_or_headings,True,
https://ecohometown.com,https://ecohometown.com,200,False,0,,False,0,,,0,0,0,0,,,,True,
https://trickortreats.in,https://trickortreats.in,200,False,0,,False,0,,,0,0,0,0,,,,True,
https://fredefy.com,https://www.fredefy.com/en,200,False,0,,False,0,,,0,0,0,0,,,,True,
https://indieculture.in,,0,False,0,,False,0,,,0,0,0,0,,,,False,Robots.txt blocks homepage
https://teatrunk.in,https://teatrunk.in,200,True,30,window.Shopify;Shopify.shop;cdn.shopify.com;/cdn/shop/;shopify_core_js;shopify-section;shopify-payment-button;header:shopify-complexity-score,True,12,domain:.in;phone:+91;city:kolkata;currency:INR,city_kolkata,2,1,1,4,jsonld_or_dom_img,keyword_heuristics,metadata_or_headings,True,
https://simba-02.myshopify.com,https://simba-02.myshopify.com,200,True,42,myshopify_subdomain;window.Shopify;Shopify.shop;cdn.shopify.com;/cdn/shop/;shopify_core_js;shopify-section;shopify-payment-button;shopify_meta_attribute;header:shopify-complexity-score,True,9,city:chennai;indian_payment_gateway;currency:INR,city_chennai,2,2,0,0,jsonld_or_dom_img,keyword_heuristics,metadata_or_headings,True,
https://aadarsh-mehta.myshopify.com,https://aadarsh-mehta.myshopify.com,200,True,38,myshopify_subdomain;window.Shopify;Shopify.shop;cdn.shopify.com;/cdn/shop/;shopify_core_js;shopify-section;header:shopify-complexity-score,False,2,currency:INR,,0,0,0,0,,,,True,
https://edzappdev.myshopify.com,https://edzappdev.myshopify.com,200,True,38,myshopify_subdomain;window.Shopify;Shopify.shop;cdn.shopify.com;/cdn/shop/;shopify_core_js;shopify-section;header:shopify-complexity-score,False,2,currency:INR,,1,0,0,0,,,,True,
https://perfactshop.myshopify.com,https://perfactshop.myshopify.com,200,True,36,myshopify_subdomain;window.Shopify;Shopify.shop;cdn.shopify.com;/cdn/shop/;shopify_core_js;header:shopify-complexity-score,False,2,currency:INR,,1,0,0,0,,,,True,
https://kamboj.myshopify.com,https://kamboj.myshopify.com,200,True,36,myshopify_subdomain;window.Shopify;Shopify.shop;cdn.shopify.com;/cdn/shop/;shopify_core_js;header:shopify-complexity-score,False,2,currency:INR,,1,0,0,0,,,,True,
https://markryden.in,https://markryden.in,403,False,0,,False,0,,,0,0,0,0,,,,True,HTTP 403
https://gfashion.in,https://gfashion.in,200,True,28,window.Shopify;Shopify.shop;cdn.shopify.com;/cdn/shop/;shopify_core_js;shopify-section;header:shopify-complexity-score,True,12,domain:.in;phone:+91;city:kolkata;currency:INR,city_kolkata,2,1,1,2,jsonld_or_dom_img,keyword_heuristics,metadata_or_headings,True,
https://turquoisethestore.com,https://mamentaverse.com/,200,False,0,,False,0,,,0,0,0,0,,,,True,
https://orangeliberty.com,https://orangeliberty.com,200,True,28,window.Shopify;Shopify.shop;cdn.shopify.com;/cdn/shop/;shopify_core_js;shopify-section;header:shopify-complexity-score,True,10,phone:+91;indian_payment_gateway;currency:INR,,2,1,0,0,jsonld_or_dom_img,keyword_heuristics,metadata_or_headings,True,
https://daughter.earth,https://daughter.earth,200,True,28,window.Shopify;Shopify.shop;cdn.shopify.com;/cdn/shop/;shopify_core_js;shopify-section;header:shopify-complexity-score,True,16,phone:+91;pin_code:500037;city:hyderabad;currency:INR,city_hyderabad,2,1,23,3,jsonld_or_dom_img,keyword_heuristics,metadata_or_headings,True,
https://pinkwoolf.com,https://pinkwoolf.com,200,True,28,window.Shopify;Shopify.shop;cdn.shopify.com;/cdn/shop/;shopify_core_js;shopify-section;header:shopify-complexity-score,True,14,phone:+91;city:bangalore;indian_payment_gateway;currency:INR,city_bangalore,2,1,1,6,jsonld_or_dom_img,keyword_heuristics,metadata_or_headings,True,
https://myindiamint.com,https://myindiamint.com,200,True,28,window.Shopify;Shopify.shop;cdn.shopify.com;/cdn/shop/;shopify_core_js;shopify-section;header:shopify-complexity-score,True,25,jsonld_india_address;state:Rajasthan;phone:+91;city:jaipur;currency:INR,json_ld_address,2,2,1,1,jsonld_or_dom_img,keyword_heuristics,metadata_or_headings,True,
https://tweeinone.com,https://tweeinone.com,200,True,28,window.Shopify;Shopify.shop;cdn.shopify.com;/cdn/shop/;shopify_core_js;shopify-section;header:shopify-complexity-score,True,16,phone:+91;pin_code:400013;city:mumbai;currency:INR,city_mumbai,2,3,2,3,jsonld_or_dom_img,keyword_heuristics,metadata_or_headings,True,
https://thecandycallstore.com,,0,False,0,,False,0,,,0,0,0,0,,,,False,Robots.txt blocks homepage
https://rajbhogmakhana.com,https://rajbhogmakhana.com,0,False,0,,False,0,,,0,0,0,0,,,,True,NetworkError: ConnectError
https://lovetuli.com,https://lovetuli.com,0,False,0,,False,0,,,0,0,0,0,,,,True,NetworkError: ConnectError
https://mofwear.com,https://mofwear.com,0,False,0,,False,0,,,0,0,0,0,,,,True,NetworkError: ConnectError
https://arogyajeevan.net,https://arogyajeevan.net,200,True,28,window.Shopify;Shopify.shop;cdn.shopify.com;/cdn/shop/;shopify_core_js;shopify-section;header:shopify-complexity-score,False,2,currency:INR,,2,0,0,0,,,,True,
https://onelinewellness.com,https://onelinewellness.com,200,True,30,window.Shopify;Shopify.shop;cdn.shopify.com;/cdn/shop/;shopify_core_js;shopify-section;shopify-payment-button;header:shopify-complexity-score,True,14,phone:+91;city:mumbai;indian_payment_gateway;currency:INR,city_mumbai,2,2,1,3,jsonld_or_dom_img,keyword_heuristics,metadata_or_headings,True,
https://alayabystage3.com,https://alayabystage3.com,200,True,30,window.Shopify;Shopify.shop;cdn.shopify.com;/cdn/shop/;shopify_core_js;shopify-section;shopify-payment-button;header:shopify-complexity-score,True,14,phone:+91;city:delhi;indian_payment_gateway;currency:INR,city_delhi,2,4,1,4,jsonld_or_dom_img,keyword_heuristics,metadata_or_headings,True,
https://themortalsoul.com,https://themortalsoul.com,200,True,30,window.Shopify;Shopify.shop;cdn.shopify.com;/cdn/shop/;shopify_core_js;shopify-section;shopify-payment-button;header:shopify-complexity-score,True,13,phone:+91;state:Maharashtra;currency:INR,text_mention,2,1,1,2,jsonld_or_dom_img,keyword_heuristics,metadata_or_headings,True,
https://bluetea.co.in,https://bluetea.co.in,200,True,28,window.Shopify;Shopify.shop;cdn.shopify.com;/cdn/shop/;shopify_core_js;shopify-section;header:shopify-complexity-score,True,16,domain:.co.in;phone:+91;city:delhi;indian_payment_gateway;currency:INR,city_delhi,2,1,2,5,jsonld_or_dom_img,keyword_heuristics,metadata_or_headings,True,
https://stonewashedstudio.com,https://expireddomains.com/domain/stonewashedstudio.com?utm_source=redi,200,False,0,,False,0,,,0,0,0,0,,,,True,
https://allfortechonline.com,https://allfortechonline.com,200,True,28,window.Shopify;Shopify.shop;cdn.shopify.com;/cdn/shop/;shopify_core_js;shopify-section;header:shopify-complexity-score,True,19,phone:+91;pin_code:110019;city:delhi;indian_payment_gateway;currency:INR,city_delhi,2,1,2,3,jsonld_or_dom_img,keyword_heuristics,metadata_or_headings,True,
https://lazychunks.com,https://www.lazychunks.com/,200,True,28,window.Shopify;Shopify.shop;cdn.shopify.com;/cdn/shop/;shopify_core_js;shopify-section;header:shopify-complexity-score,True,24,jsonld_india_address;state:Rajasthan;phone:+91;indian_payment_gateway;currency:INR,json_ld_address,2,1,1,1,jsonld_or_dom_img,keyword_heuristics,metadata_or_headings,True,
https://madish.in,https://madish.in,200,False,0,,False,0,,,0,0,0,0,,,,True,
https://healthcult.in,https://cultdesi.com/,200,True,28,window.Shopify;Shopify.shop;cdn.shopify.com;/cdn/shop/;shopify_core_js;shopify-section;header:shopify-complexity-score,True,12,domain:.in;phone:+91;city:delhi;currency:INR,city_delhi,2,2,0,3,jsonld_or_dom_img,keyword_heuristics,metadata_or_headings,True,
https://calenvie.com,https://calenvie.com,200,True,28,window.Shopify;Shopify.shop;cdn.shopify.com;/cdn/shop/;shopify_core_js;shopify-section;header:shopify-complexity-score,True,14,pin_code:560068;city:bengaluru;indian_payment_gateway;currency:INR,city_bengaluru,2,0,0,2,jsonld_or_dom_img,keyword_heuristics,metadata_or_headings,True,
https://sewandyou.com,https://sewandyou.com,200,True,28,window.Shopify;Shopify.shop;cdn.shopify.com;/cdn/shop/;shopify_core_js;shopify-section;header:shopify-complexity-score,True,10,phone:+91;indian_payment_gateway;currency:INR,,0,0,0,3,jsonld_or_dom_img,keyword_heuristics,metadata_or_headings,True,
https://viha.online,https://viha.online,200,True,28,window.Shopify;Shopify.shop;cdn.shopify.com;/cdn/shop/;shopify_core_js;shopify-section;header:shopify-complexity-score,True,19,phone:+91;pin_code:600028;city:chennai;indian_payment_gateway;currency:INR,city_chennai,2,1,1,3,jsonld_or_dom_img,keyword_heuristics,metadata_or_headings,True,
https://anukee.com,https://anukee.com,200,False,0,,False,0,,,0,0,0,0,,,,True,
https://boat-lifestyle.com,https://www.boat-lifestyle.com/,200,True,28,window.Shopify;Shopify.shop;cdn.shopify.com;/cdn/shop/;shopify_core_js;shopify-section;header:shopify-complexity-score,True,19,phone:+91;pin_code:400093;city:mumbai;indian_payment_gateway;currency:INR,city_mumbai,2,3,1,6,jsonld_or_dom_img,keyword_heuristics,metadata_or_headings,True,
https://oliveplanet.in,https://oliveplanet.in,200,True,30,window.Shopify;Shopify.shop;cdn.shopify.com;/cdn/shop/;shopify_core_js;shopify-section;shopify-payment-button;header:shopify-complexity-score,True,28,domain:.in;jsonld_india_address;phone:+91;pin_code:560064;city:bangalore;indian_payment_gateway;currency:INR,city_bangalore,2,1,1,5,jsonld_or_dom_img,keyword_heuristics,metadata_or_headings,True,
https://gocoop.com,https://gocoop.com,200,False,0,,False,0,,,0,0,0,0,,,,True,
https://boltt.com,https://boltt.com,200,False,0,,False,0,,,0,0,0,0,,,,True,
https://procusgo.com,,0,False,0,,False,0,,,0,0,0,0,,,,False,Robots.txt blocks homepage
https://soxytoes.com,https://soxytoes.com,200,True,30,window.Shopify;Shopify.shop;cdn.shopify.com;/cdn/shop/;shopify_core_js;shopify-section;shopify-payment-button;header:shopify-complexity-score,True,10,phone:+91;indian_payment_gateway;currency:INR,,2,1,0,3,jsonld_or_dom_img,keyword_heuristics,metadata_or_headings,True,
https://onlineshopindia.net,https://onlineshopindia.net,0,False,0,,False,0,,,0,0,0,0,,,,True,NetworkError: ConnectError
https://ubyld.com,https://www.ubyld.com/,200,True,30,window.Shopify;Shopify.shop;cdn.shopify.com;/cdn/shop/;shopify_core_js;shopify-section;shopify-payment-button;header:shopify-complexity-score,True,19,phone:+91;pin_code:560077;city:bengaluru;indian_payment_gateway;currency:INR,city_bengaluru,2,1,2,5,jsonld_or_dom_img,keyword_heuristics,metadata_or_headings,True,
https://dezirenatural.com,https://dezirenatural.com,200,True,28,window.Shopify;Shopify.shop;cdn.shopify.com;/cdn/shop/;shopify_core_js;shopify-section;header:shopify-complexity-score,True,14,phone:+91;city:chennai;indian_payment_gateway;currency:INR,city_chennai,2,1,0,2,jsonld_or_dom_img,keyword_heuristics,metadata_or_headings,True,
https://ihabitat.in,https://ihabitat.in,0,False,0,,False,0,,,0,0,0,0,,,,True,NetworkError: ConnectError
https://thebutternutcompany.com,https://www.thebutternutcompany.com/,200,True,28,window.Shopify;Shopify.shop;cdn.shopify.com;/cdn/shop/;shopify_core_js;shopify-section;header:shopify-complexity-score,True,16,phone:+91;pin_code:560102;city:bengaluru;currency:INR,city_bengaluru,2,2,1,0,jsonld_or_dom_img,keyword_heuristics,metadata_or_headings,True,
https://themandirstore.com,https://themandirstore.com,200,True,28,window.Shopify;Shopify.shop;cdn.shopify.com;/cdn/shop/;shopify_core_js;shopify-section;header:shopify-complexity-score,True,19,phone:+91;pin_code:411014;city:pune;indian_payment_gateway;currency:INR,city_pune,2,1,4,3,jsonld_or_dom_img,keyword_heuristics,metadata_or_headings,True,
https://aislingenterprises.com,https://aislingenterprises.com,200,True,28,window.Shopify;Shopify.shop;cdn.shopify.com;/cdn/shop/;shopify_core_js;shopify-section;header:shopify-complexity-score,True,13,phone:+91;state:Rajasthan;currency:INR,text_mention,2,1,0,0,jsonld_or_dom_img,keyword_heuristics,metadata_or_headings,True,
https://totsandmoms.com,https://www.totsandmoms.com/,200,True,28,window.Shopify;Shopify.shop;cdn.shopify.com;/cdn/shop/;shopify_core_js;shopify-section;header:shopify-complexity-score,True,19,phone:+91;pin_code:560085;city:bengaluru;indian_payment_gateway;currency:INR,city_bengaluru,2,1,2,11,jsonld_or_dom_img,keyword_heuristics,metadata_or_headings,True,
https://craftemporio.com,https://craftemporio.com,0,False,0,,False,0,,,0,0,0,0,,,,True,NetworkError: ConnectError
https://joolry.in,https://joolry.in,200,True,28,window.Shopify;Shopify.shop;cdn.shopify.com;/cdn/shop/;shopify_core_js;shopify-section;header:shopify-complexity-score,True,17,domain:.in;phone:+91;pin_code:400018;city:mumbai;currency:INR,city_mumbai,2,1,1,6,jsonld_or_dom_img,keyword_heuristics,metadata_or_headings,True,
https://samoolam.com,https://samoolam.com,200,True,28,window.Shopify;Shopify.shop;cdn.shopify.com;/cdn/shop/;shopify_core_js;shopify-section;header:shopify-complexity-score,True,11,phone:+91;city:bangalore;currency:INR,city_bangalore,2,1,2,3,jsonld_or_dom_img,keyword_heuristics,metadata_or_headings,True,
https://jhapki.com,https://jhapki.com,200,True,28,window.Shopify;Shopify.shop;cdn.shopify.com;/cdn/shop/;shopify_core_js;shopify-section;header:shopify-complexity-score,True,16,phone:+91;state:Punjab;indian_payment_gateway;currency:INR,text_mention,2,2,1,0,jsonld_or_dom_img,keyword_heuristics,metadata_or_headings,True,
https://ikartindia.com,https://ikartindia.com,0,False,0,,False,0,,,0,0,0,0,,,,True,NetworkError: ConnectError
https://bigwishbox.com,https://bigwishbox.com/index.php,200,False,0,,False,0,,,0,0,0,0,,,,True,
https://wishindia.in,,0,False,0,,False,0,,,0,0,0,0,,,,False,Robots.txt blocks homepage
https://urshicollections.com,https://urshicollections.com,200,True,28,window.Shopify;Shopify.shop;cdn.shopify.com;/cdn/shop/;shopify_core_js;shopify-section;header:shopify-complexity-score,True,19,phone:+91;pin_code:562106;city:bengaluru;indian_payment_gateway;currency:INR,city_bengaluru,2,1,1,3,jsonld_or_dom_img,keyword_heuristics,metadata_or_headings,True,
https://teezbro.com,https://teezbro.com,0,False,0,,False,0,,,0,0,0,0,,,,True,NetworkError: ConnectError
https://athletesportswear.in,https://www.athletesportswear.in/,200,False,0,,False,0,,,0,0,0,0,,,,True,
https://vedicfashion.com,https://vedicfashion.com,200,False,0,,False,0,,,0,0,0,0,,,,True,
https://orecorp.net,https://orecorp.net,0,False,0,,False,0,,,0,0,0,0,,,,True,NetworkError: ConnectError
https://hippieshippie.com,https://hippieshippie.com,200,True,28,window.Shopify;Shopify.shop;cdn.shopify.com;/cdn/shop/;shopify_core_js;shopify-section;header:shopify-complexity-score,True,16,phone:+91;pin_code:400028;city:mumbai;currency:INR,city_mumbai,2,0,1,2,jsonld_or_dom_img,keyword_heuristics,metadata_or_headings,True,
https://americancrew.in,https://americancrew.in,200,False,0,,False,0,,,0,0,0,0,,,,True,
https://thepinkpostinc.com,https://thepinkpostinc.com,200,True,28,window.Shopify;Shopify.shop;cdn.shopify.com;/cdn/shop/;shopify_core_js;shopify-section;header:shopify-complexity-score,True,7,phone:+91;currency:INR,,2,1,0,0,jsonld_or_dom_img,keyword_heuristics,metadata_or_headings,True,
https://giftpalace.in,https://giftpalace.in,200,True,28,window.Shopify;Shopify.shop;cdn.shopify.com;/cdn/shop/;shopify_core_js;shopify-section;header:shopify-complexity-score,True,31,domain:.in;jsonld_india_address;state:Delhi;phone:+91;pin_code:110003;city:delhi;currency:INR,json_ld_address,2,1,1,2,jsonld_or_dom_img,keyword_heuristics,metadata_or_headings,True,
https://navjeetarts.com,https://navjeetarts.com,0,False,0,,False,0,,,0,0,0,0,,,,True,NetworkError: ConnectError
https://thesparescompany.com,https://thesparescompany.com,200,True,30,window.Shopify;Shopify.shop;cdn.shopify.com;/cdn/shop/;shopify_core_js;shopify-section;shopify-payment-button;header:shopify-complexity-score,True,19,phone:+91;pin_code:411001;city:pune;indian_payment_gateway;currency:INR,city_pune,2,1,2,2,jsonld_or_dom_img,keyword_heuristics,metadata_or_headings,True,
https://geneslecoanethemant.com,https://www.geneslecoanethemant.com/,200,True,28,window.Shopify;Shopify.shop;cdn.shopify.com;/cdn/shop/;shopify_core_js;shopify-section;header:shopify-complexity-score,True,19,phone:+91;pin_code:110030;city:mumbai;indian_payment_gateway;currency:INR,city_mumbai,2,1,2,3,jsonld_or_dom_img,keyword_heuristics,metadata_or_headings,True,
https://topcart.in,,0,False,0,,False,0,,,0,0,0,0,,,,False,Robots.txt blocks homepage
https://whitechampa.com,https://whitechampa.com,200,True,28,window.Shopify;Shopify.shop;cdn.shopify.com;/cdn/shop/;shopify_core_js;shopify-section;header:shopify-complexity-score,False,6,city:delhi;currency:INR,city_delhi,2,0,0,0,,,,True,
https://bulkherbsindia.com,https://bulkherbsindia.com,0,False,0,,False,0,,,0,0,0,0,,,,True,NetworkError: ConnectError
https://indichues.com,https://indichues.com,409,False,0,,False,0,,,0,0,0,0,,,,True,HTTP 409
https://pdstrian.com,https://pdstrian.com,0,False,0,,False,0,,,0,0,0,0,,,,True,NetworkError: ConnectError
https://ivyn.in,https://ivyn.in,200,True,28,window.Shopify;Shopify.shop;cdn.shopify.com;/cdn/shop/;shopify_core_js;shopify-section;header:shopify-complexity-score,True,34,domain:.in;jsonld_india_address;state:Karnataka;phone:+91;pin_code:560028;city:bengaluru;indian_payment_gateway;currency:INR,json_ld_address,2,1,2,2,jsonld_or_dom_img,keyword_heuristics,metadata_or_headings,True,
https://tisoradesigns.com,https://tisoradesigns.com,200,True,28,window.Shopify;Shopify.shop;cdn.shopify.com;/cdn/shop/;shopify_core_js;shopify-section;header:shopify-complexity-score,True,11,phone:+91;city:mumbai;currency:INR,city_mumbai,2,2,1,2,jsonld_or_dom_img,keyword_heuristics,metadata_or_headings,True,
https://delantalesoriginales.com,https://delantalesoriginales.com,0,False,0,,False,0,,,0,0,0,0,,,,True,NetworkError: ConnectError
https://nilgiriaroma.com,https://www.nilgiriaroma.com/,200,True,28,window.Shopify;Shopify.shop;cdn.shopify.com;/cdn/shop/;shopify_core_js;shopify-section;header:shopify-complexity-score,True,21,phone:+91;pin_code:570010;state:Karnataka;indian_payment_gateway;currency:INR,text_mention,2,2,2,2,jsonld_or_dom_img,keyword_heuristics,metadata_or_headings,True,
https://escents.in,https://escents.in,200,True,28,window.Shopify;Shopify.shop;cdn.shopify.com;/cdn/shop/;shopify_core_js;shopify-section;header:shopify-complexity-score,True,12,domain:.in;phone:+91;city:pune;currency:INR,city_pune,2,1,1,4,jsonld_or_dom_img,keyword_heuristics,metadata_or_headings,True,
https://sparewick.com,https://sparewick.com,200,True,28,window.Shopify;Shopify.shop;cdn.shopify.com;/cdn/shop/;shopify_core_js;shopify-section;header:shopify-complexity-score,True,9,city:mumbai;indian_payment_gateway;currency:INR,city_mumbai,2,1,0,0,jsonld_or_dom_img,keyword_heuristics,metadata_or_headings,True,
https://4pmbar.com,https://www.sughamhealthcentretvl.com/,200,False,0,,False,0,,,0,0,0,0,,,,True,
https://exclusiff.com,https://exclusiff.com,200,True,32,window.Shopify;Shopify.shop;cdn.shopify.com;/cdn/shop/;shopify_core_js;shopify-section;shopify-payment-button;shopify_meta_attribute;header:shopify-complexity-score,True,19,phone:+91;pin_code:400093;city:bengaluru;indian_payment_gateway;currency:INR,city_bengaluru,2,1,1,2,jsonld_or_dom_img,keyword_heuristics,metadata_or_headings,True,
https://kingspapermart.com,https://www.valsoslynn.com/dinner-menu/,200,False,0,,False,0,,,0,0,0,0,,,,True,
https://vaishali-s.com,https://www.vaishaliscouture.com/password,200,True,28,window.Shopify;Shopify.shop;cdn.shopify.com;/cdn/shop/;shopify_core_js;shopify-section;header:shopify-complexity-score,True,7,phone:+91;currency:INR,,0,0,1,0,jsonld_or_dom_img,keyword_heuristics,metadata_or_headings,True,
https://carrycart.in,https://carrycart.in,0,False,0,,False,0,,,0,0,0,0,,,,True,NetworkError: ConnectError
https://moedbuille.com,https://moedbuille.com,200,True,28,window.Shopify;Shopify.shop;cdn.shopify.com;/cdn/shop/;shopify_core_js;shopify-section;header:shopify-complexity-score,True,14,phone:+91;city:jaipur;indian_payment_gateway;currency:INR,city_jaipur,2,1,0,2,jsonld_or_dom_img,keyword_heuristics,metadata_or_headings,True,
https://snapkart.in,https://snapkart.in,402,False,0,,False,0,,,0,0,0,0,,,,True,HTTP 402
https://martforyou.com,https://martforyou.com,200,False,0,,False,0,,,0,0,0,0,,,,True,
https://shopmiri.com,https://shopmiri.com,200,True,28,window.Shopify;Shopify.shop;cdn.shopify.com;/cdn/shop/;shopify_core_js;shopify-section;header:shopify-complexity-score,True,16,phone:+91;state:Goa;indian_payment_gateway;currency:INR,text_mention,2,1,1,2,jsonld_or_dom_img,keyword_heuristics,metadata_or_headings,True,
https://kidsmandi.com,https://kidsmandi.com,200,True,28,window.Shopify;Shopify.shop;cdn.shopify.com;/cdn/shop/;shopify_core_js;shopify-section;header:shopify-complexity-score,True,14,phone:+91;city:kolkata;indian_payment_gateway;currency:INR,city_kolkata,2,0,0,2,jsonld_or_dom_img,keyword_heuristics,metadata_or_headings,True,
https://curiocart.com,https://curiocart.com,200,True,30,window.Shopify;Shopify.shop;cdn.shopify.com;/cdn/shop/;shopify_core_js;shopify-section;shopify-payment-button;header:shopify-complexity-score,True,10,phone:+91;indian_payment_gateway;currency:INR,,2,1,1,4,jsonld_or_dom_img,keyword_heuristics,metadata_or_headings,True,
https://mspinkpanther.com,https://mspinkpanther.com,200,True,28,window.Shopify;Shopify.shop;cdn.shopify.com;/cdn/shop/;shopify_core_js;shopify-section;header:shopify-complexity-score,True,16,phone:+91;pin_code:600028;city:chennai;currency:INR,city_chennai,2,2,3,1,jsonld_or_dom_img,keyword_heuristics,metadata_or_headings,True,
https://gustokart.com,https://gustokart.com,0,False,0,,False,0,,,0,0,0,0,,,,True,Timeout: ConnectTimeout
https://fabricpandit.com,https://fabricpandit.com,200,True,28,window.Shopify;Shopify.shop;cdn.shopify.com;/cdn/shop/;shopify_core_js;shopify-section;header:shopify-complexity-score,True,19,phone:+91;pin_code:395002;city:bengaluru;indian_payment_gateway;currency:INR,city_bengaluru,2,1,3,0,jsonld_or_dom_img,keyword_heuristics,metadata_or_headings,True,
https://nordible.com,https://nordible.com,200,False,0,,False,0,,,0,0,0,0,,,,True,HTTP 200
https://maheejaa.com,https://maheejaa.com,0,False,0,,False,0,,,0,0,0,0,,,,True,Timeout: ConnectTimeout
https://stoleandyarn.com,https://stoleandyaarn.in/,200,True,32,window.Shopify;Shopify.shop;cdn.shopify.com;/cdn/shop/;shopify_core_js;shopify-section;shopify-payment-button;shopify_meta_attribute;header:shopify-complexity-score,True,14,phone:+91;city:mumbai;indian_payment_gateway;currency:INR,city_mumbai,2,2,1,2,jsonld_or_dom_img,keyword_heuristics,metadata_or_headings,True,
https://organic-bazaar.in,https://organic-bazaar.in,200,True,28,window.Shopify;Shopify.shop;cdn.shopify.com;/cdn/shop/;shopify_core_js;shopify-section;header:shopify-complexity-score,True,7,domain:.in;city:kochi;currency:INR,city_kochi,2,0,0,1,jsonld_or_dom_img,keyword_heuristics,metadata_or_headings,True,
https://cationclothing.com,https://www.cationclothing.com/,200,True,28,window.Shopify;Shopify.shop;cdn.shopify.com;/cdn/shop/;shopify_core_js;shopify-section;header:shopify-complexity-score,True,19,phone:+91;pin_code:110043;city:delhi;indian_payment_gateway;currency:INR,city_delhi,2,1,1,2,jsonld_or_dom_img,keyword_heuristics,metadata_or_headings,True,
https://niteimaginabas.com,https://niteimaginabas.com,0,False,0,,False,0,,,0,0,0,0,,,,True,NetworkError: ConnectError
https://therepairhub.com,https://therepairhub.com,200,True,28,window.Shopify;Shopify.shop;cdn.shopify.com;/cdn/shop/;shopify_core_js;shopify-section;header:shopify-complexity-score,True,30,jsonld_india_address;state:Delhi;phone:+91;pin_code:110048;city:delhi;currency:INR,json_ld_address,2,1,1,1,jsonld_or_dom_img,keyword_heuristics,metadata_or_headings,True,
https://dealsplant.com,https://www.dealsplant.com/,200,True,28,window.Shopify;Shopify.shop;cdn.shopify.com;/cdn/shop/;shopify_core_js;shopify-section;header:shopify-complexity-score,True,10,phone:+91;indian_payment_gateway;currency:INR,,2,1,0,2,jsonld_or_dom_img,keyword_heuristics,metadata_or_headings,True,
https://suwasthi.com,https://suwasthi.com,200,True,30,window.Shopify;Shopify.shop;cdn.shopify.com;/cdn/shop/;shopify_core_js;shopify-section;shopify-payment-button;header:shopify-complexity-score,True,14,phone:+91;city:noida;indian_payment_gateway;currency:INR,city_noida,2,1,2,2,jsonld_or_dom_img,keyword_heuristics,metadata_or_headings,True,
https://shop2india.com,https://shop2india.com,200,True,28,window.Shopify;Shopify.shop;cdn.shopify.com;/cdn/shop/;shopify_core_js;shopify-section;header:shopify-complexity-score,True,16,phone:+91;pin_code:400004;city:mumbai;currency:INR,city_mumbai,2,1,2,1,jsonld_or_dom_img,keyword_heuristics,metadata_or_headings,True,
https://arjunkhanna.com,https://arjunkhanna.com,200,True,28,window.Shopify;Shopify.shop;cdn.shopify.com;/cdn/shop/;shopify_core_js;shopify-section;header:shopify-complexity-score,True,16,phone:+91;pin_code:400011;city:mumbai;currency:INR,city_mumbai,2,1,2,2,jsonld_or_dom_img,keyword_heuristics,metadata_or_headings,True,
https://nsjewellers.com,https://nsjewellers.com,200,False,0,,False,0,,,0,0,0,0,,,,True,
https://madhubanipaints.com,https://www.madhubanipaints.com/,200,True,28,window.Shopify;Shopify.shop;cdn.shopify.com;/cdn/shop/;shopify_core_js;shopify-section;header:shopify-complexity-score,True,13,phone:+91;state:Bihar;currency:INR,text_mention,2,2,0,2,jsonld_or_dom_img,keyword_heuristics,metadata_or_headings,True,
https://aashirs.com,https://aashirs.com,200,True,28,window.Shopify;Shopify.shop;cdn.shopify.com;/cdn/shop/;shopify_core_js;shopify-section;header:shopify-complexity-score,True,19,phone:+91;pin_code:560102;city:bangalore;indian_payment_gateway;currency:INR,city_bangalore,2,1,2,4,jsonld_or_dom_img,keyword_heuristics,metadata_or_headings,True,
https://tashithreads.com,https://tashithreads.com,0,False,0,,False,0,,,0,0,0,0,,,,True,NetworkError: ConnectError
https://rajaarts.com,https://rajaarts.com,0,False,0,,False,0,,,0,0,0,0,,,,True,NetworkError: ConnectError
https://bestsupplementsreviewed.com,https://www.bestsupplementsreviewed.com/,200,False,0,,False,0,,,0,0,0,0,,,,True,
https://mmjariwala.com,https://mmjariwala.com,404,False,0,,False,0,,,0,0,0,0,,,,True,HTTP 404
https://krushidukan.bharatagri.com,https://krushidukan.bharatagri.com,0,False,0,,False,0,,,0,0,0,0,,,,True,NetworkError: ConnectError
https://bhaikidukaan.com,https://www.bhaikidukaan.com/,200,False,0,,False,0,,,0,0,0,0,,,,True,
https://fibologic.com,https://fibologic.com,200,True,28,window.Shopify;Shopify.shop;cdn.shopify.com;/cdn/shop/;shopify_core_js;shopify-section;header:shopify-complexity-score,True,16,phone:+91;pin_code:411046;city:mumbai;currency:INR,city_mumbai,2,1,3,3,jsonld_or_dom_img,keyword_heuristics,metadata_or_headings,True,
https://dakshinamsarees.in,https://www.dakshinamsarees.in/,200,True,28,window.Shopify;Shopify.shop;cdn.shopify.com;/cdn/shop/;shopify_core_js;shopify-section;header:shopify-complexity-score,True,15,domain:.in;phone:+91;city:bangalore;indian_payment_gateway;currency:INR,city_bangalore,2,1,1,3,jsonld_or_dom_img,keyword_heuristics,metadata_or_headings,True,
https://comocollective.com,https://comocollective.com,200,False,0,,False,0,,,0,0,0,0,,,,True,
https://scrapshala.com,https://scrapshala.com,200,True,28,window.Shopify;Shopify.shop;cdn.shopify.com;/cdn/shop/;shopify_core_js;shopify-section;header:shopify-complexity-score,True,14,phone:+91;city:jaipur;indian_payment_gateway;currency:INR,city_jaipur,2,1,1,4,jsonld_or_dom_img,keyword_heuristics,metadata_or_headings,True,
https://britone.in,https://www.britone.in/,200,False,0,,False,0,,,0,0,0,0,,,,True,
https://casadecorshop.com,https://casadecorshop.com,200,True,28,window.Shopify;Shopify.shop;cdn.shopify.com;/cdn/shop/;shopify_core_js;shopify-section;header:shopify-complexity-score,True,11,phone:+91;city:udaipur;currency:INR,city_udaipur,2,1,1,6,jsonld_or_dom_img,keyword_heuristics,metadata_or_headings,True,
https://mumtazsons.com,,0,False,0,,False,0,,,0,0,0,0,,,,False,Robots.txt blocks homepage
https://podolite.com,https://podolite.com/password,200,True,28,window.Shopify;Shopify.shop;cdn.shopify.com;/cdn/shop/;shopify_core_js;shopify-section;header:shopify-complexity-score,True,10,phone:+91;indian_payment_gateway;currency:INR,,0,0,0,0,jsonld_or_dom_img,keyword_heuristics,metadata_or_headings,True,
https://elorafashion.com,https://www.elorafashion.com/,200,True,28,window.Shopify;Shopify.shop;cdn.shopify.com;/cdn/shop/;shopify_core_js;shopify-section;header:shopify-complexity-score,True,14,phone:+91;city:surat;indian_payment_gateway;currency:INR,city_surat,2,1,1,5,jsonld_or_dom_img,keyword_heuristics,metadata_or_headings,True,
https://harperwoods.com,,0,False,0,,False,0,,,0,0,0,0,,,,False,Robots.txt blocks homepage
https://jaipurprint.com,https://jaipurprint.com/password,200,True,7,cdn.shopify.com;header:shopify-complexity-score,False,4,city:jaipur,city_jaipur,0,0,0,0,,,,True,
https://glassesindia.com,https://www.glassesindia.com/,200,True,28,window.Shopify;Shopify.shop;cdn.shopify.com;/cdn/shop/;shopify_core_js;shopify-section;header:shopify-complexity-score,True,14,phone:+91;city:kolkata;indian_payment_gateway;currency:INR,city_kolkata,2,1,1,5,jsonld_or_dom_img,keyword_heuristics,metadata_or_headings,True,
https://thesharpranch.com,https://thesharpranch.com,0,False,0,,False,0,,,0,0,0,0,,,,True,NetworkError: ConnectError
https://expresscart.co.in,https://expresscart.co.in,0,False,0,,False,0,,,0,0,0,0,,,,True,NetworkError: ConnectError
https://potlis.com,https://potlis.com,200,False,0,,False,0,,,0,0,0,0,,,,True,
https://blissclub.com,https://blissclub.com,200,True,30,window.Shopify;Shopify.shop;cdn.shopify.com;/cdn/shop/;shopify_core_js;shopify-section;shopify-payment-button;header:shopify-complexity-score,True,19,phone:+91;pin_code:400066;city:bengaluru;indian_payment_gateway;currency:INR,city_bengaluru,2,2,12,4,jsonld_or_dom_img,keyword_heuristics,metadata_or_headings,True,
https://salebuzz.in,https://salebuzz.in,200,True,28,window.Shopify;Shopify.shop;cdn.shopify.com;/cdn/shop/;shopify_core_js;shopify-section;header:shopify-complexity-score,False,3,domain:.in;currency:INR,,1,0,0,0,,,,True,
https://buykaro.com,https://cashkaro.com,200,False,0,,False,0,,,0,0,0,0,,,,True,
https://studioshringaar.com,https://studioshringaar.com,200,True,28,window.Shopify;Shopify.shop;cdn.shopify.com;/cdn/shop/;shopify_core_js;shopify-section;header:shopify-complexity-score,True,16,phone:+91;pin_code:400013;city:mumbai;currency:INR,city_mumbai,2,2,1,0,jsonld_or_dom_img,keyword_heuristics,metadata_or_headings,True,
https://rasagola.com,https://rasagola.com,200,True,28,window.Shopify;Shopify.shop;cdn.shopify.com;/cdn/shop/;shopify_core_js;shopify-section;header:shopify-complexity-score,True,16,phone:+91;pin_code:560076;city:bangalore;currency:INR,city_bangalore,2,1,3,2,jsonld_or_dom_img,keyword_heuristics,metadata_or_headings,True,
https://bibakart.com,,0,False,0,,False,0,,,0,0,0,0,,,,False,Robots.txt blocks homepage
https://vmuthuswamysilks.com,https://vmuthuswamysilks.com,200,True,28,window.Shopify;Shopify.shop;cdn.shopify.com;/cdn/shop/;shopify_core_js;shopify-section;header:shopify-complexity-score,True,11,pin_code:641302;city:coimbatore;currency:INR,city_coimbatore,2,2,1,2,jsonld_or_dom_img,keyword_heuristics,metadata_or_headings,True,
https://yellowoverseas.com,https://yellowoverseas.com,0,False,0,,False,0,,,0,0,0,0,,,,True,NetworkError: ConnectError
https://scribblemate.com,,0,False,0,,False,0,,,0,0,0,0,,,,False,Robots.txt blocks homepage
https://pinkberryfashion.com,https://pinkberryfashion.com,0,False,0,,False,0,,,0,0,0,0,,,,True,NetworkError: ConnectError
https://wholesale20.com,https://wholesale20.com,0,False,0,,False,0,,,0,0,0,0,,,,True,NetworkError: ConnectError
https://theveganco.com,https://theveganco.com,200,False,0,,False,0,,,0,0,0,0,,,,True,
https://allthingsfun.in,https://allthingsfun.in,200,False,0,,False,0,,,0,0,0,0,,,,True,
https://purenatureessentials.com,https://purenatureessentials.com,200,True,28,window.Shopify;Shopify.shop;cdn.shopify.com;/cdn/shop/;shopify_core_js;shopify-section;header:shopify-complexity-score,True,10,phone:+91;indian_payment_gateway;currency:INR,,2,1,1,2,jsonld_or_dom_img,keyword_heuristics,metadata_or_headings,True,
https://jeanjolie.com,https://expireddomains.com/domain/jeanjolie.com?utm_source=redi,200,False,0,,False,0,,,0,0,0,0,,,,True,
https://kiaraonline.com,https://kiaraonline.com,0,False,0,,False,0,,,0,0,0,0,,,,True,NetworkError: ConnectError
https://ethnicreation.com,https://ethnicreation.com,0,False,0,,False,0,,,0,0,0,0,,,,True,NetworkError: ConnectError
https://shyamcollections.com,https://shyamcollections.com,0,False,0,,False,0,,,0,0,0,0,,,,True,NetworkError: ConnectError
https://purelyyours.com,https://purelyyours.com,200,True,28,window.Shopify;Shopify.shop;cdn.shopify.com;/cdn/shop/;shopify_core_js;shopify-section;header:shopify-complexity-score,True,14,phone:+91;city:noida;indian_payment_gateway;currency:INR,city_noida,2,1,1,3,jsonld_or_dom_img,keyword_heuristics,metadata_or_headings,True,
https://d125.co,https://www.d125.co/,200,True,28,window.Shopify;Shopify.shop;cdn.shopify.com;/cdn/shop/;shopify_core_js;shopify-section;header:shopify-complexity-score,True,16,phone:+91;pin_code:400059;city:mumbai;currency:INR,city_mumbai,2,1,2,0,jsonld_or_dom_img,keyword_heuristics,metadata_or_headings,True,
https://mustkart.com,https://mustkart.com,0,False,0,,False,0,,,0,0,0,0,,,,True,Timeout: ConnectTimeout
https://a47.in,https://a47.in,200,True,28,window.Shopify;Shopify.shop;cdn.shopify.com;/cdn/shop/;shopify_core_js;shopify-section;header:shopify-complexity-score,True,20,domain:.in;phone:+91;pin_code:400057;city:mumbai;indian_payment_gateway;currency:INR,city_mumbai,2,1,3,3,jsonld_or_dom_img,keyword_heuristics,metadata_or_headings,True,
https://mymy.co.in,https://mymy.co.in,200,True,28,window.Shopify;Shopify.shop;cdn.shopify.com;/cdn/shop/;shopify_core_js;shopify-section;header:shopify-complexity-score,True,16,domain:.co.in;phone:+91;city:kanpur;indian_payment_gateway;currency:INR,city_kanpur,2,1,1,2,jsonld_or_dom_img,keyword_heuristics,metadata_or_headings,True,
https://flamem.com,https://flamem.com,0,False,0,,False,0,,,0,0,0,0,,,,True,NetworkError: ConnectError
https://beigeindia.com,https://beigeindia.com,200,True,28,window.Shopify;Shopify.shop;cdn.shopify.com;/cdn/shop/;shopify_core_js;shopify-section;header:shopify-complexity-score,True,7,phone:+91;currency:INR,,2,2,1,3,jsonld_or_dom_img,keyword_heuristics,metadata_or_headings,True,
https://theikatstory.com,https://www.theikatstory.com/,200,True,28,window.Shopify;Shopify.shop;cdn.shopify.com;/cdn/shop/;shopify_core_js;shopify-section;header:shopify-complexity-score,True,8,state:Telangana;currency:INR,text_mention,2,1,0,7,jsonld_or_dom_img,keyword_heuristics,metadata_or_headings,True,
https://devcrafts.in,https://devcrafts.in,0,False,0,,False,0,,,0,0,0,0,,,,True,NetworkError: ConnectError
https://nithyaamirtham.com,https://nithyaamirtham.com,200,True,28,window.Shopify;Shopify.shop;cdn.shopify.com;/cdn/shop/;shopify_core_js;shopify-section;header:shopify-complexity-score,True,19,phone:+91;pin_code:600107;city:chennai;indian_payment_gateway;currency:INR,city_chennai,2,1,41,3,jsonld_or_dom_img,keyword_heuristics,metadata_or_headings,True,
https://artofcool.net,,0,False,0,,False,0,,,0,0,0,0,,,,False,Robots.txt blocks homepage
https://fusionfurnishing.com,https://fusionfurnishing.com,200,True,28,window.Shopify;Shopify.shop;cdn.shopify.com;/cdn/shop/;shopify_core_js;shopify-section;header:shopify-complexity-score,True,14,phone:+91;city:bengaluru;indian_payment_gateway;currency:INR,city_bengaluru,2,2,2,4,jsonld_or_dom_img,keyword_heuristics,metadata_or_headings,True,
https://baghindia.com,https://baghindia.com,200,True,28,window.Shopify;Shopify.shop;cdn.shopify.com;/cdn/shop/;shopify_core_js;shopify-section;header:shopify-complexity-score,True,14,phone:+91;city:delhi;indian_payment_gateway;currency:INR,city_delhi,2,3,1,2,jsonld_or_dom_img,keyword_heuristics,metadata_or_headings,True,
https://thesourceindia.net,https://thesourceindia.net,200,True,28,window.Shopify;Shopify.shop;cdn.shopify.com;/cdn/shop/;shopify_core_js;shopify-section;header:shopify-complexity-score,True,11,pin_code:110016;city:delhi;currency:INR,city_delhi,2,1,1,4,jsonld_or_dom_img,keyword_heuristics,metadata_or_headings,True,
https://hyadez.com,https://hyadez.com,200,False,0,,False,0,,,0,0,0,0,,,,True,
https://groceryfarm.com,https://groceryfarm.com,200,True,28,window.Shopify;Shopify.shop;cdn.shopify.com;/cdn/shop/;shopify_core_js;shopify-section;header:shopify-complexity-score,True,7,phone:+91;currency:INR,,2,0,0,0,jsonld_or_dom_img,keyword_heuristics,metadata_or_headings,True,
https://jaipurfab.com,https://jaipurfab.com,0,False,0,,False,0,,,0,0,0,0,,,,True,Timeout: ConnectTimeout
https://soundify.in,https://soundify.in,200,True,28,window.Shopify;Shopify.shop;cdn.shopify.com;/cdn/shop/;shopify_core_js;shopify-section;header:shopify-complexity-score,True,15,domain:.in;phone:+91;city:delhi;indian_payment_gateway;currency:INR,city_delhi,2,1,1,0,jsonld_or_dom_img,keyword_heuristics,metadata_or_headings,True,
https://awadhbazar.com,,0,False,0,,False,0,,,0,0,0,0,,,,False,Robots.txt blocks homepage
https://trendinneed.com,https://www.trendinneed.com/,200,True,28,window.Shopify;Shopify.shop;cdn.shopify.com;/cdn/shop/;shopify_core_js;shopify-section;header:shopify-complexity-score,True,14,phone:+91;city:bangalore;indian_payment_gateway;currency:INR,city_bangalore,2,1,3,5,jsonld_or_dom_img,keyword_heuristics,metadata_or_headings,True,
https://theshoppersbay.com,https://theshoppersbay.com,0,False,0,,False,0,,,0,0,0,0,,,,True,NetworkError: ConnectError
https://menscomfortshoes.com,https://menscomfortshoes.com,200,False,0,,False,0,,,0,0,0,0,,,,True,
https://archerslounge.com,https://archerslounge.com,200,True,28,window.Shopify;Shopify.shop;cdn.shopify.com;/cdn/shop/;shopify_core_js;shopify-section;header:shopify-complexity-score,True,13,phone:+91;state:Kerala;currency:INR,text_mention,2,2,1,1,jsonld_or_dom_img,keyword_heuristics,metadata_or_headings,True,
https://himaira.com,https://www.himaira.com/,200,True,28,window.Shopify;Shopify.shop;cdn.shopify.com;/cdn/shop/;shopify_core_js;shopify-section;header:shopify-complexity-score,True,10,phone:+91;indian_payment_gateway;currency:INR,,2,1,0,5,jsonld_or_dom_img,keyword_heuristics,metadata_or_headings,True,
https://purplepitara.com,https://purplepitara.com,200,True,30,window.Shopify;Shopify.shop;cdn.shopify.com;/cdn/shop/;shopify_core_js;shopify-section;shopify-payment-button;header:shopify-complexity-score,True,16,phone:+91;pin_code:411014;city:pune;currency:INR,city_pune,2,1,1,2,jsonld_or_dom_img,keyword_heuristics,metadata_or_headings,True,
https://naturalornothing.com,,0,False,0,,False,0,,,0,0,0,0,,,,False,Robots.txt blocks homepage
https://rodamo.com,https://www.rodamo.com/,200,True,28,window.Shopify;Shopify.shop;cdn.shopify.com;/cdn/shop/;shopify_core_js;shopify-section;header:shopify-complexity-score,True,16,phone:+91;pin_code:110005;city:delhi;currency:INR,city_delhi,2,1,1,3,jsonld_or_dom_img,keyword_heuristics,metadata_or_headings,True,
https://hollarsminiacres.com,https://hollarsminiacres.com,0,False,0,,False,0,,,0,0,0,0,,,,True,NetworkError: ConnectError
https://agrobazzar.com,https://agrobazzar.com,200,False,0,,False,0,,,0,0,0,0,,,,True,
https://gehen.in,https://gehen.in,200,True,30,window.Shopify;Shopify.shop;cdn.shopify.com;/cdn/shop/;shopify_core_js;shopify-section;shopify-payment-button;header:shopify-complexity-score,True,10,domain:.in;city:kolkata;indian_payment_gateway;currency:INR,city_kolkata,2,0,0,1,jsonld_or_dom_img,keyword_heuristics,metadata_or_headings,True,
https://sakhiworld.com,https://sakhiworld.com,200,False,0,,False,0,,,0,0,0,0,,,,True,
https://darkshop.in,https://darkshop.in,0,False,0,,False,0,,,0,0,0,0,,,,True,NetworkError: ConnectError
https://riyaash.com,https://riyaash.com,200,True,28,window.Shopify;Shopify.shop;cdn.shopify.com;/cdn/shop/;shopify_core_js;shopify-section;header:shopify-complexity-score,True,7,phone:+91;currency:INR,,2,1,1,4,jsonld_or_dom_img,keyword_heuristics,metadata_or_headings,True,
https://kalangan.co.in,https://www.kalangan.co.in/,200,True,28,window.Shopify;Shopify.shop;cdn.shopify.com;/cdn/shop/;shopify_core_js;shopify-section;header:shopify-complexity-score,True,13,domain:.co.in;phone:+91;city:dehradun;currency:INR,city_dehradun,2,0,0,3,jsonld_or_dom_img,keyword_heuristics,metadata_or_headings,True,
https://craftshouseindia.com,https://craftshouseindia.com,0,False,0,,False,0,,,0,0,0,0,,,,True,Timeout: ConnectTimeout
https://avroha.com,https://www.avroha.com/,200,True,28,window.Shopify;Shopify.shop;cdn.shopify.com;/cdn/shop/;shopify_core_js;shopify-section;header:shopify-complexity-score,True,8,state:Kerala;currency:INR,text_mention,2,1,1,4,jsonld_or_dom_img,keyword_heuristics,metadata_or_headings,True,
https://soleandbody.com,https://expireddomains.com/domain/soleandbody.com?utm_source=redi,200,False,0,,False,0,,,0,0,0,0,,,,True,
https://goldencruiser.in,https://www.goldencruiser.in/,200,False,0,,False,0,,,0,0,0,0,,,,True,
https://intriz.com,,0,False,0,,False,0,,,0,0,0,0,,,,False,Robots.txt blocks homepage
https://aquamarineinternational.com,https://aquamarineinternational.com,0,False,0,,False,0,,,0,0,0,0,,,,True,NetworkError: ConnectError
https://gmobilestore.com,https://gmobilestore.com,200,False,0,,False,0,,,0,0,0,0,,,,True,
https://brandnation.in,https://brandnation.in,200,False,0,,False,0,,,0,0,0,0,,,,True,
https://riantas.com,https://riantas.com,200,True,28,window.Shopify;Shopify.shop;cdn.shopify.com;/cdn/shop/;shopify_core_js;shopify-section;header:shopify-complexity-score,True,11,phone:+91;city:gurgaon;currency:INR,city_gurgaon,2,1,1,2,jsonld_or_dom_img,keyword_heuristics,metadata_or_headings,True,
https://ayoniza.com,https://ayoniza.com,200,True,28,window.Shopify;Shopify.shop;cdn.shopify.com;/cdn/shop/;shopify_core_js;shopify-section;header:shopify-complexity-score,True,11,phone:+91;city:kolkata;currency:INR,city_kolkata,2,0,1,2,jsonld_or_dom_img,keyword_heuristics,metadata_or_headings,True,
https://hangout-hub.com,,0,False,0,,False,0,,,0,0,0,0,,,,False,Robots.txt blocks homepage
https://beauandbeau.com,https://beauandbeau.com,0,False,0,,False,0,,,0,0,0,0,,,,True,NetworkError: ConnectError
https://thomsen-india.com,https://thomsen-india.com,200,True,28,window.Shopify;Shopify.shop;cdn.shopify.com;/cdn/shop/;shopify_core_js;shopify-section;header:shopify-complexity-score,True,11,phone:+91;city:noida;currency:INR,city_noida,2,2,1,2,jsonld_or_dom_img,keyword_heuristics,metadata_or_headings,True,
https://brmchemicals.com,https://brmchemicals.com,200,True,28,window.Shopify;Shopify.shop;cdn.shopify.com;/cdn/shop/;shopify_core_js;shopify-section;header:shopify-complexity-score,True,16,phone:+91;pin_code:110007;city:delhi;currency:INR,city_delhi,2,1,1,2,jsonld_or_dom_img,keyword_heuristics,metadata_or_headings,True,
https://rawsauce.co,,0,False,0,,False,0,,,0,0,0,0,,,,False,Robots.txt blocks homepage
https://gemstreets.com,,0,False,0,,False,0,,,0,0,0,0,,,,False,Robots.txt blocks homepage
https://chotagenie.com,https://chotagenie.com,0,False,0,,False,0,,,0,0,0,0,,,,True,NetworkError: ConnectError
https://sastewala.com,https://sastewala.com,0,False,0,,False,0,,,0,0,0,0,,,,True,NetworkError: ConnectError
https://qbmen.com,https://www.qbmen.com/,200,True,32,window.Shopify;Shopify.shop;cdn.shopify.com;/cdn/shop/;shopify_core_js;shopify-section;shopify-payment-button;shopify_meta_attribute;header:shopify-complexity-score,True,14,phone:+91;city:kolkata;indian_payment_gateway;currency:INR,city_kolkata,2,1,3,3,jsonld_or_dom_img,keyword_heuristics,metadata_or_headings,True,
https://rarephoenix.com,,0,False,0,,False,0,,,0,0,0,0,,,,False,Robots.txt blocks homepage
https://yourmall.in,https://yourmall.in,0,False,0,,False,0,,,0,0,0,0,,,,True,NetworkError: ConnectError
https://earthan.in,https://earthan.in,200,True,28,window.Shopify;Shopify.shop;cdn.shopify.com;/cdn/shop/;shopify_core_js;shopify-section;header:shopify-complexity-score,True,24,domain:.in;jsonld_india_address;state:Rajasthan;city:kolkata;indian_payment_gateway;currency:INR,json_ld_address,2,1,1,2,jsonld_or_dom_img,keyword_heuristics,metadata_or_headings,True,
https://nirasceramics.com,https://nirasceramics.com,200,True,28,window.Shopify;Shopify.shop;cdn.shopify.com;/cdn/shop/;shopify_core_js;shopify-section;header:shopify-complexity-score,True,16,phone:+91;pin_code:380054;city:ahmedabad;currency:INR,city_ahmedabad,2,2,1,2,jsonld_or_dom_img,keyword_heuristics,metadata_or_headings,True,
https://rooprekha.com,https://rooprekha.com,0,False,0,,False,0,,,0,0,0,0,,,,True,NetworkError: ConnectError
https://everesthomoeo.com,https://everesthomoeo.com,0,False,0,,False,0,,,0,0,0,0,,,,True,NetworkError: ConnectError
https://peppermint.in,https://peppermint.in,200,True,28,window.Shopify;Shopify.shop;cdn.shopify.com;/cdn/shop/;shopify_core_js;shopify-section;header:shopify-complexity-score,True,17,domain:.in;phone:+91;pin_code:411060;city:pune;currency:INR,city_pune,2,1,3,4,jsonld_or_dom_img,keyword_heuristics,metadata_or_headings,True,
https://upliftedsoul.com,https://upliftedsoul.com,0,False,0,,False,0,,,0,0,0,0,,,,True,NetworkError: ConnectError
https://techdesigns.in,https://techdesigns.in,403,False,0,,False,0,,,0,0,0,0,,,,True,HTTP 403
https://sugercandy.com,https://sugercandy.com,200,True,28,window.Shopify;Shopify.shop;cdn.shopify.com;/cdn/shop/;shopify_core_js;shopify-section;header:shopify-complexity-score,True,10,phone:+91;indian_payment_gateway;currency:INR,,2,0,1,1,jsonld_or_dom_img,keyword_heuristics,metadata_or_headings,True,
https://meenakari.net,https://meenakari.net,0,False,0,,False,0,,,0,0,0,0,,,,True,NetworkError: ConnectError
https://tufkote.com,https://tufkote.in/,200,True,28,window.Shopify;Shopify.shop;cdn.shopify.com;/cdn/shop/;shopify_core_js;shopify-section;header:shopify-complexity-score,True,10,phone:+91;indian_payment_gateway;currency:INR,,2,1,3,4,jsonld_or_dom_img,keyword_heuristics,metadata_or_headings,True,
https://finess.in,https://finess.in,0,False,0,,False,0,,,0,0,0,0,,,,True,NetworkError: ConnectError
https://nuevane.com,https://nuevane.com,0,False,0,,False,0,,,0,0,0,0,,,,True,NetworkError: ConnectError
https://kiddy.co.in,https://kiddy.co.in,200,False,0,,False,0,,,0,0,0,0,,,,True,
https://refills.co.in,https://refills.co.in,0,False,0,,False,0,,,0,0,0,0,,,,True,NetworkError: ConnectError
https://memorybox.in,https://memorybox.in,200,False,0,,False,0,,,0,0,0,0,,,,True,
https://magnetismfashion.com,https://www.magnetismfashion.com/,200,True,28,window.Shopify;Shopify.shop;cdn.shopify.com;/cdn/shop/;shopify_core_js;shopify-section;header:shopify-complexity-score,True,11,phone:+91;city:delhi;currency:INR,city_delhi,2,2,1,4,jsonld_or_dom_img,keyword_heuristics,metadata_or_headings,True,
https://ashabooks.com,https://www.ashabooks.com/,200,True,28,window.Shopify;Shopify.shop;cdn.shopify.com;/cdn/shop/;shopify_core_js;shopify-section;header:shopify-complexity-score,False,2,currency:INR,,2,0,0,0,,,,True,
https://freestyles.in,https://freestyles.in,0,False,0,,False,0,,,0,0,0,0,,,,True,NetworkError: ConnectError
https://robojunkies.com,https://www.robojunkies.com/,200,True,32,window.Shopify;Shopify.shop;cdn.shopify.com;/cdn/shop/;shopify_core_js;shopify-section;shopify-payment-button;shopify_meta_attribute;header:shopify-complexity-score,True,11,phone:+91;city:bengaluru;currency:INR,city_bengaluru,2,1,1,3,jsonld_or_dom_img,keyword_heuristics,metadata_or_headings,True,
https://orangemoon.in,https://orangemoon.in,0,False,0,,False,0,,,0,0,0,0,,,,True,NetworkError: ConnectError
https://mapland.in,https://mapland.in,200,True,28,window.Shopify;Shopify.shop;cdn.shopify.com;/cdn/shop/;shopify_core_js;shopify-section;header:shopify-complexity-score,True,29,domain:.in;jsonld_india_address;state:Haryana;phone:+91;city:gurugram;indian_payment_gateway;currency:INR,json_ld_address,2,1,1,3,jsonld_or_dom_img,keyword_heuristics,metadata_or_headings,True,
https://julywear.com,https://julywear.com,200,True,28,window.Shopify;Shopify.shop;cdn.shopify.com;/cdn/shop/;shopify_core_js;shopify-section;header:shopify-complexity-score,True,16,phone:+91;pin_code:400001;city:mumbai;currency:INR,city_mumbai,2,1,2,3,jsonld_or_dom_img,keyword_heuristics,metadata_or_headings,True,
https://zipmobile.in,https://zipmobile.in,0,False,0,,False,0,,,0,0,0,0,,,,True,NetworkError: ConnectError
https://phalwala.com,https://www.phalwala.com/,200,True,28,window.Shopify;Shopify.shop;cdn.shopify.com;/cdn/shop/;shopify_core_js;shopify-section;header:shopify-complexity-score,True,11,pin_code:110033;city:delhi;currency:INR,city_delhi,2,1,0,0,jsonld_or_dom_img,keyword_heuristics,metadata_or_headings,True,
https://foreverjewelsindia.com,https://www.foreverjewelsindia.com/,200,True,28,window.Shopify;Shopify.shop;cdn.shopify.com;/cdn/shop/;shopify_core_js;shopify-section;header:shopify-complexity-score,True,19,phone:+91;pin_code:400054;city:mumbai;indian_payment_gateway;currency:INR,city_mumbai,2,0,1,4,jsonld_or_dom_img,keyword_heuristics,metadata_or_headings,True,
https://villain.in,https://www.villain.in/,200,True,28,window.Shopify;Shopify.shop;cdn.shopify.com;/cdn/shop/;shopify_core_js;shopify-section;header:shopify-complexity-score,True,20,domain:.in;phone:+91;pin_code:122001;city:bengaluru;indian_payment_gateway;currency:INR,city_bengaluru,2,2,1,3,jsonld_or_dom_img,keyword_heuristics,metadata_or_headings,True,
https://totallyhomecooked.com,https://totallyhomecooked.com,200,True,28,window.Shopify;Shopify.shop;cdn.shopify.com;/cdn/shop/;shopify_core_js;shopify-section;header:shopify-complexity-score,True,7,phone:+91;currency:INR,,2,0,0,4,jsonld_or_dom_img,keyword_heuristics,metadata_or_headings,True,
https://petvetcare.in,https://petvetcare.in,200,True,28,window.Shopify;Shopify.shop;cdn.shopify.com;/cdn/shop/;shopify_core_js;shopify-section;header:shopify-complexity-score,True,26,domain:.in;gstin:33AQMPP6165D1ZQ;phone:+91;pin_code:400063;city:bangalore;indian_payment_gateway;currency:INR,gstin_code_33,2,2,2,2,jsonld_or_dom_img,keyword_heuristics,metadata_or_headings,True,
https://monsterbazar.com,https://monsterbazar.com,0,False,0,,False,0,,,0,0,0,0,,,,True,NetworkError: ConnectError
https://nxtgeneration.in,https://nxtgeneration.in,0,False,0,,False,0,,,0,0,0,0,,,,True,NetworkError: ConnectError
https://ryanfilipski.com,https://ryanfilipski.com,0,False,0,,False,0,,,0,0,0,0,,,,True,NetworkError: ConnectError
https://easytobuy.in,,0,False,0,,False,0,,,0,0,0,0,,,,False,Robots.txt blocks homepage
https://untilunless.com,https://topmate.io/priyanka_bairathi,200,False,0,,False,0,,,0,0,0,0,,,,True,
https://paramountclothingco.com,https://paramountclothingco.com,200,True,28,window.Shopify;Shopify.shop;cdn.shopify.com;/cdn/shop/;shopify_core_js;shopify-section;header:shopify-complexity-score,True,16,phone:+91;pin_code:600050;city:chennai;currency:INR,city_chennai,2,1,4,0,jsonld_or_dom_img,keyword_heuristics,metadata_or_headings,True,
https://pentabee.com,https://pentabee.com,200,True,28,window.Shopify;Shopify.shop;cdn.shopify.com;/cdn/shop/;shopify_core_js;shopify-section;header:shopify-complexity-score,True,11,phone:+91;city:lucknow;currency:INR,city_lucknow,2,1,0,0,jsonld_or_dom_img,keyword_heuristics,metadata_or_headings,True,
https://thesugarandspice.com,https://www.thesugarandspice.com/,200,True,28,window.Shopify;Shopify.shop;cdn.shopify.com;/cdn/shop/;shopify_core_js;shopify-section;header:shopify-complexity-score,True,14,phone:+91;city:delhi;indian_payment_gateway;currency:INR,city_delhi,2,1,1,2,jsonld_or_dom_img,keyword_heuristics,metadata_or_headings,True,
https://shreenathfoods.com,https://shreenathfoods.com,200,True,28,window.Shopify;Shopify.shop;cdn.shopify.com;/cdn/shop/;shopify_core_js;shopify-section;header:shopify-complexity-score,True,11,phone:+91;city:hyderabad;currency:INR,city_hyderabad,2,1,1,2,jsonld_or_dom_img,keyword_heuristics,metadata_or_headings,True,
https://pismogizmos.com,https://pismogizmos.com,0,False,0,,False,0,,,0,0,0,0,,,,True,NetworkError: ConnectError
https://gharnish.com,https://www.gharnish.com/,200,True,28,window.Shopify;Shopify.shop;cdn.shopify.com;/cdn/shop/;shopify_core_js;shopify-section;header:shopify-complexity-score,True,22,jsonld_india_address;phone:+91;city:bengaluru;indian_payment_gateway;currency:INR,city_bengaluru,2,2,1,6,jsonld_or_dom_img,keyword_heuristics,metadata_or_headings,True,
https://ostilos.com,https://ostilos.com,200,True,28,window.Shopify;Shopify.shop;cdn.shopify.com;/cdn/shop/;shopify_core_js;shopify-section;header:shopify-complexity-score,True,22,jsonld_india_address;phone:+91;city:ahmedabad;indian_payment_gateway;currency:INR,city_ahmedabad,0,0,1,0,jsonld_or_dom_img,keyword_heuristics,metadata_or_headings,True,
https://roshandan.com,https://roshandan.com,0,False,0,,False,0,,,0,0,0,0,,,,True,NetworkError: ConnectError
https://bajaao.com,https://www.bajaao.com/,200,True,30,window.Shopify;Shopify.shop;cdn.shopify.com;/cdn/shop/;shopify_core_js;shopify-section;shopify-payment-button;header:shopify-complexity-score,True,28,jsonld_india_address;state:Maharashtra;phone:+91;city:bangalore;indian_payment_gateway;currency:INR,json_ld_address,2,0,1,10,jsonld_or_dom_img,keyword_heuristics,metadata_or_headings,True,
https://headphonezone.in,https://www.headphonezone.in/,200,True,30,window.Shopify;Shopify.shop;cdn.shopify.com;/cdn/shop/;shopify_core_js;shopify-section;shopify-payment-button;header:shopify-complexity-score,True,29,domain:.in;jsonld_india_address;state:Tamil Nadu;phone:+91;city:chennai;indian_payment_gateway;currency:INR,json_ld_address,2,0,0,4,jsonld_or_dom_img,keyword_heuristics,metadata_or_headings,True,
https://tanotis.com,https://www.tanotis.com/,200,True,28,window.Shopify;Shopify.shop;cdn.shopify.com;/cdn/shop/;shopify_core_js;shopify-section;header:shopify-complexity-score,True,19,phone:+91;pin_code:560096;city:bangalore;indian_payment_gateway;currency:INR,city_bangalore,2,2,2,4,jsonld_or_dom_img,keyword_heuristics,metadata_or_headings,True,
https://postergully.com,https://www.postergully.com/,200,True,28,window.Shopify;Shopify.shop;cdn.shopify.com;/cdn/shop/;shopify_core_js;shopify-section;header:shopify-complexity-score,True,16,phone:+91;pin_code:560048;city:bangalore;currency:INR,city_bangalore,2,2,1,0,jsonld_or_dom_img,keyword_heuristics,metadata_or_headings,True,
https://rdklu.com,https://www.rdklu.com/,200,True,28,window.Shopify;Shopify.shop;cdn.shopify.com;/cdn/shop/;shopify_core_js;shopify-section;header:shopify-complexity-score,True,14,phone:+91;city:faridabad;indian_payment_gateway;currency:INR,city_faridabad,2,1,2,2,jsonld_or_dom_img,keyword_heuristics,metadata_or_headings,True,
https://sukkhi.com,https://sukkhi.com,200,True,30,window.Shopify;Shopify.shop;cdn.shopify.com;/cdn/shop/;shopify_core_js;shopify-section;shopify-payment-button;header:shopify-complexity-score,True,19,phone:+91;pin_code:400092;city:mumbai;indian_payment_gateway;currency:INR,city_mumbai,2,1,5,3,jsonld_or_dom_img,keyword_heuristics,metadata_or_headings,True,
https://onlineprasad.com,https://onlineprasad.com,200,True,26,window.Shopify;Shopify.shop;cdn.shopify.com;/cdn/shop/;shopify_core_js;header:shopify-complexity-score,False,2,currency:INR,,2,0,0,0,,,,True,
https://bonorganik.in,https://bonorganik.in,200,True,28,window.Shopify;Shopify.shop;cdn.shopify.com;/cdn/shop/;shopify_core_js;shopify-section;header:shopify-complexity-score,True,12,domain:.in;phone:+91;city:bengaluru;currency:INR,city_bengaluru,2,1,1,2,jsonld_or_dom_img,keyword_heuristics,metadata_or_headings,True,
https://imbesharam.com,https://in.imbesharam.com/,200,True,28,window.Shopify;Shopify.shop;cdn.shopify.com;/cdn/shop/;shopify_core_js;shopify-section;header:shopify-complexity-score,True,33,jsonld_india_address;state:Delhi;phone:+91;pin_code:110001;city:bengaluru;indian_payment_gateway;currency:INR,json_ld_address,2,2,2,22,jsonld_or_dom_img,keyword_heuristics,metadata_or_headings,True,
https://itokri.com,https://itokri.com,200,True,30,window.Shopify;Shopify.shop;cdn.shopify.com;/cdn/shop/;shopify_core_js;shopify-section;shopify-payment-button;header:shopify-complexity-score,True,28,jsonld_india_address;state:Madhya Pradesh;phone:+91;city:bangalore;indian_payment_gateway;currency:INR,json_ld_address,2,1,10,5,jsonld_or_dom_img,keyword_heuristics,metadata_or_headings,True,
https://srstore.in,https://srstore.in,200,True,28,window.Shopify;Shopify.shop;cdn.shopify.com;/cdn/shop/;shopify_core_js;shopify-section;header:shopify-complexity-score,True,34,domain:.in;jsonld_india_address;state:Maharashtra;phone:+91;pin_code:400052;city:mumbai;indian_payment_gateway;currency:INR,json_ld_address,2,1,1,2,jsonld_or_dom_img,keyword_heuristics,metadata_or_headings,True,
https://woodgeekstore.com,https://www.woodgeekstore.com/,200,True,30,window.Shopify;Shopify.shop;cdn.shopify.com;/cdn/shop/;shopify_core_js;shopify-section;shopify-payment-button;header:shopify-complexity-score,True,16,phone:+91;pin_code:700001;city:kolkata;currency:INR,city_kolkata,2,2,3,5,jsonld_or_dom_img,keyword_heuristics,metadata_or_headings,True,
https://fullyfilmy.in,https://fullyfilmy.in,200,True,28,window.Shopify;Shopify.shop;cdn.shopify.com;/cdn/shop/;shopify_core_js;shopify-section;header:shopify-complexity-score,True,12,domain:.in;phone:+91;city:kolkata;currency:INR,city_kolkata,2,0,0,4,jsonld_or_dom_img,keyword_heuristics,metadata_or_headings,True,
https://thestiffcollar.com,https://www.thestiffcollar.com/,200,True,30,window.Shopify;Shopify.shop;cdn.shopify.com;/cdn/shop/;shopify_core_js;shopify-section;shopify-payment-button;header:shopify-complexity-score,True,14,phone:+91;city:kolkata;indian_payment_gateway;currency:INR,city_kolkata,2,1,2,2,jsonld_or_dom_img,keyword_heuristics,metadata_or_headings,True,
https://trustbasket.com,https://www.trustbasket.com/,200,True,28,window.Shopify;Shopify.shop;cdn.shopify.com;/cdn/shop/;shopify_core_js;shopify-section;header:shopify-complexity-score,True,27,jsonld_india_address;phone:+91;pin_code:560070;city:bengaluru;indian_payment_gateway;currency:INR,city_bengaluru,2,1,2,3,jsonld_or_dom_img,keyword_heuristics,metadata_or_headings,True,
https://yellowfashion.in,,0,False,0,,False,0,,,0,0,0,0,,,,False,Robots.txt blocks homepage
https://insaraf.com,https://www.insaraf.com/,200,True,28,window.Shopify;Shopify.shop;cdn.shopify.com;/cdn/shop/;shopify_core_js;shopify-section;header:shopify-complexity-score,True,28,jsonld_india_address;state:Karnataka;phone:+91;city:bangalore;indian_payment_gateway;currency:INR,json_ld_address,2,1,1,5,jsonld_or_dom_img,keyword_heuristics,metadata_or_headings,True,
https://yesno.in,https://yesno.in,0,False,0,,False,0,,,0,0,0,0,,,,True,NetworkError: ConnectError
https://fabriclore.com,https://fabriclore.com,200,False,0,,False,0,,,0,0,0,0,,,,True,
https://maanja.com,https://www.soxco.com/,200,True,28,window.Shopify;Shopify.shop;cdn.shopify.com;/cdn/shop/;shopify_core_js;shopify-section;header:shopify-complexity-score,True,7,phone:+91;currency:INR,,1,1,2,2,jsonld_or_dom_img,keyword_heuristics,metadata_or_headings,True,
https://getgrowfit.com,https://getgrowfit.in/password,200,True,26,window.Shopify;Shopify.shop;cdn.shopify.com;/cdn/shop/;shopify_core_js;header:shopify-complexity-score,False,2,currency:INR,,0,0,0,0,,,,True,
https://highnoteperformance.com,https://www.highnoteperformance.com/,200,True,28,window.Shopify;Shopify.shop;cdn.shopify.com;/cdn/shop/;shopify_core_js;shopify-section;header:shopify-complexity-score,True,16,phone:+91;pin_code:110030;city:delhi;currency:INR,city_delhi,2,1,2,3,jsonld_or_dom_img,keyword_heuristics,metadata_or_headings,True,
https://maaticrafts.com,https://www.maaticrafts.com/,200,True,30,window.Shopify;Shopify.shop;cdn.shopify.com;/cdn/shop/;shopify_core_js;shopify-section;shopify-payment-button;header:shopify-complexity-score,True,19,phone:+91;pin_code:400076;city:mumbai;indian_payment_gateway;currency:INR,city_mumbai,2,2,2,4,jsonld_or_dom_img,keyword_heuristics,metadata_or_headings,True,
https://india1001.com,https://www.india1001.com/,200,True,28,window.Shopify;Shopify.shop;cdn.shopify.com;/cdn/shop/;shopify_core_js;shopify-section;header:shopify-complexity-score,True,16,phone:+91;pin_code:302012;city:bangalore;currency:INR,city_bangalore,2,1,1,0,jsonld_or_dom_img,keyword_heuristics,metadata_or_headings,True,
https://millioncases.in,https://millioncases.in,200,True,28,window.Shopify;Shopify.shop;cdn.shopify.com;/cdn/shop/;shopify_core_js;shopify-section;header:shopify-complexity-score,True,21,domain:.in;gstin:03AAMCM0310L1ZS;phone:+91;city:bangalore;indian_payment_gateway;currency:INR,gstin_code_03,2,1,2,3,jsonld_or_dom_img,keyword_heuristics,metadata_or_headings,True,
https://bigbrandbox.in,https://www.bigbrandbox.in/,200,True,28,window.Shopify;Shopify.shop;cdn.shopify.com;/cdn/shop/;shopify_core_js;shopify-section;header:shopify-complexity-score,True,10,domain:.in;city:delhi;indian_payment_gateway;currency:INR,city_delhi,2,1,1,5,jsonld_or_dom_img,keyword_heuristics,metadata_or_headings,True,
https://sundayrest.com,https://www.sundayrest.com/,200,True,28,window.Shopify;Shopify.shop;cdn.shopify.com;/cdn/shop/;shopify_core_js;shopify-section;header:shopify-complexity-score,True,33,jsonld_india_address;state:Karnataka;phone:+91;pin_code:560043;city:bengaluru;indian_payment_gateway;currency:INR,json_ld_address,2,1,1,5,jsonld_or_dom_img,keyword_heuristics,metadata_or_headings,True,
https://collartales.com,https://collartales.com,0,False,0,,False,0,,,0,0,0,0,,,,True,NetworkError: ConnectError
https://cottonworld.net,https://cottonworld.net,200,True,28,window.Shopify;Shopify.shop;cdn.shopify.com;/cdn/shop/;shopify_core_js;shopify-section;header:shopify-complexity-score,True,16,phone:+91;pin_code:400001;city:bengaluru;currency:INR,city_bengaluru,2,3,0,3,jsonld_or_dom_img,keyword_heuristics,metadata_or_headings,True,
https://thepostbox.in,https://www.thepostbox.in/,200,True,30,window.Shopify;Shopify.shop;cdn.shopify.com;/cdn/shop/;shopify_core_js;shopify-section;shopify-payment-button;header:shopify-complexity-score,True,20,domain:.in;phone:+91;pin_code:600017;city:chennai;indian_payment_gateway;currency:INR,city_chennai,2,3,2,3,jsonld_or_dom_img,keyword_heuristics,metadata_or_headings,True,
https://keyaseth.in,https://www.keyaseth.com/,200,True,28,window.Shopify;Shopify.shop;cdn.shopify.com;/cdn/shop/;shopify_core_js;shopify-section;header:shopify-complexity-score,True,20,domain:.in;phone:+91;pin_code:700002;city:kolkata;indian_payment_gateway;currency:INR,city_kolkata,2,1,1,5,jsonld_or_dom_img,keyword_heuristics,metadata_or_headings,True,
https://banarasee.in,https://www.banarasee.in/,200,True,28,window.Shopify;Shopify.shop;cdn.shopify.com;/cdn/shop/;shopify_core_js;shopify-section;header:shopify-complexity-score,True,15,domain:.in;phone:+91;city:varanasi;indian_payment_gateway;currency:INR,city_varanasi,2,1,1,3,jsonld_or_dom_img,keyword_heuristics,metadata_or_headings,True,
https://tripmachinecompany.com,https://tripmachinecompany.com,200,True,28,window.Shopify;Shopify.shop;cdn.shopify.com;/cdn/shop/;shopify_core_js;shopify-section;header:shopify-complexity-score,True,14,phone:+91;city:gurgaon;indian_payment_gateway;currency:INR,city_gurgaon,2,1,2,4,jsonld_or_dom_img,keyword_heuristics,metadata_or_headings,True,
https://dappershoes.in,https://dappershoes.in,200,True,28,window.Shopify;Shopify.shop;cdn.shopify.com;/cdn/shop/;shopify_core_js;shopify-section;header:shopify-complexity-score,True,34,domain:.in;jsonld_india_address;state:Delhi;phone:+91;pin_code:110020;city:delhi;indian_payment_gateway;currency:INR,json_ld_address,2,1,1,3,jsonld_or_dom_img,keyword_heuristics,metadata_or_headings,True,
https://ultykhopdi.com,https://ultykhopdi.com,0,False,0,,False,0,,,0,0,0,0,,,,True,NetworkError: ConnectError
https://bighaat.com,https://www.bighaat.com/,200,True,5,cdn.shopify.com,True,19,phone:+91;pin_code:560078;city:bengaluru;indian_payment_gateway;currency:INR,city_bengaluru,2,1,3,9,jsonld_or_dom_img,keyword_heuristics,metadata_or_headings,True,
https://albertotorresi.com,https://www.albertotorresi.com/,200,True,28,window.Shopify;Shopify.shop;cdn.shopify.com;/cdn/shop/;shopify_core_js;shopify-section;header:shopify-complexity-score,True,14,phone:+91;city:agra;indian_payment_gateway;currency:INR,city_agra,2,1,1,5,jsonld_or_dom_img,keyword_heuristics,metadata_or_headings,True,
https://hobbytoys.co,https://www.hobbytoys.co/,200,True,28,window.Shopify;Shopify.shop;cdn.shopify.com;/cdn/shop/;shopify_core_js;shopify-section;header:shopify-complexity-score,True,22,gstin:29AARPL6040L1Z4;phone:+91;pin_code:562166;city:bengaluru;currency:INR,gstin_code_29,2,2,1,3,jsonld_or_dom_img,keyword_heuristics,metadata_or_headings,True,
https://littlemuffet.com,https://littlemuffet.com,200,True,28,window.Shopify;Shopify.shop;cdn.shopify.com;/cdn/shop/;shopify_core_js;shopify-section;header:shopify-complexity-score,True,7,phone:+91;currency:INR,,2,1,1,3,jsonld_or_dom_img,keyword_heuristics,metadata_or_headings,True,
https://zeeayurveda.myshopify.com,https://www.maxayurveda.in/,200,True,38,myshopify_subdomain;window.Shopify;Shopify.shop;cdn.shopify.com;/cdn/shop/;shopify_core_js;shopify-section;header:shopify-complexity-score,True,11,phone:+91;city:chandigarh;currency:INR,city_chandigarh,2,1,2,5,jsonld_or_dom_img,keyword_heuristics,metadata_or_headings,True,
https://teez.in,https://www.teez.in/,200,True,5,cdn.shopify.com,True,15,domain:.in;phone:+91;city:chennai;indian_payment_gateway;currency:INR,city_chennai,2,0,0,0,jsonld_or_dom_img,keyword_heuristics,metadata_or_headings,True,
https://bgr-34.life,https://bgr-34.life,0,False,0,,False,0,,,0,0,0,0,,,,True,NetworkError: ConnectError
https://memeraki-com.myshopify.com,https://www.memeraki.com/,200,True,38,myshopify_subdomain;window.Shopify;Shopify.shop;cdn.shopify.com;/cdn/shop/;shopify_core_js;shopify-section;header:shopify-complexity-score,True,27,jsonld_india_address;phone:+91;pin_code:110070;city:mumbai;indian_payment_gateway;currency:INR,city_mumbai,2,1,2,6,jsonld_or_dom_img,keyword_heuristics,metadata_or_headings,True,
https://fabmart.com,https://www.fabmart.com/,200,True,26,window.Shopify;Shopify.shop;cdn.shopify.com;/cdn/shop/;shopify_core_js;header:shopify-complexity-score,False,6,city:mumbai;currency:INR,city_mumbai,2,0,0,0,,,,True,
https://yogabars.in,https://www.yogabars.in/,200,True,30,window.Shopify;Shopify.shop;cdn.shopify.com;/cdn/shop/;shopify_core_js;shopify-section;shopify-payment-button;header:shopify-complexity-score,True,17,domain:.in;phone:+91;pin_code:560060;city:bengaluru;currency:INR,city_bengaluru,2,2,1,3,jsonld_or_dom_img,keyword_heuristics,metadata_or_headings,True,
https://blinglane.com,https://blinglane.com,200,True,28,window.Shopify;Shopify.shop;cdn.shopify.com;/cdn/shop/;shopify_core_js;shopify-section;header:shopify-complexity-score,True,14,phone:+91;city:delhi;indian_payment_gateway;currency:INR,city_delhi,2,4,1,9,jsonld_or_dom_img,keyword_heuristics,metadata_or_headings,True,
https://indian-art-villa.myshopify.com,https://www.indianartvilla.in/,200,True,40,myshopify_subdomain;window.Shopify;Shopify.shop;cdn.shopify.com;/cdn/shop/;shopify_core_js;shopify-section;shopify-payment-button;header:shopify-complexity-score,True,33,jsonld_india_address;state:Rajasthan;phone:+91;pin_code:302016;city:jaipur;indian_payment_gateway;currency:INR,json_ld_address,2,1,2,5,jsonld_or_dom_img,keyword_heuristics,metadata_or_headings,True,
https://casedodo.in,https://casedodo.com/,200,True,28,window.Shopify;Shopify.shop;cdn.shopify.com;/cdn/shop/;shopify_core_js;shopify-section;header:shopify-complexity-score,True,12,domain:.in;phone:+91;city:jodhpur;currency:INR,city_jodhpur,1,2,0,3,jsonld_or_dom_img,keyword_heuristics,metadata_or_headings,True,
https://goldentipstea.in,https://www.goldentipstea.in/,200,True,30,window.Shopify;Shopify.shop;cdn.shopify.com;/cdn/shop/;shopify_core_js;shopify-section;shopify-payment-button;header:shopify-complexity-score,True,31,domain:.in;jsonld_india_address;state:Delhi;phone:+91;pin_code:700017;city:delhi;currency:INR,json_ld_address,2,1,6,6,jsonld_or_dom_img,keyword_heuristics,metadata_or_headings,True,
https://musicalbazaar.com,https://www.musicalbazaar.com/,200,True,26,window.Shopify;Shopify.shop;cdn.shopify.com;/cdn/shop/;shopify_core_js;header:shopify-complexity-score,True,7,phone:+91;currency:INR,,2,0,0,0,jsonld_or_dom_img,keyword_heuristics,metadata_or_headings,True,
https://lknstores.myshopify.com,,0,False,0,,False,0,,,0,0,0,0,,,,False,Robots.txt blocks homepage
https://superherotoystore.com,https://www.superherotoystore.com/,200,True,30,window.Shopify;Shopify.shop;cdn.shopify.com;/cdn/shop/;shopify_core_js;shopify-section;shopify-payment-button;header:shopify-complexity-score,True,33,jsonld_india_address;state:Maharashtra;phone:+91;pin_code:400059;city:mumbai;indian_payment_gateway;currency:INR,json_ld_address,2,2,1,4,jsonld_or_dom_img,keyword_heuristics,metadata_or_headings,True,
https://korra.in,https://bombayshirts-india-prod.myshopify.com/,200,True,28,window.Shopify;Shopify.shop;cdn.shopify.com;/cdn/shop/;shopify_core_js;shopify-section;header:shopify-complexity-score,True,20,domain:.in;phone:+91;pin_code:400013;city:bengaluru;indian_payment_gateway;currency:INR,city_bengaluru,2,2,6,3,jsonld_or_dom_img,keyword_heuristics,metadata_or_headings,True,
https://podsquad.myshopify.com,,0,False,0,,False,0,,,0,0,0,0,,,,False,Robots.txt blocks homepage
https://casedodo.myshopify.com,https://casedodo.com/,200,True,38,myshopify_subdomain;window.Shopify;Shopify.shop;cdn.shopify.com;/cdn/shop/;shopify_core_js;shopify-section;header:shopify-complexity-score,True,11,phone:+91;city:jodhpur;currency:INR,city_jodhpur,1,2,0,3,jsonld_or_dom_img,keyword_heuristics,metadata_or_headings,True,
https://zarood.com,https://zarood.com,0,False,0,,False,0,,,0,0,0,0,,,,True,NetworkError: ConnectError
https://artisera.com,https://www.artisera.com/,200,True,28,window.Shopify;Shopify.shop;cdn.shopify.com;/cdn/shop/;shopify_core_js;shopify-section;header:shopify-complexity-score,True,33,jsonld_india_address;state:Karnataka;phone:+91;pin_code:560038;city:bangalore;indian_payment_gateway;currency:INR,json_ld_address,2,3,1,2,jsonld_or_dom_img,keyword_heuristics,metadata_or_headings,True,
https://jewelove.in,https://www.jewelove.in/,200,True,32,window.Shopify;Shopify.shop;cdn.shopify.com;/cdn/shop/;shopify_core_js;shopify-section;shopify-payment-button;shopify_meta_attribute;header:shopify-complexity-score,True,26,domain:.in;jsonld_india_address;state:Rajasthan;phone:+91;city:chennai;currency:INR,json_ld_address,2,1,1,3,jsonld_or_dom_img,keyword_heuristics,metadata_or_headings,True,
https://thedapperman.in,https://thedapperman.in,200,True,28,window.Shopify;Shopify.shop;cdn.shopify.com;/cdn/shop/;shopify_core_js;shopify-section;header:shopify-complexity-score,True,26,domain:.in;jsonld_india_address;state:Haryana;phone:+91;city:gurgaon;currency:INR,json_ld_address,2,1,1,2,jsonld_or_dom_img,keyword_heuristics,metadata_or_headings,True,
https://mayori-jaipur.myshopify.com,https://www.mayori.in/,200,True,38,myshopify_subdomain;window.Shopify;Shopify.shop;cdn.shopify.com;/cdn/shop/;shopify_core_js;shopify-section;header:shopify-complexity-score,True,11,phone:+91;city:delhi;currency:INR,city_delhi,2,1,2,2,jsonld_or_dom_img,keyword_heuristics,metadata_or_headings,True,
https://thejodilife.com,https://thejodilife.com,200,True,28,window.Shopify;Shopify.shop;cdn.shopify.com;/cdn/shop/;shopify_core_js;shopify-section;header:shopify-complexity-score,True,16,phone:+91;pin_code:411013;city:mumbai;currency:INR,city_mumbai,2,1,3,3,jsonld_or_dom_img,keyword_heuristics,metadata_or_headings,True,
https://fizzygoblet.com,https://www.fizzygoblet.com/,200,True,28,window.Shopify;Shopify.shop;cdn.shopify.com;/cdn/shop/;shopify_core_js;shopify-section;header:shopify-complexity-score,True,16,phone:+91;pin_code:400052;city:bengaluru;currency:INR,city_bengaluru,2,4,15,3,jsonld_or_dom_img,keyword_heuristics,metadata_or_headings,True,
https://furnishmyhome.in,https://www.furnishmyhome.in/,200,False,0,,False,0,,,0,0,0,0,,,,True,
https://onprasad.myshopify.com,https://onlineprasad.com/,200,True,36,myshopify_subdomain;window.Shopify;Shopify.shop;cdn.shopify.com;/cdn/shop/;shopify_core_js;header:shopify-complexity-score,False,2,currency:INR,,2,0,0,0,,,,True,
https://tredyfoods.com,https://www.tredyfoods.com/,200,True,28,window.Shopify;Shopify.shop;cdn.shopify.com;/cdn/shop/;shopify_core_js;shopify-section;header:shopify-complexity-score,True,24,jsonld_india_address;state:Tamil Nadu;phone:+91;indian_payment_gateway;currency:INR,json_ld_address,2,1,1,5,jsonld_or_dom_img,keyword_heuristics,metadata_or_headings,True,
https://lovetreats.in,,0,False,0,,False,0,,,0,0,0,0,,,,False,Robots.txt blocks homepage
https://taraash.com,https://www.taraash.com/,200,True,28,window.Shopify;Shopify.shop;cdn.shopify.com;/cdn/shop/;shopify_core_js;shopify-section;header:shopify-complexity-score,True,19,phone:+91;pin_code:400083;city:mumbai;indian_payment_gateway;currency:INR,city_mumbai,2,2,4,3,jsonld_or_dom_img,keyword_heuristics,metadata_or_headings,True,
https://thealternate.in,https://www.thealternate.in/,200,True,28,window.Shopify;Shopify.shop;cdn.shopify.com;/cdn/shop/;shopify_core_js;shopify-section;header:shopify-complexity-score,True,15,domain:.in;pin_code:600010;city:chennai;indian_payment_gateway;currency:INR,city_chennai,2,2,1,3,jsonld_or_dom_img,keyword_heuristics,metadata_or_headings,True,
https://holyweaves.com,https://www.holyweaves.com/,200,True,28,window.Shopify;Shopify.shop;cdn.shopify.com;/cdn/shop/;shopify_core_js;shopify-section;header:shopify-complexity-score,True,11,phone:+91;city:varanasi;currency:INR,city_varanasi,2,1,1,4,jsonld_or_dom_img,keyword_heuristics,metadata_or_headings,True,
https://sunshineboulevard.in,https://www.sunshineboulevard.in/,200,True,28,window.Shopify;Shopify.shop;cdn.shopify.com;/cdn/shop/;shopify_core_js;shopify-section;header:shopify-complexity-score,True,17,domain:.in;phone:+91;pin_code:560047;city:bengaluru;currency:INR,city_bengaluru,2,2,1,2,jsonld_or_dom_img,keyword_heuristics,metadata_or_headings,True,
https://goldentipsindia.myshopify.com,https://www.goldentipstea.in/,200,True,40,myshopify_subdomain;window.Shopify;Shopify.shop;cdn.shopify.com;/cdn/shop/;shopify_core_js;shopify-section;shopify-payment-button;header:shopify-complexity-score,True,30,jsonld_india_address;state:Delhi;phone:+91;pin_code:700017;city:delhi;currency:INR,json_ld_address,2,1,6,6,jsonld_or_dom_img,keyword_heuristics,metadata_or_headings,True,
https://radiantbay.com,,0,False,0,,False,0,,,0,0,0,0,,,,False,Robots.txt blocks homepage
https://trustbeta.myshopify.com,https://www.trustbasket.com/,200,True,38,myshopify_subdomain;window.Shopify;Shopify.shop;cdn.shopify.com;/cdn/shop/;shopify_core_js;shopify-section;header:shopify-complexity-score,True,27,jsonld_india_address;phone:+91;pin_code:560070;city:bengaluru;indian_payment_gateway;currency:INR,city_bengaluru,2,1,2,3,jsonld_or_dom_img,keyword_heuristics,metadata_or_headings,True,
https://lknstores.com,,0,False,0,,False,0,,,0,0,0,0,,,,False,Robots.txt blocks homepage
https://thebleulabel.com,https://www.thebleulabel.com/,200,True,28,window.Shopify;Shopify.shop;cdn.shopify.com;/cdn/shop/;shopify_core_js;shopify-section;header:shopify-complexity-score,True,20,gstin:33AAFCF0756Q1ZB;phone:+91;city:chennai;indian_payment_gateway;currency:INR,gstin_code_33,2,1,1,3,jsonld_or_dom_img,keyword_heuristics,metadata_or_headings,True,
https://melmai.myshopify.com,https://www.decorze.com/,200,True,36,myshopify_subdomain;window.Shopify;Shopify.shop;cdn.shopify.com;/cdn/shop/;shopify_core_js;header:shopify-complexity-score,True,14,pin_code:560026;city:bangalore;indian_payment_gateway;currency:INR,city_bangalore,2,1,0,3,jsonld_or_dom_img,keyword_heuristics,metadata_or_headings,True,
https://kayfashions.in,https://kayfashions.in,200,True,28,window.Shopify;Shopify.shop;cdn.shopify.com;/cdn/shop/;shopify_core_js;shopify-section;header:shopify-complexity-score,True,12,domain:.in;phone:+91;city:chennai;currency:INR,city_chennai,2,1,2,2,jsonld_or_dom_img,keyword_heuristics,metadata_or_headings,True,
https://shoplyla.myshopify.com,,0,False,0,,False,0,,,0,0,0,0,,,,False,Robots.txt blocks homepage
https://swechha-store.myshopify.com,https://www.greenthemap.com/,200,True,38,myshopify_subdomain;window.Shopify;Shopify.shop;cdn.shopify.com;/cdn/shop/;shopify_core_js;shopify-section;header:shopify-complexity-score,True,11,pin_code:110017;city:delhi;currency:INR,city_delhi,2,1,1,3,jsonld_or_dom_img,keyword_heuristics,metadata_or_headings,True,
https://yoga-health-foods.myshopify.com,https://www.yogabars.in/,200,True,40,myshopify_subdomain;window.Shopify;Shopify.shop;cdn.shopify.com;/cdn/shop/;shopify_core_js;shopify-section;shopify-payment-button;header:shopify-complexity-score,True,16,phone:+91;pin_code:560060;city:bengaluru;currency:INR,city_bengaluru,2,2,1,3,jsonld_or_dom_img,keyword_heuristics,metadata_or_headings,True,
https://thenaturesco.com,https://www.thenaturesco.com/password,200,True,26,window.Shopify;Shopify.shop;cdn.shopify.com;/cdn/shop/;shopify_core_js;header:shopify-complexity-score,False,2,currency:INR,,0,0,0,0,,,,True,
https://kawachigroup.com,https://kawachigroup.com,200,False,0,,False,0,,,0,0,0,0,,,,True,
https://fashionous.in,https://fashionous.in,200,True,30,window.Shopify;Shopify.shop;cdn.shopify.com;/cdn/shop/;shopify_core_js;shopify-section;shopify_meta_attribute;header:shopify-complexity-score,True,7,domain:.in;city:chennai;currency:INR,city_chennai,2,0,0,4,jsonld_or_dom_img,keyword_heuristics,metadata_or_headings,True,
https://fabbox.in,https://www.fabbox.in/,200,True,30,window.Shopify;Shopify.shop;cdn.shopify.com;/cdn/shop/;shopify_core_js;shopify-section;shopify-payment-button;header:shopify-complexity-score,True,15,domain:.in;pin_code:400093;city:mumbai;indian_payment_gateway;currency:INR,city_mumbai,2,2,1,4,jsonld_or_dom_img,keyword_heuristics,metadata_or_headings,True,
https://blingvine.com,https://blingvine.com,200,True,30,window.Shopify;Shopify.shop;cdn.shopify.com;/cdn/shop/;shopify_core_js;shopify-section;shopify-payment-button;header:shopify-complexity-score,True,33,jsonld_india_address;state:Maharashtra;phone:+91;pin_code:411028;city:mumbai;indian_payment_gateway;currency:INR,json_ld_address,2,2,1,4,jsonld_or_dom_img,keyword_heuristics,metadata_or_headings,True,
https://therugrepublic.in,https://www.therugrepublic.in/,200,True,28,window.Shopify;Shopify.shop;cdn.shopify.com;/cdn/shop/;shopify_core_js;shopify-section;header:shopify-complexity-score,True,17,domain:.in;phone:+91;pin_code:110020;city:delhi;currency:INR,city_delhi,2,2,1,4,jsonld_or_dom_img,keyword_heuristics,metadata_or_headings,True,
https://thekojewelleryshop.com,https://thekojewelleryshop.myshopify.com/,200,True,30,window.Shopify;Shopify.shop;cdn.shopify.com;/cdn/shop/;shopify_core_js;shopify-section;shopify-payment-button;header:shopify-complexity-score,True,11,phone:+91;city:bangalore;currency:INR,city_bangalore,2,4,1,3,jsonld_or_dom_img,keyword_heuristics,metadata_or_headings,True,
https://getmycouch.myshopify.com,https://www.getmycouch.com/,200,True,38,myshopify_subdomain;window.Shopify;Shopify.shop;cdn.shopify.com;/cdn/shop/;shopify_core_js;shopify-section;header:shopify-complexity-score,True,11,phone:+91;city:delhi;currency:INR,city_delhi,2,2,2,6,jsonld_or_dom_img,keyword_heuristics,metadata_or_headings,True,
https://yogue-activewear.com,https://www.yogue-activewear.com/,200,True,26,window.Shopify;Shopify.shop;cdn.shopify.com;/cdn/shop/;shopify_core_js;header:shopify-complexity-score,True,14,phone:+91;city:delhi;indian_payment_gateway;currency:INR,city_delhi,2,1,1,3,jsonld_or_dom_img,keyword_heuristics,metadata_or_headings,True,
https://rifeindia.com,https://www.rifeindia.com/,200,True,30,window.Shopify;Shopify.shop;cdn.shopify.com;/cdn/shop/;shopify_core_js;shopify-section;shopify-payment-button;header:shopify-complexity-score,True,16,phone:+91;pin_code:110027;city:delhi;currency:INR,city_delhi,2,3,4,0,jsonld_or_dom_img,keyword_heuristics,metadata_or_headings,True,
https://order2india.com,https://order2india.com,200,True,28,window.Shopify;Shopify.shop;cdn.shopify.com;/cdn/shop/;shopify_core_js;shopify-section;header:shopify-complexity-score,True,19,phone:+91;pin_code:400004;city:mumbai;indian_payment_gateway;currency:INR,city_mumbai,2,1,2,0,jsonld_or_dom_img,keyword_heuristics,metadata_or_headings,True,
https://istills.in,,0,False,0,,False,0,,,0,0,0,0,,,,False,Robots.txt blocks homepage
https://tallengestore.myshopify.com,https://www.tallengestore.com/,200,True,36,myshopify_subdomain;window.Shopify;Shopify.shop;cdn.shopify.com;/cdn/shop/;shopify_core_js;header:shopify-complexity-score,True,19,phone:+91;pin_code:560095;city:bangalore;indian_payment_gateway;currency:INR,city_bangalore,2,1,1,4,jsonld_or_dom_img,keyword_heuristics,metadata_or_headings,True,
https://enthopia.com,https://www.enthopia.com/,200,True,28,window.Shopify;Shopify.shop;cdn.shopify.com;/cdn/shop/;shopify_core_js;shopify-section;header:shopify-complexity-score,True,16,phone:+91;pin_code:400029;city:mumbai;currency:INR,city_mumbai,2,1,2,3,jsonld_or_dom_img,keyword_heuristics,metadata_or_headings,True,
https://tilfi.com,https://tilfi.com,200,True,28,window.Shopify;Shopify.shop;cdn.shopify.com;/cdn/shop/;shopify_core_js;shopify-section;header:shopify-complexity-score,True,19,phone:+91;pin_code:400001;city:mumbai;indian_payment_gateway;currency:INR,city_mumbai,1,4,2,4,jsonld_or_dom_img,keyword_heuristics,metadata_or_headings,True,
https://olie.co.in,https://www.olie.co.in/,200,True,28,window.Shopify;Shopify.shop;cdn.shopify.com;/cdn/shop/;shopify_core_js;shopify-section;header:shopify-complexity-score,True,18,domain:.co.in;phone:+91;pin_code:560034;city:bengaluru;currency:INR,city_bengaluru,2,1,1,4,jsonld_or_dom_img,keyword_heuristics,metadata_or_headings,True,
https://chococraft.in,https://www.chococraft.in/,200,True,30,window.Shopify;Shopify.shop;cdn.shopify.com;/cdn/shop/;shopify_core_js;shopify-section;shopify_meta_attribute;header:shopify-complexity-score,True,15,domain:.in;phone:+91;city:delhi;indian_payment_gateway;currency:INR,city_delhi,2,1,2,4,jsonld_or_dom_img,keyword_heuristics,metadata_or_headings,True,
https://thebleulabel.myshopify.com,https://www.thebleulabel.com/,200,True,38,myshopify_subdomain;window.Shopify;Shopify.shop;cdn.shopify.com;/cdn/shop/;shopify_core_js;shopify-section;header:shopify-complexity-score,True,20,gstin:33AAFCF0756Q1ZB;phone:+91;city:chennai;indian_payment_gateway;currency:INR,gstin_code_33,2,1,1,3,jsonld_or_dom_img,keyword_heuristics,metadata_or_headings,True,
https://masilo.in,https://masilo.in,200,True,30,window.Shopify;Shopify.shop;cdn.shopify.com;/cdn/shop/;shopify_core_js;shopify-section;shopify-payment-button;header:shopify-complexity-score,True,17,domain:.in;phone:+91;pin_code:400013;city:mumbai;currency:INR,city_mumbai,2,1,2,5,jsonld_or_dom_img,keyword_heuristics,metadata_or_headings,True,
https://devshoppe.com,https://www.devshoppe.com/,200,True,28,window.Shopify;Shopify.shop;cdn.shopify.com;/cdn/shop/;shopify_core_js;shopify-section;header:shopify-complexity-score,True,11,phone:+91;city:bangalore;currency:INR,city_bangalore,2,1,0,4,jsonld_or_dom_img,keyword_heuristics,metadata_or_headings,True,
https://lovetheworldtoday.in,https://www.lovetheworldtoday.in/,200,True,30,window.Shopify;Shopify.shop;cdn.shopify.com;/cdn/shop/;shopify_core_js;shopify-section;shopify-payment-button;header:shopify-complexity-score,True,17,domain:.in;phone:+91;pin_code:401107;city:mumbai;currency:INR,city_mumbai,2,1,1,4,jsonld_or_dom_img,keyword_heuristics,metadata_or_headings,True,
https://giftsoflove.in,https://giftsoflove.in,200,True,30,window.Shopify;Shopify.shop;cdn.shopify.com;/cdn/shop/;shopify_core_js;shopify-section;shopify-payment-button;header:shopify-complexity-score,True,18,domain:.in;gstin:06AAGCG1432M1ZN;phone:+91;city:gurgaon;currency:INR,gstin_code_06,2,2,3,2,jsonld_or_dom_img,keyword_heuristics,metadata_or_headings,True,
https://baublelove.in,https://baublelove.in,200,True,28,window.Shopify;Shopify.shop;cdn.shopify.com;/cdn/shop/;shopify_core_js;shopify-section;header:shopify-complexity-score,True,15,domain:.in;phone:+91;city:bengaluru;indian_payment_gateway;currency:INR,city_bengaluru,2,0,1,3,jsonld_or_dom_img,keyword_heuristics,metadata_or_headings,True,
https://sushiya.myshopify.com,https://www.sushiya.in/,200,True,38,myshopify_subdomain;window.Shopify;Shopify.shop;cdn.shopify.com;/cdn/shop/;shopify_core_js;shopify-section;header:shopify-complexity-score,True,14,phone:+91;city:mumbai;indian_payment_gateway;currency:INR,city_mumbai,2,1,1,2,jsonld_or_dom_img,keyword_heuristics,metadata_or_headings,True,
https://21fools.com,https://21fools.com,200,True,32,window.Shopify;Shopify.shop;cdn.shopify.com;/cdn/shop/;shopify_core_js;shopify-section;shopify-payment-button;shopify_meta_attribute;header:shopify-complexity-score,True,16,phone:+91;state:Rajasthan;indian_payment_gateway;currency:INR,text_mention,1,0,2,0,jsonld_or_dom_img,keyword_heuristics,metadata_or_headings,True,
https://emojimasks.com,https://emojimasks.com,0,False,0,,False,0,,,0,0,0,0,,,,True,NetworkError: ConnectError
https://tressmart.com,,0,False,0,,False,0,,,0,0,0,0,,,,False,Robots.txt blocks homepage
https://craftsandlooms.com,https://darzaania.com/,200,True,28,window.Shopify;Shopify.shop;cdn.shopify.com;/cdn/shop/;shopify_core_js;shopify-section;header:shopify-complexity-score,True,19,phone:+91;pin_code:110074;city:delhi;indian_payment_gateway;currency:INR,city_delhi,2,1,1,2,jsonld_or_dom_img,keyword_heuristics,metadata_or_headings,True,
https://einaahluwalia.com,https://www.einaahluwalia.com/,200,True,32,window.Shopify;Shopify.shop;cdn.shopify.com;/cdn/shop/;shopify_core_js;shopify-section;shopify-payment-button;shopify_meta_attribute;header:shopify-complexity-score,True,10,phone:+91;indian_payment_gateway;currency:INR,,2,1,1,3,jsonld_or_dom_img,keyword_heuristics,metadata_or_headings,True,
https://vedgroup.net,https://www.vedgroup.net/,200,True,28,window.Shopify;Shopify.shop;cdn.shopify.com;/cdn/shop/;shopify_core_js;shopify-section;header:shopify-complexity-score,True,11,phone:+91;city:hyderabad;currency:INR,city_hyderabad,2,0,1,0,jsonld_or_dom_img,keyword_heuristics,metadata_or_headings,True,
https://ashimafashion.net,https://ashimafashion.com/,200,True,28,window.Shopify;Shopify.shop;cdn.shopify.com;/cdn/shop/;shopify_core_js;shopify-section;header:shopify-complexity-score,True,17,gstin:32AQXPS1476M1ZZ;phone:+91;city:cochin;currency:INR,gstin_code_32,2,2,3,0,jsonld_or_dom_img,keyword_heuristics,metadata_or_headings,True,
https://mybabybabbles.com,https://mybabybabbles.com,200,True,32,window.Shopify;Shopify.shop;cdn.shopify.com;/cdn/shop/;shopify_core_js;shopify-section;shopify-payment-button;shopify_meta_attribute;header:shopify-complexity-score,True,19,phone:+91;pin_code:400018;city:mumbai;indian_payment_gateway;currency:INR,city_mumbai,2,1,1,4,jsonld_or_dom_img,keyword_heuristics,metadata_or_headings,True,
https://uberurban.in,https://www.uberurban.in/,200,True,32,window.Shopify;Shopify.shop;cdn.shopify.com;/cdn/shop/;shopify_core_js;shopify-section;shopify-payment-button;shopify_meta_attribute;header:shopify-complexity-score,True,15,domain:.in;phone:+91;city:ahmedabad;indian_payment_gateway;currency:INR,city_ahmedabad,2,0,0,2,jsonld_or_dom_img,keyword_heuristics,metadata_or_headings,True,
https://honeyandspice.in,https://honeyandspice.in,200,True,30,window.Shopify;Shopify.shop;cdn.shopify.com;/cdn/shop/;shopify_core_js;shopify-section;shopify-payment-button;header:shopify-complexity-score,True,20,domain:.in;phone:+91;pin_code:560077;city:bengaluru;indian_payment_gateway;currency:INR,city_bengaluru,2,2,1,5,jsonld_or_dom_img,keyword_heuristics,metadata_or_headings,True,
https://urbanmonkey.com,https://www.urbanmonkey.com/,200,True,32,window.Shopify;Shopify.shop;cdn.shopify.com;/cdn/shop/;shopify_core_js;shopify-section;shopify-payment-button;shopify_meta_attribute;header:shopify-complexity-score,True,19,phone:+91;pin_code:421302;city:bengaluru;indian_payment_gateway;currency:INR,city_bengaluru,2,1,3,2,jsonld_or_dom_img,keyword_heuristics,metadata_or_headings,True,
https://timbercraft.in,https://timbercraft.in,200,True,28,window.Shopify;Shopify.shop;cdn.shopify.com;/cdn/shop/;shopify_core_js;shopify-section;header:shopify-complexity-score,True,26,domain:.in;jsonld_india_address;state:Telangana;phone:+91;city:hyderabad;currency:INR,json_ld_address,2,0,1,1,jsonld_or_dom_img,keyword_heuristics,metadata_or_headings,True,
https://shamunsflowers.com,https://shamunsflowers.com,200,True,28,window.Shopify;Shopify.shop;cdn.shopify.com;/cdn/shop/;shopify_core_js;shopify-section;header:shopify-complexity-score,True,16,phone:+91;pin_code:411001;city:bangalore;currency:INR,city_bangalore,2,1,2,3,jsonld_or_dom_img,keyword_heuristics,metadata_or_headings,True,
https://truefittandhill.in,https://www.truefittandhill.in/,200,True,30,window.Shopify;Shopify.shop;cdn.shopify.com;/cdn/shop/;shopify_core_js;shopify-section;shopify-payment-button;header:shopify-complexity-score,True,34,domain:.in;jsonld_india_address;state:Maharashtra;phone:+91;pin_code:400013;city:mumbai;indian_payment_gateway;currency:INR,json_ld_address,2,2,1,4,jsonld_or_dom_img,keyword_heuristics,metadata_or_headings,True,
https://lcdtvstandsindia.com,https://lcdtvstandsindia.com,0,False,0,,False,0,,,0,0,0,0,,,,True,NetworkError: ConnectError
https://pmlindia.com,https://www.pmlindia.com/,200,False,0,,False,0,,,0,0,0,0,,,,True,
https://hotmuggs.com,https://hotmuggs.com,200,True,28,window.Shopify;Shopify.shop;cdn.shopify.com;/cdn/shop/;shopify_core_js;shopify-section;header:shopify-complexity-score,True,19,phone:+91;pin_code:400072;city:mumbai;indian_payment_gateway;currency:INR,city_mumbai,2,1,1,5,jsonld_or_dom_img,keyword_heuristics,metadata_or_headings,True,
https://lightmenindia.myshopify.com,https://ledflashlights.in/,200,True,38,myshopify_subdomain;window.Shopify;Shopify.shop;cdn.shopify.com;/cdn/shop/;shopify_core_js;shopify-section;header:shopify-complexity-score,True,30,jsonld_india_address;state:Telangana;phone:+91;pin_code:500029;city:pune;currency:INR,json_ld_address,2,3,2,4,jsonld_or_dom_img,keyword_heuristics,metadata_or_headings,True,
https://silvertraq.com,https://www.silvertraq.com/,200,True,30,window.Shopify;Shopify.shop;cdn.shopify.com;/cdn/shop/;shopify_core_js;shopify-section;shopify-payment-button;header:shopify-complexity-score,True,16,phone:+91;pin_code:400064;city:mumbai;currency:INR,city_mumbai,2,2,2,2,jsonld_or_dom_img,keyword_heuristics,metadata_or_headings,True,
https://eastandgrace.com,https://www.eastandgrace.com/,200,True,28,window.Shopify;Shopify.shop;cdn.shopify.com;/cdn/shop/;shopify_core_js;shopify-section;header:shopify-complexity-score,False,6,city:bhopal;currency:INR,city_bhopal,2,0,0,0,,,,True,
https://exoticflora.in,https://exoticflora.in,200,True,30,window.Shopify;Shopify.shop;cdn.shopify.com;/cdn/shop/;shopify_core_js;shopify-section;shopify-payment-button;header:shopify-complexity-score,True,29,domain:.in;jsonld_india_address;state:Andhra Pradesh;phone:+91;city:nagpur;indian_payment_gateway;currency:INR,json_ld_address,2,2,1,2,jsonld_or_dom_img,keyword_heuristics,metadata_or_headings,True,
https://brainwavzaudio.in,https://www.brainwavzaudio.in/,200,True,28,window.Shopify;Shopify.shop;cdn.shopify.com;/cdn/shop/;shopify_core_js;shopify-section;header:shopify-complexity-score,True,8,domain:.in;phone:+91;currency:INR,,2,2,1,4,jsonld_or_dom_img,keyword_heuristics,metadata_or_headings,True,
https://rootly.myshopify.com,,0,False,0,,False,0,,,0,0,0,0,,,,False,Robots.txt blocks homepage
https://masterweaverindia.com,https://masterweaverindia.com,0,False,0,,False,0,,,0,0,0,0,,,,True,NetworkError: ConnectError
https://graphicurrystore.com,https://www.graphicurrystore.com/,200,True,28,window.Shopify;Shopify.shop;cdn.shopify.com;/cdn/shop/;shopify_core_js;shopify-section;header:shopify-complexity-score,True,16,phone:+91;pin_code:560093;city:bengaluru;currency:INR,city_bengaluru,2,2,3,7,jsonld_or_dom_img,keyword_heuristics,metadata_or_headings,True,
https://goodwyntea.com,https://goodwyntea.com,200,True,28,window.Shopify;Shopify.shop;cdn.shopify.com;/cdn/shop/;shopify_core_js;shopify-section;header:shopify-complexity-score,True,30,jsonld_india_address;state:West Bengal;phone:+91;pin_code:700020;city:kolkata;currency:INR,json_ld_address,2,1,1,4,jsonld_or_dom_img,keyword_heuristics,metadata_or_headings,True,
https://mahagro.com,https://www.mahagro.com/,200,True,32,window.Shopify;Shopify.shop;cdn.shopify.com;/cdn/shop/;shopify_core_js;shopify-section;shopify-payment-button;shopify_meta_attribute;header:shopify-complexity-score,True,14,phone:+91;city:bangalore;indian_payment_gateway;currency:INR,city_bangalore,1,0,3,6,jsonld_or_dom_img,keyword_heuristics,metadata_or_headings,True,
https://chiaroscuro.in,https://chiaroscuro.in,200,True,28,window.Shopify;Shopify.shop;cdn.shopify.com;/cdn/shop/;shopify_core_js;shopify-section;header:shopify-complexity-score,True,15,domain:.in;phone:+91;city:bangalore;indian_payment_gateway;currency:INR,city_bangalore,2,2,1,4,jsonld_or_dom_img,keyword_heuristics,metadata_or_headings,True,
https://shopmessy.com,https://shopmessy.com,200,False,0,,False,0,,,0,0,0,0,,,,True,
https://theskinmantra.com,https://www.theskinmantra.com/,200,True,28,window.Shopify;Shopify.shop;cdn.shopify.com;/cdn/shop/;shopify_core_js;shopify-section;header:shopify-complexity-score,True,7,phone:+91;currency:INR,,2,2,2,5,jsonld_or_dom_img,keyword_heuristics,metadata_or_headings,True,
https://ewayoung.com,,0,False,0,,False,0,,,0,0,0,0,,,,False,Robots.txt blocks homepage
https://greenthemap.com,https://www.greenthemap.com/,200,True,28,window.Shopify;Shopify.shop;cdn.shopify.com;/cdn/shop/;shopify_core_js;shopify-section;header:shopify-complexity-score,True,11,pin_code:110017;city:delhi;currency:INR,city_delhi,2,1,1,3,jsonld_or_dom_img,keyword_heuristics,metadata_or_headings,True,
https://mogradesigns.com,https://mogradesigns.com,200,True,30,window.Shopify;Shopify.shop;cdn.shopify.com;/cdn/shop/;shopify_core_js;shopify-section;shopify-payment-button;header:shopify-complexity-score,True,19,phone:+91;pin_code:560102;city:bangalore;indian_payment_gateway;currency:INR,city_bangalore,2,1,0,6,jsonld_or_dom_img,keyword_heuristics,metadata_or_headings,True,
https://rforrabbit.com,https://rforrabbit.com,200,True,30,window.Shopify;Shopify.shop;cdn.shopify.com;/cdn/shop/;shopify_core_js;shopify-section;shopify-payment-button;header:shopify-complexity-score,True,19,phone:+91;pin_code:380015;city:ahmedabad;indian_payment_gateway;currency:INR,city_ahmedabad,2,5,2,6,jsonld_or_dom_img,keyword_heuristics,metadata_or_headings,True,
https://urbanmonkey.myshopify.com,https://www.urbanmonkey.com/,200,True,42,myshopify_subdomain;window.Shopify;Shopify.shop;cdn.shopify.com;/cdn/shop/;shopify_core_js;shopify-section;shopify-payment-button;shopify_meta_attribute;header:shopify-complexity-score,True,19,phone:+91;pin_code:421302;city:bengaluru;indian_payment_gateway;currency:INR,city_bengaluru,2,1,3,2,jsonld_or_dom_img,keyword_heuristics,metadata_or_headings,True,
https://zotory.com,https://zotory.com,200,False,0,,False,0,,,0,0,0,0,,,,True,
https://techstore.co.in,https://techstore.co.in,200,True,28,window.Shopify;Shopify.shop;cdn.shopify.com;/cdn/shop/;shopify_core_js;shopify-section;header:shopify-complexity-score,True,20,domain:.co.in;phone:+91;pin_code:580020;state:Karnataka;currency:INR,text_mention,2,1,1,0,jsonld_or_dom_img,keyword_heuristics,metadata_or_headings,True,
https://maearthbotanicals.com,https://maearthbotanicals.com,200,True,28,window.Shopify;Shopify.shop;cdn.shopify.com;/cdn/shop/;shopify_core_js;shopify-section;header:shopify-complexity-score,True,7,phone:+91;currency:INR,,2,2,1,1,jsonld_or_dom_img,keyword_heuristics,metadata_or_headings,True,
https://metaphorracha.com,https://metaphorracha.com,200,True,28,window.Shopify;Shopify.shop;cdn.shopify.com;/cdn/shop/;shopify_core_js;shopify-section;header:shopify-complexity-score,True,16,phone:+91;state:Karnataka;indian_payment_gateway;currency:INR,text_mention,1,0,1,1,jsonld_or_dom_img,keyword_heuristics,metadata_or_headings,True,
https://wildearth.in,https://wildearth.in,0,False,0,,False,0,,,0,0,0,0,,,,True,NetworkError: ConnectError
https://thefragrancepeople.com,https://www.thefragrancepeople.com/,200,True,28,window.Shopify;Shopify.shop;cdn.shopify.com;/cdn/shop/;shopify_core_js;shopify-section;header:shopify-complexity-score,True,33,jsonld_india_address;state:Delhi;phone:+91;pin_code:110074;city:delhi;indian_payment_gateway;currency:INR,json_ld_address,2,2,1,2,jsonld_or_dom_img,keyword_heuristics,metadata_or_headings,True,
https://idamstore.com,https://www.idamstore.com/,200,True,28,window.Shopify;Shopify.shop;cdn.shopify.com;/cdn/shop/;shopify_core_js;shopify-section;header:shopify-complexity-score,False,6,city:delhi;currency:INR,city_delhi,2,0,0,0,,,,True,
https://kidscity.in,https://kidscity.in,200,True,30,window.Shopify;Shopify.shop;cdn.shopify.com;/cdn/shop/;shopify_core_js;shopify-section;shopify-payment-button;header:shopify-complexity-score,True,12,domain:.in;phone:+91;city:kolkata;currency:INR,city_kolkata,2,2,1,6,jsonld_or_dom_img,keyword_heuristics,metadata_or_headings,True,
https://terraearthfood.com,https://www.terraearthfood.com/,200,True,26,window.Shopify;Shopify.shop;cdn.shopify.com;/cdn/shop/;shopify_core_js;header:shopify-complexity-score,True,22,gstin:33AABCF5826D1Z1;phone:+91;pin_code:600018;city:chennai;currency:INR,gstin_code_33,2,0,29,1,jsonld_or_dom_img,keyword_heuristics,metadata_or_headings,True,
https://anherb.com,https://anherb.com,200,True,28,window.Shopify;Shopify.shop;cdn.shopify.com;/cdn/shop/;shopify_core_js;shopify-section;header:shopify-complexity-score,False,5,indian_payment_gateway;currency:INR,,2,0,0,0,,,,True,
https://wintage.in,https://wintage.in,200,True,28,window.Shopify;Shopify.shop;cdn.shopify.com;/cdn/shop/;shopify_core_js;shopify-section;header:shopify-complexity-score,True,29,domain:.in;jsonld_india_address;state:Uttar Pradesh;phone:+91;city:noida;indian_payment_gateway;currency:INR,json_ld_address,2,1,1,5,jsonld_or_dom_img,keyword_heuristics,metadata_or_headings,True,
https://devotionalstore.com,,0,False,0,,False,0,,,0,0,0,0,,,,False,Robots.txt blocks homepage
https://kabliwalas.com,https://kabliwalas.com,200,True,28,window.Shopify;Shopify.shop;cdn.shopify.com;/cdn/shop/;shopify_core_js;shopify-section;header:shopify-complexity-score,True,11,phone:+91;city:delhi;currency:INR,city_delhi,2,1,3,3,jsonld_or_dom_img,keyword_heuristics,metadata_or_headings,True,
https://moustachejeans.com,,0,False,0,,False,0,,,0,0,0,0,,,,False,Robots.txt blocks homepage
https://truerevo.com,https://www.truerevo.com/,200,True,28,window.Shopify;Shopify.shop;cdn.shopify.com;/cdn/shop/;shopify_core_js;shopify-section;header:shopify-complexity-score,True,13,phone:+91;state:Manipur;currency:INR,text_mention,2,1,0,4,jsonld_or_dom_img,keyword_heuristics,metadata_or_headings,True,
https://tarababyshop.com,https://tarababyshop.com,200,True,28,window.Shopify;Shopify.shop;cdn.shopify.com;/cdn/shop/;shopify_core_js;shopify-section;header:shopify-complexity-score,True,14,phone:+91;city:delhi;indian_payment_gateway;currency:INR,city_delhi,2,1,1,2,jsonld_or_dom_img,keyword_heuristics,metadata_or_headings,True,
https://seamstress.co.in,https://seamstress.co.in,200,True,28,window.Shopify;Shopify.shop;cdn.shopify.com;/cdn/shop/;shopify_core_js;shopify-section;header:shopify-complexity-score,True,21,domain:.co.in;phone:+91;pin_code:683594;city:bangalore;indian_payment_gateway;currency:INR,city_bangalore,2,1,1,3,jsonld_or_dom_img,keyword_heuristics,metadata_or_headings,True,
https://eightaudio.in,https://eightaudio.in,200,True,28,window.Shopify;Shopify.shop;cdn.shopify.com;/cdn/shop/;shopify_core_js;shopify-section;header:shopify-complexity-score,True,32,domain:.in;jsonld_india_address;state:Telangana;gstin:36AAFCE6866Q1ZR;phone:+91;city:hyderabad;currency:INR,json_ld_address,2,1,1,4,jsonld_or_dom_img,keyword_heuristics,metadata_or_headings,True,
https://singhstyled.com,https://singhstyled.com,200,False,0,,False,0,,,0,0,0,0,,,,True,
https://akrithi.com,https://akrithi.com,200,True,28,window.Shopify;Shopify.shop;cdn.shopify.com;/cdn/shop/;shopify_core_js;shopify-section;header:shopify-complexity-score,True,19,phone:+91;pin_code:600042;city:bangalore;indian_payment_gateway;currency:INR,city_bangalore,2,1,3,4,jsonld_or_dom_img,keyword_heuristics,metadata_or_headings,True,
https://valliyan.com,https://www.valliyan.com/,200,True,28,window.Shopify;Shopify.shop;cdn.shopify.com;/cdn/shop/;shopify_core_js;shopify-section;header:shopify-complexity-score,True,16,phone:+91;pin_code:400001;city:mumbai;currency:INR,city_mumbai,2,1,1,2,jsonld_or_dom_img,keyword_heuristics,metadata_or_headings,True,
https://papadontpreach.com,https://www.papadontpreach.com/,200,True,28,window.Shopify;Shopify.shop;cdn.shopify.com;/cdn/shop/;shopify_core_js;shopify-section;header:shopify-complexity-score,True,16,phone:+91;pin_code:400001;city:mumbai;currency:INR,city_mumbai,2,6,4,3,jsonld_or_dom_img,keyword_heuristics,metadata_or_headings,True,
https://laintimo.com,https://laintimo.com,200,True,28,window.Shopify;Shopify.shop;cdn.shopify.com;/cdn/shop/;shopify_core_js;shopify-section;header:shopify-complexity-score,True,14,phone:+91;city:kolkata;indian_payment_gateway;currency:INR,city_kolkata,2,1,1,3,jsonld_or_dom_img,keyword_heuristics,metadata_or_headings,True,
https://fashionnation.in,https://www.fashionnation.in/,200,True,28,window.Shopify;Shopify.shop;cdn.shopify.com;/cdn/shop/;shopify_core_js;shopify-section;header:shopify-complexity-score,True,17,domain:.in;phone:+91;pin_code:700054;city:bengaluru;currency:INR,city_bengaluru,2,0,1,3,jsonld_or_dom_img,keyword_heuristics,metadata_or_headings,True,
https://touchstonemedia.com,https://www.touchstonemedia.com/,200,True,32,window.Shopify;Shopify.shop;cdn.shopify.com;/cdn/shop/;shopify_core_js;shopify-section;shopify-payment-button;shopify_meta_attribute;header:shopify-complexity-score,True,7,phone:+91;currency:INR,,2,3,2,0,jsonld_or_dom_img,keyword_heuristics,metadata_or_headings,True,
https://yourlibaas.com,https://www.yourlibaas.com/,200,True,30,window.Shopify;Shopify.shop;cdn.shopify.com;/cdn/shop/;shopify_core_js;shopify-section;shopify-payment-button;header:shopify-complexity-score,True,10,phone:+91;indian_payment_gateway;currency:INR,,2,1,2,8,jsonld_or_dom_img,keyword_heuristics,metadata_or_headings,True,
https://ladyindia.com,,0,False,0,,False,0,,,0,0,0,0,,,,False,Robots.txt blocks homepage
https://www-poshtik-com.myshopify.com,https://www.poshtik.in/,200,True,38,myshopify_subdomain;window.Shopify;Shopify.shop;cdn.shopify.com;/cdn/shop/;shopify_core_js;shopify-section;header:shopify-complexity-score,True,14,phone:+91;city:delhi;indian_payment_gateway;currency:INR,city_delhi,2,5,2,3,jsonld_or_dom_img,keyword_heuristics,metadata_or_headings,True,
https://wallmantra.com,https://wallmantra.com,200,False,0,,False,0,,,0,0,0,0,,,,True,
https://yaalz.com,,0,False,0,,False,0,,,0,0,0,0,,,,False,Robots.txt blocks homepage
https://serendipitydelhi.com,https://serendipitydelhi.com,200,True,28,window.Shopify;Shopify.shop;cdn.shopify.com;/cdn/shop/;shopify_core_js;shopify-section;header:shopify-complexity-score,True,16,phone:+91;pin_code:110047;city:delhi;currency:INR,city_delhi,2,1,1,1,jsonld_or_dom_img,keyword_heuristics,metadata_or_headings,True,
https://peacockride.com,https://www.peacockride.com/,200,True,26,window.Shopify;Shopify.shop;cdn.shopify.com;/cdn/shop/;shopify_core_js;header:shopify-complexity-score,True,16,phone:+91;state:Tamil Nadu;indian_payment_gateway;currency:INR,text_mention,2,1,1,3,jsonld_or_dom_img,keyword_heuristics,metadata_or_headings,True,
https://privatelives.in,https://www.privatelives.in/,200,True,32,window.Shopify;Shopify.shop;cdn.shopify.com;/cdn/shop/;shopify_core_js;shopify-section;shopify-payment-button;shopify_meta_attribute;header:shopify-complexity-score,True,31,domain:.in;jsonld_india_address;state:Delhi;phone:+91;pin_code:110041;city:delhi;currency:INR,json_ld_address,2,2,1,4,jsonld_or_dom_img,keyword_heuristics,metadata_or_headings,True,
https://bestsourcenutrition.com,https://www.bestsourcenutrition.com/,200,True,28,window.Shopify;Shopify.shop;cdn.shopify.com;/cdn/shop/;shopify_core_js;shopify-section;header:shopify-complexity-score,True,11,phone:+91;city:mumbai;currency:INR,city_mumbai,2,2,2,6,jsonld_or_dom_img,keyword_heuristics,metadata_or_headings,True,
https://davidcompany.com,https://www.davidcompany.com/,200,True,28,window.Shopify;Shopify.shop;cdn.shopify.com;/cdn/shop/;shopify_core_js;shopify-section;header:shopify-complexity-score,True,14,phone:+91;city:mumbai;indian_payment_gateway;currency:INR,city_mumbai,2,1,1,0,jsonld_or_dom_img,keyword_heuristics,metadata_or_headings,True,
https://easymosquitonet.com,https://easymosquitonet.com,0,False,0,,False,0,,,0,0,0,0,,,,True,NetworkError: ConnectError
https://lemonchiffon.in,https://lemonchiffon.in,0,False,0,,False,0,,,0,0,0,0,,,,True,NetworkError: ConnectError
https://lightmen.in,https://ledflashlights.in/,200,True,28,window.Shopify;Shopify.shop;cdn.shopify.com;/cdn/shop/;shopify_core_js;shopify-section;header:shopify-complexity-score,True,31,domain:.in;jsonld_india_address;state:Telangana;phone:+91;pin_code:500029;city:pune;currency:INR,json_ld_address,2,3,2,4,jsonld_or_dom_img,keyword_heuristics,metadata_or_headings,True,
https://springfit.in,https://www.springfit.com/,200,True,28,window.Shopify;Shopify.shop;cdn.shopify.com;/cdn/shop/;shopify_core_js;shopify-section;header:shopify-complexity-score,True,20,domain:.in;phone:+91;pin_code:389350;city:coimbatore;indian_payment_gateway;currency:INR,city_coimbatore,2,1,1,4,jsonld_or_dom_img,keyword_heuristics,metadata_or_headings,True,
https://greenbrrew.com,https://greenbrrew.com,200,True,28,window.Shopify;Shopify.shop;cdn.shopify.com;/cdn/shop/;shopify_core_js;shopify-section;header:shopify-complexity-score,True,16,phone:+91;pin_code:110054;city:delhi;currency:INR,city_delhi,2,1,0,4,jsonld_or_dom_img,keyword_heuristics,metadata_or_headings,True,
https://stahlkitchens.com,https://stahlkitchens.com,200,True,28,window.Shopify;Shopify.shop;cdn.shopify.com;/cdn/shop/;shopify_core_js;shopify-section;header:shopify-complexity-score,True,21,phone:+91;pin_code:412115;state:Maharashtra;indian_payment_gateway;currency:INR,text_mention,2,1,1,3,jsonld_or_dom_img,keyword_heuristics,metadata_or_headings,True,
https://schmancy.in,https://schmancy.in,200,True,28,window.Shopify;Shopify.shop;cdn.shopify.com;/cdn/shop/;shopify_core_js;shopify-section;header:shopify-complexity-score,True,12,domain:.in;phone:+91;city:kolkata;currency:INR,city_kolkata,1,1,0,3,jsonld_or_dom_img,keyword_heuristics,metadata_or_headings,True,
https://offbeatpondy.com,http://ww38.offbeatpondy.com/,200,False,0,,False,0,,,0,0,0,0,,,,True,
https://johns.in,https://www.johns.in/,200,True,30,window.Shopify;Shopify.shop;cdn.shopify.com;/cdn/shop/;shopify_core_js;shopify-section;shopify-payment-button;header:shopify-complexity-score,True,14,domain:.in;phone:+91;state:Kerala;currency:INR,text_mention,2,1,0,3,jsonld_or_dom_img,keyword_heuristics,metadata_or_headings,True,
https://iambesharam.com,https://in.imbesharam.com/,200,True,28,window.Shopify;Shopify.shop;cdn.shopify.com;/cdn/shop/;shopify_core_js;shopify-section;header:shopify-complexity-score,True,33,jsonld_india_address;state:Delhi;phone:+91;pin_code:110001;city:bengaluru;indian_payment_gateway;currency:INR,json_ld_address,2,2,2,22,jsonld_or_dom_img,keyword_heuristics,metadata_or_headings,True,
https://lawsuitsandmore.com,https://lawsuitsandmore.com,200,True,32,window.Shopify;Shopify.shop;cdn.shopify.com;/cdn/shop/;shopify_core_js;shopify-section;shopify-payment-button;shopify_meta_attribute;header:shopify-complexity-score,True,16,phone:+91;pin_code:400052;city:mumbai;currency:INR,city_mumbai,2,1,1,2,jsonld_or_dom_img,keyword_heuristics,metadata_or_headings,True,
https://bollywoodvinyl.in,https://bollywoodvinyl.in,200,True,26,window.Shopify;Shopify.shop;cdn.shopify.com;/cdn/shop/;shopify_core_js;header:shopify-complexity-score,True,26,domain:.in;jsonld_india_address;state:Karnataka;phone:+91;city:bengaluru;currency:INR,json_ld_address,2,1,1,2,jsonld_or_dom_img,keyword_heuristics,metadata_or_headings,True,
https://freshmilloils.com,https://freshmilloils.com,200,True,32,window.Shopify;Shopify.shop;cdn.shopify.com;/cdn/shop/;shopify_core_js;shopify-section;shopify-payment-button;shopify_meta_attribute;header:shopify-complexity-score,True,19,phone:+91;pin_code:560077;city:bangalore;indian_payment_gateway;currency:INR,city_bangalore,2,1,1,0,jsonld_or_dom_img,keyword_heuristics,metadata_or_headings,True,
https://peekaboopatterns.com,https://peekaboopatterns.in/,200,True,30,window.Shopify;Shopify.shop;cdn.shopify.com;/cdn/shop/;shopify_core_js;shopify-section;shopify-payment-button;header:shopify-complexity-score,True,16,phone:+91;pin_code:600006;city:chennai;currency:INR,city_chennai,2,0,1,4,jsonld_or_dom_img,keyword_heuristics,metadata_or_headings,True,
https://eeshazaveri.com,https://www.eeshazaveri.com/,200,True,28,window.Shopify;Shopify.shop;cdn.shopify.com;/cdn/shop/;shopify_core_js;shopify-section;header:shopify-complexity-score,False,2,currency:INR,,1,0,0,0,,,,True,
https://soultree.in,https://www.soultree.in/,200,True,28,window.Shopify;Shopify.shop;cdn.shopify.com;/cdn/shop/;shopify_core_js;shopify-section;header:shopify-complexity-score,True,20,domain:.in;phone:+91;pin_code:110030;city:delhi;indian_payment_gateway;currency:INR,city_delhi,2,2,2,4,jsonld_or_dom_img,keyword_heuristics,metadata_or_headings,True,
https://devsmusic.in,https://www.devsmusic.in/,200,True,28,window.Shopify;Shopify.shop;cdn.shopify.com;/cdn/shop/;shopify_core_js;shopify-section;header:shopify-complexity-score,True,7,domain:.in;city:pune;currency:INR,city_pune,2,2,3,0,jsonld_or_dom_img,keyword_heuristics,metadata_or_headings,True,
https://drtrust.in,https://drtrust.in,200,True,28,window.Shopify;Shopify.shop;cdn.shopify.com;/cdn/shop/;shopify_core_js;shopify-section;header:shopify-complexity-score,True,15,domain:.in;phone:+91;city:chandigarh;indian_payment_gateway;currency:INR,city_chandigarh,2,1,2,0,jsonld_or_dom_img,keyword_heuristics,metadata_or_headings,True,
https://silverlinings.in,https://silverlinings.in,200,True,32,window.Shopify;Shopify.shop;cdn.shopify.com;/cdn/shop/;shopify_core_js;shopify-section;shopify-payment-button;shopify_meta_attribute;header:shopify-complexity-score,True,15,domain:.in;phone:+91;city:cuttack;indian_payment_gateway;currency:INR,city_cuttack,2,1,2,5,jsonld_or_dom_img,keyword_heuristics,metadata_or_headings,True,
https://zebo.clothing,https://zebo.clothing,0,False,0,,False,0,,,0,0,0,0,,,,True,NetworkError: ConnectError
https://aromatreasures.com,https://aromatreasures.com,200,True,28,window.Shopify;Shopify.shop;cdn.shopify.com;/cdn/shop/;shopify_core_js;shopify-section;header:shopify-complexity-score,True,7,phone:+91;currency:INR,,2,0,0,4,jsonld_or_dom_img,keyword_heuristics,metadata_or_headings,True,
https://lathaputtanna.com,https://www.lathaputtanna.com/,200,True,30,window.Shopify;Shopify.shop;cdn.shopify.com;/cdn/shop/;shopify_core_js;shopify-section;shopify_meta_attribute;header:shopify-complexity-score,True,22,gstin:29AAKFL7035Q1ZH;phone:+91;pin_code:560011;city:bangalore;currency:INR,gstin_code_29,2,1,1,3,jsonld_or_dom_img,keyword_heuristics,metadata_or_headings,True,
https://swhf.in,https://swhf.in,200,False,0,,False,0,,,0,0,0,0,,,,True,
https://livtekindia.com,https://livtekindia.com,200,True,28,window.Shopify;Shopify.shop;cdn.shopify.com;/cdn/shop/;shopify_core_js;shopify-section;header:shopify-complexity-score,True,16,phone:+91;pin_code:400001;city:bengaluru;currency:INR,city_bengaluru,2,4,5,0,jsonld_or_dom_img,keyword_heuristics,metadata_or_headings,True,
https://icelings.com,https://icelings.com,200,False,0,,False,0,,,0,0,0,0,,,,True,
https://moarmouz.com,https://www.moarmouz.com/,200,True,30,window.Shopify;Shopify.shop;cdn.shopify.com;/cdn/shop/;shopify_core_js;shopify-section;shopify-payment-button;header:shopify-complexity-score,True,14,phone:+91;city:delhi;indian_payment_gateway;currency:INR,city_delhi,2,2,1,6,jsonld_or_dom_img,keyword_heuristics,metadata_or_headings,True,
https://worldtagin.com,https://worldtagin.com,200,True,26,window.Shopify;Shopify.shop;cdn.shopify.com;/cdn/shop/;shopify_core_js;header:shopify-complexity-score,True,13,phone:+91;state:Maharashtra;currency:INR,text_mention,2,3,2,4,jsonld_or_dom_img,keyword_heuristics,metadata_or_headings,True,
https://menorah.in,https://menorahcreatif.com/,200,True,32,window.Shopify;Shopify.shop;cdn.shopify.com;/cdn/shop/;shopify_core_js;shopify-section;shopify-payment-button;shopify_meta_attribute;header:shopify-complexity-score,True,17,domain:.in;phone:+91;pin_code:625001;city:madurai;currency:INR,city_madurai,2,2,1,6,jsonld_or_dom_img,keyword_heuristics,metadata_or_headings,True,
https://cocooncarpets.com,https://www.cocooncarpets.com/,200,True,28,window.Shopify;Shopify.shop;cdn.shopify.com;/cdn/shop/;shopify_core_js;shopify-section;header:shopify-complexity-score,True,28,jsonld_india_address;state:Maharashtra;phone:+91;city:bengaluru;indian_payment_gateway;currency:INR,json_ld_address,2,9,10,7,jsonld_or_dom_img,keyword_heuristics,metadata_or_headings,True,
https://inoxjewelry.in,https://inoxjewelry.in,200,True,28,window.Shopify;Shopify.shop;cdn.shopify.com;/cdn/shop/;shopify_core_js;shopify-section;header:shopify-complexity-score,True,31,domain:.in;jsonld_india_address;state:Maharashtra;phone:+91;pin_code:400050;city:mumbai;currency:INR,json_ld_address,2,1,1,9,jsonld_or_dom_img,keyword_heuristics,metadata_or_headings,True,
https://theallthingsshop.com,https://theallthingsshop.com,0,False,0,,False,0,,,0,0,0,0,,,,True,NetworkError: ConnectError
https://pranaybaidya.com,https://pranaybaidya.com,200,True,28,window.Shopify;Shopify.shop;cdn.shopify.com;/cdn/shop/;shopify_core_js;shopify-section;header:shopify-complexity-score,True,16,phone:+91;state:Kerala;indian_payment_gateway;currency:INR,text_mention,2,0,3,1,jsonld_or_dom_img,keyword_heuristics,metadata_or_headings,True,
https://puregheedesigns.com,https://www.puregheedesigns.com/,200,True,30,window.Shopify;Shopify.shop;cdn.shopify.com;/cdn/shop/;shopify_core_js;shopify-section;shopify-payment-button;header:shopify-complexity-score,True,16,phone:+91;pin_code:110047;city:bangalore;currency:INR,city_bangalore,2,2,1,4,jsonld_or_dom_img,keyword_heuristics,metadata_or_headings,True,
https://impresso.in,https://impresso.store/,200,True,28,window.Shopify;Shopify.shop;cdn.shopify.com;/cdn/shop/;shopify_core_js;shopify-section;header:shopify-complexity-score,True,17,domain:.in;phone:+91;pin_code:500072;city:hyderabad;currency:INR,city_hyderabad,2,1,1,0,jsonld_or_dom_img,keyword_heuristics,metadata_or_headings,True,
https://smsaree.com,https://smsaree.com,200,True,28,window.Shopify;Shopify.shop;cdn.shopify.com;/cdn/shop/;shopify_core_js;shopify-section;header:shopify-complexity-score,True,16,phone:+91;pin_code:700007;city:kolkata;currency:INR,city_kolkata,2,2,2,4,jsonld_or_dom_img,keyword_heuristics,metadata_or_headings,True,
https://bracevor.in,https://www.bracevor.in/,200,True,30,window.Shopify;Shopify.shop;cdn.shopify.com;/cdn/shop/;shopify_core_js;shopify-section;shopify-payment-button;header:shopify-complexity-score,True,15,domain:.in;phone:+91;city:pune;indian_payment_gateway;currency:INR,city_pune,2,1,1,3,jsonld_or_dom_img,keyword_heuristics,metadata_or_headings,True,
https://zeezeezoo.in,https://zeezeezoo.com/,200,True,32,window.Shopify;Shopify.shop;cdn.shopify.com;/cdn/shop/;shopify_core_js;shopify-section;shopify-payment-button;shopify_meta_attribute;header:shopify-complexity-score,True,17,domain:.in;phone:+91;state:Maharashtra;indian_payment_gateway;currency:INR,text_mention,2,1,0,0,jsonld_or_dom_img,keyword_heuristics,metadata_or_headings,True,
https://gottago.in,https://gottago.in,200,True,30,window.Shopify;Shopify.shop;cdn.shopify.com;/cdn/shop/;shopify_core_js;shopify-section;shopify-payment-button;header:shopify-complexity-score,True,20,domain:.in;phone:+91;pin_code:110052;city:delhi;indian_payment_gateway;currency:INR,city_delhi,2,1,1,3,jsonld_or_dom_img,keyword_heuristics,metadata_or_headings,True,
https://parihara.com,https://parihara.com,200,False,0,,False,0,,,0,0,0,0,,,,True,
https://ruchkar.in,https://www.ruchkar.in/,200,True,30,window.Shopify;Shopify.shop;cdn.shopify.com;/cdn/shop/;shopify_core_js;shopify-section;shopify-payment-button;header:shopify-complexity-score,True,17,domain:.in;phone:+91;pin_code:400067;city:mumbai;currency:INR,city_mumbai,2,1,1,5,jsonld_or_dom_img,keyword_heuristics,metadata_or_headings,True,
https://silverstore.in,https://silverstore.in,200,True,28,window.Shopify;Shopify.shop;cdn.shopify.com;/cdn/shop/;shopify_core_js;shopify-section;header:shopify-complexity-score,True,12,domain:.in;phone:+91;city:kolkata;currency:INR,city_kolkata,2,0,3,4,jsonld_or_dom_img,keyword_heuristics,metadata_or_headings,True,
https://aavarnam.com,https://aavarnam.com,200,True,32,window.Shopify;Shopify.shop;cdn.shopify.com;/cdn/shop/;shopify_core_js;shopify-section;shopify-payment-button;shopify_meta_attribute;header:shopify-complexity-score,True,16,phone:+91;pin_code:110007;city:mumbai;currency:INR,city_mumbai,2,0,1,1,jsonld_or_dom_img,keyword_heuristics,metadata_or_headings,True,
https://kunchals.com,https://www.kunchals.in/,200,True,28,window.Shopify;Shopify.shop;cdn.shopify.com;/cdn/shop/;shopify_core_js;shopify-section;header:shopify-complexity-score,True,19,phone:+91;pin_code:110048;city:delhi;indian_payment_gateway;currency:INR,city_delhi,2,0,2,2,jsonld_or_dom_img,keyword_heuristics,metadata_or_headings,True,
https://deviopticians.in,https://www.deviopticians.in/,200,True,28,window.Shopify;Shopify.shop;cdn.shopify.com;/cdn/shop/;shopify_core_js;shopify-section;header:shopify-complexity-score,True,26,domain:.in;jsonld_india_address;state:Kerala;phone:+91;city:thiruvananthapuram;currency:INR,json_ld_address,2,1,1,1,jsonld_or_dom_img,keyword_heuristics,metadata_or_headings,True,
https://tasteofkashmir.com,https://www.tasteofkashmir.com/,200,True,28,window.Shopify;Shopify.shop;cdn.shopify.com;/cdn/shop/;shopify_core_js;shopify-section;header:shopify-complexity-score,True,14,phone:+91;city:hyderabad;indian_payment_gateway;currency:INR,city_hyderabad,2,0,1,1,jsonld_or_dom_img,keyword_heuristics,metadata_or_headings,True,
https://hireittech.com,https://hireittech.com,0,False,0,,False,0,,,0,0,0,0,,,,True,Timeout: ConnectTimeout
https://fareenas.com,https://www.fareenas.com/,200,True,30,window.Shopify;Shopify.shop;cdn.shopify.com;/cdn/shop/;shopify_core_js;shopify-section;shopify-payment-button;header:shopify-complexity-score,True,30,jsonld_india_address;state:Delhi;phone:+91;pin_code:110025;city:delhi;currency:INR,json_ld_address,2,1,2,2,jsonld_or_dom_img,keyword_heuristics,metadata_or_headings,True,
https://poojajuneja.com,https://poojajuneja.com,200,True,28,window.Shopify;Shopify.shop;cdn.shopify.com;/cdn/shop/;shopify_core_js;shopify-section;header:shopify-complexity-score,True,11,phone:+91;city:delhi;currency:INR,city_delhi,2,2,1,3,jsonld_or_dom_img,keyword_heuristics,metadata_or_headings,True,
https://jaggerybags.com,https://www.jaggerybags.com/,200,True,30,window.Shopify;Shopify.shop;cdn.shopify.com;/cdn/shop/;shopify_core_js;shopify-section;shopify-payment-button;header:shopify-complexity-score,True,11,phone:+91;city:mumbai;currency:INR,city_mumbai,2,1,1,3,jsonld_or_dom_img,keyword_heuristics,metadata_or_headings,True,
https://greencarpet.in,https://www.greencarpet.in/,200,True,28,window.Shopify;Shopify.shop;cdn.shopify.com;/cdn/shop/;shopify_core_js;shopify-section;header:shopify-complexity-score,True,17,domain:.in;phone:+91;pin_code:560034;city:bengaluru;currency:INR,city_bengaluru,2,1,2,6,jsonld_or_dom_img,keyword_heuristics,metadata_or_headings,True,
https://theinitiative.in,https://theinitiative.in,423,False,0,,False,0,,,0,0,0,0,,,,True,HTTP 423
https://ahika.in,https://ahika.in,200,True,28,window.Shopify;Shopify.shop;cdn.shopify.com;/cdn/shop/;shopify_core_js;shopify-section;header:shopify-complexity-score,True,26,domain:.in;jsonld_india_address;state:Gujarat;phone:+91;city:surat;currency:INR,json_ld_address,2,0,0,4,jsonld_or_dom_img,keyword_heuristics,metadata_or_headings,True,
https://treekart.com,https://www.treekart.com/,200,True,26,window.Shopify;Shopify.shop;cdn.shopify.com;/cdn/shop/;shopify_core_js;header:shopify-complexity-score,False,6,city:hyderabad;currency:INR,city_hyderabad,2,0,0,0,,,,True,
https://dharmsala.com,https://www.dharmsala.com/,200,True,26,window.Shopify;Shopify.shop;cdn.shopify.com;/cdn/shop/;shopify_core_js;header:shopify-complexity-score,False,2,currency:INR,,0,0,0,0,,,,True,
https://eina-ahluwalia.com,https://www.einaahluwalia.com/,200,True,32,window.Shopify;Shopify.shop;cdn.shopify.com;/cdn/shop/;shopify_core_js;shopify-section;shopify-payment-button;shopify_meta_attribute;header:shopify-complexity-score,True,10,phone:+91;indian_payment_gateway;currency:INR,,2,1,1,3,jsonld_or_dom_img,keyword_heuristics,metadata_or_headings,True,
https://jazzmyhome.com,,0,False,0,,False,0,,,0,0,0,0,,,,False,Robots.txt blocks homepage
https://pinballstore.in,https://www.pinballstore.in/,200,True,28,window.Shopify;Shopify.shop;cdn.shopify.com;/cdn/shop/;shopify_core_js;shopify-section;header:shopify-complexity-score,True,20,domain:.in;phone:+91;pin_code:560108;city:bengaluru;indian_payment_gateway;currency:INR,city_bengaluru,2,2,2,3,jsonld_or_dom_img,keyword_heuristics,metadata_or_headings,True,
https://onlymat.com,https://onlymat.com,200,True,28,window.Shopify;Shopify.shop;cdn.shopify.com;/cdn/shop/;shopify_core_js;shopify-section;header:shopify-complexity-score,True,13,phone:+91;state:Kerala;currency:INR,text_mention,2,0,0,5,jsonld_or_dom_img,keyword_heuristics,metadata_or_headings,True,
https://rangriwaaz.com,https://rangriwaaz.com,200,True,28,window.Shopify;Shopify.shop;cdn.shopify.com;/cdn/shop/;shopify_core_js;shopify-section;header:shopify-complexity-score,True,11,phone:+91;city:mumbai;currency:INR,city_mumbai,2,1,2,3,jsonld_or_dom_img,keyword_heuristics,metadata_or_headings,True,
https://dyutibansal.com,https://dyutibansal.com,200,False,0,,False,0,,,0,0,0,0,,,,True,
https://thebabyatelierco.com,https://www.thebabyatelierco.com/,200,True,28,window.Shopify;Shopify.shop;cdn.shopify.com;/cdn/shop/;shopify_core_js;shopify-section;header:shopify-complexity-score,True,16,phone:+91;pin_code:560042;city:bengaluru;currency:INR,city_bengaluru,2,1,2,0,jsonld_or_dom_img,keyword_heuristics,metadata_or_headings,True,
https://styleaura.in,https://www.styleaura.com/,200,True,28,window.Shopify;Shopify.shop;cdn.shopify.com;/cdn/shop/;shopify_core_js;shopify-section;header:shopify-complexity-score,True,20,domain:.in;phone:+91;pin_code:560066;city:bangalore;indian_payment_gateway;currency:INR,city_bangalore,2,1,1,4,jsonld_or_dom_img,keyword_heuristics,metadata_or_headings,True,
https://palsanijewels.com,https://www.palsanijewels.com/,200,True,26,window.Shopify;Shopify.shop;cdn.shopify.com;/cdn/shop/;shopify_core_js;header:shopify-complexity-score,True,16,phone:+91;pin_code:600006;city:chennai;currency:INR,city_chennai,2,2,2,2,jsonld_or_dom_img,keyword_heuristics,metadata_or_headings,True,
https://teatreasure.in,https://www.teatreasure.in/,200,True,32,window.Shopify;Shopify.shop;cdn.shopify.com;/cdn/shop/;shopify_core_js;shopify-section;shopify-payment-button;shopify_meta_attribute;header:shopify-complexity-score,True,10,domain:.in;city:kolkata;indian_payment_gateway;currency:INR,city_kolkata,2,1,1,4,jsonld_or_dom_img,keyword_heuristics,metadata_or_headings,True,
https://kokaachi.com,https://kokaachi.com,200,True,26,window.Shopify;Shopify.shop;cdn.shopify.com;/cdn/shop/;shopify_core_js;header:shopify-complexity-score,False,6,city:kochi;currency:INR,city_kochi,2,0,0,0,,,,True,
https://gulabs.in,https://gulabs.in,200,True,28,window.Shopify;Shopify.shop;cdn.shopify.com;/cdn/shop/;shopify_core_js;shopify-section;header:shopify-complexity-score,True,12,domain:.in;phone:+91;city:bangalore;currency:INR,city_bangalore,2,1,0,1,jsonld_or_dom_img,keyword_heuristics,metadata_or_headings,True,
https://hancockfashion.com,https://www.hancockfashion.com/,200,True,32,window.Shopify;Shopify.shop;cdn.shopify.com;/cdn/shop/;shopify_core_js;shopify-section;shopify-payment-button;shopify_meta_attribute;header:shopify-complexity-score,False,6,city:delhi;currency:INR,city_delhi,2,0,0,0,,,,True,
https://fairybellskart.com,https://fairybellskart.com,200,False,0,,False,0,,,0,0,0,0,,,,True,
https://dancingleaftea.com,https://www.dancingleaftea.com/,200,True,32,window.Shopify;Shopify.shop;cdn.shopify.com;/cdn/shop/;shopify_core_js;shopify-section;shopify-payment-button;shopify_meta_attribute;header:shopify-complexity-score,True,19,phone:+91;pin_code:400018;city:mumbai;indian_payment_gateway;currency:INR,city_mumbai,2,1,2,4,jsonld_or_dom_img,keyword_heuristics,metadata_or_headings,True,
https://milkdesignshop.com,https://www.milkdesignshop.com/,200,True,28,window.Shopify;Shopify.shop;cdn.shopify.com;/cdn/shop/;shopify_core_js;shopify-section;header:shopify-complexity-score,True,16,phone:+91;state:Odisha;indian_payment_gateway;currency:INR,text_mention,2,0,1,3,jsonld_or_dom_img,keyword_heuristics,metadata_or_headings,True,
https://kadambri.in,https://www.kadambri.in/,200,True,28,window.Shopify;Shopify.shop;cdn.shopify.com;/cdn/shop/;shopify_core_js;shopify-section;header:shopify-complexity-score,True,14,domain:.in;phone:+91;state:Assam;currency:INR,text_mention,2,1,0,2,jsonld_or_dom_img,keyword_heuristics,metadata_or_headings,True,
https://thequestastore.com,https://thequestastore.com,200,False,0,,False,0,,,0,0,0,0,,,,True,
https://letsannounce.com,https://www.letsannounce.com/,200,True,28,window.Shopify;Shopify.shop;cdn.shopify.com;/cdn/shop/;shopify_core_js;shopify-section;header:shopify-complexity-score,True,11,phone:+91;city:kolkata;currency:INR,city_kolkata,2,1,2,41,jsonld_or_dom_img,keyword_heuristics,metadata_or_headings,True,
https://chaani.in,https://chaani.in,200,True,28,window.Shopify;Shopify.shop;cdn.shopify.com;/cdn/shop/;shopify_core_js;shopify-section;header:shopify-complexity-score,True,12,domain:.in;phone:+91;city:chennai;currency:INR,city_chennai,2,1,2,0,jsonld_or_dom_img,keyword_heuristics,metadata_or_headings,True,
https://thelionandthefish.com,https://thelionandthefish.com,200,True,28,window.Shopify;Shopify.shop;cdn.shopify.com;/cdn/shop/;shopify_core_js;shopify-section;header:shopify-complexity-score,True,11,phone:+91;city:mumbai;currency:INR,city_mumbai,2,1,1,2,jsonld_or_dom_img,keyword_heuristics,metadata_or_headings,True,
https://spellboundbookstore.com,https://www.spellboundbookstore.com/,200,True,28,window.Shopify;Shopify.shop;cdn.shopify.com;/cdn/shop/;shopify_core_js;shopify-section;header:shopify-complexity-score,True,11,phone:+91;city:mumbai;currency:INR,city_mumbai,2,0,4,0,jsonld_or_dom_img,keyword_heuristics,metadata_or_headings,True,
https://missgudi.com,,0,False,0,,False,0,,,0,0,0,0,,,,False,Robots.txt blocks homepage
https://fivemorselsoflove.in,https://www.fivemorselspress.in/,200,True,32,window.Shopify;Shopify.shop;cdn.shopify.com;/cdn/shop/;shopify_core_js;shopify-section;shopify-payment-button;shopify_meta_attribute;header:shopify-complexity-score,True,7,domain:.in;city:delhi;currency:INR,city_delhi,2,1,0,0,jsonld_or_dom_img,keyword_heuristics,metadata_or_headings,True,
https://notsoshabbyshop.com,https://www.notsoshabbyshop.com/,200,True,28,window.Shopify;Shopify.shop;cdn.shopify.com;/cdn/shop/;shopify_core_js;shopify-section;header:shopify-complexity-score,True,11,phone:+91;city:bengaluru;currency:INR,city_bengaluru,2,1,0,1,jsonld_or_dom_img,keyword_heuristics,metadata_or_headings,True,
https://hairdramacompany.com,https://hairdramacompany.com,200,True,28,window.Shopify;Shopify.shop;cdn.shopify.com;/cdn/shop/;shopify_core_js;shopify-section;header:shopify-complexity-score,True,16,phone:+91;pin_code:380051;city:ahmedabad;currency:INR,city_ahmedabad,2,1,1,5,jsonld_or_dom_img,keyword_heuristics,metadata_or_headings,True,
https://gulaalcreations.com,https://www.gulaalcreations.com/,200,True,30,window.Shopify;Shopify.shop;cdn.shopify.com;/cdn/shop/;shopify_core_js;shopify-section;shopify-payment-button;header:shopify-complexity-score,True,19,phone:+91;pin_code:302022;city:jaipur;indian_payment_gateway;currency:INR,city_jaipur,2,1,1,4,jsonld_or_dom_img,keyword_heuristics,metadata_or_headings,True,
https://absolutetea.in,https://absolutetea.in,200,True,28,window.Shopify;Shopify.shop;cdn.shopify.com;/cdn/shop/;shopify_core_js;shopify-section;header:shopify-complexity-score,True,15,domain:.in;phone:+91;city:delhi;indian_payment_gateway;currency:INR,city_delhi,2,1,0,2,jsonld_or_dom_img,keyword_heuristics,metadata_or_headings,True,
https://rabbitoutofthehat.in,https://www.rabbitoutofthehat.in/,200,True,28,window.Shopify;Shopify.shop;cdn.shopify.com;/cdn/shop/;shopify_core_js;shopify-section;header:shopify-complexity-score,True,8,domain:.in;phone:+91;currency:INR,,2,1,0,0,jsonld_or_dom_img,keyword_heuristics,metadata_or_headings,True,
https://mishcatco.com,https://mishcatco.com,200,True,26,window.Shopify;Shopify.shop;cdn.shopify.com;/cdn/shop/;shopify_core_js;header:shopify-complexity-score,True,16,phone:+91;pin_code:110014;city:delhi;currency:INR,city_delhi,1,1,3,4,jsonld_or_dom_img,keyword_heuristics,metadata_or_headings,True,
https://theglocaltrunk.com,,0,False,0,,False,0,,,0,0,0,0,,,,False,Robots.txt blocks homepage
https://styleaura.com,https://www.styleaura.com/,200,True,28,window.Shopify;Shopify.shop;cdn.shopify.com;/cdn/shop/;shopify_core_js;shopify-section;header:shopify-complexity-score,True,19,phone:+91;pin_code:560066;city:bangalore;indian_payment_gateway;currency:INR,city_bangalore,2,1,1,4,jsonld_or_dom_img,keyword_heuristics,metadata_or_headings,True,
https://shophlet.com,,0,False,0,,False,0,,,0,0,0,0,,,,False,Robots.txt blocks homepage
https://pic-monks.com,https://ambar.photos/,200,True,28,window.Shopify;Shopify.shop;cdn.shopify.com;/cdn/shop/;shopify_core_js;shopify-section;header:shopify-complexity-score,False,2,currency:INR,,2,0,0,0,,,,True,
https://churchillshoes.com,https://www.churchillshoes.com/,200,True,28,window.Shopify;Shopify.shop;cdn.shopify.com;/cdn/shop/;shopify_core_js;shopify-section;header:shopify-complexity-score,True,16,phone:+91;state:Punjab;indian_payment_gateway;currency:INR,text_mention,2,1,1,4,jsonld_or_dom_img,keyword_heuristics,metadata_or_headings,True,
https://luminouseshop.com,https://www.loomsolar.com/,200,True,28,window.Shopify;Shopify.shop;cdn.shopify.com;/cdn/shop/;shopify_core_js;shopify-section;header:shopify-complexity-score,True,14,phone:+91;city:bengaluru;indian_payment_gateway;currency:INR,city_bengaluru,2,1,3,8,jsonld_or_dom_img,keyword_heuristics,metadata_or_headings,True,
https://glowpink.com,https://glowpink.com,403,False,0,,False,0,,,0,0,0,0,,,,True,HTTP 403
https://bigsmall.in,https://www.bigsmall.in/,200,True,28,window.Shopify;Shopify.shop;cdn.shopify.com;/cdn/shop/;shopify_core_js;shopify-section;header:shopify-complexity-score,True,20,domain:.in;phone:+91;pin_code:110074;city:delhi;indian_payment_gateway;currency:INR,city_delhi,2,2,1,6,jsonld_or_dom_img,keyword_heuristics,metadata_or_headings,True,
https://elegantautoretail.com,https://elegantautoretail.com,200,True,30,window.Shopify;Shopify.shop;cdn.shopify.com;/cdn/shop/;shopify_core_js;shopify-section;shopify-payment-button;header:shopify-complexity-score,True,22,jsonld_india_address;phone:+91;city:noida;indian_payment_gateway;currency:INR,city_noida,2,2,1,10,jsonld_or_dom_img,keyword_heuristics,metadata_or_headings,True,
https://sporto.in,https://www.sporto.in/,200,True,32,window.Shopify;Shopify.shop;cdn.shopify.com;/cdn/shop/;shopify_core_js;shopify-section;shopify-payment-button;shopify_meta_attribute;header:shopify-complexity-score,True,8,domain:.in;phone:+91;currency:INR,,2,1,0,1,jsonld_or_dom_img,keyword_heuristics,metadata_or_headings,True,
https://carplus.in,https://www.carplus.in/,200,True,30,window.Shopify;Shopify.shop;cdn.shopify.com;/cdn/shop/;shopify_core_js;shopify-section;shopify-payment-button;header:shopify-complexity-score,True,12,domain:.in;pin_code:110092;city:delhi;currency:INR,city_delhi,2,3,3,3,jsonld_or_dom_img,keyword_heuristics,metadata_or_headings,True,
https://casewale.com,https://casewale.com,0,False,0,,False,0,,,0,0,0,0,,,,True,NetworkError: ConnectError
https://perfumebooth.com,https://www.perfumebooth.com/,200,True,5,cdn.shopify.com,True,14,phone:+91;city:delhi;indian_payment_gateway;currency:INR,city_delhi,2,2,3,11,jsonld_or_dom_img,keyword_heuristics,metadata_or_headings,True,
https://weavesmart.com,https://www.weavesmart.com/,200,True,28,window.Shopify;Shopify.shop;cdn.shopify.com;/cdn/shop/;shopify_core_js;shopify-section;header:shopify-complexity-score,True,11,phone:+91;city:jaipur;currency:INR,city_jaipur,2,0,0,0,jsonld_or_dom_img,keyword_heuristics,metadata_or_headings,True,
https://adultskart.com,https://www.adultskart.com/,200,True,28,window.Shopify;Shopify.shop;cdn.shopify.com;/cdn/shop/;shopify_core_js;shopify-section;header:shopify-complexity-score,True,11,phone:+91;city:bangalore;currency:INR,city_bangalore,2,1,2,4,jsonld_or_dom_img,keyword_heuristics,metadata_or_headings,True,
https://partylicious.in,https://www.partylicious.in/,200,True,28,window.Shopify;Shopify.shop;cdn.shopify.com;/cdn/shop/;shopify_core_js;shopify-section;header:shopify-complexity-score,True,15,domain:.in;phone:+91;city:delhi;indian_payment_gateway;currency:INR,city_delhi,2,1,1,4,jsonld_or_dom_img,keyword_heuristics,metadata_or_headings,True,
https://thesummerhouse.in,https://thesummerhouse.in,200,True,30,window.Shopify;Shopify.shop;cdn.shopify.com;/cdn/shop/;shopify_core_js;shopify-section;shopify-payment-button;header:shopify-complexity-score,True,20,domain:.in;phone:+91;pin_code:560070;city:bangalore;indian_payment_gateway;currency:INR,city_bangalore,2,3,1,3,jsonld_or_dom_img,keyword_heuristics,metadata_or_headings,True,
https://anokherang.com,https://www.anokherang.com/,200,True,28,window.Shopify;Shopify.shop;cdn.shopify.com;/cdn/shop/;shopify_core_js;shopify-section;header:shopify-complexity-score,True,19,phone:+91;pin_code:110030;city:delhi;indian_payment_gateway;currency:INR,city_delhi,2,1,2,6,jsonld_or_dom_img,keyword_heuristics,metadata_or_headings,True,
https://truworthhomes.com,https://truworthhomes.com,200,True,28,window.Shopify;Shopify.shop;cdn.shopify.com;/cdn/shop/;shopify_core_js;shopify-section;header:shopify-complexity-score,True,11,phone:+91;city:jaipur;currency:INR,city_jaipur,2,1,3,0,jsonld_or_dom_img,keyword_heuristics,metadata_or_headings,True,
https://teezindia.myshopify.com,,0,False,0,,False,0,,,0,0,0,0,,,,False,Robots.txt blocks homepage
https://rawpressery.com,https://www.rawpressery.com/,200,True,28,window.Shopify;Shopify.shop;cdn.shopify.com;/cdn/shop/;shopify_core_js;shopify-section;header:shopify-complexity-score,True,7,phone:+91;currency:INR,,0,0,0,3,jsonld_or_dom_img,keyword_heuristics,metadata_or_headings,True,
https://aristobrat.in,https://www.aristobrat.in/,200,True,28,window.Shopify;Shopify.shop;cdn.shopify.com;/cdn/shop/;shopify_core_js;shopify-section;header:shopify-complexity-score,True,29,domain:.in;jsonld_india_address;state:Karnataka;phone:+91;city:bengaluru;indian_payment_gateway;currency:INR,json_ld_address,2,1,1,4,jsonld_or_dom_img,keyword_heuristics,metadata_or_headings,True,
https://ritikart.com,https://ritikart.com,200,True,32,window.Shopify;Shopify.shop;cdn.shopify.com;/cdn/shop/;shopify_core_js;shopify-section;shopify-payment-button;shopify_meta_attribute;header:shopify-complexity-score,True,28,jsonld_india_address;state:Odisha;phone:+91;city:pune;indian_payment_gateway;currency:INR,json_ld_address,2,1,1,6,jsonld_or_dom_img,keyword_heuristics,metadata_or_headings,True,
https://sareesmithila.com,https://sareesmithila.com,200,False,0,,False,0,,,0,0,0,0,,,,True,
https://shauryasanadhya.com,https://www.shauryasanadhya.com/,200,True,32,window.Shopify;Shopify.shop;cdn.shopify.com;/cdn/shop/;shopify_core_js;shopify-section;shopify-payment-button;shopify_meta_attribute;header:shopify-complexity-score,True,19,phone:+91;pin_code:411048;city:pune;indian_payment_gateway;currency:INR,city_pune,2,1,1,2,jsonld_or_dom_img,keyword_heuristics,metadata_or_headings,True,
https://homeomart.com,https://homeomart.com,200,True,28,window.Shopify;Shopify.shop;cdn.shopify.com;/cdn/shop/;shopify_core_js;shopify-section;header:shopify-complexity-score,True,22,gstin:29AAGCI5547P1ZR;phone:+91;pin_code:590014;city:bangalore;currency:INR,gstin_code_29,2,3,2,6,jsonld_or_dom_img,keyword_heuristics,metadata_or_headings,True,
https://thebeachcompany.in,https://www.thebeachcompany.in/,200,True,28,window.Shopify;Shopify.shop;cdn.shopify.com;/cdn/shop/;shopify_core_js;shopify-section;header:shopify-complexity-score,True,10,domain:.in;city:mumbai;indian_payment_gateway;currency:INR,city_mumbai,2,0,0,3,jsonld_or_dom_img,keyword_heuristics,metadata_or_headings,True,
https://romanfox.com,https://romanfox.com,200,True,32,window.Shopify;Shopify.shop;cdn.shopify.com;/cdn/shop/;shopify_core_js;shopify-section;shopify-payment-button;shopify_meta_attribute;header:shopify-complexity-score,True,11,phone:+91;city:delhi;currency:INR,city_delhi,2,2,2,0,jsonld_or_dom_img,keyword_heuristics,metadata_or_headings,True,
https://turtleonline.in,,0,False,0,,False,0,,,0,0,0,0,,,,False,Robots.txt blocks homepage
https://objectry.com,https://objectry.com,200,True,28,window.Shopify;Shopify.shop;cdn.shopify.com;/cdn/shop/;shopify_core_js;shopify-section;header:shopify-complexity-score,True,9,city:kolkata;indian_payment_gateway;currency:INR,city_kolkata,2,3,0,2,jsonld_or_dom_img,keyword_heuristics,metadata_or_headings,True,
https://quirksmith.com,https://quirksmith.com,200,True,28,window.Shopify;Shopify.shop;cdn.shopify.com;/cdn/shop/;shopify_core_js;shopify-section;header:shopify-complexity-score,True,16,phone:+91;pin_code:560035;city:bengaluru;currency:INR,city_bengaluru,2,1,1,5,jsonld_or_dom_img,keyword_heuristics,metadata_or_headings,True,
https://streetstylestalk.com,https://streetstylestalk.com,0,False,0,,False,0,,,0,0,0,0,,,,True,NetworkError: ConnectError
https://rdkl-u.myshopify.com,https://www.rdklu.com/,200,True,38,myshopify_subdomain;window.Shopify;Shopify.shop;cdn.shopify.com;/cdn/shop/;shopify_core_js;shopify-section;header:shopify-complexity-score,True,14,phone:+91;city:faridabad;indian_payment_gateway;currency:INR,city_faridabad,2,1,2,2,jsonld_or_dom_img,keyword_heuristics,metadata_or_headings,True,
https://bombayshavingcompany.com,https://www.bombayshavingcompany.com/,200,True,28,window.Shopify;Shopify.shop;cdn.shopify.com;/cdn/shop/;shopify_core_js;shopify-section;header:shopify-complexity-score,True,14,pin_code:110017;city:bangalore;indian_payment_gateway;currency:INR,city_bangalore,2,1,0,4,jsonld_or_dom_img,keyword_heuristics,metadata_or_headings,True,
https://deivee.com,https://deivee.com,200,True,28,window.Shopify;Shopify.shop;cdn.shopify.com;/cdn/shop/;shopify_core_js;shopify-section;header:shopify-complexity-score,True,16,phone:+91;pin_code:560038;city:bangalore;currency:INR,city_bangalore,2,1,1,0,jsonld_or_dom_img,keyword_heuristics,metadata_or_headings,True,
https://joshindia.com,https://www.joshindia.com/,200,True,30,window.Shopify;Shopify.shop;cdn.shopify.com;/cdn/shop/;shopify_core_js;shopify-section;shopify-payment-button;header:shopify-complexity-score,True,16,phone:+91;pin_code:395002;city:surat;currency:INR,city_surat,2,1,1,1,jsonld_or_dom_img,keyword_heuristics,metadata_or_headings,True,
https://giftbox2.myshopify.com,https://giftbox2.myshopify.com,200,True,38,myshopify_subdomain;window.Shopify;Shopify.shop;cdn.shopify.com;/cdn/shop/;shopify_core_js;shopify-section;header:shopify-complexity-score,True,7,phone:+91;currency:INR,,0,0,0,0,jsonld_or_dom_img,keyword_heuristics,metadata_or_headings,True,
https://fabriclore-com.myshopify.com,https://fabriclore.com/,200,True,10,myshopify_subdomain,True,16,phone:+91;pin_code:302017;city:jaipur;currency:INR,city_jaipur,2,0,1,3,jsonld_or_dom_img,keyword_heuristics,metadata_or_headings,True,
https://aestheticnation.co.in,https://aestheticnation.co.in,200,True,30,window.Shopify;Shopify.shop;cdn.shopify.com;/cdn/shop/;shopify_core_js;shopify-section;shopify-payment-button;header:shopify-complexity-score,True,30,domain:.co.in;jsonld_india_address;state:Maharashtra;phone:+91;city:bangalore;indian_payment_gateway;currency:INR,json_ld_address,2,1,0,2,jsonld_or_dom_img,keyword_heuristics,metadata_or_headings,True,
https://indubindu.com,https://www.indubindu.com/,200,True,28,window.Shopify;Shopify.shop;cdn.shopify.com;/cdn/shop/;shopify_core_js;shopify-section;header:shopify-complexity-score,True,14,phone:+91;city:noida;indian_payment_gateway;currency:INR,city_noida,2,2,0,3,jsonld_or_dom_img,keyword_heuristics,metadata_or_headings,True,
https://iruve.in,https://iruve.in,200,True,28,window.Shopify;Shopify.shop;cdn.shopify.com;/cdn/shop/;shopify_core_js;shopify-section;header:shopify-complexity-score,True,17,domain:.in;phone:+91;pin_code:560019;city:bengaluru;currency:INR,city_bengaluru,2,1,1,4,jsonld_or_dom_img,keyword_heuristics,metadata_or_headings,True,
https://spaces.in,https://spaces.in,200,True,28,window.Shopify;Shopify.shop;cdn.shopify.com;/cdn/shop/;shopify_core_js;shopify-section;header:shopify-complexity-score,True,15,domain:.in;phone:+91;city:mumbai;indian_payment_gateway;currency:INR,city_mumbai,2,1,1,3,jsonld_or_dom_img,keyword_heuristics,metadata_or_headings,True,
https://pulimoottilonline.com,https://pulimoottilonline.com,200,True,28,window.Shopify;Shopify.shop;cdn.shopify.com;/cdn/shop/;shopify_core_js;shopify-section;header:shopify-complexity-score,True,25,gstin:32AAIFP4906E1ZJ;phone:+91;pin_code:680020;city:kochi;indian_payment_gateway;currency:INR,gstin_code_32,2,6,8,5,jsonld_or_dom_img,keyword_heuristics,metadata_or_headings,True,
https://oilcure.com,https://www.oilcure.com/,200,True,28,window.Shopify;Shopify.shop;cdn.shopify.com;/cdn/shop/;shopify_core_js;shopify-section;header:shopify-complexity-score,True,9,city:bengaluru;indian_payment_gateway;currency:INR,city_bengaluru,2,0,0,0,jsonld_or_dom_img,keyword_heuristics,metadata_or_headings,True,
https://zivarcreations.com,https://www.zivarcreations.com/,200,True,28,window.Shopify;Shopify.shop;cdn.shopify.com;/cdn/shop/;shopify_core_js;shopify-section;header:shopify-complexity-score,True,16,phone:+91;pin_code:411001;city:pune;currency:INR,city_pune,2,1,2,4,jsonld_or_dom_img,keyword_heuristics,metadata_or_headings,True,
https://fbnutrition.com,https://fbnutrition.com,200,True,28,window.Shopify;Shopify.shop;cdn.shopify.com;/cdn/shop/;shopify_core_js;shopify-section;header:shopify-complexity-score,True,19,jsonld_india_address;phone:+91;city:mumbai;currency:INR,city_mumbai,2,1,1,7,jsonld_or_dom_img,keyword_heuristics,metadata_or_headings,True,
https://silverlineelectronics.in,https://www.silverlineelectronics.in/,200,True,30,window.Shopify;Shopify.shop;cdn.shopify.com;/cdn/shop/;shopify_core_js;shopify-section;shopify-payment-button;header:shopify-complexity-score,True,18,domain:.in;gstin:29AAZPC3444K1Z5;pin_code:560002;city:bangalore;currency:INR,gstin_code_29,2,2,2,2,jsonld_or_dom_img,keyword_heuristics,metadata_or_headings,True,
https://divyamantra.com,https://divyamantra.com,0,False,0,,False,0,,,0,0,0,0,,,,True,NetworkError: ConnectError
https://wolfattire.com,https://wolfattire.com,200,True,28,window.Shopify;Shopify.shop;cdn.shopify.com;/cdn/shop/;shopify_core_js;shopify-section;header:shopify-complexity-score,True,13,phone:+91;state:Karnataka;currency:INR,text_mention,2,1,2,2,jsonld_or_dom_img,keyword_heuristics,metadata_or_headings,True,
https://usedyetnew.com,,0,False,0,,False,0,,,0,0,0,0,,,,False,Robots.txt blocks homepage
https://wlend.in,https://neesa.gg/,200,False,0,,False,0,,,0,0,0,0,,,,True,
https://letsgearup.in,https://letsgearup.in,200,True,28,window.Shopify;Shopify.shop;cdn.shopify.com;/cdn/shop/;shopify_core_js;shopify-section;header:shopify-complexity-score,True,20,domain:.in;phone:+91;pin_code:560102;city:bengaluru;indian_payment_gateway;currency:INR,city_bengaluru,2,1,1,4,jsonld_or_dom_img,keyword_heuristics,metadata_or_headings,True,
https://brewingcricket.com,https://www.brewingcricket.com/password,200,True,28,window.Shopify;Shopify.shop;cdn.shopify.com;/cdn/shop/;shopify_core_js;shopify-section;header:shopify-complexity-score,False,2,currency:INR,,0,0,0,0,,,,True,
https://motocentral.in,https://motocentral.in,200,True,26,window.Shopify;Shopify.shop;cdn.shopify.com;/cdn/shop/;shopify_core_js;header:shopify-complexity-score,True,34,domain:.in;jsonld_india_address;state:Maharashtra;phone:+91;pin_code:411002;city:pune;indian_payment_gateway;currency:INR,json_ld_address,2,1,1,5,jsonld_or_dom_img,keyword_heuristics,metadata_or_headings,True,
https://moksha-oils.myshopify.com,https://shop.mokshalifestyle.com/,200,True,38,myshopify_subdomain;window.Shopify;Shopify.shop;cdn.shopify.com;/cdn/shop/;shopify_core_js;shopify-section;header:shopify-complexity-score,True,11,phone:+91;city:delhi;currency:INR,city_delhi,2,1,2,0,jsonld_or_dom_img,keyword_heuristics,metadata_or_headings,True,
https://2bhealthy.myshopify.com,https://www.tobehonest.in/,200,True,42,myshopify_subdomain;window.Shopify;Shopify.shop;cdn.shopify.com;/cdn/shop/;shopify_core_js;shopify-section;shopify-payment-button;shopify_meta_attribute;header:shopify-complexity-score,False,6,city:bangalore;currency:INR,city_bangalore,2,0,0,0,,,,True,
https://bangalorerefinery.com,https://www.bangalorerefinery.com/,200,True,28,window.Shopify;Shopify.shop;cdn.shopify.com;/cdn/shop/;shopify_core_js;shopify-section;header:shopify-complexity-score,True,16,phone:+91;pin_code:560058;city:bengaluru;currency:INR,city_bengaluru,2,2,10,3,jsonld_or_dom_img,keyword_heuristics,metadata_or_headings,True,
https://meggnoapptest.myshopify.com,https://meggnoapptest.myshopify.com,200,True,38,myshopify_subdomain;window.Shopify;Shopify.shop;cdn.shopify.com;/cdn/shop/;shopify_core_js;shopify-section;header:shopify-complexity-score,False,6,city:chennai;currency:INR,city_chennai,1,0,0,0,,,,True,
https://desipotli.com,https://desipotli.com,200,False,0,,False,0,,,0,0,0,0,,,,True,
https://niyara.in,https://www.niyara.in/,200,True,28,window.Shopify;Shopify.shop;cdn.shopify.com;/cdn/shop/;shopify_core_js;shopify-section;header:shopify-complexity-score,True,12,domain:.in;phone:+91;city:noida;currency:INR,city_noida,2,1,1,0,jsonld_or_dom_img,keyword_heuristics,metadata_or_headings,True,
https://teeshood.com,https://www.teeshood.com/,200,True,28,window.Shopify;Shopify.shop;cdn.shopify.com;/cdn/shop/;shopify_core_js;shopify-section;header:shopify-complexity-score,True,9,city:delhi;indian_payment_gateway;currency:INR,city_delhi,2,0,0,0,jsonld_or_dom_img,keyword_heuristics,metadata_or_headings,True,
https://leafstudios.in,https://www.leafstudios.in/,200,True,30,window.Shopify;Shopify.shop;cdn.shopify.com;/cdn/shop/;shopify_core_js;shopify-section;shopify-payment-button;header:shopify-complexity-score,True,29,domain:.in;jsonld_india_address;state:Delhi;phone:+91;city:delhi;indian_payment_gateway;currency:INR,json_ld_address,2,1,1,4,jsonld_or_dom_img,keyword_heuristics,metadata_or_headings,True,
https://tulipsmile.com,https://www.tulipsmile.com/,200,True,28,window.Shopify;Shopify.shop;cdn.shopify.com;/cdn/shop/;shopify_core_js;shopify-section;header:shopify-complexity-score,True,30,jsonld_india_address;state:Delhi;phone:+91;pin_code:110027;city:delhi;currency:INR,json_ld_address,2,2,1,1,jsonld_or_dom_img,keyword_heuristics,metadata_or_headings,True,
https://foxrobe.com,https://foxrobe.com,0,False,0,,False,0,,,0,0,0,0,,,,True,NetworkError: ConnectError
https://shopifytest9.myshopify.com,https://shopifytest9.myshopify.com,200,True,36,myshopify_subdomain;window.Shopify;Shopify.shop;cdn.shopify.com;/cdn/shop/;shopify_core_js;header:shopify-complexity-score,False,2,currency:INR,,1,0,0,0,,,,True,
https://shoppersfortune.com,https://shoppersfortune.com,200,True,28,window.Shopify;Shopify.shop;cdn.shopify.com;/cdn/shop/;shopify_core_js;shopify-section;header:shopify-complexity-score,True,10,phone:+91;indian_payment_gateway;currency:INR,,2,1,1,2,jsonld_or_dom_img,keyword_heuristics,metadata_or_headings,True,
https://hahaha-23.myshopify.com,https://hahaha-23.myshopify.com,200,True,36,myshopify_subdomain;window.Shopify;Shopify.shop;cdn.shopify.com;/cdn/shop/;shopify_core_js;header:shopify-complexity-score,False,2,currency:INR,,1,0,0,0,,,,True,
https://givo.com,https://www.givo.com/,200,True,30,window.Shopify;Shopify.shop;cdn.shopify.com;/cdn/shop/;shopify_core_js;shopify-section;shopify-payment-button;header:shopify-complexity-score,True,19,phone:+91;pin_code:110070;city:bangalore;indian_payment_gateway;currency:INR,city_bangalore,2,3,2,3,jsonld_or_dom_img,keyword_heuristics,metadata_or_headings,True,
https://gsir.in,https://gsir.in,200,False,0,,False,0,,,0,0,0,0,,,,True,
https://wedtree.com,https://www.wedtree.com/,200,True,30,window.Shopify;Shopify.shop;cdn.shopify.com;/cdn/shop/;shopify_core_js;shopify-section;shopify-payment-button;header:shopify-complexity-score,True,22,jsonld_india_address;phone:+91;city:chennai;indian_payment_gateway;currency:INR,city_chennai,2,1,1,3,jsonld_or_dom_img,keyword_heuristics,metadata_or_headings,True,
https://momzjoy.com,https://momzjoy.com,200,True,28,window.Shopify;Shopify.shop;cdn.shopify.com;/cdn/shop/;shopify_core_js;shopify-section;header:shopify-complexity-score,True,19,phone:+91;pin_code:118096;city:delhi;indian_payment_gateway;currency:INR,city_delhi,2,1,1,7,jsonld_or_dom_img,keyword_heuristics,metadata_or_headings,True,
https://goremarketdemo.myshopify.com,https://goremarketdemo.myshopify.com/password,200,True,36,myshopify_subdomain;window.Shopify;Shopify.shop;cdn.shopify.com;/cdn/shop/;shopify_core_js;header:shopify-complexity-score,True,7,phone:+91;currency:INR,,0,0,0,0,jsonld_or_dom_img,keyword_heuristics,metadata_or_headings,True,
https://necesera.com,https://www.necesera.com/,200,True,28,window.Shopify;Shopify.shop;cdn.shopify.com;/cdn/shop/;shopify_core_js;shopify-section;header:shopify-complexity-score,True,14,phone:+91;city:bangalore;indian_payment_gateway;currency:INR,city_bangalore,2,2,1,4,jsonld_or_dom_img,keyword_heuristics,metadata_or_headings,True,
https://redmint-shop.myshopify.com,https://redmint-shop.myshopify.com,200,True,38,myshopify_subdomain;window.Shopify;Shopify.shop;cdn.shopify.com;/cdn/shop/;shopify_core_js;shopify-section;header:shopify-complexity-score,False,2,currency:INR,,1,0,0,0,,,,True,
https://lafolie.in,https://lafolie.in,200,True,28,window.Shopify;Shopify.shop;cdn.shopify.com;/cdn/shop/;shopify_core_js;shopify-section;header:shopify-complexity-score,True,17,domain:.in;phone:+91;pin_code:400011;city:mumbai;currency:INR,city_mumbai,2,2,1,5,jsonld_or_dom_img,keyword_heuristics,metadata_or_headings,True,
https://reynafabrics.com,,0,False,0,,False,0,,,0,0,0,0,,,,False,Robots.txt blocks homepage
https://shutiq.com,https://www.shutiq.com/,200,True,28,window.Shopify;Shopify.shop;cdn.shopify.com;/cdn/shop/;shopify_core_js;shopify-section;header:shopify-complexity-score,True,11,pin_code:110015;city:delhi;currency:INR,city_delhi,2,0,0,2,jsonld_or_dom_img,keyword_heuristics,metadata_or_headings,True,
https://appulse.in,https://appulse.in,200,True,28,window.Shopify;Shopify.shop;cdn.shopify.com;/cdn/shop/;shopify_core_js;shopify-section;header:shopify-complexity-score,True,11,domain:.in;phone:+91;indian_payment_gateway;currency:INR,,2,1,1,0,jsonld_or_dom_img,keyword_heuristics,metadata_or_headings,True,
https://justcanon.in,https://www.justcanon.in/,200,True,30,window.Shopify;Shopify.shop;cdn.shopify.com;/cdn/shop/;shopify_core_js;shopify-section;shopify-payment-button;header:shopify-complexity-score,True,17,domain:.in;phone:+91;pin_code:110001;city:delhi;currency:INR,city_delhi,2,3,4,2,jsonld_or_dom_img,keyword_heuristics,metadata_or_headings,True,
https://missprintclothing.com,https://missprint.in/,200,True,28,window.Shopify;Shopify.shop;cdn.shopify.com;/cdn/shop/;shopify_core_js;shopify-section;header:shopify-complexity-score,True,14,phone:+91;city:mumbai;indian_payment_gateway;currency:INR,city_mumbai,2,1,0,2,jsonld_or_dom_img,keyword_heuristics,metadata_or_headings,True,
https://littlebird.in,https://www.littlebird.in/,200,True,28,window.Shopify;Shopify.shop;cdn.shopify.com;/cdn/shop/;shopify_core_js;shopify-section;header:shopify-complexity-score,False,6,domain:.in;indian_payment_gateway;currency:INR,,2,0,0,0,,,,True,
https://duisah.com,https://duisah.com,0,False,0,,False,0,,,0,0,0,0,,,,True,NetworkError: ConnectError
https://robocraze.com,https://robocraze.com,200,True,30,window.Shopify;Shopify.shop;cdn.shopify.com;/cdn/shop/;shopify_core_js;shopify-section;shopify-payment-button;header:shopify-complexity-score,True,14,phone:+91;city:bengaluru;indian_payment_gateway;currency:INR,city_bengaluru,2,1,1,6,jsonld_or_dom_img,keyword_heuristics,metadata_or_headings,True,
https://anokhiada.com,https://anokhiada.com,200,True,28,window.Shopify;Shopify.shop;cdn.shopify.com;/cdn/shop/;shopify_core_js;shopify-section;header:shopify-complexity-score,True,7,phone:+91;currency:INR,,2,1,2,3,jsonld_or_dom_img,keyword_heuristics,metadata_or_headings,True,
https://lifelongindiaonline.com,https://www.lifelongindiaonline.com/,200,True,28,window.Shopify;Shopify.shop;cdn.shopify.com;/cdn/shop/;shopify_core_js;shopify-section;header:shopify-complexity-score,True,19,phone:+91;pin_code:110017;city:pune;indian_payment_gateway;currency:INR,city_pune,2,1,1,4,jsonld_or_dom_img,keyword_heuristics,metadata_or_headings,True,
https://zippo.in,https://zippo.in,200,True,28,window.Shopify;Shopify.shop;cdn.shopify.com;/cdn/shop/;shopify_core_js;shopify-section;header:shopify-complexity-score,True,8,domain:.in;phone:+91;currency:INR,,2,1,0,5,jsonld_or_dom_img,keyword_heuristics,metadata_or_headings,True,
https://assamicaagro.in,https://www.assamicaagro.in/,200,True,28,window.Shopify;Shopify.shop;cdn.shopify.com;/cdn/shop/;shopify_core_js;shopify-section;header:shopify-complexity-score,True,19,domain:.in;phone:+91;pin_code:784507;state:Assam;currency:INR,text_mention,2,3,1,0,jsonld_or_dom_img,keyword_heuristics,metadata_or_headings,True,
https://tirupurfactorysale.com,https://tirupurfactorysale.com,0,False,0,,False,0,,,0,0,0,0,,,,True,NetworkError: ConnectError
https://bikenbiker.com,https://bikenbiker.com,200,True,5,cdn.shopify.com,True,33,jsonld_india_address;state:Karnataka;phone:+91;pin_code:560027;city:bengaluru;indian_payment_gateway;currency:INR,json_ld_address,2,1,1,3,jsonld_or_dom_img,keyword_heuristics,metadata_or_headings,True,
https://joynagar.com,https://joynagar.com,200,True,28,window.Shopify;Shopify.shop;cdn.shopify.com;/cdn/shop/;shopify_core_js;shopify-section;header:shopify-complexity-score,True,14,phone:+91;city:kolkata;indian_payment_gateway;currency:INR,city_kolkata,2,1,1,5,jsonld_or_dom_img,keyword_heuristics,metadata_or_headings,True,
https://herbalmaza.com,https://www.herbalmaza.com/,200,True,28,window.Shopify;Shopify.shop;cdn.shopify.com;/cdn/shop/;shopify_core_js;shopify-section;header:shopify-complexity-score,True,28,jsonld_india_address;state:Uttar Pradesh;phone:+91;city:bengaluru;indian_payment_gateway;currency:INR,json_ld_address,2,1,2,7,jsonld_or_dom_img,keyword_heuristics,metadata_or_headings,True,
https://goodricketea.com,https://goodricketea.com,200,True,28,window.Shopify;Shopify.shop;cdn.shopify.com;/cdn/shop/;shopify_core_js;shopify-section;header:shopify-complexity-score,True,19,phone:+91;pin_code:700019;city:kolkata;indian_payment_gateway;currency:INR,city_kolkata,2,1,2,4,jsonld_or_dom_img,keyword_heuristics,metadata_or_headings,True,
https://jamsticks.com,https://www.jamsticks.com/,200,True,26,window.Shopify;Shopify.shop;cdn.shopify.com;/cdn/shop/;shopify_core_js;header:shopify-complexity-score,True,30,jsonld_india_address;state:Karnataka;phone:+91;pin_code:560078;city:bangalore;currency:INR,json_ld_address,2,1,1,3,jsonld_or_dom_img,keyword_heuristics,metadata_or_headings,True,
https://venetiandesign.myshopify.com,https://www.venetiandesign.in/,200,True,38,myshopify_subdomain;window.Shopify;Shopify.shop;cdn.shopify.com;/cdn/shop/;shopify_core_js;shopify-section;header:shopify-complexity-score,True,11,phone:+91;city:nagpur;currency:INR,city_nagpur,2,1,2,3,jsonld_or_dom_img,keyword_heuristics,metadata_or_headings,True,
https://brillare.co.in,https://www.brillare.co.in/,200,True,28,window.Shopify;Shopify.shop;cdn.shopify.com;/cdn/shop/;shopify_core_js;shopify-section;header:shopify-complexity-score,True,18,domain:.co.in;phone:+91;pin_code:380054;city:ahmedabad;currency:INR,city_ahmedabad,2,2,2,4,jsonld_or_dom_img,keyword_heuristics,metadata_or_headings,True,
https://seeandwear.com,https://seeandwear.com,200,True,28,window.Shopify;Shopify.shop;cdn.shopify.com;/cdn/shop/;shopify_core_js;shopify-section;header:shopify-complexity-score,True,25,jsonld_india_address;state:Uttar Pradesh;phone:+91;city:mumbai;currency:INR,json_ld_address,2,1,1,3,jsonld_or_dom_img,keyword_heuristics,metadata_or_headings,True,
https://triprindia.com,https://triprindia.com,200,True,32,window.Shopify;Shopify.shop;cdn.shopify.com;/cdn/shop/;shopify_core_js;shopify-section;shopify-payment-button;shopify_meta_attribute;header:shopify-complexity-score,True,10,phone:+91;indian_payment_gateway;currency:INR,,2,1,1,3,jsonld_or_dom_img,keyword_heuristics,metadata_or_headings,True,
https://ygeiax.com,https://ygeiax.com,200,True,28,window.Shopify;Shopify.shop;cdn.shopify.com;/cdn/shop/;shopify_core_js;shopify-section;header:shopify-complexity-score,True,16,phone:+91;state:Himachal Pradesh;indian_payment_gateway;currency:INR,text_mention,2,1,1,4,jsonld_or_dom_img,keyword_heuristics,metadata_or_headings,True,
https://goathlos.com,https://goathlos.com,200,True,28,window.Shopify;Shopify.shop;cdn.shopify.com;/cdn/shop/;shopify_core_js;shopify-section;header:shopify-complexity-score,True,19,phone:+91;pin_code:400083;city:mumbai;indian_payment_gateway;currency:INR,city_mumbai,2,3,1,6,jsonld_or_dom_img,keyword_heuristics,metadata_or_headings,True,
https://vividartsy.com,,0,False,0,,False,0,,,0,0,0,0,,,,False,Robots.txt blocks homepage
https://farmersstop.com,https://www.farmersstop.com/,200,True,30,window.Shopify;Shopify.shop;cdn.shopify.com;/cdn/shop/;shopify_core_js;shopify-section;shopify-payment-button;header:shopify-complexity-score,True,14,phone:+91;city:jaipur;indian_payment_gateway;currency:INR,city_jaipur,2,2,2,3,jsonld_or_dom_img,keyword_heuristics,metadata_or_headings,True,
https://echora.com,https://echora.com,0,False,0,,False,0,,,0,0,0,0,,,,True,NetworkError: ConnectError
https://outback.life,https://outback.life,200,True,28,window.Shopify;Shopify.shop;cdn.shopify.com;/cdn/shop/;shopify_core_js;shopify-section;header:shopify-complexity-score,True,25,jsonld_india_address;state:Delhi;phone:+91;city:delhi;currency:INR,json_ld_address,2,0,0,6,jsonld_or_dom_img,keyword_heuristics,metadata_or_headings,True,
https://doodlage.in,https://doodlage.in,200,True,28,window.Shopify;Shopify.shop;cdn.shopify.com;/cdn/shop/;shopify_core_js;shopify-section;header:shopify-complexity-score,True,23,domain:.in;gstin:07AAJCD8566C1ZH;phone:+91;pin_code:110030;city:delhi;currency:INR,gstin_code_07,2,2,1,4,jsonld_or_dom_img,keyword_heuristics,metadata_or_headings,True,
https://rawnaturecompany.com,https://rawnaturecompany.com,0,False,0,,False,0,,,0,0,0,0,,,,True,NetworkError: ConnectError
https://glamrs.com,https://glamrs.com,200,True,21,window.Shopify;Shopify.shop;cdn.shopify.com;shopify_core_js;shopify-section,False,6,city:mumbai;currency:INR,city_mumbai,0,0,0,0,,,,True,
https://wisholize.com,https://www.wisholize.com/,200,True,28,window.Shopify;Shopify.shop;cdn.shopify.com;/cdn/shop/;shopify_core_js;shopify-section;header:shopify-complexity-score,True,7,phone:+91;currency:INR,,2,0,1,4,jsonld_or_dom_img,keyword_heuristics,metadata_or_headings,True,
https://nuttygritties.com,https://nuttygritties.com,200,True,28,window.Shopify;Shopify.shop;cdn.shopify.com;/cdn/shop/;shopify_core_js;shopify-section;header:shopify-complexity-score,True,19,phone:+91;pin_code:110020;city:delhi;indian_payment_gateway;currency:INR,city_delhi,2,2,1,4,jsonld_or_dom_img,keyword_heuristics,metadata_or_headings,True,
https://chickpetsarees.com,,0,False,0,,False,0,,,0,0,0,0,,,,False,Robots.txt blocks homepage
https://bonorganics.com,https://www.bonorganics.com/,200,True,28,window.Shopify;Shopify.shop;cdn.shopify.com;/cdn/shop/;shopify_core_js;shopify-section;header:shopify-complexity-score,True,13,phone:+91;state:Tamil Nadu;currency:INR,text_mention,2,4,2,3,jsonld_or_dom_img,keyword_heuristics,metadata_or_headings,True,
https://madewithspin.com,https://www.madewithspin.com/,200,True,30,window.Shopify;Shopify.shop;cdn.shopify.com;/cdn/shop/;shopify_core_js;shopify-section;shopify-payment-button;header:shopify-complexity-score,True,14,phone:+91;city:delhi;indian_payment_gateway;currency:INR,city_delhi,2,1,2,4,jsonld_or_dom_img,keyword_heuristics,metadata_or_headings,True,
https://tapetum.in,https://www.tapetum.in/,200,False,0,,False,0,,,0,0,0,0,,,,True,
https://panchhipetha.com,https://panchhipetha.com,200,True,30,window.Shopify;Shopify.shop;cdn.shopify.com;/cdn/shop/;shopify_core_js;shopify-section;shopify-payment-button;header:shopify-complexity-score,True,17,gstin:09AADCP3778J1ZW;phone:+91;city:kolkata;currency:INR,gstin_code_09,2,1,1,0,jsonld_or_dom_img,keyword_heuristics,metadata_or_headings,True,
https://deccanmountainclub.com,https://www.deccanmountainclub.com/,200,True,28,window.Shopify;Shopify.shop;cdn.shopify.com;/cdn/shop/;shopify_core_js;shopify-section;header:shopify-complexity-score,True,14,phone:+91;city:kolkata;indian_payment_gateway;currency:INR,city_kolkata,0,0,0,0,jsonld_or_dom_img,keyword_heuristics,metadata_or_headings,True,
https://wear.style,https://wear.style,200,False,0,,False,0,,,0,0,0,0,,,,True,
https://logiixx.com,https://logiixx.com,0,False,0,,False,0,,,0,0,0,0,,,,True,NetworkError: ConnectError
https://timbertaste.com,,0,False,0,,False,0,,,0,0,0,0,,,,False,Robots.txt blocks homepage
https://aceworld.in,https://aceworld.in,200,False,0,,False,0,,,0,0,0,0,,,,True,
https://modaelementi.com,https://www.modaelementi.com/,200,True,28,window.Shopify;Shopify.shop;cdn.shopify.com;/cdn/shop/;shopify_core_js;shopify-section;header:shopify-complexity-score,True,11,phone:+91;city:bangalore;currency:INR,city_bangalore,2,1,2,3,jsonld_or_dom_img,keyword_heuristics,metadata_or_headings,True,
https://fancydresswale.com,https://www.fancydresswale.com/,200,True,28,window.Shopify;Shopify.shop;cdn.shopify.com;/cdn/shop/;shopify_core_js;shopify-section;header:shopify-complexity-score,True,19,jsonld_india_address;phone:+91;city:bangalore;currency:INR,city_bangalore,2,1,1,4,jsonld_or_dom_img,keyword_heuristics,metadata_or_headings,True,
https://ceasefireonlineshop.com,https://www.ceasefireonlineshop.com/,200,True,26,window.Shopify;Shopify.shop;cdn.shopify.com;/cdn/shop/;shopify_core_js;header:shopify-complexity-score,True,11,phone:+91;city:bangalore;currency:INR,city_bangalore,2,1,3,4,jsonld_or_dom_img,keyword_heuristics,metadata_or_headings,True,
https://silberuh.com,https://www.silberuh.com/,200,True,28,window.Shopify;Shopify.shop;cdn.shopify.com;/cdn/shop/;shopify_core_js;shopify-section;header:shopify-complexity-score,True,19,phone:+91;pin_code:302021;city:jaipur;indian_payment_gateway;currency:INR,city_jaipur,2,1,0,3,jsonld_or_dom_img,keyword_heuristics,metadata_or_headings,True,
https://ivrah.com,https://www.ivrah.com/,200,True,28,window.Shopify;Shopify.shop;cdn.shopify.com;/cdn/shop/;shopify_core_js;shopify-section;header:shopify-complexity-score,True,10,phone:+91;indian_payment_gateway;currency:INR,,2,1,1,1,jsonld_or_dom_img,keyword_heuristics,metadata_or_headings,True,
https://theblackcanvas.in,https://www.theblackcanvas.in/,200,True,28,window.Shopify;Shopify.shop;cdn.shopify.com;/cdn/shop/;shopify_core_js;shopify-section;header:shopify-complexity-score,True,12,domain:.in;phone:+91;city:bengaluru;currency:INR,city_bengaluru,2,1,1,3,jsonld_or_dom_img,keyword_heuristics,metadata_or_headings,True,
https://bluebuddha.co.in,https://bluebuddha.co.in,200,True,28,window.Shopify;Shopify.shop;cdn.shopify.com;/cdn/shop/;shopify_core_js;shopify-section;header:shopify-complexity-score,True,13,domain:.co.in;phone:+91;city:ahmedabad;currency:INR,city_ahmedabad,2,2,1,4,jsonld_or_dom_img,keyword_heuristics,metadata_or_headings,True,
https://flirtatious.in,https://flirtatious.in,200,True,30,window.Shopify;Shopify.shop;cdn.shopify.com;/cdn/shop/;shopify_core_js;shopify-section;shopify-payment-button;header:shopify-complexity-score,True,20,domain:.in;phone:+91;pin_code:400049;city:mumbai;indian_payment_gateway;currency:INR,city_mumbai,2,1,2,2,jsonld_or_dom_img,keyword_heuristics,metadata_or_headings,True,
https://sugnamal.com,https://www.sugnamal.com/,200,True,28,window.Shopify;Shopify.shop;cdn.shopify.com;/cdn/shop/;shopify_core_js;shopify-section;header:shopify-complexity-score,True,14,phone:+91;city:lucknow;indian_payment_gateway;currency:INR,city_lucknow,2,1,3,2,jsonld_or_dom_img,keyword_heuristics,metadata_or_headings,True,
https://scentkart.com,https://scentkart.com,200,True,28,window.Shopify;Shopify.shop;cdn.shopify.com;/cdn/shop/;shopify_core_js;shopify-section;header:shopify-complexity-score,True,14,phone:+91;city:lucknow;indian_payment_gateway;currency:INR,city_lucknow,2,1,1,4,jsonld_or_dom_img,keyword_heuristics,metadata_or_headings,True,
https://shivangiclothing.com,https://www.shivangiclothing.com/,200,True,30,window.Shopify;Shopify.shop;cdn.shopify.com;/cdn/shop/;shopify_core_js;shopify-section;shopify-payment-button;header:shopify-complexity-score,True,33,jsonld_india_address;state:Tamil Nadu;phone:+91;pin_code:641062;city:bangalore;indian_payment_gateway;currency:INR,json_ld_address,2,2,2,5,jsonld_or_dom_img,keyword_heuristics,metadata_or_headings,True,
https://brainsmith.in,https://www.brainsmith.in/,200,True,28,window.Shopify;Shopify.shop;cdn.shopify.com;/cdn/shop/;shopify_core_js;shopify-section;header:shopify-complexity-score,True,12,domain:.in;pin_code:400050;city:mumbai;currency:INR,city_mumbai,2,0,0,5,jsonld_or_dom_img,keyword_heuristics,metadata_or_headings,True,
https://roohworld.com,https://roohworld.com,0,False,0,,False,0,,,0,0,0,0,,,,True,NetworkError: ConnectError
https://decorze.com,https://www.decorze.com/,200,True,26,window.Shopify;Shopify.shop;cdn.shopify.com;/cdn/shop/;shopify_core_js;header:shopify-complexity-score,True,14,pin_code:560026;city:bangalore;indian_payment_gateway;currency:INR,city_bangalore,2,1,0,3,jsonld_or_dom_img,keyword_heuristics,metadata_or_headings,True,
https://shoplle.com,https://shoplle.com,200,True,32,window.Shopify;Shopify.shop;cdn.shopify.com;/cdn/shop/;shopify_core_js;shopify-section;shopify-payment-button;shopify_meta_attribute;header:shopify-complexity-score,True,7,phone:+91;currency:INR,,2,0,0,0,jsonld_or_dom_img,keyword_heuristics,metadata_or_headings,True,
https://stylehomez.com,https://stylehomez.com,200,True,28,window.Shopify;Shopify.shop;cdn.shopify.com;/cdn/shop/;shopify_core_js;shopify-section;header:shopify-complexity-score,True,11,phone:+91;city:faridabad;currency:INR,city_faridabad,1,1,0,3,jsonld_or_dom_img,keyword_heuristics,metadata_or_headings,True,
https://mykitchenmix.com,https://mykitchenmix.com,0,False,0,,False,0,,,0,0,0,0,,,,True,NetworkError: ConnectError
https://ikatindia.com,https://ikatindia.com,200,True,28,window.Shopify;Shopify.shop;cdn.shopify.com;/cdn/shop/;shopify_core_js;shopify-section;header:shopify-complexity-score,True,16,phone:+91;pin_code:110003;city:mumbai;currency:INR,city_mumbai,2,0,5,2,jsonld_or_dom_img,keyword_heuristics,metadata_or_headings,True,
https://bluebirdsolar.com,https://bluebirdsolar.com,200,True,30,window.Shopify;Shopify.shop;cdn.shopify.com;/cdn/shop/;shopify_core_js;shopify-section;shopify_meta_attribute;header:shopify-complexity-score,True,33,jsonld_india_address;state:Delhi;phone:+91;pin_code:110033;city:delhi;indian_payment_gateway;currency:INR,json_ld_address,2,2,2,7,jsonld_or_dom_img,keyword_heuristics,metadata_or_headings,True,
https://monrow.in,https://www.monrow.in/,200,True,28,window.Shopify;Shopify.shop;cdn.shopify.com;/cdn/shop/;shopify_core_js;shopify-section;header:shopify-complexity-score,True,15,domain:.in;phone:+91;city:kolkata;indian_payment_gateway;currency:INR,city_kolkata,2,1,2,5,jsonld_or_dom_img,keyword_heuristics,metadata_or_headings,True,
https://trycone.com,https://trycone.com,200,True,32,window.Shopify;Shopify.shop;cdn.shopify.com;/cdn/shop/;shopify_core_js;shopify-section;shopify-payment-button;shopify_meta_attribute;header:shopify-complexity-score,True,19,phone:+91;pin_code:391410;city:kolkata;indian_payment_gateway;currency:INR,city_kolkata,2,1,1,4,jsonld_or_dom_img,keyword_heuristics,metadata_or_headings,True,
https://lensfit.com,https://lensfit.com,0,False,0,,False,0,,,0,0,0,0,,,,True,NetworkError: ConnectError
https://stylesplash.in,https://stylesplash.in,200,True,28,window.Shopify;Shopify.shop;cdn.shopify.com;/cdn/shop/;shopify_core_js;shopify-section;header:shopify-complexity-score,True,12,domain:.in;phone:+91;city:mumbai;currency:INR,city_mumbai,2,1,0,2,jsonld_or_dom_img,keyword_heuristics,metadata_or_headings,True,
https://rootbridges.com,https://rootbridges.com,200,False,0,,False,0,,,0,0,0,0,,,,True,HTTP 200
https://drvaidyas.com,https://drvaidyas.com,200,True,28,window.Shopify;Shopify.shop;cdn.shopify.com;/cdn/shop/;shopify_core_js;shopify-section;header:shopify-complexity-score,True,11,phone:+91;city:hyderabad;currency:INR,city_hyderabad,2,0,0,3,jsonld_or_dom_img,keyword_heuristics,metadata_or_headings,True,
https://bestomart.com,https://www.bestomart.com/,200,True,28,window.Shopify;Shopify.shop;cdn.shopify.com;/cdn/shop/;shopify_core_js;shopify-section;header:shopify-complexity-score,True,21,jsonld_india_address;state:Tamil Nadu;phone:+91;currency:INR,json_ld_address,2,0,2,5,jsonld_or_dom_img,keyword_heuristics,metadata_or_headings,True,
https://dolphinbeanbags.com,https://dolphinbeanbags.com,200,False,0,,False,0,,,0,0,0,0,,,,True,
https://knobskart.com,https://knobskart.com,200,True,28,window.Shopify;Shopify.shop;cdn.shopify.com;/cdn/shop/;shopify_core_js;shopify-payment-button;header:shopify-complexity-score,True,14,phone:+91;city:kolkata;indian_payment_gateway;currency:INR,city_kolkata,2,4,2,4,jsonld_or_dom_img,keyword_heuristics,metadata_or_headings,True,
https://theindianbean.com,https://theindianbean.com,200,True,21,window.Shopify;Shopify.shop;cdn.shopify.com;shopify_core_js;shopify-section,True,16,phone:+91;pin_code:400053;city:mumbai;currency:INR,city_mumbai,2,0,1,0,jsonld_or_dom_img,keyword_heuristics,metadata_or_headings,True,
https://smbcart.com,https://smbcart.com,200,False,0,,False,0,,,0,0,0,0,,,,True,
https://ichostudio.com,https://ichostudio.com,200,True,28,window.Shopify;Shopify.shop;cdn.shopify.com;/cdn/shop/;shopify_core_js;shopify-section;header:shopify-complexity-score,False,6,city:delhi;currency:INR,city_delhi,2,0,0,0,,,,True,
https://ahilyajewels.com,,0,False,0,,False,0,,,0,0,0,0,,,,False,Robots.txt blocks homepage
https://coldkart.com,,0,False,0,,False,0,,,0,0,0,0,,,,False,Robots.txt blocks homepage
https://garuda-ss.com,https://garuda-ss.com,200,True,30,window.Shopify;Shopify.shop;cdn.shopify.com;/cdn/shop/;shopify_core_js;shopify-section;shopify-payment-button;header:shopify-complexity-score,True,11,phone:+91;city:chandigarh;currency:INR,city_chandigarh,2,2,0,2,jsonld_or_dom_img,keyword_heuristics,metadata_or_headings,True,
https://ankapurchicken.com,https://ankapurchicken.com,200,False,0,,False,0,,,0,0,0,0,,,,True,
https://gleamberry.com,https://gleamberry.com,200,False,0,,False,0,,,0,0,0,0,,,,True,
https://sewbery.com,https://sewbery.com,0,False,0,,False,0,,,0,0,0,0,,,,True,NetworkError: ConnectError
https://pinklay.com,https://www.pinklay.com/,200,True,30,window.Shopify;Shopify.shop;cdn.shopify.com;/cdn/shop/;shopify_core_js;shopify-section;shopify-payment-button;header:shopify-complexity-score,True,14,phone:+91;city:bengaluru;indian_payment_gateway;currency:INR,city_bengaluru,2,2,1,4,jsonld_or_dom_img,keyword_heuristics,metadata_or_headings,True,
https://vedicus.com,https://blogs.vedicus.com,200,False,0,,False,0,,,0,0,0,0,,,,True,
https://fortunearrt.com,https://fortunearrt.com,200,False,0,,False,0,,,0,0,0,0,,,,True,
https://exoticaorchids.in,https://exoticaorchids.in,200,True,28,window.Shopify;Shopify.shop;cdn.shopify.com;/cdn/shop/;shopify_core_js;shopify-section;header:shopify-complexity-score,True,14,domain:.in;phone:+91;state:West Bengal;currency:INR,text_mention,2,1,2,0,jsonld_or_dom_img,keyword_heuristics,metadata_or_headings,True,
https://shopekta.com,https://shopekta.com/password,200,True,28,window.Shopify;Shopify.shop;cdn.shopify.com;/cdn/shop/;shopify_core_js;shopify-section;header:shopify-complexity-score,False,2,currency:INR,,0,0,0,0,,,,True,
https://houseoftaamara.com,https://houseoftaamara.com,200,True,28,window.Shopify;Shopify.shop;cdn.shopify.com;/cdn/shop/;shopify_core_js;shopify-section;header:shopify-complexity-score,True,14,phone:+91;city:bangalore;indian_payment_gateway;currency:INR,city_bangalore,2,1,1,3,jsonld_or_dom_img,keyword_heuristics,metadata_or_headings,True,
https://tdtworld.com,https://tdtworld.com,0,False,0,,False,0,,,0,0,0,0,,,,True,NetworkError: ConnectError
https://shopfreelance.com,https://shopfreelance.com,200,True,28,window.Shopify;Shopify.shop;cdn.shopify.com;/cdn/shop/;shopify_core_js;shopify-section;header:shopify-complexity-score,True,16,phone:+91;pin_code:110035;city:delhi;currency:INR,city_delhi,2,2,1,5,jsonld_or_dom_img,keyword_heuristics,metadata_or_headings,True,
https://benoit.fashion,,0,False,0,,False,0,,,0,0,0,0,,,,False,Robots.txt blocks homepage
https://lonerangerindia.com,https://lonerangerindia.com,200,True,30,window.Shopify;Shopify.shop;cdn.shopify.com;/cdn/shop/;shopify_core_js;shopify-section;shopify-payment-button;header:shopify-complexity-score,True,14,phone:+91;city:noida;indian_payment_gateway;currency:INR,city_noida,2,1,1,4,jsonld_or_dom_img,keyword_heuristics,metadata_or_headings,True,
https://newindiafashion.com,https://newindiafashion.com,200,True,26,window.Shopify;Shopify.shop;cdn.shopify.com;/cdn/shop/;shopify_core_js;header:shopify-complexity-score,False,6,city:bangalore;currency:INR,city_bangalore,2,0,0,0,,,,True,
https://paypal-setup.myshopify.com,https://paypal-setup.myshopify.com,200,True,38,myshopify_subdomain;window.Shopify;Shopify.shop;cdn.shopify.com;/cdn/shop/;shopify_core_js;shopify-section;header:shopify-complexity-score,False,2,currency:INR,,0,0,0,0,,,,True,
https://mobizang.com,https://mobizang.com,0,False,0,,False,0,,,0,0,0,0,,,,True,NetworkError: ConnectError
https://nordlich.com,https://nordlich.com,200,True,32,window.Shopify;Shopify.shop;cdn.shopify.com;/cdn/shop/;shopify_core_js;shopify-section;shopify-payment-button;shopify_meta_attribute;header:shopify-complexity-score,True,9,city:noida;indian_payment_gateway;currency:INR,city_noida,2,1,0,2,jsonld_or_dom_img,keyword_heuristics,metadata_or_headings,True,
https://tyaani.com,https://tyaani.com,200,True,30,window.Shopify;Shopify.shop;cdn.shopify.com;/cdn/shop/;shopify_core_js;shopify-section;shopify-payment-button;header:shopify-complexity-score,True,16,phone:+91;pin_code:395001;city:bengaluru;currency:INR,city_bengaluru,2,1,15,3,jsonld_or_dom_img,keyword_heuristics,metadata_or_headings,True,
https://whysobluelove.com,https://whysobluelove.com,200,True,28,window.Shopify;Shopify.shop;cdn.shopify.com;/cdn/shop/;shopify_core_js;shopify-section;header:shopify-complexity-score,True,14,phone:+91;city:mumbai;indian_payment_gateway;currency:INR,city_mumbai,2,1,2,3,jsonld_or_dom_img,keyword_heuristics,metadata_or_headings,True,
https://desicallyethnic.com,https://desicallyethnic.com,200,True,30,window.Shopify;Shopify.shop;cdn.shopify.com;/cdn/shop/;shopify_core_js;shopify-section;shopify-payment-button;header:shopify-complexity-score,True,14,phone:+91;city:kolkata;indian_payment_gateway;currency:INR,city_kolkata,2,1,1,3,jsonld_or_dom_img,keyword_heuristics,metadata_or_headings,True,
https://berrylush.com,https://www.berrylush.com/password,200,True,28,window.Shopify;Shopify.shop;cdn.shopify.com;/cdn/shop/;shopify_core_js;shopify-section;header:shopify-complexity-score,False,2,currency:INR,,0,0,0,0,,,,True,
https://bloomsvilla.com,https://www.bloomsvilla.com/,200,True,28,window.Shopify;Shopify.shop;cdn.shopify.com;/cdn/shop/;shopify_core_js;shopify-section;header:shopify-complexity-score,True,14,pin_code:380005;city:bengaluru;indian_payment_gateway;currency:INR,city_bengaluru,2,3,0,5,jsonld_or_dom_img,keyword_heuristics,metadata_or_headings,True,
https://saugaat.in,,0,False,0,,False,0,,,0,0,0,0,,,,False,Robots.txt blocks homepage
https://memeraki.com,https://www.memeraki.com/,200,True,28,window.Shopify;Shopify.shop;cdn.shopify.com;/cdn/shop/;shopify_core_js;shopify-section;header:shopify-complexity-score,True,27,jsonld_india_address;phone:+91;pin_code:110070;city:mumbai;indian_payment_gateway;currency:INR,city_mumbai,2,1,2,6,jsonld_or_dom_img,keyword_heuristics,metadata_or_headings,True,
https://boldgal.com,,0,False,0,,False,0,,,0,0,0,0,,,,False,Robots.txt blocks homepage
https://jokerandwitch.com,https://jokerandwitch.com,200,True,28,window.Shopify;Shopify.shop;cdn.shopify.com;/cdn/shop/;shopify_core_js;shopify-section;header:shopify-complexity-score,True,28,jsonld_india_address;state:Karnataka;pin_code:560023;city:bengaluru;indian_payment_gateway;currency:INR,json_ld_address,2,1,1,5,jsonld_or_dom_img,keyword_heuristics,metadata_or_headings,True,
https://homecanvas.com,https://homecanvas.com,200,True,30,window.Shopify;Shopify.shop;cdn.shopify.com;/cdn/shop/;shopify_core_js;shopify-section;shopify-payment-button;header:shopify-complexity-score,True,24,jsonld_india_address;phone:+91;pin_code:560075;city:bangalore;currency:INR,city_bangalore,2,1,1,2,jsonld_or_dom_img,keyword_heuristics,metadata_or_headings,True,
https://buynewtrend.com,https://www.buynewtrend.com/,200,True,28,window.Shopify;Shopify.shop;cdn.shopify.com;/cdn/shop/;shopify_core_js;shopify-section;header:shopify-complexity-score,True,25,jsonld_india_address;state:Delhi;phone:+91;city:delhi;currency:INR,json_ld_address,2,1,1,3,jsonld_or_dom_img,keyword_heuristics,metadata_or_headings,True,
https://utmt.in,https://www.utmt.in/,200,True,30,window.Shopify;Shopify.shop;cdn.shopify.com;/cdn/shop/;shopify_core_js;shopify-section;shopify-payment-button;header:shopify-complexity-score,True,20,domain:.in;phone:+91;pin_code:400013;city:mumbai;indian_payment_gateway;currency:INR,city_mumbai,2,2,1,0,jsonld_or_dom_img,keyword_heuristics,metadata_or_headings,True,
https://hokmakeup.com,https://hokmakeup.com,200,True,32,window.Shopify;Shopify.shop;cdn.shopify.com;/cdn/shop/;shopify_core_js;shopify-section;shopify-payment-button;shopify_meta_attribute;header:shopify-complexity-score,True,28,jsonld_india_address;state:Delhi;phone:+91;city:pune;indian_payment_gateway;currency:INR,json_ld_address,2,1,1,3,jsonld_or_dom_img,keyword_heuristics,metadata_or_headings,True,
https://shoponcliq.com,https://shoponcliq.com,200,True,28,window.Shopify;Shopify.shop;cdn.shopify.com;/cdn/shop/;shopify_core_js;shopify-section;header:shopify-complexity-score,True,16,phone:+91;pin_code:110008;city:delhi;currency:INR,city_delhi,2,4,1,4,jsonld_or_dom_img,keyword_heuristics,metadata_or_headings,True,
https://shop-1172.myshopify.com,https://shop-1172.myshopify.com,200,True,36,myshopify_subdomain;window.Shopify;Shopify.shop;cdn.shopify.com;/cdn/shop/;shopify_core_js;header:shopify-complexity-score,True,7,phone:+91;currency:INR,,2,1,1,4,jsonld_or_dom_img,keyword_heuristics,metadata_or_headings,True,
https://unitedeals.com,https://unitedeals.com,0,False,0,,False,0,,,0,0,0,0,,,,True,NetworkError: ConnectError
https://therevolverclub.com,https://www.therevolverclub.com/,200,True,32,window.Shopify;Shopify.shop;cdn.shopify.com;/cdn/shop/;shopify_core_js;shopify-section;shopify-payment-button;shopify_meta_attribute;header:shopify-complexity-score,True,25,gstin:27ABCDE1234F1Z5;phone:+91;pin_code:400016;city:mumbai;indian_payment_gateway;currency:INR,gstin_code_27,2,2,3,4,jsonld_or_dom_img,keyword_heuristics,metadata_or_headings,True,
https://candyskin.com,https://www.candyskin.com/,200,True,28,window.Shopify;Shopify.shop;cdn.shopify.com;/cdn/shop/;shopify_core_js;shopify-section;header:shopify-complexity-score,True,19,phone:+91;pin_code:400053;city:mumbai;indian_payment_gateway;currency:INR,city_mumbai,2,2,1,3,jsonld_or_dom_img,keyword_heuristics,metadata_or_headings,True,
https://thebombaycanteen.com,https://thebombaycanteen.com,200,True,28,window.Shopify;Shopify.shop;cdn.shopify.com;/cdn/shop/;shopify_core_js;shopify-section;header:shopify-complexity-score,True,16,phone:+91;pin_code:400013;city:mumbai;currency:INR,city_mumbai,1,1,1,3,jsonld_or_dom_img,keyword_heuristics,metadata_or_headings,True,
https://allureartworx.com,https://allureartworx.com,200,True,30,window.Shopify;Shopify.shop;cdn.shopify.com;/cdn/shop/;shopify_core_js;shopify-section;shopify-payment-button;header:shopify-complexity-score,True,16,phone:+91;pin_code:400057;city:mumbai;currency:INR,city_mumbai,2,1,2,3,jsonld_or_dom_img,keyword_heuristics,metadata_or_headings,True,
https://earlyfoods.com,https://earlyfoods.com,200,True,28,window.Shopify;Shopify.shop;cdn.shopify.com;/cdn/shop/;shopify_core_js;shopify-section;header:shopify-complexity-score,True,7,phone:+91;currency:INR,,2,1,2,3,jsonld_or_dom_img,keyword_heuristics,metadata_or_headings,True,
https://shop.mirakin.com,https://shop.mirakin.com,200,True,28,window.Shopify;Shopify.shop;cdn.shopify.com;/cdn/shop/;shopify_core_js;shopify-section;header:shopify-complexity-score,True,14,phone:+91;city:delhi;indian_payment_gateway;currency:INR,city_delhi,2,0,2,4,jsonld_or_dom_img,keyword_heuristics,metadata_or_headings,True,
https://rohitkamra.com,https://rohitkamra.com,200,True,28,window.Shopify;Shopify.shop;cdn.shopify.com;/cdn/shop/;shopify_core_js;shopify-section;header:shopify-complexity-score,True,30,jsonld_india_address;state:Rajasthan;phone:+91;pin_code:302001;city:jaipur;currency:INR,json_ld_address,2,1,2,3,jsonld_or_dom_img,keyword_heuristics,metadata_or_headings,True,
https://originone.in,https://www.originone.in/,200,True,32,window.Shopify;Shopify.shop;cdn.shopify.com;/cdn/shop/;shopify_core_js;shopify-section;shopify-payment-button;shopify_meta_attribute;header:shopify-complexity-score,True,12,domain:.in;phone:+91;city:delhi;currency:INR,city_delhi,2,3,1,12,jsonld_or_dom_img,keyword_heuristics,metadata_or_headings,True,
https://localxo.com,https://localxo.com,200,True,21,window.Shopify;Shopify.shop;cdn.shopify.com;shopify_core_js;shopify-section,True,11,phone:+91;city:bangalore;currency:INR,city_bangalore,2,0,0,2,jsonld_or_dom_img,keyword_heuristics,metadata_or_headings,True,
https://theearthfood.com,https://www.masajes-costarica.com/,200,False,0,,False,0,,,0,0,0,0,,,,True,
https://uncletony.com,https://uncletony.com,200,True,28,window.Shopify;Shopify.shop;cdn.shopify.com;/cdn/shop/;shopify_core_js;shopify-section;header:shopify-complexity-score,True,14,phone:+91;city:noida;indian_payment_gateway;currency:INR,city_noida,2,1,1,3,jsonld_or_dom_img,keyword_heuristics,metadata_or_headings,True,
https://casadeamor.in,https://casadeamor.in,200,True,30,window.Shopify;Shopify.shop;cdn.shopify.com;/cdn/shop/;shopify_core_js;shopify-section;shopify-payment-button;header:shopify-complexity-score,True,15,domain:.in;phone:+91;city:kolkata;indian_payment_gateway;currency:INR,city_kolkata,2,0,1,5,jsonld_or_dom_img,keyword_heuristics,metadata_or_headings,True,
https://artzfolio.com,https://www.artzfolio.com/,200,True,28,window.Shopify;Shopify.shop;cdn.shopify.com;/cdn/shop/;shopify_core_js;shopify-section;header:shopify-complexity-score,True,11,phone:+91;city:delhi;currency:INR,city_delhi,2,5,1,0,jsonld_or_dom_img,keyword_heuristics,metadata_or_headings,True,
https://nakshatraterracotta.com,https://www.nakshatraterracotta.com/,200,True,28,window.Shopify;Shopify.shop;cdn.shopify.com;/cdn/shop/;shopify_core_js;shopify-section;header:shopify-complexity-score,True,18,phone:+91;pin_code:641606;state:Tamil Nadu;currency:INR,text_mention,2,1,1,3,jsonld_or_dom_img,keyword_heuristics,metadata_or_headings,True,
https://mothersparsh.com,https://mothersparsh.com,200,True,28,window.Shopify;Shopify.shop;cdn.shopify.com;/cdn/shop/;shopify_core_js;shopify-section;header:shopify-complexity-score,True,28,jsonld_india_address;state:Chandigarh;phone:+91;city:chandigarh;indian_payment_gateway;currency:INR,json_ld_address,2,4,3,6,jsonld_or_dom_img,keyword_heuristics,metadata_or_headings,True,
https://pintola.in,https://pintola.in/password,200,True,30,window.Shopify;Shopify.shop;cdn.shopify.com;/cdn/shop/;shopify_core_js;shopify-section;shopify-payment-button;header:shopify-complexity-score,True,10,domain:.in;city:delhi;indian_payment_gateway;currency:INR,city_delhi,0,0,0,5,jsonld_or_dom_img,keyword_heuristics,metadata_or_headings,True,
https://ridhimabhasin.com,https://ridhimabhasin.com,200,True,32,window.Shopify;Shopify.shop;cdn.shopify.com;/cdn/shop/;shopify_core_js;shopify-section;shopify-payment-button;shopify_meta_attribute;header:shopify-complexity-score,True,19,phone:+91;pin_code:110024;city:mumbai;indian_payment_gateway;currency:INR,city_mumbai,2,1,3,3,jsonld_or_dom_img,keyword_heuristics,metadata_or_headings,True,
https://612league.com,https://612league.com,0,False,0,,False,0,,,0,0,0,0,,,,True,NetworkError: ConnectError
https://myhappinesz.com,https://myhappinesz.com,0,False,0,,False,0,,,0,0,0,0,,,,True,NetworkError: ConnectError
https://vedaearth.com,https://vedaearthloungespa.com,200,False,0,,False,0,,,0,0,0,0,,,,True,
https://greenobazaar.com,,0,False,0,,False,0,,,0,0,0,0,,,,False,Robots.txt blocks homepage
https://tbhai.com,https://www.tbhai.com/,200,True,28,window.Shopify;Shopify.shop;cdn.shopify.com;/cdn/shop/;shopify_core_js;shopify-section;header:shopify-complexity-score,True,10,phone:+91;indian_payment_gateway;currency:INR,,2,0,0,2,jsonld_or_dom_img,keyword_heuristics,metadata_or_headings,True,
https://palpable.in,https://palpable.in,404,False,0,,False,0,,,0,0,0,0,,,,True,HTTP 404
https://weblogacademy.com,https://weblogacademy.com,0,False,0,,False,0,,,0,0,0,0,,,,True,NetworkError: ConnectError
https://dorex.in,https://www.dorex.in/,200,False,0,,False,0,,,0,0,0,0,,,,True,
https://maniaclife.com,https://maniaclife.com,200,True,32,window.Shopify;Shopify.shop;cdn.shopify.com;/cdn/shop/;shopify_core_js;shopify-section;shopify-payment-button;shopify_meta_attribute;header:shopify-complexity-score,True,19,phone:+91;pin_code:641663;city:coimbatore;indian_payment_gateway;currency:INR,city_coimbatore,2,1,2,3,jsonld_or_dom_img,keyword_heuristics,metadata_or_headings,True,
https://gofwd.in,,0,False,0,,False,0,,,0,0,0,0,,,,False,Robots.txt blocks homepage
https://gelco-world.com,https://gelco-world.com,200,True,30,window.Shopify;Shopify.shop;cdn.shopify.com;/cdn/shop/;shopify_core_js;shopify-section;shopify-payment-button;header:shopify-complexity-score,True,13,phone:+91;state:Gujarat;currency:INR,text_mention,2,6,3,3,jsonld_or_dom_img,keyword_heuristics,metadata_or_headings,True,
https://urbanmali.com,https://urbanmali.com,200,False,0,,False,0,,,0,0,0,0,,,,True,
https://febris.in,https://www.febris.in/,200,True,28,window.Shopify;Shopify.shop;cdn.shopify.com;/cdn/shop/;shopify_core_js;shopify-section;header:shopify-complexity-score,True,19,domain:.in;phone:+91;pin_code:152002;state:Punjab;currency:INR,text_mention,2,2,0,4,jsonld_or_dom_img,keyword_heuristics,metadata_or_headings,True,
https://ifoodlounge.com,https://ifoodlounge.com,0,False,0,,False,0,,,0,0,0,0,,,,True,Timeout: ConnectTimeout
https://saraaha.com,https://www.saraaha.com/,200,True,28,window.Shopify;Shopify.shop;cdn.shopify.com;/cdn/shop/;shopify_core_js;shopify-section;header:shopify-complexity-score,True,14,phone:+91;city:kolkata;indian_payment_gateway;currency:INR,city_kolkata,2,1,0,2,jsonld_or_dom_img,keyword_heuristics,metadata_or_headings,True,
https://thegreensnackco.com,https://thegreensnackco.com,0,False,0,,False,0,,,0,0,0,0,,,,True,NetworkError: ConnectError
https://themaevastore.com,https://www.themaevastore.com/,200,True,32,window.Shopify;Shopify.shop;cdn.shopify.com;/cdn/shop/;shopify_core_js;shopify-section;shopify-payment-button;shopify_meta_attribute;header:shopify-complexity-score,True,14,phone:+91;city:bengaluru;indian_payment_gateway;currency:INR,city_bengaluru,2,1,1,4,jsonld_or_dom_img,keyword_heuristics,metadata_or_headings,True,
https://baluherbals.com,https://www.baluherbals.com/,200,True,30,window.Shopify;Shopify.shop;cdn.shopify.com;/cdn/shop/;shopify_core_js;shopify-section;shopify-payment-button;header:shopify-complexity-score,True,14,phone:+91;city:hyderabad;indian_payment_gateway;currency:INR,city_hyderabad,2,1,1,8,jsonld_or_dom_img,keyword_heuristics,metadata_or_headings,True,
https://eatanytime.in,https://eatanytime.in,200,True,30,window.Shopify;Shopify.shop;cdn.shopify.com;/cdn/shop/;shopify_core_js;shopify-section;shopify-payment-button;header:shopify-complexity-score,True,20,domain:.in;phone:+91;pin_code:400072;city:mumbai;indian_payment_gateway;currency:INR,city_mumbai,2,2,1,4,jsonld_or_dom_img,keyword_heuristics,metadata_or_headings,True,
https://theoliostories.com,https://theoliostories.com/password,200,True,28,window.Shopify;Shopify.shop;cdn.shopify.com;/cdn/shop/;shopify_core_js;shopify-section;header:shopify-complexity-score,True,7,phone:+91;currency:INR,,0,0,0,0,jsonld_or_dom_img,keyword_heuristics,metadata_or_headings,True,
https://bookmycostume.com,https://www.bookmycostume.com/,200,True,30,window.Shopify;Shopify.shop;cdn.shopify.com;/cdn/shop/;shopify_core_js;shopify-section;shopify-payment-button;header:shopify-complexity-score,True,13,phone:+91;state:Gujarat;currency:INR,text_mention,2,1,1,12,jsonld_or_dom_img,keyword_heuristics,metadata_or_headings,True,
https://subhasbooks.com,https://subhasbooks.com,200,True,32,window.Shopify;Shopify.shop;cdn.shopify.com;/cdn/shop/;shopify_core_js;shopify-section;shopify-payment-button;shopify_meta_attribute;header:shopify-complexity-score,True,11,pin_code:560026;city:bengaluru;currency:INR,city_bengaluru,2,1,1,2,jsonld_or_dom_img,keyword_heuristics,metadata_or_headings,True,
https://dgreen.in,https://www.dgreen.in/,200,True,28,window.Shopify;Shopify.shop;cdn.shopify.com;/cdn/shop/;shopify_core_js;shopify-section;header:shopify-complexity-score,True,7,domain:.in;city:ludhiana;currency:INR,city_ludhiana,2,0,0,2,jsonld_or_dom_img,keyword_heuristics,metadata_or_headings,True,
https://buypurenaturals.com,https://www.buypurenaturals.com/,200,True,28,window.Shopify;Shopify.shop;cdn.shopify.com;/cdn/shop/;shopify_core_js;shopify-section;header:shopify-complexity-score,True,19,phone:+91;pin_code:121010;city:delhi;indian_payment_gateway;currency:INR,city_delhi,2,3,3,1,jsonld_or_dom_img,keyword_heuristics,metadata_or_headings,True,
https://ekdodhai.com,https://www.ekdodhai.com/,200,True,28,window.Shopify;Shopify.shop;cdn.shopify.com;/cdn/shop/;shopify_core_js;shopify-section;header:shopify-complexity-score,True,16,phone:+91;pin_code:110049;city:delhi;currency:INR,city_delhi,2,1,1,2,jsonld_or_dom_img,keyword_heuristics,metadata_or_headings,True,
https://hetha.in,https://hetha.in,200,True,28,window.Shopify;Shopify.shop;cdn.shopify.com;/cdn/shop/;shopify_core_js;shopify-section;header:shopify-complexity-score,True,31,domain:.in;jsonld_india_address;state:Uttar Pradesh;phone:+91;pin_code:201005;city:delhi;currency:INR,json_ld_address,2,1,1,6,jsonld_or_dom_img,keyword_heuristics,metadata_or_headings,True,
https://single-citrus.myshopify.com,https://single-citrus.myshopify.com,200,True,42,myshopify_subdomain;window.Shopify;Shopify.shop;cdn.shopify.com;/cdn/shop/;shopify_core_js;shopify-section;shopify-payment-button;shopify_meta_attribute;header:shopify-complexity-score,False,2,currency:INR,,2,0,0,0,,,,True,
https://banknotecoinstamp.com,https://banknotecoinstamp.com,200,True,28,window.Shopify;Shopify.shop;cdn.shopify.com;/cdn/shop/;shopify_core_js;shopify-section;header:shopify-complexity-score,True,14,phone:+91;city:mumbai;indian_payment_gateway;currency:INR,city_mumbai,1,0,0,0,jsonld_or_dom_img,keyword_heuristics,metadata_or_headings,True,
https://yellowchimes.com,https://yellowchimes.com,200,True,28,window.Shopify;Shopify.shop;cdn.shopify.com;/cdn/shop/;shopify_core_js;shopify-section;header:shopify-complexity-score,True,14,phone:+91;city:bangalore;indian_payment_gateway;currency:INR,city_bangalore,2,2,1,0,jsonld_or_dom_img,keyword_heuristics,metadata_or_headings,True,
https://ventairindia.com,https://www.ventairindia.com/,200,True,28,window.Shopify;Shopify.shop;cdn.shopify.com;/cdn/shop/;shopify_core_js;shopify-section;header:shopify-complexity-score,True,11,phone:+91;city:kolkata;currency:INR,city_kolkata,2,1,4,3,jsonld_or_dom_img,keyword_heuristics,metadata_or_headings,True,
https://instalength.com,https://www.instalength.com/password,200,True,28,window.Shopify;Shopify.shop;cdn.shopify.com;/cdn/shop/;shopify_core_js;shopify-section;header:shopify-complexity-score,True,7,phone:+91;currency:INR,,0,0,1,0,jsonld_or_dom_img,keyword_heuristics,metadata_or_headings,True,
https://glamveda.com,https://glamveda.com,200,True,28,window.Shopify;Shopify.shop;cdn.shopify.com;/cdn/shop/;shopify_core_js;shopify-section;header:shopify-complexity-score,True,19,phone:+91;pin_code:110032;city:delhi;indian_payment_gateway;currency:INR,city_delhi,2,2,1,3,jsonld_or_dom_img,keyword_heuristics,metadata_or_headings,True,
https://thebreedgear.com,https://www.thebreedgear.com/,200,True,28,window.Shopify;Shopify.shop;cdn.shopify.com;/cdn/shop/;shopify_core_js;shopify-section;header:shopify-complexity-score,True,16,phone:+91;pin_code:560102;city:bengaluru;currency:INR,city_bengaluru,2,2,0,2,jsonld_or_dom_img,keyword_heuristics,metadata_or_headings,True,
https://austrozone.com,,0,False,0,,False,0,,,0,0,0,0,,,,False,Robots.txt blocks homepage
https://loveforwhite.com,https://loveforwhite.com,200,True,28,window.Shopify;Shopify.shop;cdn.shopify.com;/cdn/shop/;shopify_core_js;shopify-section;header:shopify-complexity-score,True,16,phone:+91;pin_code:110066;city:delhi;currency:INR,city_delhi,2,1,3,2,jsonld_or_dom_img,keyword_heuristics,metadata_or_headings,True,
https://hyprote.in,https://hyprote.in,200,True,26,window.Shopify;Shopify.shop;cdn.shopify.com;/cdn/shop/;shopify_core_js;header:shopify-complexity-score,True,15,domain:.in;phone:+91;city:bangalore;indian_payment_gateway;currency:INR,city_bangalore,2,1,1,3,jsonld_or_dom_img,keyword_heuristics,metadata_or_headings,True,
https://firesideventures.com,https://firesideventures.com,200,True,28,window.Shopify;Shopify.shop;cdn.shopify.com;/cdn/shop/;shopify_core_js;shopify-section;header:shopify-complexity-score,True,16,phone:+91;pin_code:560066;city:bengaluru;currency:INR,city_bengaluru,2,3,3,2,jsonld_or_dom_img,keyword_heuristics,metadata_or_headings,True,
https://mohabygeetanjali.com,https://mohabygeetanjali.com,200,True,28,window.Shopify;Shopify.shop;cdn.shopify.com;/cdn/shop/;shopify_core_js;shopify-section;header:shopify-complexity-score,True,19,phone:+91;pin_code:400607;city:thane;indian_payment_gateway;currency:INR,city_thane,2,0,1,3,jsonld_or_dom_img,keyword_heuristics,metadata_or_headings,True,
https://pastelsandpop.com,https://pastelsandpop.com,200,True,30,window.Shopify;Shopify.shop;cdn.shopify.com;/cdn/shop/;shopify_core_js;shopify-section;shopify-payment-button;header:shopify-complexity-score,True,19,phone:+91;pin_code:560104;city:bangalore;indian_payment_gateway;currency:INR,city_bangalore,2,1,2,3,jsonld_or_dom_img,keyword_heuristics,metadata_or_headings,True,
https://refreshbag.com,https://refreshbag.com,0,False,0,,False,0,,,0,0,0,0,,,,True,NetworkError: ConnectError
https://bonsoir.co.in,https://www.bonsoir.co.in/,200,True,30,window.Shopify;Shopify.shop;cdn.shopify.com;/cdn/shop/;shopify_core_js;shopify-section;shopify-payment-button;header:shopify-complexity-score,True,16,domain:.co.in;phone:+91;city:noida;indian_payment_gateway;currency:INR,city_noida,2,1,1,4,jsonld_or_dom_img,keyword_heuristics,metadata_or_headings,True,
https://chokore.com,https://www.chokore.com/,200,True,30,window.Shopify;Shopify.shop;cdn.shopify.com;/cdn/shop/;shopify_core_js;shopify-section;shopify-payment-button;header:shopify-complexity-score,True,14,phone:+91;city:bangalore;indian_payment_gateway;currency:INR,city_bangalore,2,1,1,6,jsonld_or_dom_img,keyword_heuristics,metadata_or_headings,True,
https://vardhmanknitworld.com,https://vardhmanknitworld.com,200,True,28,window.Shopify;Shopify.shop;cdn.shopify.com;/cdn/shop/;shopify_core_js;shopify-section;header:shopify-complexity-score,True,20,gstin:03AABCM4692E1ZP;phone:+91;city:chandigarh;indian_payment_gateway;currency:INR,gstin_code_03,2,2,1,3,jsonld_or_dom_img,keyword_heuristics,metadata_or_headings,True,
https://dcodeshop.com,https://www.dcodeshop.com/,200,True,32,window.Shopify;Shopify.shop;cdn.shopify.com;/cdn/shop/;shopify_core_js;shopify-section;shopify-payment-button;shopify_meta_attribute;header:shopify-complexity-score,True,14,phone:+91;city:kolkata;indian_payment_gateway;currency:INR,city_kolkata,2,2,1,3,jsonld_or_dom_img,keyword_heuristics,metadata_or_headings,True,
https://wholefoods.co.in,https://wholefoods.co.in,200,True,28,window.Shopify;Shopify.shop;cdn.shopify.com;/cdn/shop/;shopify_core_js;shopify-section;header:shopify-complexity-score,True,18,domain:.co.in;phone:+91;pin_code:122001;city:delhi;currency:INR,city_delhi,2,1,1,3,jsonld_or_dom_img,keyword_heuristics,metadata_or_headings,True,
https://trykartehai.com,https://trykartehai.com,200,True,28,window.Shopify;Shopify.shop;cdn.shopify.com;/cdn/shop/;shopify_core_js;shopify-section;header:shopify-complexity-score,True,19,phone:+91;pin_code:110048;city:bangalore;indian_payment_gateway;currency:INR,city_bangalore,2,1,0,2,jsonld_or_dom_img,keyword_heuristics,metadata_or_headings,True,
https://alika.in,https://www.alika.in/,200,True,30,window.Shopify;Shopify.shop;cdn.shopify.com;/cdn/shop/;shopify_core_js;shopify-section;shopify-payment-button;header:shopify-complexity-score,True,21,domain:.in;gstin:32BELPS7196R1ZC;phone:+91;city:kolkata;indian_payment_gateway;currency:INR,gstin_code_32,2,1,1,3,jsonld_or_dom_img,keyword_heuristics,metadata_or_headings,True,
https://fanideaz.com,https://fanideaz.com,200,True,32,window.Shopify;Shopify.shop;cdn.shopify.com;/cdn/shop/;shopify_core_js;shopify-section;shopify-payment-button;shopify_meta_attribute;header:shopify-complexity-score,True,11,phone:+91;city:bengaluru;currency:INR,city_bengaluru,2,1,2,1,jsonld_or_dom_img,keyword_heuristics,metadata_or_headings,True,
https://kckdirect.com,https://www.kckdirect.com/,200,True,28,window.Shopify;Shopify.shop;cdn.shopify.com;/cdn/shop/;shopify_core_js;shopify-section;header:shopify-complexity-score,True,14,phone:+91;city:kozhikode;indian_payment_gateway;currency:INR,city_kozhikode,2,1,5,5,jsonld_or_dom_img,keyword_heuristics,metadata_or_headings,True,
https://shopsarah.in,https://pinupindiacasino.com/,200,False,0,,False,0,,,0,0,0,0,,,,True,
https://taurusshop.com,https://taurusshop.com,200,True,28,window.Shopify;Shopify.shop;cdn.shopify.com;/cdn/shop/;shopify_core_js;shopify-section;header:shopify-complexity-score,False,2,currency:INR,,2,0,0,0,,,,True,
https://bookkish.com,https://bookkish.com,200,True,28,window.Shopify;Shopify.shop;cdn.shopify.com;/cdn/shop/;shopify_core_js;shopify-section;header:shopify-complexity-score,True,19,phone:+91;pin_code:110092;city:delhi;indian_payment_gateway;currency:INR,city_delhi,2,1,3,4,jsonld_or_dom_img,keyword_heuristics,metadata_or_headings,True,
https://alchemlife.in,https://www.phytoadvance.com/,200,False,0,,False,0,,,0,0,0,0,,,,True,
https://aumentoinfoway.com,https://aumentoinfoway.com,200,True,28,window.Shopify;Shopify.shop;cdn.shopify.com;/cdn/shop/;shopify_core_js;shopify-section;header:shopify-complexity-score,True,11,phone:+91;city:kolkata;currency:INR,city_kolkata,2,0,0,5,jsonld_or_dom_img,keyword_heuristics,metadata_or_headings,True,
https://bohomale.com,https://bohomale.com,0,False,0,,False,0,,,0,0,0,0,,,,True,NetworkError: ConnectError
https://raptorholidays.com,https://www.raptorholidays.com/,200,True,28,window.Shopify;Shopify.shop;cdn.shopify.com;/cdn/shop/;shopify_core_js;shopify-section;header:shopify-complexity-score,True,11,pin_code:411016;city:mumbai;currency:INR,city_mumbai,2,1,0,0,jsonld_or_dom_img,keyword_heuristics,metadata_or_headings,True,
https://tshirtbhaiya.com,https://tshirtbhaiya.com,200,False,0,,False,0,,,0,0,0,0,,,,True,
https://houseofmeows.com,https://houseofmeows.com,200,True,28,window.Shopify;Shopify.shop;cdn.shopify.com;/cdn/shop/;shopify_core_js;shopify-section;header:shopify-complexity-score,True,22,jsonld_india_address;phone:+91;city:mumbai;indian_payment_gateway;currency:INR,city_mumbai,2,1,1,0,jsonld_or_dom_img,keyword_heuristics,metadata_or_headings,True,
https://serenityonline.in,https://serenityonline.in,200,True,28,window.Shopify;Shopify.shop;cdn.shopify.com;/cdn/shop/;shopify_core_js;shopify-section;header:shopify-complexity-score,True,20,domain:.in;phone:+91;pin_code:400037;city:mumbai;indian_payment_gateway;currency:INR,city_mumbai,2,1,3,2,jsonld_or_dom_img,keyword_heuristics,metadata_or_headings,True,
https://thedeepshop.com,https://thedeepshop.com,200,True,30,window.Shopify;Shopify.shop;cdn.shopify.com;/cdn/shop/;shopify_core_js;shopify-section;shopify-payment-button;header:shopify-complexity-score,True,7,phone:+91;currency:INR,,2,2,1,3,jsonld_or_dom_img,keyword_heuristics,metadata_or_headings,True,
https://zootox.com,https://zootox.com,0,False,0,,False,0,,,0,0,0,0,,,,True,NetworkError: ConnectError
https://roopaks.com,https://roopaks.com,200,True,30,window.Shopify;Shopify.shop;cdn.shopify.com;/cdn/shop/;shopify_core_js;shopify-section;shopify-payment-button;header:shopify-complexity-score,True,16,phone:+91;pin_code:110005;city:mumbai;currency:INR,city_mumbai,2,1,4,1,jsonld_or_dom_img,keyword_heuristics,metadata_or_headings,True,
https://mudfingers.com,https://www.mudfingers.com/,200,True,28,window.Shopify;Shopify.shop;cdn.shopify.com;/cdn/shop/;shopify_core_js;shopify-section;header:shopify-complexity-score,True,16,phone:+91;pin_code:560085;city:bengaluru;currency:INR,city_bengaluru,2,1,1,3,jsonld_or_dom_img,keyword_heuristics,metadata_or_headings,True,
https://haanum.com,https://haanum.com,200,True,32,window.Shopify;Shopify.shop;cdn.shopify.com;/cdn/shop/;shopify_core_js;shopify-section;shopify-payment-button;shopify_meta_attribute;header:shopify-complexity-score,True,19,phone:+91;pin_code:836070;city:delhi;indian_payment_gateway;currency:INR,city_delhi,2,0,12,2,jsonld_or_dom_img,keyword_heuristics,metadata_or_headings,True,
https://bebajrang.com,https://amanahyuk.com/,523,False,0,,False,0,,,0,0,0,0,,,,True,HTTP 523
https://heerson.com,https://heerson.com,200,True,28,window.Shopify;Shopify.shop;cdn.shopify.com;/cdn/shop/;shopify_core_js;shopify-section;header:shopify-complexity-score,True,11,phone:+91;city:mumbai;currency:INR,city_mumbai,2,2,1,2,jsonld_or_dom_img,keyword_heuristics,metadata_or_headings,True,
https://swadbazaar.com,https://swadbazaar.com,200,True,30,window.Shopify;Shopify.shop;cdn.shopify.com;/cdn/shop/;shopify_core_js;shopify-section;shopify-payment-button;header:shopify-complexity-score,True,14,phone:+91;city:bangalore;indian_payment_gateway;currency:INR,city_bangalore,2,2,1,3,jsonld_or_dom_img,keyword_heuristics,metadata_or_headings,True,
https://vimalclothing.com,,0,False,0,,False,0,,,0,0,0,0,,,,False,Robots.txt blocks homepage
https://greenessentials.in,https://greenessentials.in,200,True,28,window.Shopify;Shopify.shop;cdn.shopify.com;/cdn/shop/;shopify_core_js;shopify-section;header:shopify-complexity-score,True,12,domain:.in;phone:+91;city:bengaluru;currency:INR,city_bengaluru,2,1,1,2,jsonld_or_dom_img,keyword_heuristics,metadata_or_headings,True,
https://greymode.in,https://www.greymode.in/,200,True,28,window.Shopify;Shopify.shop;cdn.shopify.com;/cdn/shop/;shopify_core_js;shopify-section;header:shopify-complexity-score,True,22,domain:.in;jsonld_india_address;state:Puducherry;phone:+91;currency:INR,json_ld_address,2,0,1,3,jsonld_or_dom_img,keyword_heuristics,metadata_or_headings,True,
https://orthobalm.com,https://www.orthobalm.com/,200,False,0,,False,0,,,0,0,0,0,,,,True,
https://apnidukan.in,https://apnidukan.in,200,False,0,,False,0,,,0,0,0,0,,,,True,
https://suppleroom.com,https://suppleroom.com,200,True,28,window.Shopify;Shopify.shop;cdn.shopify.com;/cdn/shop/;shopify_core_js;shopify-section;header:shopify-complexity-score,True,10,phone:+91;indian_payment_gateway;currency:INR,,2,1,0,5,jsonld_or_dom_img,keyword_heuristics,metadata_or_headings,True,
https://preciousandyou.com,,0,False,0,,False,0,,,0,0,0,0,,,,False,Robots.txt blocks homepage
https://posterboy.in,https://posterboy.in,200,False,0,,False,0,,,0,0,0,0,,,,True,
https://mansaa.io,https://www.mansaa.io/,200,True,28,window.Shopify;Shopify.shop;cdn.shopify.com;/cdn/shop/;shopify_core_js;shopify-section;header:shopify-complexity-score,True,11,phone:+91;city:gurugram;currency:INR,city_gurugram,2,1,1,4,jsonld_or_dom_img,keyword_heuristics,metadata_or_headings,True,
https://sharrets.com,https://www.sharrets.com/,200,True,32,window.Shopify;Shopify.shop;cdn.shopify.com;/cdn/shop/;shopify_core_js;shopify-section;shopify-payment-button;shopify_meta_attribute;header:shopify-complexity-score,True,19,phone:+91;pin_code:302039;city:jaipur;indian_payment_gateway;currency:INR,city_jaipur,2,1,2,2,jsonld_or_dom_img,keyword_heuristics,metadata_or_headings,True,
https://mittalbooks.com,https://mittalbooks.com,200,True,28,window.Shopify;Shopify.shop;cdn.shopify.com;/cdn/shop/;shopify_core_js;shopify-section;header:shopify-complexity-score,True,13,phone:+91;state:Uttar Pradesh;currency:INR,text_mention,1,1,1,1,jsonld_or_dom_img,keyword_heuristics,metadata_or_headings,True,
https://alivekart.com,https://alivekart.com,200,False,0,,False,0,,,0,0,0,0,,,,True,
https://sadhna.org,https://sadhna.org,200,True,28,window.Shopify;Shopify.shop;cdn.shopify.com;/cdn/shop/;shopify_core_js;shopify-section;header:shopify-complexity-score,True,13,phone:+91;state:Rajasthan;currency:INR,text_mention,2,2,0,4,jsonld_or_dom_img,keyword_heuristics,metadata_or_headings,True,
https://siaa.in,https://siaa.in,0,False,0,,False,0,,,0,0,0,0,,,,True,NetworkError: ConnectError
https://balenzia.com,https://socksxpress.com/,200,True,30,window.Shopify;Shopify.shop;cdn.shopify.com;/cdn/shop/;shopify_core_js;shopify-section;shopify-payment-button;header:shopify-complexity-score,True,14,phone:+91;city:kolkata;indian_payment_gateway;currency:INR,city_kolkata,2,4,1,3,jsonld_or_dom_img,keyword_heuristics,metadata_or_headings,True,
https://indiastea.com,https://indiastea.com,200,False,0,,False,0,,,0,0,0,0,,,,True,
https://mealofthemoment.com,https://mealofthemoment.com,200,True,28,window.Shopify;Shopify.shop;cdn.shopify.com;/cdn/shop/;shopify_core_js;shopify-section;header:shopify-complexity-score,True,11,phone:+91;city:bengaluru;currency:INR,city_bengaluru,1,0,0,6,jsonld_or_dom_img,keyword_heuristics,metadata_or_headings,True,
https://mintritea.com,https://mintritea.com,200,True,28,window.Shopify;Shopify.shop;cdn.shopify.com;/cdn/shop/;shopify_core_js;shopify-section;header:shopify-complexity-score,True,18,phone:+91;pin_code:734001;state:West Bengal;currency:INR,text_mention,2,4,1,2,jsonld_or_dom_img,keyword_heuristics,metadata_or_headings,True,
https://iraivi.com,https://iraivi.com,0,False,0,,False,0,,,0,0,0,0,,,,True,Timeout: ConnectTimeout
https://vvmart.in,https://vvmart.in,200,True,32,window.Shopify;Shopify.shop;cdn.shopify.com;/cdn/shop/;shopify_core_js;shopify-section;shopify-payment-button;shopify_meta_attribute;header:shopify-complexity-score,True,12,domain:.in;phone:+91;city:trivandrum;currency:INR,city_trivandrum,2,1,2,2,jsonld_or_dom_img,keyword_heuristics,metadata_or_headings,True,
https://mymudhouse.com,https://mymudhouse.com,0,False,0,,False,0,,,0,0,0,0,,,,True,NetworkError: ConnectError
https://zenlitzz.com,https://zenlitzz.com,200,False,0,,False,0,,,0,0,0,0,,,,True,
https://dressfolk.com,https://dressfolk.com,200,True,28,window.Shopify;Shopify.shop;cdn.shopify.com;/cdn/shop/;shopify_core_js;shopify-section;header:shopify-complexity-score,True,11,phone:+91;city:bangalore;currency:INR,city_bangalore,2,1,2,4,jsonld_or_dom_img,keyword_heuristics,metadata_or_headings,True,
https://suranajewellersofjaipur.com,https://www.suranajewellersofjaipur.com/,200,True,28,window.Shopify;Shopify.shop;cdn.shopify.com;/cdn/shop/;shopify_core_js;shopify-section;header:shopify-complexity-score,True,14,phone:+91;city:jaipur;indian_payment_gateway;currency:INR,city_jaipur,2,1,4,2,jsonld_or_dom_img,keyword_heuristics,metadata_or_headings,True,
https://etrafficwebexpert.com,https://etrafficwebexpert.com,200,True,28,window.Shopify;Shopify.shop;cdn.shopify.com;/cdn/shop/;shopify_core_js;shopify-section;header:shopify-complexity-score,True,7,phone:+91;currency:INR,,2,2,1,3,jsonld_or_dom_img,keyword_heuristics,metadata_or_headings,True,
https://alberttusk.com,https://www.alberttusk.com/,200,True,30,window.Shopify;Shopify.shop;cdn.shopify.com;/cdn/shop/;shopify_core_js;shopify-section;shopify-payment-button;header:shopify-complexity-score,True,19,phone:+91;pin_code:400016;city:bangalore;indian_payment_gateway;currency:INR,city_bangalore,2,1,1,2,jsonld_or_dom_img,keyword_heuristics,metadata_or_headings,True,
https://carefone.in,https://carefone.in,200,True,28,window.Shopify;Shopify.shop;cdn.shopify.com;/cdn/shop/;shopify_core_js;shopify-section;header:shopify-complexity-score,True,15,domain:.in;phone:+91;city:delhi;indian_payment_gateway;currency:INR,city_delhi,2,2,2,4,jsonld_or_dom_img,keyword_heuristics,metadata_or_headings,True,
https://orniza.com,https://www.orniza.com/,200,False,0,,False,0,,,0,0,0,0,,,,True,
https://agriplexindia.com,https://agriplexindia.com,200,True,28,window.Shopify;Shopify.shop;cdn.shopify.com;/cdn/shop/;shopify_core_js;shopify-section;header:shopify-complexity-score,True,14,phone:+91;city:bengaluru;indian_payment_gateway;currency:INR,city_bengaluru,2,1,2,5,jsonld_or_dom_img,keyword_heuristics,metadata_or_headings,True,
https://builtbygoals.com,https://builtbygoals.com,200,True,28,window.Shopify;Shopify.shop;cdn.shopify.com;/cdn/shop/;shopify_core_js;shopify-section;header:shopify-complexity-score,False,2,currency:INR,,2,0,0,0,,,,True,
https://coocoo.in,,0,False,0,,False,0,,,0,0,0,0,,,,False,Robots.txt blocks homepage
https://limon-design.com,https://limon-design.com,200,True,28,window.Shopify;Shopify.shop;cdn.shopify.com;/cdn/shop/;shopify_core_js;shopify-section;header:shopify-complexity-score,False,6,city:delhi;currency:INR,city_delhi,2,0,0,0,,,,True,
https://tglance-2.myshopify.com,https://tglance-2.myshopify.com/password,200,True,38,myshopify_subdomain;window.Shopify;Shopify.shop;cdn.shopify.com;/cdn/shop/;shopify_core_js;shopify-section;header:shopify-complexity-score,False,2,currency:INR,,0,0,0,0,,,,True,
https://cromostyle.com,https://www.cromostyle.com/,200,True,28,window.Shopify;Shopify.shop;cdn.shopify.com;/cdn/shop/;shopify_core_js;shopify-section;header:shopify-complexity-score,True,16,phone:+91;pin_code:600062;city:chennai;currency:INR,city_chennai,2,2,29,0,jsonld_or_dom_img,keyword_heuristics,metadata_or_headings,True,
https://havochobby.com,https://havochobby.in/,200,True,30,window.Shopify;Shopify.shop;cdn.shopify.com;/cdn/shop/;shopify_core_js;shopify-section;shopify-payment-button;header:shopify-complexity-score,True,16,phone:+91;pin_code:560027;city:bangalore;currency:INR,city_bangalore,2,0,1,4,jsonld_or_dom_img,keyword_heuristics,metadata_or_headings,True,
https://skinsecretsindia.com,https://skinsecretsindia.com,200,True,32,window.Shopify;Shopify.shop;cdn.shopify.com;/cdn/shop/;shopify_core_js;shopify-section;shopify-payment-button;shopify_meta_attribute;header:shopify-complexity-score,True,19,phone:+91;pin_code:110015;city:delhi;indian_payment_gateway;currency:INR,city_delhi,2,2,0,0,jsonld_or_dom_img,keyword_heuristics,metadata_or_headings,True,
https://furper.com,https://furper.com,200,True,28,window.Shopify;Shopify.shop;cdn.shopify.com;/cdn/shop/;shopify_core_js;shopify-section;header:shopify-complexity-score,True,15,gstin:06AMGPN1615A1ZO;city:kolkata;indian_payment_gateway;currency:INR,gstin_code_06,2,1,1,4,jsonld_or_dom_img,keyword_heuristics,metadata_or_headings,True,
https://truefarmfoods.com,https://truefarmfoods.com,200,True,28,window.Shopify;Shopify.shop;cdn.shopify.com;/cdn/shop/;shopify_core_js;shopify-section;header:shopify-complexity-score,True,18,phone:+91;pin_code:400063;state:Maharashtra;currency:INR,text_mention,2,1,1,3,jsonld_or_dom_img,keyword_heuristics,metadata_or_headings,True,
https://sushiya.in,https://www.sushiya.in/,200,True,28,window.Shopify;Shopify.shop;cdn.shopify.com;/cdn/shop/;shopify_core_js;shopify-section;header:shopify-complexity-score,True,15,domain:.in;phone:+91;city:mumbai;indian_payment_gateway;currency:INR,city_mumbai,2,1,1,2,jsonld_or_dom_img,keyword_heuristics,metadata_or_headings,True,
https://market99.com,https://market99.com,200,True,28,window.Shopify;Shopify.shop;cdn.shopify.com;/cdn/shop/;shopify_core_js;shopify-section;header:shopify-complexity-score,True,19,phone:+91;pin_code:110020;city:delhi;indian_payment_gateway;currency:INR,city_delhi,2,2,2,6,jsonld_or_dom_img,keyword_heuristics,metadata_or_headings,True,
https://divinecopper.com,https://divinecopper.com,200,True,28,window.Shopify;Shopify.shop;cdn.shopify.com;/cdn/shop/;shopify_core_js;shopify-section;header:shopify-complexity-score,True,7,phone:+91;currency:INR,,2,0,2,3,jsonld_or_dom_img,keyword_heuristics,metadata_or_headings,True,
https://telephoneshoppees.com,https://www.telephoneshoppees.com/,200,True,26,window.Shopify;Shopify.shop;cdn.shopify.com;/cdn/shop/;shopify_core_js;header:shopify-complexity-score,True,16,phone:+91;pin_code:411007;city:pune;currency:INR,city_pune,2,3,2,6,jsonld_or_dom_img,keyword_heuristics,metadata_or_headings,True,
https://1ststep.com,https://1ststep.com,200,True,28,window.Shopify;Shopify.shop;cdn.shopify.com;/cdn/shop/;shopify_core_js;shopify-section;header:shopify-complexity-score,True,14,phone:+91;city:kolkata;indian_payment_gateway;currency:INR,city_kolkata,2,1,0,4,jsonld_or_dom_img,keyword_heuristics,metadata_or_headings,True,
https://sonofanoble.com,https://www.sonofanoble.com/,200,True,28,window.Shopify;Shopify.shop;cdn.shopify.com;/cdn/shop/;shopify_core_js;shopify-section;header:shopify-complexity-score,True,14,pin_code:560102;city:bangalore;indian_payment_gateway;currency:INR,city_bangalore,2,2,1,2,jsonld_or_dom_img,keyword_heuristics,metadata_or_headings,True,
https://timbercraft.myshopify.com,https://timbercraft.in/,200,True,38,myshopify_subdomain;window.Shopify;Shopify.shop;cdn.shopify.com;/cdn/shop/;shopify_core_js;shopify-section;header:shopify-complexity-score,True,25,jsonld_india_address;state:Telangana;phone:+91;city:hyderabad;currency:INR,json_ld_address,2,0,1,1,jsonld_or_dom_img,keyword_heuristics,metadata_or_headings,True,
https://rajdeepranawat.com,https://rajdeepranawat.com,200,True,28,window.Shopify;Shopify.shop;cdn.shopify.com;/cdn/shop/;shopify_core_js;shopify-section;header:shopify-complexity-score,True,16,phone:+91;state:Rajasthan;indian_payment_gateway;currency:INR,text_mention,2,2,1,5,jsonld_or_dom_img,keyword_heuristics,metadata_or_headings,True,
https://aquascaping.in,https://aquascaping.in,200,True,32,window.Shopify;Shopify.shop;cdn.shopify.com;/cdn/shop/;shopify_core_js;shopify-section;shopify-payment-button;shopify_meta_attribute;header:shopify-complexity-score,True,12,domain:.in;phone:+91;city:bangalore;currency:INR,city_bangalore,2,2,2,3,jsonld_or_dom_img,keyword_heuristics,metadata_or_headings,True,
https://loopkart.com,https://loopkart.com,200,False,0,,False,0,,,0,0,0,0,,,,True,
https://kicaactive.com,https://kicaactive.com,200,True,28,window.Shopify;Shopify.shop;cdn.shopify.com;/cdn/shop/;shopify_core_js;shopify-section;header:shopify-complexity-score,True,11,phone:+91;city:kolkata;currency:INR,city_kolkata,2,2,1,2,jsonld_or_dom_img,keyword_heuristics,metadata_or_headings,True,
https://themaggamcollective.com,https://themaggamcollective.com,200,True,28,window.Shopify;Shopify.shop;cdn.shopify.com;/cdn/shop/;shopify_core_js;shopify-section;header:shopify-complexity-score,True,28,jsonld_india_address;state:Telangana;phone:+91;city:secunderabad;indian_payment_gateway;currency:INR,json_ld_address,2,1,1,2,jsonld_or_dom_img,keyword_heuristics,metadata_or_headings,True,
https://hashboosh.com,https://hashboosh.com,200,True,28,window.Shopify;Shopify.shop;cdn.shopify.com;/cdn/shop/;shopify_core_js;shopify-section;header:shopify-complexity-score,True,14,phone:+91;city:bangalore;indian_payment_gateway;currency:INR,city_bangalore,2,3,1,3,jsonld_or_dom_img,keyword_heuristics,metadata_or_headings,True,
https://galleriadilux.com,https://bidangresultsdy.live/,200,False,0,,False,0,,,0,0,0,0,,,,True,
https://inkstring.com,https://inkstring.com,200,True,28,window.Shopify;Shopify.shop;cdn.shopify.com;/cdn/shop/;shopify_core_js;shopify-section;header:shopify-complexity-score,True,19,jsonld_india_address;phone:+91;city:chennai;currency:INR,city_chennai,2,1,1,3,jsonld_or_dom_img,keyword_heuristics,metadata_or_headings,True,
https://perfectdeal.in,https://perfectdeal.in,530,False,0,,False,0,,,0,0,0,0,,,,True,HTTP 530
https://miuts.com,https://miuts.com,0,False,0,,False,0,,,0,0,0,0,,,,True,Timeout: ConnectTimeout
https://atulyakalaindia.com,https://atulyakalaindia.com,200,True,32,window.Shopify;Shopify.shop;cdn.shopify.com;/cdn/shop/;shopify_core_js;shopify-section;shopify-payment-button;shopify_meta_attribute;header:shopify-complexity-score,True,14,phone:+91;city:delhi;indian_payment_gateway;currency:INR,city_delhi,2,0,0,2,jsonld_or_dom_img,keyword_heuristics,metadata_or_headings,True,
https://sushijunction.com,https://www.sushijunction.com/,200,True,28,window.Shopify;Shopify.shop;cdn.shopify.com;/cdn/shop/;shopify_core_js;shopify-section;header:shopify-complexity-score,True,11,phone:+91;city:delhi;currency:INR,city_delhi,2,1,1,2,jsonld_or_dom_img,keyword_heuristics,metadata_or_headings,True,
https://thepinkpotli.com,https://www.thepinkpotli.com/,200,True,28,window.Shopify;Shopify.shop;cdn.shopify.com;/cdn/shop/;shopify_core_js;shopify-section;header:shopify-complexity-score,True,11,phone:+91;city:mumbai;currency:INR,city_mumbai,2,1,1,2,jsonld_or_dom_img,keyword_heuristics,metadata_or_headings,True,
https://beantreefoods.com,https://www.beantreefoods.com/,200,True,32,window.Shopify;Shopify.shop;cdn.shopify.com;/cdn/shop/;shopify_core_js;shopify-section;shopify-payment-button;shopify_meta_attribute;header:shopify-complexity-score,True,14,phone:+91;city:delhi;indian_payment_gateway;currency:INR,city_delhi,2,1,0,4,jsonld_or_dom_img,keyword_heuristics,metadata_or_headings,True,
https://kidzvalle.com,https://kidzvalle.com,200,True,28,window.Shopify;Shopify.shop;cdn.shopify.com;/cdn/shop/;shopify_core_js;shopify-section;header:shopify-complexity-score,True,16,phone:+91;pin_code:560078;city:bengaluru;currency:INR,city_bengaluru,2,3,2,2,jsonld_or_dom_img,keyword_heuristics,metadata_or_headings,True,
https://itspleazure.com,https://www.itspleazure.com/,200,True,28,window.Shopify;Shopify.shop;cdn.shopify.com;/cdn/shop/;shopify_core_js;shopify-section;header:shopify-complexity-score,True,11,phone:+91;city:bengaluru;currency:INR,city_bengaluru,2,1,1,3,jsonld_or_dom_img,keyword_heuristics,metadata_or_headings,True,
https://turmgel.com,https://turmgel.com,200,True,28,window.Shopify;Shopify.shop;cdn.shopify.com;/cdn/shop/;shopify_core_js;shopify-section;header:shopify-complexity-score,True,16,phone:+91;pin_code:400703;city:mumbai;currency:INR,city_mumbai,2,1,1,2,jsonld_or_dom_img,keyword_heuristics,metadata_or_headings,True,
https://indiabag.com,https://indiabag.com,0,False,0,,False,0,,,0,0,0,0,,,,True,NetworkError: ConnectError
https://zorin.co.in,https://www.zorin.co.in/,200,True,28,window.Shopify;Shopify.shop;cdn.shopify.com;/cdn/shop/;shopify_core_js;shopify-section;header:shopify-complexity-score,True,30,domain:.co.in;jsonld_india_address;state:Delhi;phone:+91;city:delhi;indian_payment_gateway;currency:INR,json_ld_address,2,1,3,3,jsonld_or_dom_img,keyword_heuristics,metadata_or_headings,True,
https://snhandicrafts.com,https://www.snhandicrafts.com/,200,True,28,window.Shopify;Shopify.shop;cdn.shopify.com;/cdn/shop/;shopify_core_js;shopify-section;header:shopify-complexity-score,True,11,phone:+91;city:delhi;currency:INR,city_delhi,2,1,1,3,jsonld_or_dom_img,keyword_heuristics,metadata_or_headings,True,
https://aeshaane.com,https://www.aeshaane.com/,200,True,28,window.Shopify;Shopify.shop;cdn.shopify.com;/cdn/shop/;shopify_core_js;shopify-section;header:shopify-complexity-score,True,16,phone:+91;pin_code:600115;city:chennai;currency:INR,city_chennai,2,1,0,4,jsonld_or_dom_img,keyword_heuristics,metadata_or_headings,True,
https://kapaver.com,https://kapaver.com,200,True,32,window.Shopify;Shopify.shop;cdn.shopify.com;/cdn/shop/;shopify_core_js;shopify-section;shopify-payment-button;shopify_meta_attribute;header:shopify-complexity-score,True,14,phone:+91;city:kolkata;indian_payment_gateway;currency:INR,city_kolkata,2,0,1,5,jsonld_or_dom_img,keyword_heuristics,metadata_or_headings,True,
https://voyageeyewear.com,https://www.voyageeyewear.com/,200,True,28,window.Shopify;Shopify.shop;cdn.shopify.com;/cdn/shop/;shopify_core_js;shopify-section;header:shopify-complexity-score,False,2,currency:INR,,2,0,0,0,,,,True,
https://sarahsevenshop.com,https://sarahsevenshop.com,200,True,21,window.Shopify;Shopify.shop;cdn.shopify.com;shopify_core_js;shopify-section,False,6,city:bangalore;currency:INR,city_bangalore,2,0,0,0,,,,True,
https://bhumijalifesciences.com,https://bhumijalifesciences.com,200,False,0,,False,0,,,0,0,0,0,,,,True,
https://offshootbooks.com,https://offshootbooks.com,200,False,0,,False,0,,,0,0,0,0,,,,True,
https://pronatureorganic.com,https://pronatureorganic.com,200,False,0,,False,0,,,0,0,0,0,,,,True,
https://farmersmarket.co.in,https://farmersmarket.co.in,0,False,0,,False,0,,,0,0,0,0,,,,True,NetworkError: ConnectError
https://nourishyou.in,https://nourishyou.in,200,True,30,window.Shopify;Shopify.shop;cdn.shopify.com;/cdn/shop/;shopify_core_js;shopify-section;shopify-payment-button;header:shopify-complexity-score,True,23,domain:.in;jsonld_india_address;phone:+91;city:hyderabad;indian_payment_gateway;currency:INR,city_hyderabad,2,2,1,2,jsonld_or_dom_img,keyword_heuristics,metadata_or_headings,True,
https://mineofdesign.com,https://www.mineofdesign.com/,200,True,30,window.Shopify;Shopify.shop;cdn.shopify.com;/cdn/shop/;shopify_core_js;shopify-section;shopify-payment-button;header:shopify-complexity-score,True,28,jsonld_india_address;state:Uttar Pradesh;phone:+91;city:delhi;indian_payment_gateway;currency:INR,json_ld_address,2,1,0,4,jsonld_or_dom_img,keyword_heuristics,metadata_or_headings,True,
https://iicfashion.com,https://www.iicfashion.com/,200,True,28,window.Shopify;Shopify.shop;cdn.shopify.com;/cdn/shop/;shopify_core_js;shopify-section;header:shopify-complexity-score,True,16,phone:+91;pin_code:302006;city:jaipur;currency:INR,city_jaipur,2,0,2,3,jsonld_or_dom_img,keyword_heuristics,metadata_or_headings,True,
https://neemlinaturals.com,https://kacang99new.com/,200,False,0,,False,0,,,0,0,0,0,,,,True,
https://griffel.in,https://griffel.in,200,True,30,window.Shopify;Shopify.shop;cdn.shopify.com;/cdn/shop/;shopify_core_js;shopify-section;shopify-payment-button;header:shopify-complexity-score,True,15,domain:.in;phone:+91;city:ludhiana;indian_payment_gateway;currency:INR,city_ludhiana,2,1,3,3,jsonld_or_dom_img,keyword_heuristics,metadata_or_headings,True,
https://petveda.com,https://petveda.com,0,False,0,,False,0,,,0,0,0,0,,,,True,NetworkError: ConnectError
https://niana.co,https://niana.co,200,True,28,window.Shopify;Shopify.shop;cdn.shopify.com;/cdn/shop/;shopify_core_js;shopify-section;header:shopify-complexity-score,True,16,phone:+91;pin_code:110030;city:delhi;currency:INR,city_delhi,2,1,2,2,jsonld_or_dom_img,keyword_heuristics,metadata_or_headings,True,
https://18herbs.com,https://18herbs.com,200,True,28,window.Shopify;Shopify.shop;cdn.shopify.com;/cdn/shop/;shopify_core_js;shopify-section;header:shopify-complexity-score,True,17,gstin:33AAACZ4268J1Z3;phone:+91;city:madurai;currency:INR,gstin_code_33,2,1,2,4,jsonld_or_dom_img,keyword_heuristics,metadata_or_headings,True,
https://srstore09.myshopify.com,https://srstore.in/,200,True,38,myshopify_subdomain;window.Shopify;Shopify.shop;cdn.shopify.com;/cdn/shop/;shopify_core_js;shopify-section;header:shopify-complexity-score,True,33,jsonld_india_address;state:Maharashtra;phone:+91;pin_code:400052;city:mumbai;indian_payment_gateway;currency:INR,json_ld_address,2,1,1,2,jsonld_or_dom_img,keyword_heuristics,metadata_or_headings,True,
https://ecocorner.com,https://ecocorner.com,200,True,28,window.Shopify;Shopify.shop;cdn.shopify.com;/cdn/shop/;shopify_core_js;shopify-section;header:shopify-complexity-score,True,11,phone:+91;city:mumbai;currency:INR,city_mumbai,2,1,1,2,jsonld_or_dom_img,keyword_heuristics,metadata_or_headings,True,
https://imyoung.in,https://imyoung.in,0,False,0,,False,0,,,0,0,0,0,,,,True,NetworkError: ConnectError
https://imlee-jaipur.myshopify.com,https://imleejaipur.com/,200,True,38,myshopify_subdomain;window.Shopify;Shopify.shop;cdn.shopify.com;/cdn/shop/;shopify_core_js;shopify-section;header:shopify-complexity-score,True,16,phone:+91;pin_code:302015;city:jaipur;currency:INR,city_jaipur,2,2,1,3,jsonld_or_dom_img,keyword_heuristics,metadata_or_headings,True,
https://axlworld.com,https://axlworld.com,200,False,0,,False,0,,,0,0,0,0,,,,True,
https://tiesta.in,https://tiesta.in,200,True,28,window.Shopify;Shopify.shop;cdn.shopify.com;/cdn/shop/;shopify_core_js;shopify-section;header:shopify-complexity-score,True,20,domain:.in;phone:+91;pin_code:400013;city:mumbai;indian_payment_gateway;currency:INR,city_mumbai,2,1,2,5,jsonld_or_dom_img,keyword_heuristics,metadata_or_headings,True,
https://toileindienne.com,https://toileindienne.com,200,False,0,,False,0,,,0,0,0,0,,,,True,
https://naattumarundhukadai.com,https://naattumarundhukadai.com,200,True,28,window.Shopify;Shopify.shop;cdn.shopify.com;/cdn/shop/;shopify_core_js;shopify-section;header:shopify-complexity-score,True,11,phone:+91;city:bangalore;currency:INR,city_bangalore,2,1,1,4,jsonld_or_dom_img,keyword_heuristics,metadata_or_headings,True,
https://furjaden.com,https://www.furjaden.com/,200,True,30,window.Shopify;Shopify.shop;cdn.shopify.com;/cdn/shop/;shopify_core_js;shopify-section;shopify-payment-button;header:shopify-complexity-score,True,14,phone:+91;city:kolkata;indian_payment_gateway;currency:INR,city_kolkata,2,1,1,0,jsonld_or_dom_img,keyword_heuristics,metadata_or_headings,True,
https://manavkhadiherbal.com,https://www.manavkhadiherbal.com/,200,True,28,window.Shopify;Shopify.shop;cdn.shopify.com;/cdn/shop/;shopify_core_js;shopify-section;header:shopify-complexity-score,True,7,phone:+91;currency:INR,,2,2,1,4,jsonld_or_dom_img,keyword_heuristics,metadata_or_headings,True,
https://wudore.com,https://www.wudore.com,200,False,0,,False,0,,,0,0,0,0,,,,True,
https://redpawsshop.com,https://www.redpawsshop.com/,200,False,0,,False,0,,,0,0,0,0,,,,True,
https://themonk.co.in,https://themonk.co.in,200,True,28,window.Shopify;Shopify.shop;cdn.shopify.com;/cdn/shop/;shopify_core_js;shopify-section;header:shopify-complexity-score,True,9,domain:.co.in;phone:+91;currency:INR,,2,0,1,1,jsonld_or_dom_img,keyword_heuristics,metadata_or_headings,True,
https://vacurect-india.com,https://www.vacurect.in/,200,True,28,window.Shopify;Shopify.shop;cdn.shopify.com;/cdn/shop/;shopify_core_js;shopify-section;header:shopify-complexity-score,True,11,phone:+91;city:kolkata;currency:INR,city_kolkata,2,1,2,4,jsonld_or_dom_img,keyword_heuristics,metadata_or_headings,True,
https://chubears.com,,0,False,0,,False,0,,,0,0,0,0,,,,False,Robots.txt blocks homepage
https://edgability.com,https://www.edgability.com/,200,True,28,window.Shopify;Shopify.shop;cdn.shopify.com;/cdn/shop/;shopify_core_js;shopify-section;header:shopify-complexity-score,True,9,city:delhi;indian_payment_gateway;currency:INR,city_delhi,2,2,0,4,jsonld_or_dom_img,keyword_heuristics,metadata_or_headings,True,
https://sammohi.com,https://sammohi.com,200,True,28,window.Shopify;Shopify.shop;cdn.shopify.com;/cdn/shop/;shopify_core_js;shopify-section;header:shopify-complexity-score,True,16,phone:+91;pin_code:400053;city:mumbai;currency:INR,city_mumbai,2,1,2,3,jsonld_or_dom_img,keyword_heuristics,metadata_or_headings,True,
https://o-charlie.com,https://o-charlie.com,0,False,0,,False,0,,,0,0,0,0,,,,True,NetworkError: ConnectError
https://hiloramart.com,https://hiloramart.com,200,True,28,window.Shopify;Shopify.shop;cdn.shopify.com;/cdn/shop/;shopify_core_js;shopify-section;header:shopify-complexity-score,False,6,city:noida;currency:INR,city_noida,2,0,0,0,,,,True,
https://felicitachocolates.com,,0,False,0,,False,0,,,0,0,0,0,,,,False,Robots.txt blocks homepage
https://libertina.in,https://libertina.in,200,True,32,window.Shopify;Shopify.shop;cdn.shopify.com;/cdn/shop/;shopify_core_js;shopify-section;shopify-payment-button;shopify_meta_attribute;header:shopify-complexity-score,True,7,domain:.in;city:mumbai;currency:INR,city_mumbai,1,0,0,0,jsonld_or_dom_img,keyword_heuristics,metadata_or_headings,True,
https://ivankalumiere.com,https://www.ivankalumiere.com/,200,True,28,window.Shopify;Shopify.shop;cdn.shopify.com;/cdn/shop/;shopify_core_js;shopify-section;header:shopify-complexity-score,True,16,phone:+91;pin_code:110030;city:bangalore;currency:INR,city_bangalore,2,3,3,0,jsonld_or_dom_img,keyword_heuristics,metadata_or_headings,True,
https://kalashreeregalia.com,https://www.kalashreeregalia.com/,200,True,28,window.Shopify;Shopify.shop;cdn.shopify.com;/cdn/shop/;shopify_core_js;shopify-section;header:shopify-complexity-score,True,16,phone:+91;pin_code:110006;city:delhi;currency:INR,city_delhi,2,0,2,3,jsonld_or_dom_img,keyword_heuristics,metadata_or_headings,True,
https://indianhobbycenter.com,https://www.indianhobbycenter.com/,200,True,30,window.Shopify;Shopify.shop;cdn.shopify.com;/cdn/shop/;shopify_core_js;shopify-section;shopify-payment-button;header:shopify-complexity-score,True,16,phone:+91;pin_code:751013;city:bangalore;currency:INR,city_bangalore,2,1,1,3,jsonld_or_dom_img,keyword_heuristics,metadata_or_headings,True,
https://aashimabehl.com,https://www.aashimabehl.com/,200,True,32,window.Shopify;Shopify.shop;cdn.shopify.com;/cdn/shop/;shopify_core_js;shopify-section;shopify-payment-button;shopify_meta_attribute;header:shopify-complexity-score,True,19,phone:+91;pin_code:110026;city:delhi;indian_payment_gateway;currency:INR,city_delhi,2,1,0,0,jsonld_or_dom_img,keyword_heuristics,metadata_or_headings,True,
https://alanaturellecosmetics.com,https://alanaturellecosmetics.com,200,True,28,window.Shopify;Shopify.shop;cdn.shopify.com;/cdn/shop/;shopify_core_js;shopify-section;header:shopify-complexity-score,True,11,phone:+91;city:mumbai;currency:INR,city_mumbai,2,2,3,3,jsonld_or_dom_img,keyword_heuristics,metadata_or_headings,True,
https://studiocoppre.com,https://www.studiocoppre.com/,200,True,28,window.Shopify;Shopify.shop;cdn.shopify.com;/cdn/shop/;shopify_core_js;shopify-section;header:shopify-complexity-score,True,19,phone:+91;pin_code:411016;city:bengaluru;indian_payment_gateway;currency:INR,city_bengaluru,2,1,1,5,jsonld_or_dom_img,keyword_heuristics,metadata_or_headings,True,
https://healthyhey.com,https://healthyhey.com,200,True,32,window.Shopify;Shopify.shop;cdn.shopify.com;/cdn/shop/;shopify_core_js;shopify-section;shopify-payment-button;shopify_meta_attribute;header:shopify-complexity-score,True,30,jsonld_india_address;state:Maharashtra;phone:+91;pin_code:400059;city:mumbai;currency:INR,json_ld_address,2,1,1,2,jsonld_or_dom_img,keyword_heuristics,metadata_or_headings,True,
https://magicalnest.com,https://magicalnest.com,200,True,30,window.Shopify;Shopify.shop;cdn.shopify.com;/cdn/shop/;shopify_core_js;shopify-section;shopify-payment-button;header:shopify-complexity-score,True,19,phone:+91;pin_code:560049;city:bengaluru;indian_payment_gateway;currency:INR,city_bengaluru,2,2,1,5,jsonld_or_dom_img,keyword_heuristics,metadata_or_headings,True,
https://freshnfrozen.com,https://www.freshnfrozen.com/,200,True,30,window.Shopify;Shopify.shop;cdn.shopify.com;/cdn/shop/;shopify_core_js;shopify-section;shopify-payment-button;header:shopify-complexity-score,True,11,phone:+91;city:delhi;currency:INR,city_delhi,2,0,0,2,jsonld_or_dom_img,keyword_heuristics,metadata_or_headings,True,
https://koashee.com,https://www.koashee.com/,200,True,28,window.Shopify;Shopify.shop;cdn.shopify.com;/cdn/shop/;shopify_core_js;shopify-section;header:shopify-complexity-score,False,6,city:jaipur;currency:INR,city_jaipur,2,0,0,0,,,,True,
https://qaaleen.co.in,https://qaaleencarpets.com/,200,True,30,window.Shopify;Shopify.shop;cdn.shopify.com;/cdn/shop/;shopify_core_js;shopify-section;shopify-payment-button;header:shopify-complexity-score,True,32,domain:.co.in;jsonld_india_address;state:Delhi;phone:+91;pin_code:110030;city:bangalore;currency:INR,json_ld_address,2,1,1,1,jsonld_or_dom_img,keyword_heuristics,metadata_or_headings,True,
https://blossominners.com,https://blossominners.com,200,True,30,window.Shopify;Shopify.shop;cdn.shopify.com;/cdn/shop/;shopify_core_js;shopify-section;shopify-payment-button;header:shopify-complexity-score,True,7,phone:+91;currency:INR,,2,0,0,4,jsonld_or_dom_img,keyword_heuristics,metadata_or_headings,True,
https://qiddosports.com,https://qiddosports.com,200,True,28,window.Shopify;Shopify.shop;cdn.shopify.com;/cdn/shop/;shopify_core_js;shopify-section;header:shopify-complexity-score,False,6,city:mumbai;currency:INR,city_mumbai,2,0,0,0,,,,True,
https://kalpana.net,https://kalpana.net,200,True,28,window.Shopify;Shopify.shop;cdn.shopify.com;/cdn/shop/;shopify_core_js;shopify-section;header:shopify-complexity-score,True,14,phone:+91;city:delhi;indian_payment_gateway;currency:INR,city_delhi,2,3,6,5,jsonld_or_dom_img,keyword_heuristics,metadata_or_headings,True,
https://international-tool.co.in,https://international-tool.co.in,0,False,0,,False,0,,,0,0,0,0,,,,True,NetworkError: ConnectError
https://lozano.in,https://lozano.in,200,True,28,window.Shopify;Shopify.shop;cdn.shopify.com;/cdn/shop/;shopify_core_js;shopify-section;header:shopify-complexity-score,True,15,domain:.in;phone:+91;city:delhi;indian_payment_gateway;currency:INR,city_delhi,2,1,0,2,jsonld_or_dom_img,keyword_heuristics,metadata_or_headings,True,
https://dandeliondreams.co,https://dandelionindia.co/,200,True,30,window.Shopify;Shopify.shop;cdn.shopify.com;/cdn/shop/;shopify_core_js;shopify-section;shopify-payment-button;header:shopify-complexity-score,True,25,jsonld_india_address;state:Maharashtra;phone:+91;city:mumbai;currency:INR,json_ld_address,2,1,0,2,jsonld_or_dom_img,keyword_heuristics,metadata_or_headings,True,
https://dameessentials.com,https://www.dameessentials.com/,200,True,28,window.Shopify;Shopify.shop;cdn.shopify.com;/cdn/shop/;shopify_core_js;shopify-section;header:shopify-complexity-score,True,14,pin_code:560092;city:bangalore;indian_payment_gateway;currency:INR,city_bangalore,2,1,1,2,jsonld_or_dom_img,keyword_heuristics,metadata_or_headings,True,
https://ayurvedindia.co.in,,0,False,0,,False,0,,,0,0,0,0,,,,False,Robots.txt blocks homepage
https://awwalboutique.com,https://www.awwalboutique.com/,200,True,28,window.Shopify;Shopify.shop;cdn.shopify.com;/cdn/shop/;shopify_core_js;shopify-section;header:shopify-complexity-score,True,16,phone:+91;pin_code:400097;city:mumbai;currency:INR,city_mumbai,2,0,0,3,jsonld_or_dom_img,keyword_heuristics,metadata_or_headings,True,
https://cheatingwatch.in,https://cheatingwatch.in,0,False,0,,False,0,,,0,0,0,0,,,,True,NetworkError: ConnectError
https://meplsky.com,https://meplsky.com,403,False,0,,False,0,,,0,0,0,0,,,,True,HTTP 403
https://spiceplatter.com,https://www.spiceplatter.com/,200,True,30,window.Shopify;Shopify.shop;cdn.shopify.com;/cdn/shop/;shopify_core_js;shopify-section;shopify-payment-button;header:shopify-complexity-score,True,14,phone:+91;city:mumbai;indian_payment_gateway;currency:INR,city_mumbai,2,2,1,3,jsonld_or_dom_img,keyword_heuristics,metadata_or_headings,True,
https://kanelle-online.com,,0,False,0,,False,0,,,0,0,0,0,,,,False,Robots.txt blocks homepage
https://frozenbasket.com,https://frozenbasket.com,200,False,0,,False,0,,,0,0,0,0,,,,True,
https://uncuffedclothing.com,https://uncuffedclothing.com,200,True,30,window.Shopify;Shopify.shop;cdn.shopify.com;/cdn/shop/;shopify_core_js;shopify-section;shopify-payment-button;header:shopify-complexity-score,True,11,pin_code:560042;city:bengaluru;currency:INR,city_bengaluru,2,1,1,1,jsonld_or_dom_img,keyword_heuristics,metadata_or_headings,True,
https://shopifytest8.myshopify.com,https://shopifytest8.myshopify.com,200,True,36,myshopify_subdomain;window.Shopify;Shopify.shop;cdn.shopify.com;/cdn/shop/;shopify_core_js;header:shopify-complexity-score,True,7,phone:+91;currency:INR,,1,0,0,4,jsonld_or_dom_img,keyword_heuristics,metadata_or_headings,True,
https://matsyaworld.com,https://matsyaworld.com,200,True,28,window.Shopify;Shopify.shop;cdn.shopify.com;/cdn/shop/;shopify_core_js;shopify-section;header:shopify-complexity-score,True,14,phone:+91;city:jaipur;indian_payment_gateway;currency:INR,city_jaipur,2,1,0,4,jsonld_or_dom_img,keyword_heuristics,metadata_or_headings,True,
https://beautysource.in,https://beautysource.in,0,False,0,,False,0,,,0,0,0,0,,,,True,NetworkError: ConnectError
https://tarinionline.com,https://www.tarinionline.com/,200,True,28,window.Shopify;Shopify.shop;cdn.shopify.com;/cdn/shop/;shopify_core_js;shopify-section;header:shopify-complexity-score,True,14,phone:+91;city:noida;indian_payment_gateway;currency:INR,city_noida,2,2,1,3,jsonld_or_dom_img,keyword_heuristics,metadata_or_headings,True,
https://liso.in,https://liso.in,200,True,28,window.Shopify;Shopify.shop;cdn.shopify.com;/cdn/shop/;shopify_core_js;shopify-section;header:shopify-complexity-score,True,15,domain:.in;phone:+91;city:hyderabad;indian_payment_gateway;currency:INR,city_hyderabad,2,1,2,3,jsonld_or_dom_img,keyword_heuristics,metadata_or_headings,True,
https://globusshopping.com,https://globusshopping.com,0,False,0,,False,0,,,0,0,0,0,,,,True,NetworkError: ConnectError
https://bebaakstudio.com,https://bebaakstudio.com,200,True,28,window.Shopify;Shopify.shop;cdn.shopify.com;/cdn/shop/;shopify_core_js;shopify-section;header:shopify-complexity-score,True,13,phone:+91;state:Chhattisgarh;currency:INR,text_mention,2,2,1,3,jsonld_or_dom_img,keyword_heuristics,metadata_or_headings,True,
https://craxystore.com,https://craxystore.com,200,False,0,,False,0,,,0,0,0,0,,,,True,
https://toshindia.com,https://www.toshindia.com/,200,True,26,window.Shopify;Shopify.shop;cdn.shopify.com;/cdn/shop/;shopify_core_js;header:shopify-complexity-score,True,9,city:mumbai;indian_payment_gateway;currency:INR,city_mumbai,2,3,0,1,jsonld_or_dom_img,keyword_heuristics,metadata_or_headings,True,
https://bragnolabel.com,https://bragnolabel.com,0,False,0,,False,0,,,0,0,0,0,,,,True,NetworkError: ConnectError
https://pastelcountry.com,https://pastelcountry.com,0,False,0,,False,0,,,0,0,0,0,,,,True,NetworkError: ConnectError
https://kairfashion.com,https://kairfashion.com,200,True,28,window.Shopify;Shopify.shop;cdn.shopify.com;/cdn/shop/;shopify_core_js;shopify-section;header:shopify-complexity-score,True,30,jsonld_india_address;state:Tamil Nadu;phone:+91;pin_code:641606;city:kolkata;currency:INR,json_ld_address,2,1,0,4,jsonld_or_dom_img,keyword_heuristics,metadata_or_headings,True,
https://livingwithelan.co,https://livingwithelan.co,200,True,32,window.Shopify;Shopify.shop;cdn.shopify.com;/cdn/shop/;shopify_core_js;shopify-section;shopify-payment-button;shopify_meta_attribute;header:shopify-complexity-score,True,14,phone:+91;city:delhi;indian_payment_gateway;currency:INR,city_delhi,2,1,1,3,jsonld_or_dom_img,keyword_heuristics,metadata_or_headings,True,
https://bamboopecker.com,https://bamboopecker.com,200,True,28,window.Shopify;Shopify.shop;cdn.shopify.com;/cdn/shop/;shopify_core_js;shopify-section;header:shopify-complexity-score,True,11,phone:+91;city:bengaluru;currency:INR,city_bengaluru,2,2,2,6,jsonld_or_dom_img,keyword_heuristics,metadata_or_headings,True,
https://paperhandy.com,https://paperhandy.com,0,False,0,,False,0,,,0,0,0,0,,,,True,NetworkError: ConnectError
https://iorganicmilk.com,https://iorganicmilk.com,200,True,28,window.Shopify;Shopify.shop;cdn.shopify.com;/cdn/shop/;shopify_core_js;shopify-section;header:shopify-complexity-score,True,11,phone:+91;city:delhi;currency:INR,city_delhi,2,1,1,5,jsonld_or_dom_img,keyword_heuristics,metadata_or_headings,True,
https://kultprit.com,https://www.kultprit.com/,200,True,28,window.Shopify;Shopify.shop;cdn.shopify.com;/cdn/shop/;shopify_core_js;shopify-section;header:shopify-complexity-score,True,10,phone:+91;indian_payment_gateway;currency:INR,,2,0,0,2,jsonld_or_dom_img,keyword_heuristics,metadata_or_headings,True,
https://cliths.com,https://www.cliths.com/,200,True,28,window.Shopify;Shopify.shop;cdn.shopify.com;/cdn/shop/;shopify_core_js;shopify-section;header:shopify-complexity-score,True,14,phone:+91;city:noida;indian_payment_gateway;currency:INR,city_noida,2,0,0,5,jsonld_or_dom_img,keyword_heuristics,metadata_or_headings,True,
https://thriftizer.com,https://www.thriftizer.com/,200,True,5,/cdn/shop/,True,25,jsonld_india_address;state:Karnataka;phone:+91;city:bengaluru;currency:INR,json_ld_address,2,1,2,3,jsonld_or_dom_img,keyword_heuristics,metadata_or_headings,True,
https://aakaar.com,https://aakaar.com,200,True,30,window.Shopify;Shopify.shop;cdn.shopify.com;/cdn/shop/;shopify_core_js;shopify-section;shopify-payment-button;header:shopify-complexity-score,True,16,phone:+91;pin_code:400013;city:mumbai;currency:INR,city_mumbai,2,1,4,4,jsonld_or_dom_img,keyword_heuristics,metadata_or_headings,True,
https://lachocoallure.com,https://www.lachocoallure.com/,200,True,28,window.Shopify;Shopify.shop;cdn.shopify.com;/cdn/shop/;shopify_core_js;shopify-section;header:shopify-complexity-score,True,14,phone:+91;city:delhi;indian_payment_gateway;currency:INR,city_delhi,2,1,1,5,jsonld_or_dom_img,keyword_heuristics,metadata_or_headings,True,
https://bagpoint.in,https://www.bagpoint.in/,200,True,28,window.Shopify;Shopify.shop;cdn.shopify.com;/cdn/shop/;shopify_core_js;shopify-section;header:shopify-complexity-score,True,15,domain:.in;phone:+91;city:rajkot;indian_payment_gateway;currency:INR,city_rajkot,2,1,0,0,jsonld_or_dom_img,keyword_heuristics,metadata_or_headings,True,
https://highknit.fashion,https://highknit.fashion,0,False,0,,False,0,,,0,0,0,0,,,,True,NetworkError: ConnectError
https://oideal.in,https://www.oideal.in/,200,True,28,window.Shopify;Shopify.shop;cdn.shopify.com;/cdn/shop/;shopify_core_js;shopify-section;header:shopify-complexity-score,True,23,domain:.in;gstin:27AYQPM2211F1ZJ;phone:+91;pin_code:412207;city:pune;currency:INR,gstin_code_27,2,2,2,3,jsonld_or_dom_img,keyword_heuristics,metadata_or_headings,True,
https://modaelementi.myshopify.com,https://www.modaelementi.com/,200,True,38,myshopify_subdomain;window.Shopify;Shopify.shop;cdn.shopify.com;/cdn/shop/;shopify_core_js;shopify-section;header:shopify-complexity-score,True,11,phone:+91;city:bangalore;currency:INR,city_bangalore,2,1,2,3,jsonld_or_dom_img,keyword_heuristics,metadata_or_headings,True,
https://sheetkart.com,https://www.sheetkart.com/,200,True,28,window.Shopify;Shopify.shop;cdn.shopify.com;/cdn/shop/;shopify_core_js;shopify-section;header:shopify-complexity-score,True,16,phone:+91;pin_code:302029;city:jaipur;currency:INR,city_jaipur,2,1,2,4,jsonld_or_dom_img,keyword_heuristics,metadata_or_headings,True,
https://stylox.in,https://stylox.in,200,True,28,window.Shopify;Shopify.shop;cdn.shopify.com;/cdn/shop/;shopify_core_js;shopify-section;header:shopify-complexity-score,True,12,domain:.in;phone:+91;city:gurugram;currency:INR,city_gurugram,2,2,2,2,jsonld_or_dom_img,keyword_heuristics,metadata_or_headings,True,
https://crossfriend.com,https://crossfriend.com,200,False,0,,False,0,,,0,0,0,0,,,,True,
https://haeal.com,https://haeal.com,0,False,0,,False,0,,,0,0,0,0,,,,True,Timeout: ConnectTimeout
https://natures-nectar.com,https://www.natures-nectar.com/,200,True,28,window.Shopify;Shopify.shop;cdn.shopify.com;/cdn/shop/;shopify_core_js;shopify-section;header:shopify-complexity-score,True,33,jsonld_india_address;state:Delhi;phone:+91;pin_code:110048;city:delhi;indian_payment_gateway;currency:INR,json_ld_address,0,0,0,0,jsonld_or_dom_img,keyword_heuristics,metadata_or_headings,True,
https://themojaclub.com,https://themojaclub.com,423,False,0,,False,0,,,0,0,0,0,,,,True,HTTP 423
https://houseofmandara.com,,0,False,0,,False,0,,,0,0,0,0,,,,False,Robots.txt blocks homepage
https://sevenbeans.co,https://sevenbeans.co,200,True,28,window.Shopify;Shopify.shop;cdn.shopify.com;/cdn/shop/;shopify_core_js;shopify-section;header:shopify-complexity-score,True,11,phone:+91;city:bangalore;currency:INR,city_bangalore,2,1,0,3,jsonld_or_dom_img,keyword_heuristics,metadata_or_headings,True,
https://yubingo.com,https://yubingo.com,0,False,0,,False,0,,,0,0,0,0,,,,True,NetworkError: ConnectError
https://imleejaipur.com,https://imleejaipur.com,200,True,28,window.Shopify;Shopify.shop;cdn.shopify.com;/cdn/shop/;shopify_core_js;shopify-section;header:shopify-complexity-score,True,16,phone:+91;pin_code:302015;city:jaipur;currency:INR,city_jaipur,2,2,1,3,jsonld_or_dom_img,keyword_heuristics,metadata_or_headings,True,
https://efifdiamonds.com,https://www.efifdiamonds.com/,200,True,28,window.Shopify;Shopify.shop;cdn.shopify.com;/cdn/shop/;shopify_core_js;shopify-section;header:shopify-complexity-score,True,11,phone:+91;city:chennai;currency:INR,city_chennai,2,1,4,3,jsonld_or_dom_img,keyword_heuristics,metadata_or_headings,True,
https://khatrijamnadas.com,https://khatrijamnadas.com,200,True,28,window.Shopify;Shopify.shop;cdn.shopify.com;/cdn/shop/;shopify_core_js;shopify-section;header:shopify-complexity-score,True,16,phone:+91;pin_code:400002;city:mumbai;currency:INR,city_mumbai,2,1,2,3,jsonld_or_dom_img,keyword_heuristics,metadata_or_headings,True,
https://uathayam.in,https://uathayam.in,200,True,30,window.Shopify;Shopify.shop;cdn.shopify.com;/cdn/shop/;shopify_core_js;shopify-section;shopify-payment-button;header:shopify-complexity-score,True,19,domain:.in;gstin:33AAIFA8010E1Z1;phone:+91;pin_code:638102;currency:INR,gstin_code_33,2,1,1,3,jsonld_or_dom_img,keyword_heuristics,metadata_or_headings,True,
https://himalayanpeople.com,https://himalayanpeople.com,200,True,28,window.Shopify;Shopify.shop;cdn.shopify.com;/cdn/shop/;shopify_core_js;shopify-section;header:shopify-complexity-score,True,8,state:Himachal Pradesh;currency:INR,text_mention,1,0,0,1,jsonld_or_dom_img,keyword_heuristics,metadata_or_headings,True,
https://nindykaur.com,https://nindykaur.com,200,False,0,,False,0,,,0,0,0,0,,,,True,
https://antesports.com,https://antesports.com,200,True,28,window.Shopify;Shopify.shop;cdn.shopify.com;/cdn/shop/;shopify_core_js;shopify-section;header:shopify-complexity-score,True,25,jsonld_india_address;state:Delhi;phone:+91;city:delhi;currency:INR,json_ld_address,2,2,1,4,jsonld_or_dom_img,keyword_heuristics,metadata_or_headings,True,
https://tatthvamasi.com,https://tatthvamasi.com,0,False,0,,False,0,,,0,0,0,0,,,,True,NetworkError: ConnectError
https://mubeenashariff.com,,0,False,0,,False,0,,,0,0,0,0,,,,False,Robots.txt blocks homepage
https://bujuma.com,https://bujuma.com,404,False,0,,False,0,,,0,0,0,0,,,,True,HTTP 404
https://aaharmantra.com,https://aaharmantra.com,200,False,0,,False,0,,,0,0,0,0,,,,True,
https://zymrat.com,,0,False,0,,False,0,,,0,0,0,0,,,,False,Robots.txt blocks homepage
https://krausjeans.com,https://www.krausjeans.com/,200,True,30,window.Shopify;Shopify.shop;cdn.shopify.com;/cdn/shop/;shopify_core_js;shopify-section;shopify-payment-button;header:shopify-complexity-score,True,14,pin_code:401107;city:thane;indian_payment_gateway;currency:INR,city_thane,2,1,1,3,jsonld_or_dom_img,keyword_heuristics,metadata_or_headings,True,
https://passionindulge.com,https://passionindulge.com,200,True,30,window.Shopify;Shopify.shop;cdn.shopify.com;/cdn/shop/;shopify_core_js;shopify-section;shopify-payment-button;header:shopify-complexity-score,True,28,jsonld_india_address;state:Maharashtra;phone:+91;city:mumbai;indian_payment_gateway;currency:INR,json_ld_address,2,2,2,3,jsonld_or_dom_img,keyword_heuristics,metadata_or_headings,True,
https://shopjbr.com,https://www.shopjbr.com/,200,True,28,window.Shopify;Shopify.shop;cdn.shopify.com;/cdn/shop/;shopify_core_js;shopify-section;header:shopify-complexity-score,True,19,phone:+91;pin_code:400056;city:mumbai;indian_payment_gateway;currency:INR,city_mumbai,2,1,2,3,jsonld_or_dom_img,keyword_heuristics,metadata_or_headings,True,
https://merideewar.com,https://merideewar.com,200,True,28,window.Shopify;Shopify.shop;cdn.shopify.com;/cdn/shop/;shopify_core_js;shopify-section;header:shopify-complexity-score,True,16,phone:+91;pin_code:411045;city:mumbai;currency:INR,city_mumbai,2,1,0,5,jsonld_or_dom_img,keyword_heuristics,metadata_or_headings,True,
https://soulpuresoaps.com,https://soulpuresoaps.com,200,False,0,,False,0,,,0,0,0,0,,,,True,
https://dagnamusic.com,https://dagnamusic.com,200,False,0,,False,0,,,0,0,0,0,,,,True,
https://signoraa.in,,0,False,0,,False,0,,,0,0,0,0,,,,False,Robots.txt blocks homepage
https://phonokart.com,https://phonokart.com,200,True,30,window.Shopify;Shopify.shop;cdn.shopify.com;/cdn/shop/;shopify_core_js;shopify-section;shopify-payment-button;header:shopify-complexity-score,True,10,phone:+91;indian_payment_gateway;currency:INR,,2,1,1,3,jsonld_or_dom_img,keyword_heuristics,metadata_or_headings,True,
https://jaipurpaisley.com,https://jaipurpaisley.com,200,True,28,window.Shopify;Shopify.shop;cdn.shopify.com;/cdn/shop/;shopify_core_js;shopify-section;header:shopify-complexity-score,True,11,phone:+91;city:jaipur;currency:INR,city_jaipur,2,1,2,2,jsonld_or_dom_img,keyword_heuristics,metadata_or_headings,True,
https://jahanpanah.com,https://jahanpanah.com,0,False,0,,False,0,,,0,0,0,0,,,,True,NetworkError: ConnectError
https://jackinthebox.in,https://jackinthebox.in,0,False,0,,False,0,,,0,0,0,0,,,,True,NetworkError: ConnectError
https://kraasa.com,https://kraasa.com,200,False,0,,False,0,,,0,0,0,0,,,,True,
https://vervejewels.com,https://www.vervejewels.com/,200,True,28,window.Shopify;Shopify.shop;cdn.shopify.com;/cdn/shop/;shopify_core_js;shopify-section;header:shopify-complexity-score,True,14,phone:+91;city:jaipur;indian_payment_gateway;currency:INR,city_jaipur,2,2,2,1,jsonld_or_dom_img,keyword_heuristics,metadata_or_headings,True,
https://var-tech.com,https://var-tech.com,200,True,28,window.Shopify;Shopify.shop;cdn.shopify.com;/cdn/shop/;shopify_core_js;shopify-section;header:shopify-complexity-score,True,19,phone:+91;pin_code:562123;city:bengaluru;indian_payment_gateway;currency:INR,city_bengaluru,2,1,0,2,jsonld_or_dom_img,keyword_heuristics,metadata_or_headings,True,
https://chadotea.in,https://chadotea.in,200,True,32,window.Shopify;Shopify.shop;cdn.shopify.com;/cdn/shop/;shopify_core_js;shopify-section;shopify-payment-button;shopify_meta_attribute;header:shopify-complexity-score,True,11,domain:.in;phone:+91;indian_payment_gateway;currency:INR,,2,1,0,3,jsonld_or_dom_img,keyword_heuristics,metadata_or_headings,True,
https://slacklife.in,https://www.slacklife.in/,200,True,28,window.Shopify;Shopify.shop;cdn.shopify.com;/cdn/shop/;shopify_core_js;shopify-section;header:shopify-complexity-score,True,17,domain:.in;phone:+91;pin_code:400034;city:mumbai;currency:INR,city_mumbai,2,1,1,6,jsonld_or_dom_img,keyword_heuristics,metadata_or_headings,True,
https://riderzplanet.com,https://www.riderzplanet.com/,200,True,28,window.Shopify;Shopify.shop;cdn.shopify.com;/cdn/shop/;shopify_core_js;shopify-section;header:shopify-complexity-score,True,16,phone:+91;pin_code:110030;city:delhi;currency:INR,city_delhi,2,1,3,3,jsonld_or_dom_img,keyword_heuristics,metadata_or_headings,True,
https://zoopmen.in,https://zoopmen.in,200,True,28,window.Shopify;Shopify.shop;cdn.shopify.com;/cdn/shop/;shopify_core_js;shopify-section;header:shopify-complexity-score,True,17,domain:.in;phone:+91;pin_code:110092;city:delhi;currency:INR,city_delhi,2,2,2,3,jsonld_or_dom_img,keyword_heuristics,metadata_or_headings,True,
https://sachins.com,https://sachins.com,200,True,30,window.Shopify;Shopify.shop;cdn.shopify.com;/cdn/shop/;shopify_core_js;shopify-section;shopify-payment-button;header:shopify-complexity-score,True,16,phone:+91;pin_code:390005;city:vadodara;currency:INR,city_vadodara,2,1,67,5,jsonld_or_dom_img,keyword_heuristics,metadata_or_headings,True,
https://deczo.com,https://www.deczo.com/,200,True,28,window.Shopify;Shopify.shop;cdn.shopify.com;/cdn/shop/;shopify_core_js;shopify-section;header:shopify-complexity-score,True,16,phone:+91;pin_code:110096;city:delhi;currency:INR,city_delhi,0,1,0,0,jsonld_or_dom_img,keyword_heuristics,metadata_or_headings,True,
https://thevitamin.co,https://thevitamin.co,200,True,28,window.Shopify;Shopify.shop;cdn.shopify.com;/cdn/shop/;shopify_core_js;shopify-section;header:shopify-complexity-score,True,19,phone:+91;pin_code:110016;city:bangalore;indian_payment_gateway;currency:INR,city_bangalore,2,1,2,3,jsonld_or_dom_img,keyword_heuristics,metadata_or_headings,True,
https://prestobazaar.com,https://prestobazaar.com,200,True,28,window.Shopify;Shopify.shop;cdn.shopify.com;/cdn/shop/;shopify_core_js;shopify-section;header:shopify-complexity-score,True,14,phone:+91;city:bangalore;indian_payment_gateway;currency:INR,city_bangalore,2,1,1,2,jsonld_or_dom_img,keyword_heuristics,metadata_or_headings,True,
https://ooshinuk.com,https://ooshinuk.com,200,True,28,window.Shopify;Shopify.shop;cdn.shopify.com;/cdn/shop/;shopify_core_js;shopify-section;header:shopify-complexity-score,True,7,phone:+91;currency:INR,,1,0,0,2,jsonld_or_dom_img,keyword_heuristics,metadata_or_headings,True,
https://footprintsforeverstore.com,https://footprintsforeverstore.com,0,False,0,,False,0,,,0,0,0,0,,,,True,NetworkError: ConnectError
https://hamsterlondon.com,https://hamsterlondon.com,200,True,28,window.Shopify;Shopify.shop;cdn.shopify.com;/cdn/shop/;shopify_core_js;shopify-section;header:shopify-complexity-score,True,19,phone:+91;pin_code:110020;city:delhi;indian_payment_gateway;currency:INR,city_delhi,2,1,2,4,jsonld_or_dom_img,keyword_heuristics,metadata_or_headings,True,
https://aranmulakannadi.net,https://aranmulakannadi.net,200,True,28,window.Shopify;Shopify.shop;cdn.shopify.com;/cdn/shop/;shopify_core_js;shopify-section;header:shopify-complexity-score,True,11,phone:+91;city:mumbai;currency:INR,city_mumbai,2,2,1,5,jsonld_or_dom_img,keyword_heuristics,metadata_or_headings,True,
https://newfrostysonline.com,https://newfrostysonline.com,200,True,28,window.Shopify;Shopify.shop;cdn.shopify.com;/cdn/shop/;shopify_core_js;shopify-section;header:shopify-complexity-score,True,11,phone:+91;city:bengaluru;currency:INR,city_bengaluru,1,0,2,0,jsonld_or_dom_img,keyword_heuristics,metadata_or_headings,True,
https://wizopt.com,https://wizopt.com,200,True,28,window.Shopify;Shopify.shop;cdn.shopify.com;/cdn/shop/;shopify_core_js;shopify-section;header:shopify-complexity-score,False,2,currency:INR,,2,0,0,0,,,,True,
https://rajmahalsilks.com,https://www.rajmahalsilks.com/,200,True,28,window.Shopify;Shopify.shop;cdn.shopify.com;/cdn/shop/;shopify_core_js;shopify-section;header:shopify-complexity-score,True,19,phone:+91;pin_code:625020;city:madurai;indian_payment_gateway;currency:INR,city_madurai,2,1,1,5,jsonld_or_dom_img,keyword_heuristics,metadata_or_headings,True,
https://alshan.in,https://alshan.in,200,False,0,,False,0,,,0,0,0,0,,,,True,
https://brahmz.com,https://brahmz.com,200,False,0,,False,0,,,0,0,0,0,,,,True,
https://crossroadthebikerstop.com,https://crossroadthebikerstop.com,200,True,28,window.Shopify;Shopify.shop;cdn.shopify.com;/cdn/shop/;shopify_core_js;shopify-section;header:shopify-complexity-score,True,16,phone:+91;pin_code:400060;city:mumbai;currency:INR,city_mumbai,2,2,2,4,jsonld_or_dom_img,keyword_heuristics,metadata_or_headings,True,
https://kalenele.com,https://kalenele.com,200,True,28,window.Shopify;Shopify.shop;cdn.shopify.com;/cdn/shop/;shopify_core_js;shopify-section;header:shopify-complexity-score,True,16,phone:+91;pin_code:560017;city:bangalore;currency:INR,city_bangalore,2,0,2,2,jsonld_or_dom_img,keyword_heuristics,metadata_or_headings,True,
https://thewishkart.com,https://thewishkart.com,0,False,0,,False,0,,,0,0,0,0,,,,True,NetworkError: ConnectError
https://primaczar.com,https://primaczar.com,200,True,28,window.Shopify;Shopify.shop;cdn.shopify.com;/cdn/shop/;shopify_core_js;shopify-section;header:shopify-complexity-score,False,6,city:mumbai;currency:INR,city_mumbai,1,0,0,0,,,,True,
https://cuttingedgeindia.com,https://cuttingedgeindia.com,200,True,28,window.Shopify;Shopify.shop;cdn.shopify.com;/cdn/shop/;shopify_core_js;shopify-section;header:shopify-complexity-score,True,33,jsonld_india_address;state:Karnataka;phone:+91;pin_code:560048;city:bengaluru;indian_payment_gateway;currency:INR,json_ld_address,2,1,0,4,jsonld_or_dom_img,keyword_heuristics,metadata_or_headings,True,
https://beligious.com,https://beligious.com,0,False,0,,False,0,,,0,0,0,0,,,,True,NetworkError: ConnectError
https://mojobars.com,https://www.mojobars.com/,200,True,28,window.Shopify;Shopify.shop;cdn.shopify.com;/cdn/shop/;shopify_core_js;shopify-section;header:shopify-complexity-score,True,7,phone:+91;currency:INR,,2,1,1,0,jsonld_or_dom_img,keyword_heuristics,metadata_or_headings,True,
https://praakritik.com,https://www.praakritik.com/,200,True,28,window.Shopify;Shopify.shop;cdn.shopify.com;/cdn/shop/;shopify_core_js;shopify-section;header:shopify-complexity-score,True,16,phone:+91;pin_code:400093;city:mumbai;currency:INR,city_mumbai,2,1,1,3,jsonld_or_dom_img,keyword_heuristics,metadata_or_headings,True,
https://achievers9bands.com,https://achievers9bands.com,200,True,30,window.Shopify;Shopify.shop;cdn.shopify.com;/cdn/shop/;shopify_core_js;shopify-section;shopify-payment-button;header:shopify-complexity-score,True,8,state:Haryana;currency:INR,text_mention,2,0,2,0,jsonld_or_dom_img,keyword_heuristics,metadata_or_headings,True,
https://trison.in,https://trison.in,200,True,28,window.Shopify;Shopify.shop;cdn.shopify.com;/cdn/shop/;shopify_core_js;shopify-section;header:shopify-complexity-score,True,17,domain:.in;phone:+91;pin_code:110020;city:delhi;currency:INR,city_delhi,2,1,1,2,jsonld_or_dom_img,keyword_heuristics,metadata_or_headings,True,
https://karmakettle.com,https://www.karmakettle.com/,200,True,28,window.Shopify;Shopify.shop;cdn.shopify.com;/cdn/shop/;shopify_core_js;shopify-section;header:shopify-complexity-score,True,11,pin_code:700019;city:bangalore;currency:INR,city_bangalore,2,1,0,6,jsonld_or_dom_img,keyword_heuristics,metadata_or_headings,True,
https://unitedbyhope.com,https://unitedbyhope.com,200,True,28,window.Shopify;Shopify.shop;cdn.shopify.com;/cdn/shop/;shopify_core_js;shopify-section;header:shopify-complexity-score,True,16,phone:+91;pin_code:560068;city:bangalore;currency:INR,city_bangalore,2,2,3,3,jsonld_or_dom_img,keyword_heuristics,metadata_or_headings,True,
https://siddarthatytler.com,https://www.siddarthatytler.com/,200,True,28,window.Shopify;Shopify.shop;cdn.shopify.com;/cdn/shop/;shopify_core_js;shopify-section;header:shopify-complexity-score,True,16,phone:+91;pin_code:110048;city:delhi;currency:INR,city_delhi,2,1,2,2,jsonld_or_dom_img,keyword_heuristics,metadata_or_headings,True,
https://paio.co,https://paio.co,200,False,0,,False,0,,,0,0,0,0,,,,True,
https://rockystarworld.com,https://rockystarworld.com,200,True,28,window.Shopify;Shopify.shop;cdn.shopify.com;/cdn/shop/;shopify_core_js;shopify-section;header:shopify-complexity-score,True,16,phone:+91;pin_code:400052;city:mumbai;currency:INR,city_mumbai,2,1,1,3,jsonld_or_dom_img,keyword_heuristics,metadata_or_headings,True,
https://vedikam.com,https://vedikam.com,200,True,28,window.Shopify;Shopify.shop;cdn.shopify.com;/cdn/shop/;shopify_core_js;shopify-section;header:shopify-complexity-score,True,19,phone:+91;pin_code:400059;city:mumbai;indian_payment_gateway;currency:INR,city_mumbai,2,1,0,2,jsonld_or_dom_img,keyword_heuristics,metadata_or_headings,True,
https://poojaproducts.com,https://www.poojaproducts.com/,200,True,32,window.Shopify;Shopify.shop;cdn.shopify.com;/cdn/shop/;shopify_core_js;shopify-section;shopify-payment-button;shopify_meta_attribute;header:shopify-complexity-score,True,14,phone:+91;city:chennai;indian_payment_gateway;currency:INR,city_chennai,2,0,0,0,jsonld_or_dom_img,keyword_heuristics,metadata_or_headings,True,
https://proarteworld.com,https://proarteworld.com,200,True,28,window.Shopify;Shopify.shop;cdn.shopify.com;/cdn/shop/;shopify_core_js;shopify-section;header:shopify-complexity-score,True,10,phone:+91;indian_payment_gateway;currency:INR,,2,1,0,3,jsonld_or_dom_img,keyword_heuristics,metadata_or_headings,True,
https://plantlane.com,,0,False,0,,False,0,,,0,0,0,0,,,,False,Robots.txt blocks homepage
https://aavaranudaipur.com,https://aavaranudaipur.com,403,False,0,,False,0,,,0,0,0,0,,,,True,HTTP 403
https://chermasindia.com,https://chermasindia.com,200,False,0,,False,0,,,0,0,0,0,,,,True,
https://decorafurniture.in,https://decorafurniture.in,200,True,28,window.Shopify;Shopify.shop;cdn.shopify.com;/cdn/shop/;shopify_core_js;shopify-section;header:shopify-complexity-score,True,7,domain:.in;city:mumbai;currency:INR,city_mumbai,2,1,1,2,jsonld_or_dom_img,keyword_heuristics,metadata_or_headings,True,
https://tatwamm.com,https://www.tatwamm.com/,200,True,28,window.Shopify;Shopify.shop;cdn.shopify.com;/cdn/shop/;shopify_core_js;shopify-section;header:shopify-complexity-score,True,7,phone:+91;currency:INR,,2,1,1,1,jsonld_or_dom_img,keyword_heuristics,metadata_or_headings,True,
https://shop.oriontrims.com,,0,False,0,,False,0,,,0,0,0,0,,,,False,Robots.txt blocks homepage
https://vastumiracles.com,https://www.vastumiracles.com/,200,True,28,window.Shopify;Shopify.shop;cdn.shopify.com;/cdn/shop/;shopify_core_js;shopify-section;header:shopify-complexity-score,True,28,jsonld_india_address;state:Uttarakhand;phone:+91;city:dehradun;indian_payment_gateway;currency:INR,json_ld_address,2,1,1,4,jsonld_or_dom_img,keyword_heuristics,metadata_or_headings,True,
https://blowhotindia.com,https://blowhotindia.com,200,True,30,window.Shopify;Shopify.shop;cdn.shopify.com;/cdn/shop/;shopify_core_js;shopify-section;shopify-payment-button;header:shopify-complexity-score,True,27,jsonld_india_address;phone:+91;pin_code:560010;city:bengaluru;indian_payment_gateway;currency:INR,city_bengaluru,2,2,1,5,jsonld_or_dom_img,keyword_heuristics,metadata_or_headings,True,
https://pearlseven.com,https://pearlseven.com,200,True,28,window.Shopify;Shopify.shop;cdn.shopify.com;/cdn/shop/;shopify_core_js;shopify-section;header:shopify-complexity-score,False,5,indian_payment_gateway;currency:INR,,2,0,0,0,,,,True,
https://lipkahome.com,https://lipkahome.com,200,True,28,window.Shopify;Shopify.shop;cdn.shopify.com;/cdn/shop/;shopify_core_js;shopify-section;header:shopify-complexity-score,True,16,phone:+91;pin_code:110034;city:delhi;currency:INR,city_delhi,2,1,1,5,jsonld_or_dom_img,keyword_heuristics,metadata_or_headings,True,
https://cottonrack.com,https://cottonrack.com,200,True,28,window.Shopify;Shopify.shop;cdn.shopify.com;/cdn/shop/;shopify_core_js;shopify-section;header:shopify-complexity-score,True,13,phone:+91;state:West Bengal;currency:INR,text_mention,2,1,1,6,jsonld_or_dom_img,keyword_heuristics,metadata_or_headings,True,
https://lazyassbikers.com,https://www.lazyassbikers.com/,200,True,30,window.Shopify;Shopify.shop;cdn.shopify.com;/cdn/shop/;shopify_core_js;shopify-section;shopify-payment-button;header:shopify-complexity-score,True,11,phone:+91;city:mumbai;currency:INR,city_mumbai,2,1,1,2,jsonld_or_dom_img,keyword_heuristics,metadata_or_headings,True,
https://iksilver.com,https://iksilver.com,0,False,0,,False,0,,,0,0,0,0,,,,True,NetworkError: ConnectError
https://toshonwelding.com,https://www.toshonwelding.com/,200,True,28,window.Shopify;Shopify.shop;cdn.shopify.com;/cdn/shop/;shopify_core_js;shopify-section;header:shopify-complexity-score,True,11,pin_code:641018;city:chennai;currency:INR,city_chennai,2,2,3,4,jsonld_or_dom_img,keyword_heuristics,metadata_or_headings,True,
https://neogarments.com,https://neogarments.com,200,False,0,,False,0,,,0,0,0,0,,,,True,
https://shenshe.com,https://shenshe.com,200,True,28,window.Shopify;Shopify.shop;cdn.shopify.com;/cdn/shop/;shopify_core_js;shopify-section;header:shopify-complexity-score,True,16,phone:+91;pin_code:110005;city:delhi;currency:INR,city_delhi,2,1,1,0,jsonld_or_dom_img,keyword_heuristics,metadata_or_headings,True,
https://beryltrends.com,https://beryltrends.com,0,False,0,,False,0,,,0,0,0,0,,,,True,NetworkError: ConnectError
https://spruceindia.com,https://spruceindia.com,200,True,28,window.Shopify;Shopify.shop;cdn.shopify.com;/cdn/shop/;shopify_core_js;shopify-section;header:shopify-complexity-score,True,20,gstin:33BTKPA8308P1ZE;phone:+91;city:coimbatore;indian_payment_gateway;currency:INR,gstin_code_33,2,1,1,4,jsonld_or_dom_img,keyword_heuristics,metadata_or_headings,True,
https://giftwaley.com,https://www.giftwaley.com/,200,False,0,,False,0,,,0,0,0,0,,,,True,
https://inhika.com,,0,False,0,,False,0,,,0,0,0,0,,,,False,Robots.txt blocks homepage
https://jewelshingar.com,https://chokerset.com/,200,True,28,window.Shopify;Shopify.shop;cdn.shopify.com;/cdn/shop/;shopify_core_js;shopify-section;header:shopify-complexity-score,True,11,phone:+91;city:delhi;currency:INR,city_delhi,2,1,0,0,jsonld_or_dom_img,keyword_heuristics,metadata_or_headings,True,
https://shopnewleaf.com,https://shopnewleaf.com,0,False,0,,False,0,,,0,0,0,0,,,,True,Timeout: ConnectTimeout
https://zidoclothing.com,https://zidoclothing.com,0,False,0,,False,0,,,0,0,0,0,,,,True,NetworkError: ConnectError
https://raiseyourstyle.com,https://raiseyourstyle.com,0,False,0,,False,0,,,0,0,0,0,,,,True,NetworkError: ConnectError
https://digirooq.com,https://digirooq.com,0,False,0,,False,0,,,0,0,0,0,,,,True,NetworkError: ConnectError
https://dahuez.com,https://dahuez.com,0,False,0,,False,0,,,0,0,0,0,,,,True,NetworkError: ConnectError
https://epicstuff.com,,0,False,0,,False,0,,,0,0,0,0,,,,False,Robots.txt blocks homepage
https://debellecosmetix.com,https://www.debellecosmetix.com/,200,True,28,window.Shopify;Shopify.shop;cdn.shopify.com;/cdn/shop/;shopify_core_js;shopify-section;header:shopify-complexity-score,True,39,jsonld_india_address;state:Karnataka;gstin:29AAICD1392F1ZK;phone:+91;pin_code:560079;city:bengaluru;indian_payment_gateway;currency:INR,json_ld_address,2,1,2,5,jsonld_or_dom_img,keyword_heuristics,metadata_or_headings,True,
https://nilkamalfurniture.com,https://www.nilkamalfurniture.com/,200,True,28,window.Shopify;Shopify.shop;cdn.shopify.com;/cdn/shop/;shopify_core_js;shopify-section;header:shopify-complexity-score,True,14,phone:+91;city:bengaluru;indian_payment_gateway;currency:INR,city_bengaluru,2,1,1,4,jsonld_or_dom_img,keyword_heuristics,metadata_or_headings,True,
https://uberlyfe.com,https://uberlyfe.com,200,True,28,window.Shopify;Shopify.shop;cdn.shopify.com;/cdn/shop/;shopify_core_js;shopify-section;header:shopify-complexity-score,True,28,jsonld_india_address;state:Karnataka;phone:+91;city:bengaluru;indian_payment_gateway;currency:INR,json_ld_address,2,0,0,3,jsonld_or_dom_img,keyword_heuristics,metadata_or_headings,True,
https://sukhiaatma.com,https://sukhiaatma.com,200,True,28,window.Shopify;Shopify.shop;cdn.shopify.com;/cdn/shop/;shopify_core_js;shopify-section;header:shopify-complexity-score,True,13,phone:+91;state:Maharashtra;currency:INR,text_mention,2,0,0,8,jsonld_or_dom_img,keyword_heuristics,metadata_or_headings,True,
https://pinkloom.com,,0,False,0,,False,0,,,0,0,0,0,,,,False,Robots.txt blocks homepage
https://mymoms.love,https://mymoms.love,0,False,0,,False,0,,,0,0,0,0,,,,True,NetworkError: ConnectError
https://gratiabathandbody.com,https://www.gratiabathandbody.com/,200,True,28,window.Shopify;Shopify.shop;cdn.shopify.com;/cdn/shop/;shopify_core_js;shopify-section;header:shopify-complexity-score,True,11,phone:+91;city:kanpur;currency:INR,city_kanpur,2,2,3,5,jsonld_or_dom_img,keyword_heuristics,metadata_or_headings,True,
https://kanvinindia.com,https://kanvinindia.com,200,True,28,window.Shopify;Shopify.shop;cdn.shopify.com;/cdn/shop/;shopify_core_js;shopify-section;header:shopify-complexity-score,True,20,jsonld_india_address;state:Punjab;city:ludhiana;currency:INR,json_ld_address,2,1,0,2,jsonld_or_dom_img,keyword_heuristics,metadata_or_headings,True,
https://wemestore.com,https://wemestore.com,0,False,0,,False,0,,,0,0,0,0,,,,True,Timeout: ConnectTimeout
https://rnaux.com,https://rnaux.com,200,False,0,,False,0,,,0,0,0,0,,,,True,
https://vrindavanbazaar.com,https://vrindavanbazaar.com,200,True,30,window.Shopify;Shopify.shop;cdn.shopify.com;/cdn/shop/;shopify_core_js;shopify-section;shopify-payment-button;header:shopify-complexity-score,True,14,phone:+91;city:bengaluru;indian_payment_gateway;currency:INR,city_bengaluru,2,1,1,5,jsonld_or_dom_img,keyword_heuristics,metadata_or_headings,True,
https://smoodies.in,,0,False,0,,False,0,,,0,0,0,0,,,,False,Robots.txt blocks homepage
https://fujihoroindia.com,https://fujihoroindia.com,200,True,28,window.Shopify;Shopify.shop;cdn.shopify.com;/cdn/shop/;shopify_core_js;shopify-section;header:shopify-complexity-score,True,16,phone:+91;pin_code:122011;city:gurgaon;currency:INR,city_gurgaon,2,1,0,2,jsonld_or_dom_img,keyword_heuristics,metadata_or_headings,True,
https://cherrycrumble.com,https://cherrycrumble.com,200,True,28,window.Shopify;Shopify.shop;cdn.shopify.com;/cdn/shop/;shopify_core_js;shopify-section;header:shopify-complexity-score,True,10,phone:+91;indian_payment_gateway;currency:INR,,2,0,0,4,jsonld_or_dom_img,keyword_heuristics,metadata_or_headings,True,
https://raipublication.com,https://raipublication.com,0,False,0,,False,0,,,0,0,0,0,,,,True,NetworkError: ConnectError
https://store.boxfit.in,https://store.boxfit.in,0,False,0,,False,0,,,0,0,0,0,,,,True,NetworkError: ConnectError
https://baisegaba.com,https://www.baisegaba.com/,200,True,28,window.Shopify;Shopify.shop;cdn.shopify.com;/cdn/shop/;shopify_core_js;shopify-section;header:shopify-complexity-score,True,33,jsonld_india_address;state:Rajasthan;phone:+91;pin_code:302034;city:bangalore;indian_payment_gateway;currency:INR,json_ld_address,2,1,2,2,jsonld_or_dom_img,keyword_heuristics,metadata_or_headings,True,
https://bennch.com,https://bennch.com,200,True,28,window.Shopify;Shopify.shop;cdn.shopify.com;/cdn/shop/;shopify_core_js;shopify-section;header:shopify-complexity-score,True,19,phone:+91;pin_code:400104;city:mumbai;indian_payment_gateway;currency:INR,city_mumbai,2,1,2,1,jsonld_or_dom_img,keyword_heuristics,metadata_or_headings,True,
https://parijatstore.com,https://www.parijatstore.com/,200,True,30,window.Shopify;Shopify.shop;cdn.shopify.com;/cdn/shop/;shopify_core_js;shopify-section;shopify-payment-button;header:shopify-complexity-score,True,16,phone:+91;pin_code:600044;city:chennai;currency:INR,city_chennai,2,1,1,0,jsonld_or_dom_img,keyword_heuristics,metadata_or_headings,True,
https://phoenixtechnologies.org,https://phoenixtechnologies.org,0,False,0,,False,0,,,0,0,0,0,,,,True,NetworkError: ConnectError
https://brideandbeautiful.co.in,https://brideandbeautiful.co.in,200,False,0,,False,0,,,0,0,0,0,,,,True,
https://pluchi.com,https://pluchi.com,200,True,28,window.Shopify;Shopify.shop;cdn.shopify.com;/cdn/shop/;shopify_core_js;shopify-section;header:shopify-complexity-score,True,33,jsonld_india_address;state:Delhi;phone:+91;pin_code:110020;city:delhi;indian_payment_gateway;currency:INR,json_ld_address,2,1,3,5,jsonld_or_dom_img,keyword_heuristics,metadata_or_headings,True,
https://peonykidscouture.com,https://www.peonykidscouture.com/,200,True,32,window.Shopify;Shopify.shop;cdn.shopify.com;/cdn/shop/;shopify_core_js;shopify-section;shopify-payment-button;shopify_meta_attribute;header:shopify-complexity-score,True,16,phone:+91;pin_code:500034;city:hyderabad;currency:INR,city_hyderabad,2,2,1,0,jsonld_or_dom_img,keyword_heuristics,metadata_or_headings,True,
https://way2sales.com,https://way2sales.com,200,False,0,,False,0,,,0,0,0,0,,,,True,
https://thefillingstation.in,https://thefillingstation.in,200,False,0,,False,0,,,0,0,0,0,,,,True,
https://artwaley.com,https://artwaley.com,200,True,28,window.Shopify;Shopify.shop;cdn.shopify.com;/cdn/shop/;shopify_core_js;shopify-section;header:shopify-complexity-score,True,18,phone:+91;pin_code:580020;state:Karnataka;currency:INR,text_mention,1,1,12,5,jsonld_or_dom_img,keyword_heuristics,metadata_or_headings,True,
https://dealskart.com,https://dealskart.com,0,False,0,,False,0,,,0,0,0,0,,,,True,NetworkError: ConnectError
https://stoffastyle.com,https://stoffastyle.com,200,True,28,window.Shopify;Shopify.shop;cdn.shopify.com;/cdn/shop/;shopify_core_js;shopify-section;header:shopify-complexity-score,True,16,phone:+91;pin_code:400001;city:mumbai;currency:INR,city_mumbai,2,2,1,3,jsonld_or_dom_img,keyword_heuristics,metadata_or_headings,True,
https://matterden.com,,0,False,0,,False,0,,,0,0,0,0,,,,False,Robots.txt blocks homepage
https://pawtbelly.com,https://pawtbelly.com,0,False,0,,False,0,,,0,0,0,0,,,,True,NetworkError: ConnectError
https://anomalybyanam.com,https://anomalybyanam.com,200,True,28,window.Shopify;Shopify.shop;cdn.shopify.com;/cdn/shop/;shopify_core_js;shopify-section;header:shopify-complexity-score,True,16,phone:+91;state:Maharashtra;indian_payment_gateway;currency:INR,text_mention,2,1,0,1,jsonld_or_dom_img,keyword_heuristics,metadata_or_headings,True,
https://ayurkart.com,https://www.ayurkart.com/,200,True,30,window.Shopify;Shopify.shop;cdn.shopify.com;/cdn/shop/;shopify_core_js;shopify-section;shopify-payment-button;header:shopify-complexity-score,True,33,jsonld_india_address;state:Tamil Nadu;phone:+91;pin_code:600102;city:chennai;indian_payment_gateway;currency:INR,json_ld_address,2,1,1,5,jsonld_or_dom_img,keyword_heuristics,metadata_or_headings,True,
https://madhavfashions.com,https://madhavfashions.com,0,False,0,,False,0,,,0,0,0,0,,,,True,NetworkError: ConnectError
https://sahilaneja.com,https://www.sahilaneja.com/,200,True,28,window.Shopify;Shopify.shop;cdn.shopify.com;/cdn/shop/;shopify_core_js;shopify-section;header:shopify-complexity-score,True,7,phone:+91;currency:INR,,2,0,1,2,jsonld_or_dom_img,keyword_heuristics,metadata_or_headings,True,
https://xrossway.com,https://xrossway.com,200,False,0,,False,0,,,0,0,0,0,,,,True,
https://mylyra.com,https://mylyra.com,200,True,28,window.Shopify;Shopify.shop;cdn.shopify.com;/cdn/shop/;shopify_core_js;shopify-section;header:shopify-complexity-score,True,16,phone:+91;pin_code:700002;city:kolkata;currency:INR,city_kolkata,2,1,2,4,jsonld_or_dom_img,keyword_heuristics,metadata_or_headings,True,
https://jompers.com,https://jompers.com,200,True,30,window.Shopify;Shopify.shop;cdn.shopify.com;/cdn/shop/;shopify_core_js;shopify-section;shopify-payment-button;header:shopify-complexity-score,True,19,phone:+91;pin_code:110033;city:delhi;indian_payment_gateway;currency:INR,city_delhi,2,1,2,3,jsonld_or_dom_img,keyword_heuristics,metadata_or_headings,True,
https://brownfolds.com,https://brownfolds.com,200,True,28,window.Shopify;Shopify.shop;cdn.shopify.com;/cdn/shop/;shopify_core_js;shopify-section;header:shopify-complexity-score,True,19,phone:+91;pin_code:380015;city:ahmedabad;indian_payment_gateway;currency:INR,city_ahmedabad,2,1,1,6,jsonld_or_dom_img,keyword_heuristics,metadata_or_headings,True,
https://futuristicclimatecontrols.in,https://www.futuristicclimatecontrols.in/,200,True,28,window.Shopify;Shopify.shop;cdn.shopify.com;/cdn/shop/;shopify_core_js;shopify-section;header:shopify-complexity-score,True,17,domain:.in;phone:+91;pin_code:382210;city:ahmedabad;currency:INR,city_ahmedabad,2,1,1,3,jsonld_or_dom_img,keyword_heuristics,metadata_or_headings,True,
https://koy.store,https://koy.store,200,True,30,window.Shopify;Shopify.shop;cdn.shopify.com;/cdn/shop/;shopify_core_js;shopify-section;shopify-payment-button;header:shopify-complexity-score,True,11,phone:+91;city:pune;currency:INR,city_pune,2,0,0,4,jsonld_or_dom_img,keyword_heuristics,metadata_or_headings,True,
https://eskalife.com,https://www.eskalife.com/,200,True,26,window.Shopify;Shopify.shop;cdn.shopify.com;/cdn/shop/;shopify_core_js;header:shopify-complexity-score,True,11,phone:+91;city:delhi;currency:INR,city_delhi,2,2,1,2,jsonld_or_dom_img,keyword_heuristics,metadata_or_headings,True,
https://skm.in,https://skm.in,0,False,0,,False,0,,,0,0,0,0,,,,True,NetworkError: ConnectError
https://varnikaarora.com,https://varnikaarora.com,200,True,28,window.Shopify;Shopify.shop;cdn.shopify.com;/cdn/shop/;shopify_core_js;shopify-section;header:shopify-complexity-score,True,10,phone:+91;indian_payment_gateway;currency:INR,,2,1,1,2,jsonld_or_dom_img,keyword_heuristics,metadata_or_headings,True,
https://abia.in,https://abia.in,200,True,28,window.Shopify;Shopify.shop;cdn.shopify.com;/cdn/shop/;shopify_core_js;shopify-section;header:shopify-complexity-score,True,12,domain:.in;phone:+91;city:gurgaon;currency:INR,city_gurgaon,2,1,1,3,jsonld_or_dom_img,keyword_heuristics,metadata_or_headings,True,
https://labelshabel.com,https://labelshabel.com,200,True,32,window.Shopify;Shopify.shop;cdn.shopify.com;/cdn/shop/;shopify_core_js;shopify-section;shopify-payment-button;shopify_meta_attribute;header:shopify-complexity-score,True,14,phone:+91;city:delhi;indian_payment_gateway;currency:INR,city_delhi,2,2,1,2,jsonld_or_dom_img,keyword_heuristics,metadata_or_headings,True,
https://greymode.myshopify.com,https://greymode.myshopify.com,200,True,38,myshopify_subdomain;window.Shopify;Shopify.shop;cdn.shopify.com;/cdn/shop/;shopify_core_js;shopify-section;header:shopify-complexity-score,True,21,jsonld_india_address;state:Puducherry;phone:+91;currency:INR,json_ld_address,2,0,1,3,jsonld_or_dom_img,keyword_heuristics,metadata_or_headings,True,
https://tbwodisha.com,https://tbwodisha.com,200,True,30,window.Shopify;Shopify.shop;cdn.shopify.com;/cdn/shop/;shopify_core_js;shopify-section;shopify-payment-button;header:shopify-complexity-score,True,13,phone:+91;state:Odisha;currency:INR,text_mention,2,2,3,10,jsonld_or_dom_img,keyword_heuristics,metadata_or_headings,True,
https://avani-earthcraft.com,https://www.avaninaturals.in/,200,True,30,window.Shopify;Shopify.shop;cdn.shopify.com;/cdn/shop/;shopify_core_js;shopify-section;shopify-payment-button;header:shopify-complexity-score,True,7,phone:+91;currency:INR,,2,1,2,2,jsonld_or_dom_img,keyword_heuristics,metadata_or_headings,True,
https://haprohomeo.com,https://www.haprohomeo.com/,200,True,28,window.Shopify;Shopify.shop;cdn.shopify.com;/cdn/shop/;shopify_core_js;shopify-section;header:shopify-complexity-score,True,7,phone:+91;currency:INR,,2,1,1,4,jsonld_or_dom_img,keyword_heuristics,metadata_or_headings,True,
https://accessworld.in,https://accessworld.in,200,True,30,window.Shopify;Shopify.shop;cdn.shopify.com;/cdn/shop/;shopify_core_js;shopify-section;shopify-payment-button;header:shopify-complexity-score,True,34,domain:.in;jsonld_india_address;state:Maharashtra;phone:+91;pin_code:400013;city:mumbai;indian_payment_gateway;currency:INR,json_ld_address,2,1,4,3,jsonld_or_dom_img,keyword_heuristics,metadata_or_headings,True,
https://aliceblue.in,,0,False,0,,False,0,,,0,0,0,0,,,,False,Robots.txt blocks homepage
https://velvetribbon.in,https://www.velvetribbon.in/,200,True,32,window.Shopify;Shopify.shop;cdn.shopify.com;/cdn/shop/;shopify_core_js;shopify-section;shopify-payment-button;shopify_meta_attribute;header:shopify-complexity-score,True,7,domain:.in;city:mumbai;currency:INR,city_mumbai,2,1,0,1,jsonld_or_dom_img,keyword_heuristics,metadata_or_headings,True,
https://hebesports.com,https://hebesports.com,0,False,0,,False,0,,,0,0,0,0,,,,True,NetworkError: ConnectError
https://faritha.com,https://faritha.com,200,True,28,window.Shopify;Shopify.shop;cdn.shopify.com;/cdn/shop/;shopify_core_js;shopify-section;header:shopify-complexity-score,True,25,gstin:33AJRPK2912P1ZS;phone:+91;pin_code:625020;city:madurai;indian_payment_gateway;currency:INR,gstin_code_33,2,1,1,0,jsonld_or_dom_img,keyword_heuristics,metadata_or_headings,True,
https://adititrends.com,https://adititrends.com,200,False,0,,False,0,,,0,0,0,0,,,,True,
https://chapterone.in,,0,False,0,,False,0,,,0,0,0,0,,,,False,Robots.txt blocks homepage
https://nkcs.in,https://nkcs.in,0,False,0,,False,0,,,0,0,0,0,,,,True,NetworkError: ConnectError
https://sonalandpankaj.com,https://sonalandpankaj.com,200,True,28,window.Shopify;Shopify.shop;cdn.shopify.com;/cdn/shop/;shopify_core_js;shopify-section;header:shopify-complexity-score,True,14,phone:+91;city:indore;indian_payment_gateway;currency:INR,city_indore,2,0,0,3,jsonld_or_dom_img,keyword_heuristics,metadata_or_headings,True,
https://pinnacleshruti.com,https://pinnacleshruti.com,200,True,28,window.Shopify;Shopify.shop;cdn.shopify.com;/cdn/shop/;shopify_core_js;shopify-section;header:shopify-complexity-score,True,22,gstin:27ABIPS9822K1ZY;phone:+91;pin_code:400003;city:mumbai;currency:INR,gstin_code_27,2,1,1,2,jsonld_or_dom_img,keyword_heuristics,metadata_or_headings,True,
https://gocolors.com,https://gocolors.com,200,True,28,window.Shopify;Shopify.shop;cdn.shopify.com;/cdn/shop/;shopify_core_js;shopify-section;header:shopify-complexity-score,True,10,phone:+91;indian_payment_gateway;currency:INR,,2,1,2,4,jsonld_or_dom_img,keyword_heuristics,metadata_or_headings,True,
https://quintaessentiaorganic.com,https://quintaessentiaorganic.com,200,True,28,window.Shopify;Shopify.shop;cdn.shopify.com;/cdn/shop/;shopify_core_js;shopify-section;header:shopify-complexity-score,True,14,phone:+91;city:delhi;indian_payment_gateway;currency:INR,city_delhi,2,2,1,3,jsonld_or_dom_img,keyword_heuristics,metadata_or_headings,True,
https://hoorecon.com,https://www.hoorecon.com/,200,True,28,window.Shopify;Shopify.shop;cdn.shopify.com;/cdn/shop/;shopify_core_js;shopify-section;header:shopify-complexity-score,True,11,pin_code:600097;city:chennai;currency:INR,city_chennai,2,6,1,0,jsonld_or_dom_img,keyword_heuristics,metadata_or_headings,True,
https://whitehaathi.com,https://whitehathi.com/,200,True,28,window.Shopify;Shopify.shop;cdn.shopify.com;/cdn/shop/;shopify_core_js;shopify-section;header:shopify-complexity-score,True,11,phone:+91;city:kolkata;currency:INR,city_kolkata,2,1,0,3,jsonld_or_dom_img,keyword_heuristics,metadata_or_headings,True,
https://sanskrutistore.com,https://www.sanskrutistore.com/,200,True,28,window.Shopify;Shopify.shop;cdn.shopify.com;/cdn/shop/;shopify_core_js;shopify-section;header:shopify-complexity-score,True,11,phone:+91;city:kolkata;currency:INR,city_kolkata,2,2,1,2,jsonld_or_dom_img,keyword_heuristics,metadata_or_headings,True,
https://bodhitreepublications.org,https://kerangwinb.art,200,False,0,,False,0,,,0,0,0,0,,,,True,
https://funzoop.com,https://funzoop.com,200,True,28,window.Shopify;Shopify.shop;cdn.shopify.com;/cdn/shop/;shopify_core_js;shopify-section;header:shopify-complexity-score,True,30,jsonld_india_address;state:Haryana;phone:+91;pin_code:110022;city:delhi;currency:INR,json_ld_address,2,0,2,4,jsonld_or_dom_img,keyword_heuristics,metadata_or_headings,True,
https://minizmo.com,https://www.minizmo.com/,200,True,28,window.Shopify;Shopify.shop;cdn.shopify.com;/cdn/shop/;shopify_core_js;shopify-section;header:shopify-complexity-score,True,11,phone:+91;city:delhi;currency:INR,city_delhi,2,0,0,2,jsonld_or_dom_img,keyword_heuristics,metadata_or_headings,True,
https://somethingfishy.co.in,https://somethingfishy.co.in,200,False,0,,False,0,,,0,0,0,0,,,,True,
https://kaarpas.com,https://kaarpas.com,200,True,28,window.Shopify;Shopify.shop;cdn.shopify.com;/cdn/shop/;shopify_core_js;shopify-section;header:shopify-complexity-score,True,10,phone:+91;indian_payment_gateway;currency:INR,,2,1,0,4,jsonld_or_dom_img,keyword_heuristics,metadata_or_headings,True,
https://tokenz.com,https://tokenz.com,200,True,28,window.Shopify;Shopify.shop;cdn.shopify.com;/cdn/shop/;shopify_core_js;shopify-section;header:shopify-complexity-score,True,13,phone:+91;state:Rajasthan;currency:INR,text_mention,2,0,1,3,jsonld_or_dom_img,keyword_heuristics,metadata_or_headings,True,
https://depwedding.com,https://depwedding.com,0,False,0,,False,0,,,0,0,0,0,,,,True,NetworkError: ConnectError
https://buybindas.com,https://www.buybindas.com/,200,True,28,window.Shopify;Shopify.shop;cdn.shopify.com;/cdn/shop/;shopify_core_js;shopify-section;header:shopify-complexity-score,True,11,phone:+91;city:mumbai;currency:INR,city_mumbai,2,1,1,0,jsonld_or_dom_img,keyword_heuristics,metadata_or_headings,True,
https://spinmyplanet.com,https://spinmyplanet.com,200,True,28,window.Shopify;Shopify.shop;cdn.shopify.com;/cdn/shop/;shopify_core_js;shopify-section;header:shopify-complexity-score,True,7,phone:+91;currency:INR,,2,2,0,0,jsonld_or_dom_img,keyword_heuristics,metadata_or_headings,True,
https://barishonline.com,https://barishonline.com,200,False,0,,False,0,,,0,0,0,0,,,,True,
https://zainkart.com,https://zainkart.com,0,False,0,,False,0,,,0,0,0,0,,,,True,Timeout: ConnectTimeout
https://shoplune.com,https://shoplune.com,200,True,32,window.Shopify;Shopify.shop;cdn.shopify.com;/cdn/shop/;shopify_core_js;shopify-section;shopify-payment-button;shopify_meta_attribute;header:shopify-complexity-score,True,19,phone:+91;pin_code:400050;city:mumbai;indian_payment_gateway;currency:INR,city_mumbai,2,2,1,3,jsonld_or_dom_img,keyword_heuristics,metadata_or_headings,True,
https://tattva.life,https://tattva.life,200,True,28,window.Shopify;Shopify.shop;cdn.shopify.com;/cdn/shop/;shopify_core_js;shopify-section;header:shopify-complexity-score,True,16,phone:+91;pin_code:560004;city:bangalore;currency:INR,city_bangalore,2,1,2,2,jsonld_or_dom_img,keyword_heuristics,metadata_or_headings,True,
https://jadeandjewels.com,https://www.jadeandjewels.com/,200,True,28,window.Shopify;Shopify.shop;cdn.shopify.com;/cdn/shop/;shopify_core_js;shopify-section;header:shopify-complexity-score,True,11,phone:+91;city:delhi;currency:INR,city_delhi,2,1,2,2,jsonld_or_dom_img,keyword_heuristics,metadata_or_headings,True,
https://route2fashion.com,https://route2fashion.com,200,True,28,window.Shopify;Shopify.shop;cdn.shopify.com;/cdn/shop/;shopify_core_js;shopify-section;header:shopify-complexity-score,True,19,phone:+91;pin_code:110017;city:delhi;indian_payment_gateway;currency:INR,city_delhi,2,1,1,2,jsonld_or_dom_img,keyword_heuristics,metadata_or_headings,True,
https://trendferry.com,https://trendferry.com,200,False,0,,False,0,,,0,0,0,0,,,,True,
https://shilpsutra.com,https://www.shilpsutra.com/,200,True,28,window.Shopify;Shopify.shop;cdn.shopify.com;/cdn/shop/;shopify_core_js;shopify-section;header:shopify-complexity-score,True,19,phone:+91;pin_code:110074;city:delhi;indian_payment_gateway;currency:INR,city_delhi,2,1,1,3,jsonld_or_dom_img,keyword_heuristics,metadata_or_headings,True,
https://salwarstudio.com,https://salwarstudio.com,200,True,28,window.Shopify;Shopify.shop;cdn.shopify.com;/cdn/shop/;shopify_core_js;shopify-section;header:shopify-complexity-score,True,11,phone:+91;city:mumbai;currency:INR,city_mumbai,2,2,1,2,jsonld_or_dom_img,keyword_heuristics,metadata_or_headings,True,
https://clts.in,https://clts.in,200,True,30,window.Shopify;Shopify.shop;cdn.shopify.com;/cdn/shop/;shopify_core_js;shopify-section;shopify-payment-button;header:shopify-complexity-score,True,12,domain:.in;phone:+91;city:kolkata;currency:INR,city_kolkata,2,1,1,4,jsonld_or_dom_img,keyword_heuristics,metadata_or_headings,True,
https://fabstreet.in,https://fabstreet.in,200,True,28,window.Shopify;Shopify.shop;cdn.shopify.com;/cdn/shop/;shopify_core_js;shopify-section;header:shopify-complexity-score,True,8,domain:.in;phone:+91;currency:INR,,1,0,0,1,jsonld_or_dom_img,keyword_heuristics,metadata_or_headings,True,
https://bubblenutwash.com,https://bubblenutwash.com,200,True,28,window.Shopify;Shopify.shop;cdn.shopify.com;/cdn/shop/;shopify_core_js;shopify-section;header:shopify-complexity-score,True,11,phone:+91;city:bangalore;currency:INR,city_bangalore,2,1,1,3,jsonld_or_dom_img,keyword_heuristics,metadata_or_headings,True,
https://gemkart.com,https://gemkart.com,200,True,28,window.Shopify;Shopify.shop;cdn.shopify.com;/cdn/shop/;shopify_core_js;shopify-section;header:shopify-complexity-score,True,25,jsonld_india_address;state:Chandigarh;phone:+91;city:kolkata;currency:INR,json_ld_address,2,2,2,2,jsonld_or_dom_img,keyword_heuristics,metadata_or_headings,True,
https://store.technotrade.in,https://store.technotrade.in,200,True,28,window.Shopify;Shopify.shop;cdn.shopify.com;/cdn/shop/;shopify_core_js;shopify-section;header:shopify-complexity-score,True,34,domain:.in;jsonld_india_address;state:Rajasthan;phone:+91;pin_code:302015;city:delhi;indian_payment_gateway;currency:INR,json_ld_address,2,1,1,4,jsonld_or_dom_img,keyword_heuristics,metadata_or_headings,True,
https://sammsara.com,https://www.sammsara.com/,200,True,30,window.Shopify;Shopify.shop;cdn.shopify.com;/cdn/shop/;shopify_core_js;shopify-section;shopify-payment-button;header:shopify-complexity-score,True,19,phone:+91;pin_code:110020;city:delhi;indian_payment_gateway;currency:INR,city_delhi,2,2,1,2,jsonld_or_dom_img,keyword_heuristics,metadata_or_headings,True,
https://crafttree.in,https://crafttree.in,200,False,0,,False,0,,,0,0,0,0,,,,True,
https://impexstore.com,https://impexstore.com,200,True,30,window.Shopify;Shopify.shop;cdn.shopify.com;/cdn/shop/;shopify_core_js;shopify-section;shopify-payment-button;header:shopify-complexity-score,True,14,pin_code:676122;city:kolkata;indian_payment_gateway;currency:INR,city_kolkata,2,6,6,5,jsonld_or_dom_img,keyword_heuristics,metadata_or_headings,True,
https://labelkiss.com,https://labelkiss.com,200,False,0,,False,0,,,0,0,0,0,,,,True,
https://xcelsolarpower.com,https://www.xcelsolarpower.com/,200,False,0,,False,0,,,0,0,0,0,,,,True,
https://antar-agni.com,https://antar-agni.com,200,True,28,window.Shopify;Shopify.shop;cdn.shopify.com;/cdn/shop/;shopify_core_js;shopify-section;header:shopify-complexity-score,True,11,phone:+91;city:noida;currency:INR,city_noida,2,1,1,1,jsonld_or_dom_img,keyword_heuristics,metadata_or_headings,True,
https://punarnawa.com,https://punarnawa.com,200,True,28,window.Shopify;Shopify.shop;cdn.shopify.com;/cdn/shop/;shopify_core_js;shopify-section;header:shopify-complexity-score,True,25,jsonld_india_address;state:Uttar Pradesh;phone:+91;city:lucknow;currency:INR,json_ld_address,2,0,1,3,jsonld_or_dom_img,keyword_heuristics,metadata_or_headings,True,
https://kkristina.com,https://kkristina.com,200,True,28,window.Shopify;Shopify.shop;cdn.shopify.com;/cdn/shop/;shopify_core_js;shopify-section;header:shopify-complexity-score,True,11,phone:+91;city:bengaluru;currency:INR,city_bengaluru,2,1,0,5,jsonld_or_dom_img,keyword_heuristics,metadata_or_headings,True,
https://fegoinnovations.com,https://fegoinnovations.com,200,True,28,window.Shopify;Shopify.shop;cdn.shopify.com;/cdn/shop/;shopify_core_js;shopify-section;header:shopify-complexity-score,True,14,phone:+91;city:delhi;indian_payment_gateway;currency:INR,city_delhi,2,1,1,3,jsonld_or_dom_img,keyword_heuristics,metadata_or_headings,True,
https://firstnaari.com,https://firstnaari.com,0,False,0,,False,0,,,0,0,0,0,,,,True,NetworkError: ConnectError
https://vrajbhoomi.in,https://vrajbhoomi.in,200,True,28,window.Shopify;Shopify.shop;cdn.shopify.com;/cdn/shop/;shopify_core_js;shopify-section;header:shopify-complexity-score,True,17,domain:.in;phone:+91;pin_code:380013;city:ahmedabad;currency:INR,city_ahmedabad,2,5,2,7,jsonld_or_dom_img,keyword_heuristics,metadata_or_headings,True,
https://wowhomemade.com,,0,False,0,,False,0,,,0,0,0,0,,,,False,Robots.txt blocks homepage
https://divadivinehair.com,https://divadivinehair.com,200,True,28,window.Shopify;Shopify.shop;cdn.shopify.com;/cdn/shop/;shopify_core_js;shopify-section;header:shopify-complexity-score,True,11,phone:+91;city:bengaluru;currency:INR,city_bengaluru,2,1,1,4,jsonld_or_dom_img,keyword_heuristics,metadata_or_headings,True,
https://himalayanbrew.com,https://himalayanbrew.com,200,True,28,window.Shopify;Shopify.shop;cdn.shopify.com;/cdn/shop/;shopify_core_js;shopify-section;header:shopify-complexity-score,True,13,phone:+91;state:Himachal Pradesh;currency:INR,text_mention,2,1,2,3,jsonld_or_dom_img,keyword_heuristics,metadata_or_headings,True,
https://rehwasociety.org,https://rehwasociety.org,200,True,28,window.Shopify;Shopify.shop;cdn.shopify.com;/cdn/shop/;shopify_core_js;shopify-section;header:shopify-complexity-score,True,13,phone:+91;state:Madhya Pradesh;currency:INR,text_mention,2,3,2,2,jsonld_or_dom_img,keyword_heuristics,metadata_or_headings,True,
https://stallionbarware.com,https://www.stallionbarware.com/,200,True,28,window.Shopify;Shopify.shop;cdn.shopify.com;/cdn/shop/;shopify_core_js;shopify_meta_attribute;header:shopify-complexity-score,True,16,phone:+91;pin_code:400091;city:mumbai;currency:INR,city_mumbai,2,1,1,4,jsonld_or_dom_img,keyword_heuristics,metadata_or_headings,True,
https://dreamgreen.in,https://dreamgreen.in,200,True,28,window.Shopify;Shopify.shop;cdn.shopify.com;/cdn/shop/;shopify_core_js;shopify-section;header:shopify-complexity-score,True,12,domain:.in;phone:+91;city:chennai;currency:INR,city_chennai,0,0,1,0,jsonld_or_dom_img,keyword_heuristics,metadata_or_headings,True,
https://kanyoga.com,https://kanyoga.com,200,True,28,window.Shopify;Shopify.shop;cdn.shopify.com;/cdn/shop/;shopify_core_js;shopify-section;header:shopify-complexity-score,True,16,phone:+91;pin_code:110020;city:delhi;currency:INR,city_delhi,2,2,2,2,jsonld_or_dom_img,keyword_heuristics,metadata_or_headings,True,
https://charkhee.com,https://charkhee.com,200,True,28,window.Shopify;Shopify.shop;cdn.shopify.com;/cdn/shop/;shopify_core_js;shopify-section;header:shopify-complexity-score,True,17,gstin:06AAACP6703E1ZT;phone:+91;city:gurgaon;currency:INR,gstin_code_06,2,2,2,2,jsonld_or_dom_img,keyword_heuristics,metadata_or_headings,True,
https://tripurabiotech.com,https://www.tripurabiotech.com/,200,False,0,,False,0,,,0,0,0,0,,,,True,
https://theindianthreads.com,https://theindianthreads.com,200,True,28,window.Shopify;Shopify.shop;cdn.shopify.com;/cdn/shop/;shopify_core_js;shopify-section;header:shopify-complexity-score,True,14,phone:+91;city:indore;indian_payment_gateway;currency:INR,city_indore,2,2,2,6,jsonld_or_dom_img,keyword_heuristics,metadata_or_headings,True,
https://zucinaturals.com,https://www.zucinaturals.com/,200,True,28,window.Shopify;Shopify.shop;cdn.shopify.com;/cdn/shop/;shopify_core_js;shopify-section;header:shopify-complexity-score,True,11,pin_code:400056;city:mumbai;currency:INR,city_mumbai,0,1,0,2,jsonld_or_dom_img,keyword_heuristics,metadata_or_headings,True,
https://santiniketanonline.com,https://santiniketanonline.com,200,True,28,window.Shopify;Shopify.shop;cdn.shopify.com;/cdn/shop/;shopify_core_js;shopify-section;header:shopify-complexity-score,True,16,phone:+91;pin_code:700035;city:bangalore;currency:INR,city_bangalore,2,2,2,5,jsonld_or_dom_img,keyword_heuristics,metadata_or_headings,True,
https://mangalatanjorepaintings.com,https://mangalatanjorepaintings.com,200,True,28,window.Shopify;Shopify.shop;cdn.shopify.com;/cdn/shop/;shopify_core_js;shopify-section;header:shopify-complexity-score,True,16,phone:+91;pin_code:641018;city:coimbatore;currency:INR,city_coimbatore,2,1,3,4,jsonld_or_dom_img,keyword_heuristics,metadata_or_headings,True,
https://pirasoglu.com,https://pirasoglu.com,0,False,0,,False,0,,,0,0,0,0,,,,True,NetworkError: ConnectError
https://doodleodrama.com,https://doodleodrama.com,200,True,28,window.Shopify;Shopify.shop;cdn.shopify.com;/cdn/shop/;shopify_core_js;shopify-section;header:shopify-complexity-score,True,7,phone:+91;currency:INR,,1,0,0,2,jsonld_or_dom_img,keyword_heuristics,metadata_or_headings,True,
https://craftkriti.com,https://craftkriti.com,200,True,32,window.Shopify;Shopify.shop;cdn.shopify.com;/cdn/shop/;shopify_core_js;shopify-section;shopify-payment-button;shopify_meta_attribute;header:shopify-complexity-score,True,11,phone:+91;city:delhi;currency:INR,city_delhi,2,0,0,0,jsonld_or_dom_img,keyword_heuristics,metadata_or_headings,True,
https://pinkcitycraft.com,https://pinkcitycraft.com,200,True,28,window.Shopify;Shopify.shop;cdn.shopify.com;/cdn/shop/;shopify_core_js;shopify-section;header:shopify-complexity-score,True,11,phone:+91;city:jaipur;currency:INR,city_jaipur,2,1,1,0,jsonld_or_dom_img,keyword_heuristics,metadata_or_headings,True,
https://mensfield.in,,0,False,0,,False,0,,,0,0,0,0,,,,False,Robots.txt blocks homepage
https://shoppersclub.in,https://shoppersclub.in,0,False,0,,False,0,,,0,0,0,0,,,,True,NetworkError: ConnectError
https://minutiae.in,https://minutiae.in,200,True,32,window.Shopify;Shopify.shop;cdn.shopify.com;/cdn/shop/;shopify_core_js;shopify-section;shopify-payment-button;shopify_meta_attribute;header:shopify-complexity-score,True,20,domain:.in;phone:+91;pin_code:400057;city:mumbai;indian_payment_gateway;currency:INR,city_mumbai,2,1,1,2,jsonld_or_dom_img,keyword_heuristics,metadata_or_headings,True,
https://rinkusobti.com,https://www.rinkusobti.com/,200,True,28,window.Shopify;Shopify.shop;cdn.shopify.com;/cdn/shop/;shopify_core_js;shopify-section;header:shopify-complexity-score,True,22,gstin:07AADCR3584N1ZU;phone:+91;pin_code:110017;city:delhi;currency:INR,gstin_code_07,2,2,2,3,jsonld_or_dom_img,keyword_heuristics,metadata_or_headings,True,
https://impartgallery.com,https://impartgallery.com,200,True,28,window.Shopify;Shopify.shop;cdn.shopify.com;/cdn/shop/;shopify_core_js;shopify-section;header:shopify-complexity-score,False,6,city:delhi;currency:INR,city_delhi,2,0,0,0,,,,True,
https://ovenmagick.com,https://ovenmagick.com,200,True,28,window.Shopify;Shopify.shop;cdn.shopify.com;/cdn/shop/;shopify_core_js;shopify-section;header:shopify-complexity-score,True,16,phone:+91;pin_code:390007;city:vadodara;currency:INR,city_vadodara,2,1,3,2,jsonld_or_dom_img,keyword_heuristics,metadata_or_headings,True,
https://blacksmithfashion.com,https://blacksmithfashion.com,200,False,0,,False,0,,,0,0,0,0,,,,True,
https://amorfizz.com,https://amorfizz.com,200,False,0,,False,0,,,0,0,0,0,,,,True,
https://turaturi.com,https://www.turaturi.com/,200,True,30,window.Shopify;Shopify.shop;cdn.shopify.com;/cdn/shop/;shopify_core_js;shopify-section;shopify-payment-button;header:shopify-complexity-score,True,14,phone:+91;city:mumbai;indian_payment_gateway;currency:INR,city_mumbai,2,2,0,2,jsonld_or_dom_img,keyword_heuristics,metadata_or_headings,True,
https://spreeindia.com,https://spreeindia.com,0,False,0,,False,0,,,0,0,0,0,,,,True,NetworkError: ConnectError
https://shopritikasachdeva.com,https://shopritikasachdeva.com,200,True,28,window.Shopify;Shopify.shop;cdn.shopify.com;/cdn/shop/;shopify_core_js;shopify-section;header:shopify-complexity-score,True,7,phone:+91;currency:INR,,2,1,1,0,jsonld_or_dom_img,keyword_heuristics,metadata_or_headings,True,
https://arteastri.com,https://arteastri.com,200,True,28,window.Shopify;Shopify.shop;cdn.shopify.com;/cdn/shop/;shopify_core_js;shopify-section;header:shopify-complexity-score,True,16,phone:+91;state:Assam;indian_payment_gateway;currency:INR,text_mention,2,1,2,2,jsonld_or_dom_img,keyword_heuristics,metadata_or_headings,True,
https://vinayakaartgallery.com,https://vinayakaartgallery.com,200,True,28,window.Shopify;Shopify.shop;cdn.shopify.com;/cdn/shop/;shopify_core_js;shopify-section;header:shopify-complexity-score,True,16,phone:+91;pin_code:600017;city:delhi;currency:INR,city_delhi,2,1,4,4,jsonld_or_dom_img,keyword_heuristics,metadata_or_headings,True,
https://amarkoshjewels.com,https://www.amarkoshjewels.com/,200,True,28,window.Shopify;Shopify.shop;cdn.shopify.com;/cdn/shop/;shopify_core_js;shopify-section;header:shopify-complexity-score,True,11,phone:+91;city:mumbai;currency:INR,city_mumbai,2,1,1,5,jsonld_or_dom_img,keyword_heuristics,metadata_or_headings,True,
https://anekaant.com,https://www.anekaant.com/,200,True,28,window.Shopify;Shopify.shop;cdn.shopify.com;/cdn/shop/;shopify_core_js;shopify-section;header:shopify-complexity-score,True,13,phone:+91;state:Haryana;currency:INR,text_mention,2,2,2,2,jsonld_or_dom_img,keyword_heuristics,metadata_or_headings,True,
https://offlimits.co.in,https://offlimits.co.in,200,True,30,window.Shopify;Shopify.shop;cdn.shopify.com;/cdn/shop/;shopify_core_js;shopify-section;shopify-payment-button;header:shopify-complexity-score,True,16,domain:.co.in;phone:+91;city:faridabad;indian_payment_gateway;currency:INR,city_faridabad,2,1,1,5,jsonld_or_dom_img,keyword_heuristics,metadata_or_headings,True,
https://wellbergonline.com,https://wellbergonline.com,200,True,28,window.Shopify;Shopify.shop;cdn.shopify.com;/cdn/shop/;shopify_core_js;shopify-section;header:shopify-complexity-score,True,14,pin_code:110039;city:bangalore;indian_payment_gateway;currency:INR,city_bangalore,2,1,1,4,jsonld_or_dom_img,keyword_heuristics,metadata_or_headings,True,
https://toysfactory.in,https://toysfactory.in,200,False,0,,False,0,,,0,0,0,0,,,,True,
https://oddcroft.com,https://oddcroft.com,0,False,0,,False,0,,,0,0,0,0,,,,True,NetworkError: ConnectError
https://labscraft.com,,0,False,0,,False,0,,,0,0,0,0,,,,False,Robots.txt blocks homepage
https://indishoppers.com,https://indishoppers.com,0,False,0,,False,0,,,0,0,0,0,,,,True,NetworkError: ConnectError
https://ases.in,https://ases.in,200,True,28,window.Shopify;Shopify.shop;cdn.shopify.com;/cdn/shop/;shopify_core_js;shopify-section;header:shopify-complexity-score,True,26,domain:.in;jsonld_india_address;state:Rajasthan;phone:+91;city:jodhpur;currency:INR,json_ld_address,2,1,1,3,jsonld_or_dom_img,keyword_heuristics,metadata_or_headings,True,
https://kakojee.com,https://kakojee.com,200,True,28,window.Shopify;Shopify.shop;cdn.shopify.com;/cdn/shop/;shopify_core_js;shopify-section;header:shopify-complexity-score,True,19,phone:+91;pin_code:380002;city:ahmedabad;indian_payment_gateway;currency:INR,city_ahmedabad,2,1,1,2,jsonld_or_dom_img,keyword_heuristics,metadata_or_headings,True,
https://moonbargains.com,,0,False,0,,False,0,,,0,0,0,0,,,,False,Robots.txt blocks homepage
https://prettyweaves.com,https://www.prettyweaves.com/,200,True,28,window.Shopify;Shopify.shop;cdn.shopify.com;/cdn/shop/;shopify_core_js;shopify-section;header:shopify-complexity-score,True,13,phone:+91;state:Kerala;currency:INR,text_mention,2,2,1,3,jsonld_or_dom_img,keyword_heuristics,metadata_or_headings,True,
https://thesignaturebox.com,https://thesignaturebox.com,200,True,28,window.Shopify;Shopify.shop;cdn.shopify.com;/cdn/shop/;shopify_core_js;shopify-section;header:shopify-complexity-score,True,16,phone:+91;pin_code:554677;city:mumbai;currency:INR,city_mumbai,2,1,2,5,jsonld_or_dom_img,keyword_heuristics,metadata_or_headings,True,
https://crustaccessories.com,https://crustaccessories.com,0,False,0,,False,0,,,0,0,0,0,,,,True,Timeout: ConnectTimeout
https://welexcare.com,https://welexcare.com,200,True,30,window.Shopify;Shopify.shop;cdn.shopify.com;/cdn/shop/;shopify_core_js;shopify-section;shopify-payment-button;header:shopify-complexity-score,True,19,phone:+91;pin_code:401506;city:mumbai;indian_payment_gateway;currency:INR,city_mumbai,2,1,1,6,jsonld_or_dom_img,keyword_heuristics,metadata_or_headings,True,
https://casperme.com,https://casperme.com,200,False,0,,False,0,,,0,0,0,0,,,,True,
https://joharcart.com,https://joharcart.com,200,True,30,window.Shopify;Shopify.shop;cdn.shopify.com;/cdn/shop/;shopify_core_js;shopify-section;shopify-payment-button;header:shopify-complexity-score,True,7,phone:+91;currency:INR,,2,1,1,5,jsonld_or_dom_img,keyword_heuristics,metadata_or_headings,True,
https://candourlondon.com,,0,False,0,,False,0,,,0,0,0,0,,,,False,Robots.txt blocks homepage
https://shoptwiz.com,https://shoptwiz.com,200,True,28,window.Shopify;Shopify.shop;cdn.shopify.com;/cdn/shop/;shopify_core_js;shopify-section;header:shopify-complexity-score,True,11,phone:+91;city:lucknow;currency:INR,city_lucknow,2,1,1,5,jsonld_or_dom_img,keyword_heuristics,metadata_or_headings,True,
https://delhiwear.com,https://delhiwear.com,200,True,28,window.Shopify;Shopify.shop;cdn.shopify.com;/cdn/shop/;shopify_core_js;shopify-section;header:shopify-complexity-score,True,14,phone:+91;city:delhi;indian_payment_gateway;currency:INR,city_delhi,2,0,1,0,jsonld_or_dom_img,keyword_heuristics,metadata_or_headings,True,
https://nexdo.com,https://nexdo.com,200,True,28,window.Shopify;Shopify.shop;cdn.shopify.com;/cdn/shop/;shopify_core_js;shopify-section;header:shopify-complexity-score,True,11,pin_code:110037;city:delhi;currency:INR,city_delhi,1,1,0,0,jsonld_or_dom_img,keyword_heuristics,metadata_or_headings,True,
https://tickermart.com,https://tickermart.com,0,False,0,,False,0,,,0,0,0,0,,,,True,Timeout: ConnectTimeout
https://rameshsparklers.com,https://www.rameshsparklers.com/,200,True,28,window.Shopify;Shopify.shop;cdn.shopify.com;/cdn/shop/;shopify_core_js;shopify-section;header:shopify-complexity-score,True,7,phone:+91;currency:INR,,2,0,1,0,jsonld_or_dom_img,keyword_heuristics,metadata_or_headings,True,
https://mobilla.in,https://mobilla.in,200,True,28,window.Shopify;Shopify.shop;cdn.shopify.com;/cdn/shop/;shopify_core_js;shopify-section;header:shopify-complexity-score,True,17,domain:.in;phone:+91;pin_code:401208;city:mumbai;currency:INR,city_mumbai,2,0,1,5,jsonld_or_dom_img,keyword_heuristics,metadata_or_headings,True,
https://zoyashi.com,https://zoyashi.com,0,False,0,,False,0,,,0,0,0,0,,,,True,NetworkError: ConnectError
https://athenalifestyle.com,https://athenalifestyle.com,200,True,28,window.Shopify;Shopify.shop;cdn.shopify.com;/cdn/shop/;shopify_core_js;shopify-section;header:shopify-complexity-score,True,14,phone:+91;city:delhi;indian_payment_gateway;currency:INR,city_delhi,2,1,1,5,jsonld_or_dom_img,keyword_heuristics,metadata_or_headings,True,
https://thearomadepot.com,https://www.thearomadepot.com/,200,True,28,window.Shopify;Shopify.shop;cdn.shopify.com;/cdn/shop/;shopify_core_js;shopify-section;header:shopify-complexity-score,True,11,phone:+91;city:lucknow;currency:INR,city_lucknow,2,1,1,0,jsonld_or_dom_img,keyword_heuristics,metadata_or_headings,True,
https://odetoodd.com,https://odetoodd.com,200,True,30,window.Shopify;Shopify.shop;cdn.shopify.com;/cdn/shop/;shopify_core_js;shopify-section;shopify-payment-button;header:shopify-complexity-score,True,14,phone:+91;city:jaipur;indian_payment_gateway;currency:INR,city_jaipur,2,1,1,3,jsonld_or_dom_img,keyword_heuristics,metadata_or_headings,True,
https://theoorganics.com,https://theoorganics.com,0,False,0,,False,0,,,0,0,0,0,,,,True,NetworkError: ConnectError
https://gubbacci.com,https://www.gubbacci.com/,200,True,28,window.Shopify;Shopify.shop;cdn.shopify.com;/cdn/shop/;shopify_core_js;shopify-section;header:shopify-complexity-score,True,30,jsonld_india_address;state:Karnataka;phone:+91;pin_code:560078;city:bengaluru;currency:INR,json_ld_address,2,1,1,6,jsonld_or_dom_img,keyword_heuristics,metadata_or_headings,True,
https://malgudi.in,https://malgudi.in,200,False,0,,False,0,,,0,0,0,0,,,,True,
https://punebakers.com,,0,False,0,,False,0,,,0,0,0,0,,,,False,Robots.txt blocks homepage
https://wearthree.com,https://wearthree.com,200,True,28,window.Shopify;Shopify.shop;cdn.shopify.com;/cdn/shop/;shopify_core_js;shopify-section;header:shopify-complexity-score,True,16,phone:+91;pin_code:110074;city:mumbai;currency:INR,city_mumbai,2,2,3,2,jsonld_or_dom_img,keyword_heuristics,metadata_or_headings,True,
https://anukajewels.com,https://www.anukajewels.com/,200,True,28,window.Shopify;Shopify.shop;cdn.shopify.com;/cdn/shop/;shopify_core_js;shopify-section;header:shopify-complexity-score,True,11,phone:+91;city:udaipur;currency:INR,city_udaipur,2,1,2,3,jsonld_or_dom_img,keyword_heuristics,metadata_or_headings,True,
https://homesofdreams.com,https://homesofdreams.com,404,False,0,,False,0,,,0,0,0,0,,,,True,HTTP 404
https://dazzelz.com,https://www.dazzelz.com/,200,True,28,window.Shopify;Shopify.shop;cdn.shopify.com;/cdn/shop/;shopify_core_js;shopify-section;header:shopify-complexity-score,True,7,phone:+91;currency:INR,,2,1,1,2,jsonld_or_dom_img,keyword_heuristics,metadata_or_headings,True,
https://kasemantra.com,https://kasemantra.com,0,False,0,,False,0,,,0,0,0,0,,,,True,NetworkError: ConnectError
https://dealsjunction.in,https://dealsjunction.in,0,False,0,,False,0,,,0,0,0,0,,,,True,NetworkError: ConnectError
https://zazzy.in,https://zazzy.in,200,False,0,,False,0,,,0,0,0,0,,,,True,
https://nesarabynicky.com,https://nesarabynicky.com,200,True,32,window.Shopify;Shopify.shop;cdn.shopify.com;/cdn/shop/;shopify_core_js;shopify-section;shopify-payment-button;shopify_meta_attribute;header:shopify-complexity-score,True,11,phone:+91;city:pune;currency:INR,city_pune,2,1,1,3,jsonld_or_dom_img,keyword_heuristics,metadata_or_headings,True,
https://saffronwiehl.com,https://www.saffronwiehl.com/,200,True,28,window.Shopify;Shopify.shop;cdn.shopify.com;/cdn/shop/;shopify_core_js;shopify-section;header:shopify-complexity-score,True,13,phone:+91;state:Goa;currency:INR,text_mention,2,2,0,2,jsonld_or_dom_img,keyword_heuristics,metadata_or_headings,True,
https://indiankrafts.in,https://indiankrafts.in,0,False,0,,False,0,,,0,0,0,0,,,,True,NetworkError: ConnectError
https://benudbehariduttlegacy.com,https://benudbehariduttlegacy.com,0,False,0,,False,0,,,0,0,0,0,,,,True,NetworkError: ConnectError
https://heritanceart.com,https://heritanceart.com,0,False,0,,False,0,,,0,0,0,0,,,,True,NetworkError: ConnectError
https://gabicci.in,https://gabicci.in,200,True,30,window.Shopify;Shopify.shop;cdn.shopify.com;/cdn/shop/;shopify_core_js;shopify-section;shopify-payment-button;header:shopify-complexity-score,True,11,domain:.in;phone:+91;indian_payment_gateway;currency:INR,,2,0,0,2,jsonld_or_dom_img,keyword_heuristics,metadata_or_headings,True,
https://violetandpurple.com,https://www.violetandpurple.com/,200,True,28,window.Shopify;Shopify.shop;cdn.shopify.com;/cdn/shop/;shopify_core_js;shopify-section;header:shopify-complexity-score,True,14,phone:+91;city:hyderabad;indian_payment_gateway;currency:INR,city_hyderabad,2,1,2,2,jsonld_or_dom_img,keyword_heuristics,metadata_or_headings,True,
https://shudhvi.com,https://shudhvi.com,200,False,0,,False,0,,,0,0,0,0,,,,True,
https://uddstudio.com,https://www.uddstudio.com/,200,True,28,window.Shopify;Shopify.shop;cdn.shopify.com;/cdn/shop/;shopify_core_js;shopify-section;header:shopify-complexity-score,True,16,phone:+91;pin_code:400053;city:mumbai;currency:INR,city_mumbai,2,0,1,4,jsonld_or_dom_img,keyword_heuristics,metadata_or_headings,True,
https://bikeshark.in,https://bikeshark.in,0,False,0,,False,0,,,0,0,0,0,,,,True,NetworkError: ConnectError
https://sendgift2india.com,https://sendgift2india.com,0,False,0,,False,0,,,0,0,0,0,,,,True,NetworkError: ConnectError
https://auratti.com,https://www.auratti.com/,200,True,28,window.Shopify;Shopify.shop;cdn.shopify.com;/cdn/shop/;shopify_core_js;shopify-section;header:shopify-complexity-score,True,11,phone:+91;city:bangalore;currency:INR,city_bangalore,2,2,5,2,jsonld_or_dom_img,keyword_heuristics,metadata_or_headings,True,
https://lunarsbags.com,https://www.lunarsbags.com/,200,True,30,window.Shopify;Shopify.shop;cdn.shopify.com;/cdn/shop/;shopify_core_js;shopify-section;shopify-payment-button;header:shopify-complexity-score,True,13,phone:+91;state:Karnataka;currency:INR,text_mention,2,1,1,2,jsonld_or_dom_img,keyword_heuristics,metadata_or_headings,True,
https://savidecor.com,https://savidecor.com,0,False,0,,False,0,,,0,0,0,0,,,,True,Timeout: ConnectTimeout
https://crapgoos.com,https://crapgoos.com,0,False,0,,False,0,,,0,0,0,0,,,,True,NetworkError: ConnectError
https://vedaayurvedics.com,https://vedaayurvedics.com,200,True,28,window.Shopify;Shopify.shop;cdn.shopify.com;/cdn/shop/;shopify_core_js;shopify-section;header:shopify-complexity-score,True,8,state:Goa;currency:INR,text_mention,2,0,1,2,jsonld_or_dom_img,keyword_heuristics,metadata_or_headings,True,
https://satgurugarments.com,https://satgurugarments.com,0,False,0,,False,0,,,0,0,0,0,,,,True,NetworkError: ConnectError
https://zevarbygeeta.com,https://www.zevarbygeeta.com/,200,True,28,window.Shopify;Shopify.shop;cdn.shopify.com;/cdn/shop/;shopify_core_js;shopify-section;header:shopify-complexity-score,False,6,city:noida;currency:INR,city_noida,2,0,0,0,,,,True,
https://kusumspices.com,https://kusumspices.com,200,False,0,,False,0,,,0,0,0,0,,,,True,
https://flippo.in,https://flippo.in,0,False,0,,False,0,,,0,0,0,0,,,,True,NetworkError: ConnectError
https://hardollenterprises.com,https://www.hardollenterprises.com/,200,True,30,window.Shopify;Shopify.shop;cdn.shopify.com;/cdn/shop/;shopify_core_js;shopify-section;shopify-payment-button;header:shopify-complexity-score,True,28,jsonld_india_address;state:Kerala;phone:+91;city:kolkata;indian_payment_gateway;currency:INR,json_ld_address,2,1,1,5,jsonld_or_dom_img,keyword_heuristics,metadata_or_headings,True,
https://mott2.com,https://mott2.com,0,False,0,,False,0,,,0,0,0,0,,,,True,NetworkError: ConnectError
https://ahomesgrace.com,https://ahomesgrace.com,200,True,28,window.Shopify;Shopify.shop;cdn.shopify.com;/cdn/shop/;shopify_core_js;shopify-section;header:shopify-complexity-score,True,7,phone:+91;currency:INR,,2,1,1,0,jsonld_or_dom_img,keyword_heuristics,metadata_or_headings,True,
https://thegallopstore.com,https://thegallopstore.com,200,True,30,window.Shopify;Shopify.shop;cdn.shopify.com;/cdn/shop/;shopify_core_js;shopify-section;shopify-payment-button;header:shopify-complexity-score,True,10,phone:+91;indian_payment_gateway;currency:INR,,2,0,0,2,jsonld_or_dom_img,keyword_heuristics,metadata_or_headings,True,
https://shashagaba.com,https://www.shashagaba.com/,200,True,30,window.Shopify;Shopify.shop;cdn.shopify.com;/cdn/shop/;shopify_core_js;shopify-section;shopify-payment-button;header:shopify-complexity-score,True,30,jsonld_india_address;state:Delhi;phone:+91;pin_code:110030;city:delhi;currency:INR,json_ld_address,2,0,2,2,jsonld_or_dom_img,keyword_heuristics,metadata_or_headings,True,
https://forbeskart.com,https://forbeskart.com,0,False,0,,False,0,,,0,0,0,0,,,,True,NetworkError: ConnectError
https://gomaads.com,https://gomaads.com,200,False,0,,False,0,,,0,0,0,0,,,,True,
https://aimilpharma.life,https://www.aimilpharma.life/,200,True,28,window.Shopify;Shopify.shop;cdn.shopify.com;/cdn/shop/;shopify_core_js;shopify-section;header:shopify-complexity-score,True,16,phone:+91;pin_code:110028;city:delhi;currency:INR,city_delhi,2,1,1,3,jsonld_or_dom_img,keyword_heuristics,metadata_or_headings,True,
https://gift4sure.com,https://gift4sure.com,200,True,28,window.Shopify;Shopify.shop;cdn.shopify.com;/cdn/shop/;shopify_core_js;shopify-section;header:shopify-complexity-score,True,11,phone:+91;city:kolkata;currency:INR,city_kolkata,2,1,1,3,jsonld_or_dom_img,keyword_heuristics,metadata_or_headings,True,
https://bprefcool.com,https://bprefcool.com,200,True,28,window.Shopify;Shopify.shop;cdn.shopify.com;/cdn/shop/;shopify_core_js;shopify-section;header:shopify-complexity-score,True,14,phone:+91;city:gurgaon;indian_payment_gateway;currency:INR,city_gurgaon,2,1,1,5,jsonld_or_dom_img,keyword_heuristics,metadata_or_headings,True,
https://natashajlabel.com,,0,False,0,,False,0,,,0,0,0,0,,,,False,Robots.txt blocks homepage
https://doodlegirlsclothing.com,https://www.doodlegirlsclothing.com/,200,True,28,window.Shopify;Shopify.shop;cdn.shopify.com;/cdn/shop/;shopify_core_js;shopify-section;header:shopify-complexity-score,False,6,city:mumbai;currency:INR,city_mumbai,2,0,0,0,,,,True,
https://littlegreentrunk.com,https://littlegreentrunk.com,0,False,0,,False,0,,,0,0,0,0,,,,True,NetworkError: ConnectError
https://deepasethi.com,https://deepasethi.com,200,True,28,window.Shopify;Shopify.shop;cdn.shopify.com;/cdn/shop/;shopify_core_js;shopify-section;header:shopify-complexity-score,True,14,phone:+91;city:jaipur;indian_payment_gateway;currency:INR,city_jaipur,2,1,1,2,jsonld_or_dom_img,keyword_heuristics,metadata_or_headings,True,
https://mudramart.com,https://mudramart.com,200,True,28,window.Shopify;Shopify.shop;cdn.shopify.com;/cdn/shop/;shopify_core_js;shopify-section;header:shopify-complexity-score,True,16,phone:+91;pin_code:560018;city:bengaluru;currency:INR,city_bengaluru,0,2,1,3,jsonld_or_dom_img,keyword_heuristics,metadata_or_headings,True,
https://kaffacerrado.com,https://kaffacerrado.com,200,True,28,window.Shopify;Shopify.shop;cdn.shopify.com;/cdn/shop/;shopify_core_js;shopify-section;header:shopify-complexity-score,True,11,phone:+91;city:delhi;currency:INR,city_delhi,2,1,1,4,jsonld_or_dom_img,keyword_heuristics,metadata_or_headings,True,
https://skin-miracle.com,https://www.skin-miracle.com/,200,True,28,window.Shopify;Shopify.shop;cdn.shopify.com;/cdn/shop/;shopify_core_js;shopify-section;header:shopify-complexity-score,True,19,phone:+91;pin_code:600032;city:chennai;indian_payment_gateway;currency:INR,city_chennai,2,1,1,0,jsonld_or_dom_img,keyword_heuristics,metadata_or_headings,True,
https://amitgtcouture.com,https://amitgtcouture.com,200,True,28,window.Shopify;Shopify.shop;cdn.shopify.com;/cdn/shop/;shopify_core_js;shopify-section;header:shopify-complexity-score,True,16,phone:+91;pin_code:110074;city:delhi;currency:INR,city_delhi,2,1,1,4,jsonld_or_dom_img,keyword_heuristics,metadata_or_headings,True,
https://sdfinearts.com,https://www.sdfinearts.com/,200,True,32,window.Shopify;Shopify.shop;cdn.shopify.com;/cdn/shop/;shopify_core_js;shopify-section;shopify-payment-button;shopify_meta_attribute;header:shopify-complexity-score,True,14,phone:+91;city:chandigarh;indian_payment_gateway;currency:INR,city_chandigarh,2,1,2,0,jsonld_or_dom_img,keyword_heuristics,metadata_or_headings,True,
https://flipnclick.com,https://domains.atom.com/lpd/name/flipnclick.com,403,False,0,,False,0,,,0,0,0,0,,,,True,HTTP 403
https://mayankmodi.com,https://mayankmodi.com,200,True,28,window.Shopify;Shopify.shop;cdn.shopify.com;/cdn/shop/;shopify_core_js;shopify-section;header:shopify-complexity-score,True,16,phone:+91;pin_code:560001;city:bangalore;currency:INR,city_bangalore,2,0,2,2,jsonld_or_dom_img,keyword_heuristics,metadata_or_headings,True,
https://naturo.in,https://naturo.in,200,True,28,window.Shopify;Shopify.shop;cdn.shopify.com;/cdn/shop/;shopify_core_js;shopify-section;header:shopify-complexity-score,True,12,domain:.in;phone:+91;city:bangalore;currency:INR,city_bangalore,2,1,1,3,jsonld_or_dom_img,keyword_heuristics,metadata_or_headings,True,
https://turtle.in,http://www.turtle.in,200,False,0,,False,0,,,0,0,0,0,,,,True,
https://tradeuno.com,https://www.tradeuno.com/,200,True,28,window.Shopify;Shopify.shop;cdn.shopify.com;/cdn/shop/;shopify_core_js;shopify-section;header:shopify-complexity-score,True,33,jsonld_india_address;state:Haryana;phone:+91;pin_code:110024;city:delhi;indian_payment_gateway;currency:INR,json_ld_address,2,1,3,3,jsonld_or_dom_img,keyword_heuristics,metadata_or_headings,True,
https://chetnabagga.com,https://chetnabagga.com,200,True,32,window.Shopify;Shopify.shop;cdn.shopify.com;/cdn/shop/;shopify_core_js;shopify-section;shopify-payment-button;shopify_meta_attribute;header:shopify-complexity-score,True,11,phone:+91;city:gurgaon;currency:INR,city_gurgaon,2,1,3,2,jsonld_or_dom_img,keyword_heuristics,metadata_or_headings,True,
https://soyaraethnics.com,https://www.soyaraethnics.com/,200,True,30,window.Shopify;Shopify.shop;cdn.shopify.com;/cdn/shop/;shopify_core_js;shopify-section;shopify-payment-button;header:shopify-complexity-score,True,19,phone:+91;pin_code:411038;city:pune;indian_payment_gateway;currency:INR,city_pune,2,1,1,3,jsonld_or_dom_img,keyword_heuristics,metadata_or_headings,True,
https://indecrafts.com,https://indecrafts.com,200,True,28,window.Shopify;Shopify.shop;cdn.shopify.com;/cdn/shop/;shopify_core_js;shopify-section;header:shopify-complexity-score,True,20,gstin:09AAICI8670B1ZE;phone:+91;city:delhi;indian_payment_gateway;currency:INR,gstin_code_09,2,1,1,2,jsonld_or_dom_img,keyword_heuristics,metadata_or_headings,True,
https://dreamlineoutdoorfurniture.com,https://dreamlineoutdoorfurniture.com,200,True,28,window.Shopify;Shopify.shop;cdn.shopify.com;/cdn/shop/;shopify_core_js;shopify-section;header:shopify-complexity-score,True,14,phone:+91;city:bengaluru;indian_payment_gateway;currency:INR,city_bengaluru,2,1,2,4,jsonld_or_dom_img,keyword_heuristics,metadata_or_headings,True,
https://vishalkapurstudio.com,https://vishalkapurstudio.com,200,True,32,window.Shopify;Shopify.shop;cdn.shopify.com;/cdn/shop/;shopify_core_js;shopify-section;shopify-payment-button;shopify_meta_attribute;header:shopify-complexity-score,True,16,phone:+91;pin_code:110048;city:delhi;currency:INR,city_delhi,2,1,2,2,jsonld_or_dom_img,keyword_heuristics,metadata_or_headings,True,
https://bhagwatitraders.com,https://bhagwatitraders.com,200,True,28,window.Shopify;Shopify.shop;cdn.shopify.com;/cdn/shop/;shopify_core_js;shopify-section;header:shopify-complexity-score,True,11,phone:+91;city:amritsar;currency:INR,city_amritsar,2,1,1,2,jsonld_or_dom_img,keyword_heuristics,metadata_or_headings,True,
https://aikeyah.com,https://aikeyah.com,200,True,28,window.Shopify;Shopify.shop;cdn.shopify.com;/cdn/shop/;shopify_core_js;shopify-section;header:shopify-complexity-score,True,19,phone:+91;pin_code:110020;city:delhi;indian_payment_gateway;currency:INR,city_delhi,2,0,0,1,jsonld_or_dom_img,keyword_heuristics,metadata_or_headings,True,
https://tidyup.com,https://tidyup.com,200,False,0,,False,0,,,0,0,0,0,,,,True,
https://metrolife.in,https://metrolife.in,0,False,0,,False,0,,,0,0,0,0,,,,True,NetworkError: ConnectError
https://indyastore.com,https://indyastore.com,0,False,0,,False,0,,,0,0,0,0,,,,True,NetworkError: ConnectError
https://pehchanstore.com,https://pehchanstore.com,200,True,28,window.Shopify;Shopify.shop;cdn.shopify.com;/cdn/shop/;shopify_core_js;shopify-section;header:shopify-complexity-score,True,22,gstin:07AFUPK6949K1ZI;phone:+91;pin_code:110028;city:delhi;currency:INR,gstin_code_07,2,1,1,2,jsonld_or_dom_img,keyword_heuristics,metadata_or_headings,True,
https://indirafoods.in,https://www.indirafoods.in/,200,True,28,window.Shopify;Shopify.shop;cdn.shopify.com;/cdn/shop/;shopify_core_js;shopify-section;header:shopify-complexity-score,True,15,domain:.in;pin_code:560078;city:bengaluru;indian_payment_gateway;currency:INR,city_bengaluru,2,0,0,0,jsonld_or_dom_img,keyword_heuristics,metadata_or_headings,True,
https://statusmantra.com,,0,False,0,,False,0,,,0,0,0,0,,,,False,Robots.txt blocks homepage
https://bubblewrapstore.com,https://bubblewrapstore.com,0,False,0,,False,0,,,0,0,0,0,,,,True,NetworkError: ConnectError
https://leoandcapri.com,https://leoandcapri.com,0,False,0,,False,0,,,0,0,0,0,,,,True,NetworkError: ConnectError
https://potliarts.com,https://potliarts.com,0,False,0,,False,0,,,0,0,0,0,,,,True,NetworkError: ConnectError
https://noolbyhand.com,https://www.noolbyhand.com/,200,False,0,,False,0,,,0,0,0,0,,,,True,
https://5-elements.co.in,https://5-elements.co.in,200,True,28,window.Shopify;Shopify.shop;cdn.shopify.com;/cdn/shop/;shopify_core_js;shopify-section;header:shopify-complexity-score,True,30,domain:.co.in;jsonld_india_address;state:Uttar Pradesh;phone:+91;city:noida;indian_payment_gateway;currency:INR,json_ld_address,2,0,0,3,jsonld_or_dom_img,keyword_heuristics,metadata_or_headings,True,
https://sarathykitchenware.com,https://sarathykitchenware.com,200,True,32,window.Shopify;Shopify.shop;cdn.shopify.com;/cdn/shop/;shopify_core_js;shopify-section;shopify-payment-button;shopify_meta_attribute;header:shopify-complexity-score,True,11,phone:+91;city:bangalore;currency:INR,city_bangalore,2,1,1,1,jsonld_or_dom_img,keyword_heuristics,metadata_or_headings,True,
https://emperorakbar.com,https://www.emperorakbar.com/,200,True,30,window.Shopify;Shopify.shop;cdn.shopify.com;/cdn/shop/;shopify_core_js;shopify-section;shopify-payment-button;header:shopify-complexity-score,True,14,phone:+91;city:mumbai;indian_payment_gateway;currency:INR,city_mumbai,2,1,1,4,jsonld_or_dom_img,keyword_heuristics,metadata_or_headings,True,
https://panchami.in,https://www.panchami.in/,200,True,28,window.Shopify;Shopify.shop;cdn.shopify.com;/cdn/shop/;shopify_core_js;shopify-section;header:shopify-complexity-score,True,11,domain:.in;phone:+91;indian_payment_gateway;currency:INR,,2,1,0,4,jsonld_or_dom_img,keyword_heuristics,metadata_or_headings,True,
https://basicayurvedalimited.com,https://basicayurvedalimited.com,200,True,28,window.Shopify;Shopify.shop;cdn.shopify.com;/cdn/shop/;shopify_core_js;shopify-section;header:shopify-complexity-score,True,7,phone:+91;currency:INR,,2,1,1,1,jsonld_or_dom_img,keyword_heuristics,metadata_or_headings,True,
https://casekaro.com,https://casekaro.com,200,True,30,window.Shopify;Shopify.shop;cdn.shopify.com;/cdn/shop/;shopify_core_js;shopify-section;shopify-payment-button;header:shopify-complexity-score,True,27,jsonld_india_address;phone:+91;pin_code:400068;city:mumbai;indian_payment_gateway;currency:INR,city_mumbai,2,1,0,5,jsonld_or_dom_img,keyword_heuristics,metadata_or_headings,True,
https://fleximaa.com,https://fleximaa.com,200,True,28,window.Shopify;Shopify.shop;cdn.shopify.com;/cdn/shop/;shopify_core_js;shopify-section;header:shopify-complexity-score,True,10,phone:+91;indian_payment_gateway;currency:INR,,2,1,1,4,jsonld_or_dom_img,keyword_heuristics,metadata_or_headings,True,
https://chupps.com,https://chupps.com,200,True,30,window.Shopify;Shopify.shop;cdn.shopify.com;/cdn/shop/;shopify_core_js;shopify-section;shopify-payment-button;header:shopify-complexity-score,True,19,phone:+91;pin_code:400050;city:mumbai;indian_payment_gateway;currency:INR,city_mumbai,2,1,1,3,jsonld_or_dom_img,keyword_heuristics,metadata_or_headings,True,
https://wahtea.com,https://wahtea.com,200,True,30,window.Shopify;Shopify.shop;cdn.shopify.com;/cdn/shop/;shopify_core_js;shopify-section;shopify-payment-button;header:shopify-complexity-score,True,25,jsonld_india_address;state:Himachal Pradesh;phone:+91;city:delhi;currency:INR,json_ld_address,2,1,1,2,jsonld_or_dom_img,keyword_heuristics,metadata_or_headings,True,
https://4scribe.com,https://4scribe.com,0,False,0,,False,0,,,0,0,0,0,,,,True,Timeout: ConnectTimeout
https://greenviv.com,https://greenviv.com,200,True,28,window.Shopify;Shopify.shop;cdn.shopify.com;/cdn/shop/;shopify_core_js;shopify-section;header:shopify-complexity-score,True,7,phone:+91;currency:INR,,2,0,2,0,jsonld_or_dom_img,keyword_heuristics,metadata_or_headings,True,
https://moto-trailers.com,https://moto-trailers.com,200,False,0,,False,0,,,0,0,0,0,,,,True,
https://aureole.in,https://www.aureole.in/,200,True,28,window.Shopify;Shopify.shop;cdn.shopify.com;/cdn/shop/;shopify_core_js;shopify-section;header:shopify-complexity-score,True,8,domain:.in;phone:+91;currency:INR,,0,0,0,5,jsonld_or_dom_img,keyword_heuristics,metadata_or_headings,True,
https://yuvanta.com,https://www.yuvanta.com/,200,True,28,window.Shopify;Shopify.shop;cdn.shopify.com;/cdn/shop/;shopify_core_js;shopify-section;header:shopify-complexity-score,True,11,phone:+91;city:kochi;currency:INR,city_kochi,2,0,0,3,jsonld_or_dom_img,keyword_heuristics,metadata_or_headings,True,
https://bownbee.com,https://www.bownbee.com/,200,True,28,window.Shopify;Shopify.shop;cdn.shopify.com;/cdn/shop/;shopify_core_js;shopify-section;header:shopify-complexity-score,True,14,phone:+91;city:gurugram;indian_payment_gateway;currency:INR,city_gurugram,2,1,1,2,jsonld_or_dom_img,keyword_heuristics,metadata_or_headings,True,
https://forthgoods.com,https://www.forthgoods.com/,200,True,28,window.Shopify;Shopify.shop;cdn.shopify.com;/cdn/shop/;shopify_core_js;shopify-section;header:shopify-complexity-score,False,6,city:delhi;currency:INR,city_delhi,2,0,0,0,,,,True,
https://elizabethpaulins.com,https://elizabethpaulins.com,200,False,0,,False,0,,,0,0,0,0,,,,True,
https://doonmemories.com,https://doonmemories.com,200,True,28,window.Shopify;Shopify.shop;cdn.shopify.com;/cdn/shop/;shopify_core_js;shopify-section;header:shopify-complexity-score,True,11,phone:+91;city:dehradun;currency:INR,city_dehradun,0,0,0,0,jsonld_or_dom_img,keyword_heuristics,metadata_or_headings,True,
https://inskin.me,https://inskin.me,0,False,0,,False,0,,,0,0,0,0,,,,True,NetworkError: ConnectError
https://thehighwall.com,https://thehighwall.com,200,False,0,,False,0,,,0,0,0,0,,,,True,
https://source-natural.com,https://www.source-natural.com/,200,True,28,window.Shopify;Shopify.shop;cdn.shopify.com;/cdn/shop/;shopify_core_js;shopify-section;header:shopify-complexity-score,False,2,currency:INR,,2,0,0,0,,,,True,
https://planaplant.com,https://planaplant.com,200,True,32,window.Shopify;Shopify.shop;cdn.shopify.com;/cdn/shop/;shopify_core_js;shopify-section;shopify-payment-button;shopify_meta_attribute;header:shopify-complexity-score,True,11,phone:+91;city:hyderabad;currency:INR,city_hyderabad,2,2,1,2,jsonld_or_dom_img,keyword_heuristics,metadata_or_headings,True,
https://lilorosh.com,https://lilorosh.com,200,True,28,window.Shopify;Shopify.shop;cdn.shopify.com;/cdn/shop/;shopify_core_js;shopify-section;header:shopify-complexity-score,True,14,phone:+91;city:kochi;indian_payment_gateway;currency:INR,city_kochi,2,1,1,3,jsonld_or_dom_img,keyword_heuristics,metadata_or_headings,True,
https://auraaa.com,https://auraaa.com,0,False,0,,False,0,,,0,0,0,0,,,,True,Timeout: ConnectTimeout
https://nvyworld.com,https://www.nvyworld.com/,200,True,28,window.Shopify;Shopify.shop;cdn.shopify.com;/cdn/shop/;shopify_core_js;shopify-section;header:shopify-complexity-score,True,16,phone:+91;pin_code:560034;city:bengaluru;currency:INR,city_bengaluru,1,1,1,0,jsonld_or_dom_img,keyword_heuristics,metadata_or_headings,True,
https://navavihan.com,https://navavihan.com,200,True,32,window.Shopify;Shopify.shop;cdn.shopify.com;/cdn/shop/;shopify_core_js;shopify-section;shopify-payment-button;shopify_meta_attribute;header:shopify-complexity-score,True,11,phone:+91;city:kolkata;currency:INR,city_kolkata,2,2,2,2,jsonld_or_dom_img,keyword_heuristics,metadata_or_headings,True,
https://dhruvvaish.com,https://dhruvvaish.com,200,True,28,window.Shopify;Shopify.shop;cdn.shopify.com;/cdn/shop/;shopify_core_js;shopify-section;header:shopify-complexity-score,True,16,phone:+91;pin_code:110016;city:delhi;currency:INR,city_delhi,2,0,0,2,jsonld_or_dom_img,keyword_heuristics,metadata_or_headings,True,
https://crockerywala.com,https://www.crockerywala.com/,200,True,28,window.Shopify;Shopify.shop;cdn.shopify.com;/cdn/shop/;shopify_core_js;shopify-section;header:shopify-complexity-score,True,19,phone:+91;pin_code:110044;city:bangalore;indian_payment_gateway;currency:INR,city_bangalore,2,2,3,3,jsonld_or_dom_img,keyword_heuristics,metadata_or_headings,True,
https://sandsoapaholics.com,https://sandsoapaholics.com,200,False,0,,False,0,,,0,0,0,0,,,,True,
https://mystorkstory.com,https://www.mystorkstory.com/,200,True,26,window.Shopify;Shopify.shop;cdn.shopify.com;/cdn/shop/;shopify_core_js;header:shopify-complexity-score,True,11,phone:+91;city:mumbai;currency:INR,city_mumbai,2,1,1,2,jsonld_or_dom_img,keyword_heuristics,metadata_or_headings,True,
https://sionnah.com,https://sionnah.com,200,True,26,window.Shopify;Shopify.shop;cdn.shopify.com;/cdn/shop/;shopify_core_js;shopify-section,True,11,phone:+91;city:mumbai;currency:INR,city_mumbai,2,0,1,2,jsonld_or_dom_img,keyword_heuristics,metadata_or_headings,True,
https://snsgarments.com,https://snsgarments.com,200,False,0,,False,0,,,0,0,0,0,,,,True,
https://bestdealbazaar.com,https://bestdealbazaar.com,200,False,0,,False,0,,,0,0,0,0,,,,True,
https://bookmytech.com,https://bookmytech.com,0,False,0,,False,0,,,0,0,0,0,,,,True,Timeout: ConnectTimeout
https://boacasa.com,https://boacasa.com,200,False,0,,False,0,,,0,0,0,0,,,,True,
https://brishty.com,https://brishty.com,200,True,28,window.Shopify;Shopify.shop;cdn.shopify.com;/cdn/shop/;shopify_core_js;shopify-section;header:shopify-complexity-score,True,16,phone:+91;pin_code:110058;city:delhi;currency:INR,city_delhi,2,1,0,2,jsonld_or_dom_img,keyword_heuristics,metadata_or_headings,True,
https://rivaajclothing.com,https://rivaajclothing.com,200,False,0,,False,0,,,0,0,0,0,,,,True,
https://gangafashions.com,https://gangafashions.com,200,True,28,window.Shopify;Shopify.shop;cdn.shopify.com;/cdn/shop/;shopify_core_js;shopify-section;header:shopify-complexity-score,True,28,jsonld_india_address;state:Gujarat;phone:+91;city:surat;indian_payment_gateway;currency:INR,json_ld_address,2,2,0,4,jsonld_or_dom_img,keyword_heuristics,metadata_or_headings,True,
https://shriradhepearls.com,https://shreeradhepearls.com/,200,True,28,window.Shopify;Shopify.shop;cdn.shopify.com;/cdn/shop/;shopify_core_js;shopify-section;header:shopify-complexity-score,True,19,phone:+91;pin_code:411030;city:pune;indian_payment_gateway;currency:INR,city_pune,2,2,4,2,jsonld_or_dom_img,keyword_heuristics,metadata_or_headings,True,
https://boxania.com,https://boxania.com,200,True,28,window.Shopify;Shopify.shop;cdn.shopify.com;/cdn/shop/;shopify_core_js;shopify-section;header:shopify-complexity-score,False,2,currency:INR,,2,0,0,0,,,,True,
https://graciousme.in,https://graciousme.in,0,False,0,,False,0,,,0,0,0,0,,,,True,NetworkError: ConnectError
https://houseoffett.com,https://houseoffett.com,200,True,28,window.Shopify;Shopify.shop;cdn.shopify.com;/cdn/shop/;shopify_core_js;shopify-section;header:shopify-complexity-score,True,14,phone:+91;city:bangalore;indian_payment_gateway;currency:INR,city_bangalore,2,2,0,5,jsonld_or_dom_img,keyword_heuristics,metadata_or_headings,True,
https://lebanz.com,https://lebanz.com,0,False,0,,False,0,,,0,0,0,0,,,,True,NetworkError: ConnectError
https://anarghyaa.com,https://anarghyaa.com,200,True,28,window.Shopify;Shopify.shop;cdn.shopify.com;/cdn/shop/;shopify_core_js;shopify-section;header:shopify-complexity-score,True,11,phone:+91;city:bangalore;currency:INR,city_bangalore,2,1,0,4,jsonld_or_dom_img,keyword_heuristics,metadata_or_headings,True,
https://thekaftancompany.com,https://www.thekaftancompany.com/,200,True,32,window.Shopify;Shopify.shop;cdn.shopify.com;/cdn/shop/;shopify_core_js;shopify-section;shopify-payment-button;shopify_meta_attribute;header:shopify-complexity-score,True,22,jsonld_india_address;phone:+91;city:hyderabad;indian_payment_gateway;currency:INR,city_hyderabad,2,1,0,3,jsonld_or_dom_img,keyword_heuristics,metadata_or_headings,True,
https://alokagencies.com,https://alokagencies.com,200,True,28,window.Shopify;Shopify.shop;cdn.shopify.com;/cdn/shop/;shopify_core_js;shopify-section;header:shopify-complexity-score,True,16,phone:+91;pin_code:400104;city:mumbai;currency:INR,city_mumbai,2,1,3,1,jsonld_or_dom_img,keyword_heuristics,metadata_or_headings,True,
https://studioochre.com,https://www.studioochre.com/,200,True,28,window.Shopify;Shopify.shop;cdn.shopify.com;/cdn/shop/;shopify_core_js;shopify-section;header:shopify-complexity-score,True,11,phone:+91;city:bangalore;currency:INR,city_bangalore,2,2,2,7,jsonld_or_dom_img,keyword_heuristics,metadata_or_headings,True,
https://aromamusk.com,https://aromamusk.com,200,True,32,window.Shopify;Shopify.shop;cdn.shopify.com;/cdn/shop/;shopify_core_js;shopify-section;shopify-payment-button;shopify_meta_attribute;header:shopify-complexity-score,True,10,phone:+91;indian_payment_gateway;currency:INR,,2,0,0,3,jsonld_or_dom_img,keyword_heuristics,metadata_or_headings,True,
https://yougotplanb.com,https://www.yougotplanb.com/,200,True,28,window.Shopify;Shopify.shop;cdn.shopify.com;/cdn/shop/;shopify_core_js;shopify-section;header:shopify-complexity-score,True,14,phone:+91;city:mumbai;indian_payment_gateway;currency:INR,city_mumbai,2,1,2,3,jsonld_or_dom_img,keyword_heuristics,metadata_or_headings,True,
https://herfame.com,,0,False,0,,False,0,,,0,0,0,0,,,,False,Robots.txt blocks homepage
https://shopaholics.co,https://shopaholics.co,200,False,0,,False,0,,,0,0,0,0,,,,True,
https://shahiworld.com,https://shahiworld.com,200,False,0,,False,0,,,0,0,0,0,,,,True,
https://swastikpenn.com,https://www.swastikpenn.com/,200,True,30,window.Shopify;Shopify.shop;cdn.shopify.com;/cdn/shop/;shopify_core_js;shopify-section;shopify-payment-button;header:shopify-complexity-score,True,13,gstin:24AIZPP6525G1ZQ;phone:+91;currency:INR,gstin_code_24,2,2,2,4,jsonld_or_dom_img,keyword_heuristics,metadata_or_headings,True,
https://nirwanaherbalhealthcare.com,https://nirwanawellness.in/,200,True,28,window.Shopify;Shopify.shop;cdn.shopify.com;/cdn/shop/;shopify_core_js;shopify-section;header:shopify-complexity-score,True,16,phone:+91;pin_code:110017;city:mumbai;currency:INR,city_mumbai,2,1,2,2,jsonld_or_dom_img,keyword_heuristics,metadata_or_headings,True,
https://healthdeal.co.in,https://healthdeal.co.in,200,False,0,,False,0,,,0,0,0,0,,,,True,
https://springbunny.com,https://springbunny.com,200,False,0,,False,0,,,0,0,0,0,,,,True,
https://freshindiaorganics.com,https://freshindiaorganics.com,200,True,30,window.Shopify;Shopify.shop;cdn.shopify.com;/cdn/shop/;shopify_core_js;shopify-section;shopify-payment-button;header:shopify-complexity-score,True,11,phone:+91;city:mumbai;currency:INR,city_mumbai,2,0,2,2,jsonld_or_dom_img,keyword_heuristics,metadata_or_headings,True,
https://lokait.com,https://lokait.com,200,True,28,window.Shopify;Shopify.shop;cdn.shopify.com;/cdn/shop/;shopify_core_js;shopify-section;header:shopify-complexity-score,True,16,phone:+91;pin_code:560043;city:bangalore;currency:INR,city_bangalore,2,1,1,2,jsonld_or_dom_img,keyword_heuristics,metadata_or_headings,True,
https://24shoppingclub.com,https://24shoppingclub.com,0,False,0,,False,0,,,0,0,0,0,,,,True,NetworkError: ConnectError
https://jainexpo.com,https://jainexpo.com,0,False,0,,False,0,,,0,0,0,0,,,,True,NetworkError: ConnectError
https://souvenirstoys.com,https://souvenirstoys.com,0,False,0,,False,0,,,0,0,0,0,,,,True,NetworkError: ConnectError
https://wawapan.com,https://wawapan.com,0,False,0,,False,0,,,0,0,0,0,,,,True,NetworkError: ConnectError
https://casotec.com,https://casotec.com,200,True,28,window.Shopify;Shopify.shop;cdn.shopify.com;/cdn/shop/;shopify_core_js;shopify-section;header:shopify-complexity-score,True,14,phone:+91;city:gurugram;indian_payment_gateway;currency:INR,city_gurugram,2,1,1,3,jsonld_or_dom_img,keyword_heuristics,metadata_or_headings,True,
https://pilovilo.com,https://www.pilovilo.com/,200,True,28,window.Shopify;Shopify.shop;cdn.shopify.com;/cdn/shop/;shopify_core_js;shopify-section;header:shopify-complexity-score,True,19,phone:+91;pin_code:400072;city:mumbai;indian_payment_gateway;currency:INR,city_mumbai,2,1,1,2,jsonld_or_dom_img,keyword_heuristics,metadata_or_headings,True,
https://sureelart.com,https://www.sureelart.com/,200,False,0,,False,0,,,0,0,0,0,,,,True,
https://doctorcart.com,https://doctorcart.com,403,False,0,,False,0,,,0,0,0,0,,,,True,HTTP 403
https://guaparesortwear.com,https://www.worldofguapa.com/,200,True,32,window.Shopify;Shopify.shop;cdn.shopify.com;/cdn/shop/;shopify_core_js;shopify-section;shopify-payment-button;shopify_meta_attribute;header:shopify-complexity-score,True,16,phone:+91;pin_code:110049;city:bangalore;currency:INR,city_bangalore,2,1,1,2,jsonld_or_dom_img,keyword_heuristics,metadata_or_headings,True,
https://bnhshop.com,https://bnhshop.com,0,False,0,,False,0,,,0,0,0,0,,,,True,NetworkError: ConnectError
https://ahalyaa.com,https://www.ahalyaa.com/,200,True,28,window.Shopify;Shopify.shop;cdn.shopify.com;/cdn/shop/;shopify_core_js;shopify-section;header:shopify-complexity-score,True,19,phone:+91;pin_code:394230;city:surat;indian_payment_gateway;currency:INR,city_surat,2,2,1,4,jsonld_or_dom_img,keyword_heuristics,metadata_or_headings,True,
https://kharedoo.com,https://kharedoo.com,0,False,0,,False,0,,,0,0,0,0,,,,True,NetworkError: ConnectError
https://petstreet.in,https://www.petstreet.in/,200,True,28,window.Shopify;Shopify.shop;cdn.shopify.com;/cdn/shop/;shopify_core_js;shopify-section;header:shopify-complexity-score,True,10,domain:.in;city:delhi;indian_payment_gateway;currency:INR,city_delhi,2,1,0,4,jsonld_or_dom_img,keyword_heuristics,metadata_or_headings,True,
https://mehtaenvelope.com,https://mehtaenvelope.com,200,True,28,window.Shopify;Shopify.shop;cdn.shopify.com;/cdn/shop/;shopify_core_js;shopify-section;header:shopify-complexity-score,True,16,phone:+91;pin_code:400003;city:mumbai;currency:INR,city_mumbai,2,1,2,4,jsonld_or_dom_img,keyword_heuristics,metadata_or_headings,True,
https://mysoulmantra.com,https://www.mysoulmantra.com/,200,True,30,window.Shopify;Shopify.shop;cdn.shopify.com;/cdn/shop/;shopify_core_js;shopify-section;shopify-payment-button;header:shopify-complexity-score,True,14,phone:+91;city:kolkata;indian_payment_gateway;currency:INR,city_kolkata,2,1,1,3,jsonld_or_dom_img,keyword_heuristics,metadata_or_headings,True,
https://poorvaa.com,https://www.poorvaa.com/,200,True,26,window.Shopify;Shopify.shop;cdn.shopify.com;/cdn/shop/;shopify_core_js;header:shopify-complexity-score,True,11,phone:+91;city:chennai;currency:INR,city_chennai,2,1,1,2,jsonld_or_dom_img,keyword_heuristics,metadata_or_headings,True,
https://palanquine.com,https://palanquine.com,200,False,0,,False,0,,,0,0,0,0,,,,True,
https://alloons.com,https://alloons.com,0,False,0,,False,0,,,0,0,0,0,,,,True,NetworkError: ConnectError
https://mywaykart-2.myshopify.com,https://mywaykart-2.myshopify.com,200,True,36,myshopify_subdomain;window.Shopify;Shopify.shop;cdn.shopify.com;/cdn/shop/;shopify_core_js;header:shopify-complexity-score,False,6,city:pune;currency:INR,city_pune,1,0,0,0,,,,True,
https://grouppublishing.in,https://grouppublishing.in,200,False,0,,False,0,,,0,0,0,0,,,,True,
https://clemonte.com,https://clemonte.com,0,False,0,,False,0,,,0,0,0,0,,,,True,NetworkError: ConnectError
https://bunai.co,https://www.bunai.com/,200,True,30,window.Shopify;Shopify.shop;cdn.shopify.com;/cdn/shop/;shopify_core_js;shopify-section;shopify-payment-button;header:shopify-complexity-score,True,28,jsonld_india_address;state:Rajasthan;phone:+91;city:kolkata;indian_payment_gateway;currency:INR,json_ld_address,2,0,2,5,jsonld_or_dom_img,keyword_heuristics,metadata_or_headings,True,
https://gargee.com,https://gargee.com,200,True,28,window.Shopify;Shopify.shop;cdn.shopify.com;/cdn/shop/;shopify_core_js;shopify-section;header:shopify-complexity-score,True,16,phone:+91;pin_code:110025;city:delhi;currency:INR,city_delhi,2,1,1,4,jsonld_or_dom_img,keyword_heuristics,metadata_or_headings,True,
https://crayonflakes.com,https://crayonflakes.com,200,True,28,window.Shopify;Shopify.shop;cdn.shopify.com;/cdn/shop/;shopify_core_js;shopify-section;header:shopify-complexity-score,False,2,currency:INR,,0,0,0,0,,,,True,
https://annasimona.com,https://annasimona.com,200,True,30,window.Shopify;Shopify.shop;cdn.shopify.com;/cdn/shop/;shopify_core_js;shopify-section;shopify-payment-button;header:shopify-complexity-score,True,14,phone:+91;city:delhi;indian_payment_gateway;currency:INR,city_delhi,2,0,0,2,jsonld_or_dom_img,keyword_heuristics,metadata_or_headings,True,
https://ziama.com,https://ziama.com,0,False,0,,False,0,,,0,0,0,0,,,,True,NetworkError: ConnectError
https://prabhunaidu.com,https://prabhunaidu.com,200,False,0,,False,0,,,0,0,0,0,,,,True,
https://averdynamherbals.com,https://averdynamherbals.com,200,False,0,,False,0,,,0,0,0,0,,,,True,
https://omprakashandsons.com,https://www.omprakashandsons.com/,200,True,28,window.Shopify;Shopify.shop;cdn.shopify.com;/cdn/shop/;shopify_core_js;shopify-section;header:shopify-complexity-score,True,18,phone:+91;pin_code:249404;state:Uttarakhand;currency:INR,text_mention,2,1,6,2,jsonld_or_dom_img,keyword_heuristics,metadata_or_headings,True,
https://livingbuddhistart.com,https://livingbuddhistart.com,200,False,0,,False,0,,,0,0,0,0,,,,True,
https://lotusozone.com,https://www.lotusozone.com/,200,False,0,,False,0,,,0,0,0,0,,,,True,
https://palaknotes.com,,0,False,0,,False,0,,,0,0,0,0,,,,False,Robots.txt blocks homepage
https://rosarahome.com,https://rosarahome.com,200,True,28,window.Shopify;Shopify.shop;cdn.shopify.com;/cdn/shop/;shopify_core_js;shopify-section;header:shopify-complexity-score,True,16,phone:+91;pin_code:560068;city:bengaluru;currency:INR,city_bengaluru,2,3,4,5,jsonld_or_dom_img,keyword_heuristics,metadata_or_headings,True,
https://shop.rootedstore.com,https://shop.rootedstore.com,200,True,28,window.Shopify;Shopify.shop;cdn.shopify.com;/cdn/shop/;shopify_core_js;shopify-section;header:shopify-complexity-score,True,30,jsonld_india_address;state:Maharashtra;phone:+91;pin_code:400050;city:bengaluru;currency:INR,json_ld_address,2,1,1,2,jsonld_or_dom_img,keyword_heuristics,metadata_or_headings,True,
https://inkmeo.com,https://www.inkmeo.com/,200,True,28,window.Shopify;Shopify.shop;cdn.shopify.com;/cdn/shop/;shopify_core_js;shopify-section;header:shopify-complexity-score,True,16,phone:+91;pin_code:600024;city:chennai;currency:INR,city_chennai,2,1,1,3,jsonld_or_dom_img,keyword_heuristics,metadata_or_headings,True,
https://mswebdesigner.com,https://www.mswebdesigner.com/,200,True,28,window.Shopify;Shopify.shop;cdn.shopify.com;/cdn/shop/;shopify_core_js;shopify-section;header:shopify-complexity-score,True,11,pin_code:700091;city:kolkata;currency:INR,city_kolkata,2,1,2,5,jsonld_or_dom_img,keyword_heuristics,metadata_or_headings,True,
https://gyaanstore.com,https://gyaanstore.com,200,True,28,window.Shopify;Shopify.shop;cdn.shopify.com;/cdn/shop/;shopify_core_js;shopify-section;header:shopify-complexity-score,True,13,jsonld_india_address;indian_payment_gateway;currency:INR,,2,0,0,0,jsonld_or_dom_img,keyword_heuristics,metadata_or_headings,True,
https://diamia.com,https://diamia.com,200,True,28,window.Shopify;Shopify.shop;cdn.shopify.com;/cdn/shop/;shopify_core_js;shopify-section;header:shopify-complexity-score,True,19,phone:+91;pin_code:400072;city:mumbai;indian_payment_gateway;currency:INR,city_mumbai,2,1,1,2,jsonld_or_dom_img,keyword_heuristics,metadata_or_headings,True,
https://vristam.com,https://vristam.com,200,False,0,,False,0,,,0,0,0,0,,,,True,
https://teaxpress.com,,0,False,0,,False,0,,,0,0,0,0,,,,False,Robots.txt blocks homepage
https://cloglondon.com,https://cloglondon.com,200,True,28,window.Shopify;Shopify.shop;cdn.shopify.com;/cdn/shop/;shopify_core_js;shopify-section;header:shopify-complexity-score,True,11,phone:+91;city:noida;currency:INR,city_noida,2,1,2,3,jsonld_or_dom_img,keyword_heuristics,metadata_or_headings,True,
https://reach2fitness.com,,0,False,0,,False,0,,,0,0,0,0,,,,False,Robots.txt blocks homepage
https://littlepaws.in,,0,False,0,,False,0,,,0,0,0,0,,,,False,Robots.txt blocks homepage
https://popneticshop.com,https://popneticshop.com,200,True,28,window.Shopify;Shopify.shop;cdn.shopify.com;/cdn/shop/;shopify_core_js;shopify-section;header:shopify-complexity-score,True,11,phone:+91;city:noida;currency:INR,city_noida,1,1,0,0,jsonld_or_dom_img,keyword_heuristics,metadata_or_headings,True,
https://styleyourwear.com,https://styleyourwear.com,0,False,0,,False,0,,,0,0,0,0,,,,True,NetworkError: ConnectError
https://pomees.com,https://pomees.com,200,True,28,window.Shopify;Shopify.shop;cdn.shopify.com;/cdn/shop/;shopify_core_js;shopify-section;header:shopify-complexity-score,True,16,phone:+91;state:Kerala;indian_payment_gateway;currency:INR,text_mention,2,3,2,1,jsonld_or_dom_img,keyword_heuristics,metadata_or_headings,True,
https://moonstruckinc.com,https://moonstruckinc.com,200,True,28,window.Shopify;Shopify.shop;cdn.shopify.com;/cdn/shop/;shopify_core_js;shopify-section;header:shopify-complexity-score,True,30,jsonld_india_address;state:Maharashtra;phone:+91;pin_code:400064;city:mumbai;currency:INR,json_ld_address,2,2,0,2,jsonld_or_dom_img,keyword_heuristics,metadata_or_headings,True,
https://thewastore.com,https://thewastore.com,200,True,28,window.Shopify;Shopify.shop;cdn.shopify.com;/cdn/shop/;shopify_core_js;shopify-section;header:shopify-complexity-score,True,16,phone:+91;pin_code:302020;city:ahmedabad;currency:INR,city_ahmedabad,2,2,2,4,jsonld_or_dom_img,keyword_heuristics,metadata_or_headings,True,
https://dhruvkapoor.com,https://dhruvkapoor.com,200,True,32,window.Shopify;Shopify.shop;cdn.shopify.com;/cdn/shop/;shopify_core_js;shopify-section;shopify-payment-button;shopify_meta_attribute;header:shopify-complexity-score,True,9,city:delhi;indian_payment_gateway;currency:INR,city_delhi,2,1,0,2,jsonld_or_dom_img,keyword_heuristics,metadata_or_headings,True,
https://karomicrafts.com,https://karomicrafts.com,200,True,28,window.Shopify;Shopify.shop;cdn.shopify.com;/cdn/shop/;shopify_core_js;shopify-section;header:shopify-complexity-score,True,11,phone:+91;city:kolkata;currency:INR,city_kolkata,2,1,2,2,jsonld_or_dom_img,keyword_heuristics,metadata_or_headings,True,
https://chinhhariarts.org,https://www.chinhhariarts.org/,200,True,28,window.Shopify;Shopify.shop;cdn.shopify.com;/cdn/shop/;shopify_core_js;shopify-section;header:shopify-complexity-score,True,25,jsonld_india_address;state:Chhattisgarh;phone:+91;city:bangalore;currency:INR,json_ld_address,2,1,2,6,jsonld_or_dom_img,keyword_heuristics,metadata_or_headings,True,
https://leadshineindia.com,https://leadshineindia.com,200,True,28,window.Shopify;Shopify.shop;cdn.shopify.com;/cdn/shop/;shopify_core_js;shopify-section;header:shopify-complexity-score,True,30,jsonld_india_address;state:Maharashtra;phone:+91;pin_code:400710;city:mumbai;currency:INR,json_ld_address,2,3,1,0,jsonld_or_dom_img,keyword_heuristics,metadata_or_headings,True,
https://arcticfox.com,https://arcticfox.com,200,True,30,window.Shopify;Shopify.shop;cdn.shopify.com;/cdn/shop/;shopify_core_js;shopify-section;shopify-payment-button;header:shopify-complexity-score,True,14,pin_code:560097;city:bengaluru;indian_payment_gateway;currency:INR,city_bengaluru,2,6,1,4,jsonld_or_dom_img,keyword_heuristics,metadata_or_headings,True,
https://dineshflourmills.com,https://www.dineshflourmills.com/,200,True,28,window.Shopify;Shopify.shop;cdn.shopify.com;/cdn/shop/;shopify_core_js;shopify-section;header:shopify-complexity-score,True,19,phone:+91;pin_code:110060;city:delhi;indian_payment_gateway;currency:INR,city_delhi,2,1,2,4,jsonld_or_dom_img,keyword_heuristics,metadata_or_headings,True,
https://whisperskyapartments.com,https://whisperskyapartments.com,0,False,0,,False,0,,,0,0,0,0,,,,True,NetworkError: ConnectError
https://houseofmakeup.com,https://houseofmakeup.com,200,True,28,window.Shopify;Shopify.shop;cdn.shopify.com;/cdn/shop/;shopify_core_js;shopify-section;header:shopify-complexity-score,True,14,phone:+91;city:mumbai;indian_payment_gateway;currency:INR,city_mumbai,2,1,1,5,jsonld_or_dom_img,keyword_heuristics,metadata_or_headings,True,
https://lovetoken.in,https://lovetoken.in,200,True,30,window.Shopify;Shopify.shop;cdn.shopify.com;/cdn/shop/;shopify_core_js;shopify-section;shopify_meta_attribute;header:shopify-complexity-score,True,10,domain:.in;city:jaipur;indian_payment_gateway;currency:INR,city_jaipur,2,2,0,1,jsonld_or_dom_img,keyword_heuristics,metadata_or_headings,True,
https://renefurtererindia.com,https://renefurtererindia.com,200,True,28,window.Shopify;Shopify.shop;cdn.shopify.com;/cdn/shop/;shopify_core_js;shopify-section;header:shopify-complexity-score,True,14,pin_code:400093;city:mumbai;indian_payment_gateway;currency:INR,city_mumbai,2,2,1,3,jsonld_or_dom_img,keyword_heuristics,metadata_or_headings,True,
https://jainsonsemporio.com,https://www.jainsonsemporio.com/,200,True,28,window.Shopify;Shopify.shop;cdn.shopify.com;/cdn/shop/;shopify_core_js;shopify-section;header:shopify-complexity-score,True,19,phone:+91;pin_code:110030;city:delhi;indian_payment_gateway;currency:INR,city_delhi,2,2,2,0,jsonld_or_dom_img,keyword_heuristics,metadata_or_headings,True,
https://hiranya.org,https://hiranya.org,0,False,0,,False,0,,,0,0,0,0,,,,True,NetworkError: ConnectError
https://happyherbals.in,https://happyherbals.in,200,False,0,,False,0,,,0,0,0,0,,,,True,
